,date,season,round,day,comp,time,team_home,result_home,goals_home,goals_away,team_away,xg_home,xg_away,poss_home,sh_home,sot_home,dist_home,poss_away,sh_away,sot_away,dist_away,elo_home,elo_away
0,2019-07-25,2020,Second qualifying round,Thu,Europa Lg,20:00 (19:00),ee Flora,L,1.0000000,2.0000000,Eint Frankfurt,,,,,,,,,,,,1748.7570801
1,2019-08-01,2020,Second qualifying round,Thu,Europa Lg,20:30,Eint Frankfurt,W,2.0000000,1.0000000,ee Flora,,,,,,,,,,,1748.7430420,
2,2019-08-03,2020,DFL-Supercup,Sat,DFL-Supercup,20:30,Dortmund,W,2.0000000,0.0000000,Bayern Munich,,,35.0000000,5.0000000,4.0000000,,65.0000000,16.0000000,7.0000000,,1826.0079346,1947.4051514
3,2019-08-08,2020,Third qualifying round,Thu,Europa Lg,20:30,li Vaduz,L,0.0000000,5.0000000,Eint Frankfurt,,,,,,,,,,,,1748.7757568
4,2019-08-09,2020,First round,Fri,DFB-Pokal,20:45,Sandhausen,L,0.0000000,1.0000000,Gladbach,,,50.0000000,7.0000000,3.0000000,,50.0000000,7.0000000,3.0000000,,,1696.7038574
5,2019-08-09,2020,First round,Fri,DFB-Pokal,20:45,Uerdingen,L,0.0000000,2.0000000,Dortmund,,,26.0000000,27.0000000,11.0000000,,74.0000000,27.0000000,11.0000000,,,1826.0164795
6,2019-08-10,2020,First round,Sat,DFB-Pokal,15:30,Aachen,L,1.0000000,4.0000000,Leverkusen,,,17.0000000,10.0000000,5.0000000,,83.0000000,10.0000000,5.0000000,,,1764.0805664
7,2019-08-10,2020,First round,Sat,DFB-Pokal,18:30,W'burg Kickers,D,3.0000000,3.0000000,Hoffenheim,,,28.0000000,20.0000000,7.0000000,,72.0000000,20.0000000,7.0000000,,,1730.5987549
8,2019-08-10,2020,First round,Sat,DFB-Pokal,15:30,Drochtersen/A,L,0.0000000,5.0000000,Schalke 04,,,28.0000000,24.0000000,10.0000000,,72.0000000,24.0000000,10.0000000,,,1649.5565185
9,2019-08-10,2020,First round,Sat,DFB-Pokal,20:45,SV Atlas,L,1.0000000,6.0000000,Werder Bremen,,,21.0000000,29.0000000,13.0000000,,79.0000000,29.0000000,13.0000000,,,1720.4940185
10,2019-08-10,2020,First round,Sat,DFB-Pokal,15:30,Magdeburg,L,0.0000000,1.0000000,Freiburg,,,44.0000000,11.0000000,2.0000000,,56.0000000,11.0000000,2.0000000,,,1599.5330810
11,2019-08-10,2020,First round,Sat,DFB-Pokal,15:30,Villingen,L,1.0000000,3.0000000,Düsseldorf,,,25.0000000,28.0000000,10.0000000,,75.0000000,28.0000000,10.0000000,,,1607.6544190
12,2019-08-10,2020,First round,Sat,DFB-Pokal,15:30,Kaiserslautern,W,2.0000000,0.0000000,Mainz 05,,,33.0000000,26.0000000,7.0000000,,67.0000000,26.0000000,7.0000000,,,1653.1218262
13,2019-08-10,2020,First round,Sat,DFB-Pokal,15:30,Verl,W,2.0000000,1.0000000,Augsburg,,,31.0000000,13.0000000,9.0000000,,69.0000000,13.0000000,9.0000000,,,1594.4575195
14,2019-08-11,2020,First round,Sun,DFB-Pokal,18:30,Wehen,D,3.0000000,3.0000000,Köln,,,37.0000000,25.0000000,8.0000000,,63.0000000,25.0000000,8.0000000,,,1571.4400635
15,2019-08-11,2020,First round,Sun,DFB-Pokal,15:30,Halberstadt,L,0.0000000,6.0000000,Union Berlin,,,44.0000000,24.0000000,12.0000000,,56.0000000,24.0000000,12.0000000,,,1540.5518799
16,2019-08-11,2020,First round,Sun,DFB-Pokal,15:30,Eichstätt,L,1.0000000,5.0000000,Hertha BSC,,,25.0000000,12.0000000,5.0000000,,75.0000000,12.0000000,5.0000000,,,1640.5534668
17,2019-08-11,2020,First round,Sun,DFB-Pokal,15:30,SV Waldhof,L,3.0000000,5.0000000,Eint Frankfurt,,,39.0000000,24.0000000,11.0000000,,61.0000000,24.0000000,11.0000000,,,1748.7757568
18,2019-08-11,2020,First round,Sun,DFB-Pokal,15:30,Osnabrück,L,2.0000000,3.0000000,RB Leipzig,,,49.0000000,12.0000000,8.0000000,,51.0000000,12.0000000,8.0000000,,,1784.6606445
19,2019-08-11,2020,First round,Sun,DFB-Pokal,15:30,Rödinghausen,D,3.0000000,3.0000000,Paderborn 07,,,39.0000000,35.0000000,10.0000000,,61.0000000,35.0000000,10.0000000,,,1502.0758057
20,2019-08-12,2020,First round,Mon,DFB-Pokal,20:45,Energie Cottbus,L,1.0000000,3.0000000,Bayern Munich,,,20.0000000,27.0000000,9.0000000,,80.0000000,27.0000000,9.0000000,,,1947.4135742
21,2019-08-12,2020,First round,Mon,DFB-Pokal,18:30,Hallescher,L,3.0000000,5.0000000,Wolfsburg,,,49.0000000,21.0000000,12.0000000,,51.0000000,21.0000000,12.0000000,,,1707.3604736
22,2019-08-15,2020,Third qualifying round,Thu,Europa Lg,20:30,Eint Frankfurt,W,1.0000000,0.0000000,li Vaduz,,,,,,,,,,,1750.5556641,
23,2019-08-16,2020,Matchweek 1,Fri,Bundesliga,20:30,Bayern Munich,D,2.0000000,2.0000000,Hertha BSC,2.5000000,1.1000000,70.0000000,16.0000000,6.0000000,17.0000000,30.0000000,6.0000000,3.0000000,18.9000000,1947.9055176,1640.5839844
24,2019-08-17,2020,Matchweek 1,Sat,Bundesliga,15:30,Dortmund,W,5.0000000,1.0000000,Augsburg,3.2000000,0.9000000,78.0000000,22.0000000,9.0000000,16.5000000,22.0000000,5.0000000,1.0000000,11.9000000,1826.5084228,1594.9494629
25,2019-08-17,2020,Matchweek 1,Sat,Bundesliga,15:30,Wolfsburg,W,2.0000000,1.0000000,Köln,1.0000000,1.2000000,47.0000000,15.0000000,5.0000000,22.6000000,53.0000000,11.0000000,2.0000000,17.7000000,1707.8524170,1571.9318848
26,2019-08-17,2020,Matchweek 1,Sat,Bundesliga,15:30,Leverkusen,W,3.0000000,2.0000000,Paderborn 07,2.5000000,1.2000000,73.0000000,13.0000000,4.0000000,15.9000000,27.0000000,9.0000000,5.0000000,15.8000000,1764.5725098,1502.5677490
27,2019-08-17,2020,Matchweek 1,Sat,Bundesliga,15:30,Freiburg,W,3.0000000,0.0000000,Mainz 05,2.3000000,1.0000000,53.0000000,18.0000000,7.0000000,18.5000000,47.0000000,19.0000000,5.0000000,20.8000000,1599.5635986,1653.6137695
28,2019-08-17,2020,Matchweek 1,Sat,Bundesliga,15:30,Werder Bremen,L,1.0000000,3.0000000,Düsseldorf,1.9000000,1.0000000,67.0000000,24.0000000,10.0000000,16.0000000,33.0000000,12.0000000,7.0000000,19.4000000,1720.9859619,1607.6849365
29,2019-08-17,2020,Matchweek 1,Sat,Bundesliga,18:30,Gladbach,D,0.0000000,0.0000000,Schalke 04,1.5000000,0.8000000,60.0000000,16.0000000,4.0000000,18.9000000,40.0000000,8.0000000,1.0000000,16.8000000,1697.1958008,1650.0483398
30,2019-08-18,2020,Matchweek 1,Sun,Bundesliga,18:00,Union Berlin,L,0.0000000,4.0000000,RB Leipzig,1.0000000,3.4000000,36.0000000,13.0000000,2.0000000,20.1000000,64.0000000,14.0000000,8.0000000,11.8000000,1541.0438232,1785.1525879
31,2019-08-18,2020,Matchweek 1,Sun,Bundesliga,15:30,Eint Frankfurt,W,1.0000000,0.0000000,Hoffenheim,1.8000000,0.8000000,33.0000000,15.0000000,7.0000000,17.1000000,67.0000000,9.0000000,1.0000000,16.8000000,1750.6735840,1730.6292725
32,2019-08-22,2020,Play-off round,Thu,Europa Lg,20:30,fr Strasbourg,W,1.0000000,0.0000000,Eint Frankfurt,,,46.0000000,9.0000000,4.0000000,,54.0000000,9.0000000,4.0000000,,,1756.5946045
33,2019-08-23,2020,Matchweek 2,Fri,Bundesliga,20:30,Köln,L,1.0000000,3.0000000,Dortmund,0.9000000,2.2000000,27.0000000,13.0000000,1.0000000,14.7000000,73.0000000,14.0000000,6.0000000,18.3000000,1566.0979004,1828.4486084
34,2019-08-24,2020,Matchweek 2,Sat,Bundesliga,15:30,Düsseldorf,L,1.0000000,3.0000000,Leverkusen,1.0000000,1.6000000,32.0000000,12.0000000,6.0000000,20.2000000,68.0000000,12.0000000,6.0000000,14.9000000,1622.4864502,1764.0306397
35,2019-08-24,2020,Matchweek 2,Sat,Bundesliga,15:30,Paderborn 07,L,1.0000000,3.0000000,Freiburg,2.3000000,2.3000000,54.0000000,16.0000000,2.0000000,18.0000000,46.0000000,8.0000000,3.0000000,18.5000000,1498.5072022,1611.0152588
36,2019-08-24,2020,Matchweek 2,Sat,Bundesliga,15:30,Mainz 05,L,1.0000000,3.0000000,Gladbach,1.7000000,1.9000000,48.0000000,20.0000000,4.0000000,17.2000000,52.0000000,15.0000000,6.0000000,14.6000000,1637.5598144,1692.0216065
37,2019-08-24,2020,Matchweek 2,Sat,Bundesliga,15:30,Augsburg,D,1.0000000,1.0000000,Union Berlin,1.5000000,1.1000000,54.0000000,12.0000000,4.0000000,17.6000000,46.0000000,11.0000000,2.0000000,19.6000000,1588.4069824,1531.4941406
38,2019-08-24,2020,Matchweek 2,Sat,Bundesliga,15:30,Hoffenheim,W,3.0000000,2.0000000,Werder Bremen,0.9000000,1.2000000,54.0000000,10.0000000,3.0000000,15.6000000,46.0000000,18.0000000,5.0000000,17.7000000,1722.4071045,1701.5821533
39,2019-08-24,2020,Matchweek 2,Sat,Bundesliga,18:30,Schalke 04,L,0.0000000,3.0000000,Bayern Munich,0.8000000,1.5000000,34.0000000,11.0000000,2.0000000,17.0000000,66.0000000,9.0000000,5.0000000,17.4000000,1650.6202393,1937.8120117
40,2019-08-25,2020,Matchweek 2,Sun,Bundesliga,15:30,RB Leipzig,W,2.0000000,1.0000000,Eint Frankfurt,1.4000000,1.0000000,44.0000000,12.0000000,5.0000000,17.1000000,56.0000000,10.0000000,5.0000000,20.9000000,1790.0999756,1747.7221680
41,2019-08-25,2020,Matchweek 2,Sun,Bundesliga,18:00,Hertha BSC,L,0.0000000,3.0000000,Wolfsburg,0.9000000,1.3000000,56.0000000,9.0000000,2.0000000,12.7000000,44.0000000,9.0000000,3.0000000,22.1000000,1646.0751953,1709.0839844
42,2019-08-29,2020,Play-off round,Thu,Europa Lg,20:30,Eint Frankfurt,W,3.0000000,0.0000000,fr Strasbourg,,,46.0000000,20.0000000,6.0000000,,54.0000000,20.0000000,6.0000000,,1742.1214600,
43,2019-08-30,2020,Matchweek 3,Fri,Bundesliga,20:30,Gladbach,L,1.0000000,3.0000000,RB Leipzig,1.6000000,2.9000000,49.0000000,12.0000000,3.0000000,17.0000000,51.0000000,14.0000000,6.0000000,14.8000000,1707.5700684,1799.8253174
44,2019-08-31,2020,Matchweek 3,Sat,Bundesliga,15:30,Freiburg,L,1.0000000,2.0000000,Köln,1.1000000,1.7000000,53.0000000,15.0000000,1.0000000,23.6000000,47.0000000,10.0000000,3.0000000,12.8000000,1624.3411865,1565.6934815
45,2019-08-31,2020,Matchweek 3,Sat,Bundesliga,15:30,Bayern Munich,W,6.0000000,1.0000000,Mainz 05,2.9000000,0.8000000,67.0000000,18.0000000,9.0000000,15.6000000,33.0000000,7.0000000,4.0000000,21.2000000,1947.0799560,1630.2606201
46,2019-08-31,2020,Matchweek 3,Sat,Bundesliga,18:30,Union Berlin,W,3.0000000,1.0000000,Dortmund,1.4000000,1.7000000,27.0000000,15.0000000,7.0000000,17.6000000,73.0000000,13.0000000,2.0000000,20.6000000,1538.8175049,1837.1024170
47,2019-08-31,2020,Matchweek 3,Sat,Bundesliga,15:30,Wolfsburg,D,1.0000000,1.0000000,Paderborn 07,1.1000000,0.5000000,62.0000000,16.0000000,4.0000000,22.4000000,38.0000000,8.0000000,3.0000000,19.6000000,1726.4761963,1493.4306641
48,2019-08-31,2020,Matchweek 3,Sat,Bundesliga,15:30,Leverkusen,D,0.0000000,0.0000000,Hoffenheim,0.9000000,0.6000000,74.0000000,20.0000000,2.0000000,18.7000000,26.0000000,6.0000000,1.0000000,14.7000000,1776.1323242,1732.3160400
49,2019-08-31,2020,Matchweek 3,Sat,Bundesliga,15:30,Schalke 04,W,3.0000000,0.0000000,Hertha BSC,1.3000000,0.8000000,57.0000000,9.0000000,2.0000000,21.6000000,43.0000000,10.0000000,3.0000000,17.4000000,1649.6016846,1636.9324951
50,2019-09-01,2020,Matchweek 3,Sun,Bundesliga,15:30,Werder Bremen,W,3.0000000,2.0000000,Augsburg,2.3000000,1.4000000,66.0000000,15.0000000,5.0000000,16.9000000,34.0000000,12.0000000,6.0000000,19.2000000,1699.9226074,1589.3330078
51,2019-09-01,2020,Matchweek 3,Sun,Bundesliga,18:00,Eint Frankfurt,W,2.0000000,1.0000000,Düsseldorf,1.7000000,0.9000000,58.0000000,14.0000000,8.0000000,17.6000000,42.0000000,14.0000000,4.0000000,22.4000000,1758.0196533,1618.6341553
52,2019-09-13,2020,Matchweek 4,Fri,Bundesliga,20:30,Düsseldorf,D,1.0000000,1.0000000,Wolfsburg,0.7000000,2.1000000,42.0000000,12.0000000,3.0000000,23.7000000,58.0000000,15.0000000,6.0000000,15.8000000,1615.0081787,1719.7121582
53,2019-09-14,2020,Matchweek 4,Sat,Bundesliga,15:30,Dortmund,W,4.0000000,0.0000000,Leverkusen,2.9000000,0.9000000,33.0000000,9.0000000,7.0000000,10.4000000,67.0000000,12.0000000,2.0000000,24.1000000,1817.7412109,1773.4237060
54,2019-09-14,2020,Matchweek 4,Sat,Bundesliga,15:30,Köln,L,0.0000000,1.0000000,Gladbach,0.9000000,1.4000000,51.0000000,14.0000000,7.0000000,17.8000000,49.0000000,15.0000000,3.0000000,19.8000000,1576.4387207,1697.6802978
55,2019-09-14,2020,Matchweek 4,Sat,Bundesliga,15:30,Union Berlin,L,1.0000000,2.0000000,Werder Bremen,1.7000000,2.2000000,47.0000000,12.0000000,4.0000000,13.4000000,53.0000000,14.0000000,5.0000000,20.8000000,1558.1787109,1704.0104981
56,2019-09-14,2020,Matchweek 4,Sat,Bundesliga,15:30,Mainz 05,W,2.0000000,1.0000000,Hertha BSC,1.2000000,2.2000000,52.0000000,12.0000000,5.0000000,19.1000000,48.0000000,16.0000000,8.0000000,16.0000000,1627.1928711,1625.7878418
57,2019-09-14,2020,Matchweek 4,Sat,Bundesliga,15:30,Augsburg,W,2.0000000,1.0000000,Eint Frankfurt,1.3000000,1.1000000,31.0000000,8.0000000,5.0000000,17.2000000,69.0000000,22.0000000,3.0000000,19.6000000,1585.2451172,1761.6456299
58,2019-09-14,2020,Matchweek 4,Sat,Bundesliga,18:30,RB Leipzig,D,1.0000000,1.0000000,Bayern Munich,1.5000000,1.4000000,32.0000000,11.0000000,4.0000000,19.0000000,68.0000000,14.0000000,7.0000000,16.8000000,1809.7150879,1950.1477051
59,2019-09-15,2020,Matchweek 4,Sun,Bundesliga,15:30,Hoffenheim,L,0.0000000,3.0000000,Freiburg,1.4000000,1.6000000,68.0000000,24.0000000,5.0000000,16.6000000,32.0000000,18.0000000,8.0000000,15.7000000,1735.0246582,1613.5959473
60,2019-09-15,2020,Matchweek 4,Sun,Bundesliga,18:00,Paderborn 07,L,1.0000000,5.0000000,Schalke 04,0.9000000,2.2000000,46.0000000,11.0000000,1.0000000,17.0000000,54.0000000,17.0000000,11.0000000,16.4000000,1500.1947022,1660.7462158
61,2019-09-17,2020,Group stage,Tue,Champions Lg,21:00,Dortmund,D,0.0000000,0.0000000,es Barcelona,3.4000000,0.4000000,41.0000000,12.0000000,3.0000000,14.5000000,59.0000000,12.0000000,3.0000000,14.5000000,1828.4089356,
62,2019-09-17,2020,Group stage,Tue,Champions Lg,20:00 (21:00),pt Benfica,L,1.0000000,2.0000000,RB Leipzig,1.8000000,1.0000000,48.0000000,12.0000000,3.0000000,18.8000000,52.0000000,12.0000000,3.0000000,18.8000000,,1812.1134033
63,2019-09-18,2020,Group stage,Wed,Champions Lg,21:00,Bayern Munich,W,3.0000000,0.0000000,rs Red Star,4.3000000,0.3000000,73.0000000,34.0000000,9.0000000,18.6000000,27.0000000,34.0000000,9.0000000,18.6000000,1952.0482178,
64,2019-09-18,2020,Group stage,Wed,Champions Lg,21:00,Leverkusen,L,1.0000000,2.0000000,ru Loko Moscow,1.5000000,0.9000000,77.0000000,17.0000000,5.0000000,15.7000000,23.0000000,17.0000000,5.0000000,15.7000000,1767.0545654,
65,2019-09-19,2020,Group stage,Thu,Europa Lg,18:55,Eint Frankfurt,L,0.0000000,3.0000000,eng Arsenal,1.8000000,3.2000000,56.0000000,24.0000000,7.0000000,17.5000000,44.0000000,24.0000000,7.0000000,17.5000000,1751.2266846,
66,2019-09-19,2020,Group stage,Thu,Europa Lg,21:00,Wolfsburg,W,3.0000000,1.0000000,ua FC Oleksandriya,1.3000000,0.7000000,62.0000000,16.0000000,6.0000000,21.4000000,38.0000000,16.0000000,6.0000000,21.4000000,1718.9638672,
67,2019-09-19,2020,Group stage,Thu,Europa Lg,21:00,Gladbach,L,0.0000000,4.0000000,at Wolfsberger AC,1.7000000,1.9000000,69.0000000,15.0000000,4.0000000,19.7000000,31.0000000,15.0000000,4.0000000,19.7000000,1704.5837402,
68,2019-09-20,2020,Matchweek 5,Fri,Bundesliga,20:30,Schalke 04,W,2.0000000,1.0000000,Mainz 05,1.0000000,0.8000000,52.0000000,18.0000000,6.0000000,19.6000000,48.0000000,14.0000000,3.0000000,18.5000000,1658.6295166,1620.9901123
69,2019-09-21,2020,Matchweek 5,Sat,Bundesliga,15:30,Bayern Munich,W,4.0000000,0.0000000,Köln,2.7000000,1.2000000,60.0000000,24.0000000,4.0000000,18.1000000,40.0000000,14.0000000,2.0000000,20.0000000,1937.7548828,1557.4792481
70,2019-09-21,2020,Matchweek 5,Sat,Bundesliga,15:30,Hertha BSC,W,2.0000000,1.0000000,Paderborn 07,1.2000000,1.9000000,39.0000000,6.0000000,4.0000000,11.8000000,61.0000000,18.0000000,8.0000000,16.4000000,1606.4963379,1476.8171387
71,2019-09-21,2020,Matchweek 5,Sat,Bundesliga,15:30,Freiburg,D,1.0000000,1.0000000,Augsburg,1.3000000,1.0000000,62.0000000,17.0000000,5.0000000,16.7000000,38.0000000,13.0000000,2.0000000,19.4000000,1622.0036621,1583.6079102
72,2019-09-21,2020,Matchweek 5,Sat,Bundesliga,18:30,Werder Bremen,L,0.0000000,3.0000000,RB Leipzig,0.7000000,1.5000000,47.0000000,8.0000000,0.0000000,18.3000000,53.0000000,14.0000000,7.0000000,19.3000000,1696.8326416,1809.2856445
73,2019-09-21,2020,Matchweek 5,Sat,Bundesliga,15:30,Leverkusen,W,2.0000000,0.0000000,Union Berlin,1.4000000,0.2000000,67.0000000,20.0000000,7.0000000,19.9000000,33.0000000,4.0000000,0.0000000,19.7000000,1736.9345703,1539.8623047
74,2019-09-22,2020,Matchweek 5,Sun,Bundesliga,15:30,Gladbach,W,2.0000000,1.0000000,Düsseldorf,3.5000000,1.2000000,58.0000000,23.0000000,11.0000000,14.4000000,42.0000000,18.0000000,4.0000000,23.6000000,1662.3292236,1603.7004394
75,2019-09-22,2020,Matchweek 5,Sun,Bundesliga,18:00,Eint Frankfurt,D,2.0000000,2.0000000,Dortmund,1.3000000,1.9000000,38.0000000,18.0000000,3.0000000,18.1000000,62.0000000,16.0000000,7.0000000,14.7000000,1725.5654297,1817.9721680
76,2019-09-23,2020,Matchweek 5,Mon,Bundesliga,20:30,Wolfsburg,D,1.0000000,1.0000000,Hoffenheim,0.9000000,0.7000000,52.0000000,12.0000000,4.0000000,20.2000000,48.0000000,9.0000000,5.0000000,16.7000000,1707.7849121,1701.1228027
77,2019-09-27,2020,Matchweek 6,Fri,Bundesliga,20:30,Union Berlin,L,1.0000000,2.0000000,Eint Frankfurt,0.9000000,2.0000000,53.0000000,11.0000000,5.0000000,18.2000000,47.0000000,17.0000000,6.0000000,19.7000000,1536.2165527,1726.6583252
78,2019-09-28,2020,Matchweek 6,Sat,Bundesliga,15:30,RB Leipzig,L,1.0000000,3.0000000,Schalke 04,1.3000000,3.2000000,65.0000000,16.0000000,6.0000000,19.3000000,35.0000000,12.0000000,7.0000000,14.1000000,1820.5272217,1664.3105469
79,2019-09-28,2020,Matchweek 6,Sat,Bundesliga,15:30,Augsburg,L,0.0000000,3.0000000,Leverkusen,0.3000000,0.9000000,26.0000000,7.0000000,1.0000000,23.0000000,74.0000000,11.0000000,5.0000000,21.2000000,1586.2447510,1740.5803223
80,2019-09-28,2020,Matchweek 6,Sat,Bundesliga,15:30,Paderborn 07,L,2.0000000,3.0000000,Bayern Munich,0.3000000,3.1000000,36.0000000,10.0000000,5.0000000,22.4000000,64.0000000,18.0000000,6.0000000,16.1000000,1473.1531982,1939.5311279
81,2019-09-28,2020,Matchweek 6,Sat,Bundesliga,15:30,Hoffenheim,L,0.0000000,3.0000000,Gladbach,1.3000000,2.8000000,52.0000000,17.0000000,4.0000000,19.0000000,48.0000000,12.0000000,5.0000000,14.8000000,1702.9036865,1667.5355225
82,2019-09-28,2020,Matchweek 6,Sat,Bundesliga,18:30,Dortmund,D,2.0000000,2.0000000,Werder Bremen,1.5000000,0.8000000,65.0000000,18.0000000,7.0000000,16.7000000,35.0000000,11.0000000,5.0000000,17.9000000,1816.8793945,1685.5910644
83,2019-09-28,2020,Matchweek 6,Sat,Bundesliga,15:30,Mainz 05,L,0.0000000,1.0000000,Wolfsburg,1.3000000,0.8000000,53.0000000,15.0000000,4.0000000,16.9000000,47.0000000,4.0000000,3.0000000,13.9000000,1615.3090820,1706.0040283
84,2019-09-29,2020,Matchweek 6,Sun,Bundesliga,18:00,Köln,L,0.0000000,4.0000000,Hertha BSC,0.8000000,1.8000000,54.0000000,9.0000000,3.0000000,17.3000000,46.0000000,10.0000000,6.0000000,15.4000000,1555.7030029,1610.1602783
85,2019-09-29,2020,Matchweek 6,Sun,Bundesliga,15:30,Düsseldorf,L,1.0000000,2.0000000,Freiburg,1.5000000,1.7000000,55.0000000,18.0000000,7.0000000,18.1000000,45.0000000,8.0000000,2.0000000,19.8000000,1598.4941406,1619.3668213
86,2019-10-01,2020,Group stage,Tue,Champions Lg,20:00 (21:00),eng Tottenham,L,2.0000000,7.0000000,Bayern Munich,1.9000000,1.3000000,41.0000000,19.0000000,10.0000000,21.4000000,59.0000000,19.0000000,10.0000000,21.4000000,,1940.5155029
87,2019-10-01,2020,Group stage,Tue,Champions Lg,21:00,it Juventus,W,3.0000000,0.0000000,Leverkusen,1.2000000,0.5000000,46.0000000,9.0000000,0.0000000,20.3000000,54.0000000,9.0000000,0.0000000,20.3000000,,1749.7261963
88,2019-10-02,2020,Group stage,Wed,Champions Lg,18:55,cz Slavia Prague,L,0.0000000,2.0000000,Dortmund,1.4000000,0.8000000,49.0000000,9.0000000,4.0000000,14.6000000,51.0000000,9.0000000,4.0000000,14.6000000,,1816.5341797
89,2019-10-02,2020,Group stage,Wed,Champions Lg,21:00,RB Leipzig,L,0.0000000,2.0000000,fr Lyon,1.9000000,1.5000000,58.0000000,17.0000000,4.0000000,18.5000000,42.0000000,17.0000000,4.0000000,18.5000000,1806.5931397,
90,2019-10-03,2020,Group stage,Thu,Europa Lg,18:55,fr Saint-Étienne,D,1.0000000,1.0000000,Wolfsburg,0.5000000,0.6000000,53.0000000,5.0000000,2.0000000,19.4000000,47.0000000,5.0000000,2.0000000,19.4000000,,1714.6173096
91,2019-10-03,2020,Group stage,Thu,Europa Lg,19:55 (18:55),tr Başakşehir,D,1.0000000,1.0000000,Gladbach,1.3000000,1.2000000,44.0000000,13.0000000,4.0000000,19.6000000,56.0000000,13.0000000,4.0000000,19.6000000,,1686.9976807
92,2019-10-03,2020,Group stage,Thu,Europa Lg,20:00 (21:00),pt Vitória,L,0.0000000,1.0000000,Eint Frankfurt,0.8000000,1.7000000,46.0000000,6.0000000,5.0000000,10.7000000,54.0000000,6.0000000,5.0000000,10.7000000,,1732.9429932
93,2019-10-04,2020,Matchweek 7,Fri,Bundesliga,20:30,Hertha BSC,W,3.0000000,1.0000000,Düsseldorf,2.0000000,1.3000000,52.0000000,17.0000000,3.0000000,15.2000000,48.0000000,9.0000000,2.0000000,22.1000000,1628.0224609,1592.4022217
94,2019-10-05,2020,Matchweek 7,Sat,Bundesliga,15:30,Leverkusen,D,1.0000000,1.0000000,RB Leipzig,1.8000000,2.7000000,64.0000000,11.0000000,8.0000000,14.0000000,36.0000000,11.0000000,5.0000000,14.6000000,1746.3619385,1786.8404541
95,2019-10-05,2020,Matchweek 7,Sat,Bundesliga,15:30,Bayern Munich,L,1.0000000,2.0000000,Hoffenheim,2.1000000,0.8000000,64.0000000,20.0000000,4.0000000,17.4000000,36.0000000,8.0000000,5.0000000,18.1000000,1962.0682373,1687.4849853
96,2019-10-05,2020,Matchweek 7,Sat,Bundesliga,15:30,Paderborn 07,L,1.0000000,2.0000000,Mainz 05,1.6000000,2.9000000,65.0000000,15.0000000,6.0000000,21.9000000,35.0000000,15.0000000,6.0000000,17.2000000,1474.6663818,1610.7393799
97,2019-10-05,2020,Matchweek 7,Sat,Bundesliga,15:30,Freiburg,D,2.0000000,2.0000000,Dortmund,0.3000000,0.8000000,35.0000000,6.0000000,1.0000000,18.2000000,65.0000000,8.0000000,4.0000000,16.4000000,1630.4541016,1823.3590088
98,2019-10-05,2020,Matchweek 7,Sat,Bundesliga,18:30,Schalke 04,D,1.0000000,1.0000000,Köln,1.6000000,0.9000000,55.0000000,15.0000000,3.0000000,19.3000000,45.0000000,9.0000000,5.0000000,17.8000000,1685.3139648,1542.8361816
99,2019-10-06,2020,Matchweek 7,Sun,Bundesliga,15:30,Wolfsburg,W,1.0000000,0.0000000,Union Berlin,1.8000000,0.7000000,52.0000000,13.0000000,4.0000000,15.4000000,48.0000000,14.0000000,3.0000000,21.0000000,1714.9346924,1533.9752197
100,2019-10-06,2020,Matchweek 7,Sun,Bundesliga,18:00,Eint Frankfurt,D,2.0000000,2.0000000,Werder Bremen,2.9000000,1.8000000,63.0000000,25.0000000,7.0000000,15.3000000,37.0000000,10.0000000,4.0000000,20.1000000,1738.9951172,1693.0054932
101,2019-10-06,2020,Matchweek 7,Sun,Bundesliga,13:30,Gladbach,W,5.0000000,1.0000000,Augsburg,3.0000000,1.4000000,63.0000000,12.0000000,8.0000000,13.4000000,37.0000000,14.0000000,3.0000000,19.9000000,1686.2691650,1579.5965576
102,2019-10-18,2020,Matchweek 8,Fri,Bundesliga,20:30,Eint Frankfurt,W,3.0000000,0.0000000,Leverkusen,2.7000000,1.7000000,35.0000000,9.0000000,4.0000000,12.1000000,65.0000000,19.0000000,10.0000000,15.8000000,1736.4127197,1746.1480713
103,2019-10-19,2020,Matchweek 8,Sat,Bundesliga,15:30,Düsseldorf,W,1.0000000,0.0000000,Mainz 05,1.6000000,0.3000000,55.0000000,20.0000000,4.0000000,20.7000000,45.0000000,7.0000000,1.0000000,27.5000000,1584.2082519,1616.2950440
104,2019-10-19,2020,Matchweek 8,Sat,Bundesliga,15:30,Augsburg,D,2.0000000,2.0000000,Bayern Munich,2.3000000,3.1000000,23.0000000,9.0000000,7.0000000,14.6000000,77.0000000,24.0000000,8.0000000,17.0000000,1570.8795166,1947.1981201
105,2019-10-19,2020,Matchweek 8,Sat,Bundesliga,15:30,Werder Bremen,D,1.0000000,1.0000000,Hertha BSC,0.9000000,0.5000000,54.0000000,16.0000000,5.0000000,17.9000000,46.0000000,12.0000000,2.0000000,19.4000000,1695.5878906,1636.2164307
106,2019-10-19,2020,Matchweek 8,Sat,Bundesliga,18:30,Dortmund,W,1.0000000,0.0000000,Gladbach,1.5000000,2.6000000,54.0000000,16.0000000,7.0000000,14.5000000,46.0000000,14.0000000,2.0000000,11.7000000,1819.4122315,1694.9862060
107,2019-10-19,2020,Matchweek 8,Sat,Bundesliga,15:30,Union Berlin,W,2.0000000,0.0000000,Freiburg,1.5000000,0.7000000,40.0000000,16.0000000,5.0000000,19.8000000,60.0000000,12.0000000,4.0000000,18.2000000,1530.9428711,1634.4008789
108,2019-10-19,2020,Matchweek 8,Sat,Bundesliga,15:30,RB Leipzig,D,1.0000000,1.0000000,Wolfsburg,1.2000000,1.3000000,56.0000000,15.0000000,5.0000000,19.3000000,44.0000000,13.0000000,6.0000000,15.4000000,1787.0543213,1717.9670410
109,2019-10-20,2020,Matchweek 8,Sun,Bundesliga,15:30,Köln,W,3.0000000,0.0000000,Paderborn 07,2.4000000,0.4000000,43.0000000,17.0000000,6.0000000,12.0000000,57.0000000,9.0000000,1.0000000,20.6000000,1547.8261719,1469.1107178
110,2019-10-20,2020,Matchweek 8,Sun,Bundesliga,18:00,Hoffenheim,W,2.0000000,0.0000000,Schalke 04,0.9000000,0.8000000,42.0000000,9.0000000,3.0000000,18.1000000,58.0000000,11.0000000,1.0000000,17.6000000,1702.3551025,1680.3238525
111,2019-10-22,2020,Group stage,Tue,Champions Lg,22:00 (21:00),gr Olympiacos,L,2.0000000,3.0000000,Bayern Munich,0.5000000,2.6000000,41.0000000,17.0000000,6.0000000,16.8000000,59.0000000,17.0000000,6.0000000,16.8000000,,1939.8044434
112,2019-10-22,2020,Group stage,Tue,Champions Lg,18:55,es Atlético Madrid,W,1.0000000,0.0000000,Leverkusen,0.8000000,0.5000000,40.0000000,12.0000000,1.0000000,21.4000000,60.0000000,12.0000000,1.0000000,21.4000000,,1734.0410156
113,2019-10-23,2020,Group stage,Wed,Champions Lg,18:55,RB Leipzig,W,2.0000000,1.0000000,ru Zenit,2.2000000,0.7000000,64.0000000,17.0000000,6.0000000,17.4000000,36.0000000,17.0000000,6.0000000,17.4000000,1784.1256103,
114,2019-10-23,2020,Group stage,Wed,Champions Lg,21:00,it Inter,W,2.0000000,0.0000000,Dortmund,2.1000000,0.4000000,42.0000000,5.0000000,2.0000000,17.9000000,58.0000000,5.0000000,2.0000000,17.9000000,,1823.6502685
115,2019-10-24,2020,Group stage,Thu,Europa Lg,21:00,Eint Frankfurt,W,2.0000000,1.0000000,be Standard Liège,1.6000000,1.0000000,62.0000000,14.0000000,5.0000000,16.7000000,38.0000000,14.0000000,5.0000000,16.7000000,1746.4257812,
116,2019-10-24,2020,Group stage,Thu,Europa Lg,18:55,it Roma,D,1.0000000,1.0000000,Gladbach,1.4000000,2.5000000,44.0000000,14.0000000,2.0000000,19.1000000,56.0000000,14.0000000,2.0000000,19.1000000,,1688.9365234
117,2019-10-24,2020,Group stage,Thu,Europa Lg,18:55,be Gent,D,2.0000000,2.0000000,Wolfsburg,1.6000000,2.4000000,56.0000000,16.0000000,5.0000000,15.3000000,44.0000000,16.0000000,5.0000000,15.3000000,,1719.0841065
118,2019-10-25,2020,Matchweek 9,Fri,Bundesliga,20:30,Mainz 05,W,3.0000000,1.0000000,Köln,1.8000000,1.3000000,47.0000000,18.0000000,6.0000000,20.9000000,53.0000000,17.0000000,8.0000000,19.0000000,1608.4114990,1555.7548828
119,2019-10-26,2020,Matchweek 9,Sat,Bundesliga,15:30,Bayern Munich,W,2.0000000,1.0000000,Union Berlin,2.7000000,1.7000000,65.0000000,20.0000000,10.0000000,18.6000000,35.0000000,4.0000000,2.0000000,27.8000000,1943.6437988,1543.9798584
120,2019-10-26,2020,Matchweek 9,Sat,Bundesliga,15:30,Schalke 04,D,0.0000000,0.0000000,Dortmund,1.1000000,0.3000000,44.0000000,14.0000000,2.0000000,18.8000000,56.0000000,8.0000000,3.0000000,20.8000000,1671.2866211,1811.8339844
121,2019-10-26,2020,Matchweek 9,Sat,Bundesliga,15:30,Hertha BSC,L,2.0000000,3.0000000,Hoffenheim,2.5000000,2.2000000,43.0000000,13.0000000,4.0000000,18.8000000,57.0000000,17.0000000,8.0000000,17.0000000,1638.8295898,1710.7020264
122,2019-10-26,2020,Matchweek 9,Sat,Bundesliga,15:30,Freiburg,W,2.0000000,1.0000000,RB Leipzig,2.1000000,2.5000000,41.0000000,14.0000000,3.0000000,17.6000000,59.0000000,24.0000000,6.0000000,20.8000000,1620.6735840,1787.7199707
123,2019-10-26,2020,Matchweek 9,Sat,Bundesliga,18:30,Leverkusen,D,2.0000000,2.0000000,Werder Bremen,2.9000000,0.9000000,62.0000000,24.0000000,4.0000000,14.8000000,38.0000000,11.0000000,3.0000000,21.2000000,1730.3350830,1692.2844238
124,2019-10-26,2020,Matchweek 9,Sat,Bundesliga,15:30,Paderborn 07,W,2.0000000,0.0000000,Düsseldorf,0.8000000,1.4000000,49.0000000,14.0000000,6.0000000,20.2000000,51.0000000,18.0000000,4.0000000,19.8000000,1460.4916992,1591.4014893
125,2019-10-27,2020,Matchweek 9,Sun,Bundesliga,18:00,Gladbach,W,4.0000000,2.0000000,Eint Frankfurt,1.7000000,1.2000000,49.0000000,13.0000000,6.0000000,15.0000000,51.0000000,15.0000000,3.0000000,16.2000000,1694.0511475,1751.3173828
126,2019-10-27,2020,Matchweek 9,Sun,Bundesliga,15:30,Wolfsburg,D,0.0000000,0.0000000,Augsburg,1.1000000,1.0000000,57.0000000,14.0000000,3.0000000,18.3000000,43.0000000,10.0000000,5.0000000,20.4000000,1719.4935303,1577.9279785
127,2019-10-29,2020,Second round,Tue,DFB-Pokal,18:30,Saarbrücken,W,3.0000000,2.0000000,Köln,,,37.0000000,20.0000000,9.0000000,,63.0000000,20.0000000,9.0000000,,,1555.7548828
128,2019-10-29,2020,Second round,Tue,DFB-Pokal,18:30,Freiburg,L,1.0000000,3.0000000,Union Berlin,,,61.0000000,11.0000000,1.0000000,,39.0000000,16.0000000,7.0000000,,1631.6848144,1543.9798584
129,2019-10-29,2020,Second round,Tue,DFB-Pokal,18:30,MSV Duisburg,L,0.0000000,2.0000000,Hoffenheim,,,31.0000000,15.0000000,5.0000000,,69.0000000,15.0000000,5.0000000,,,1717.9434815
130,2019-10-29,2020,Second round,Tue,DFB-Pokal,20:00,Bochum,L,1.0000000,2.0000000,Bayern Munich,,,35.0000000,16.0000000,7.0000000,,65.0000000,16.0000000,7.0000000,,1431.6121826,1943.6437988
131,2019-10-29,2020,Second round,Tue,DFB-Pokal,20:45,Arminia,L,2.0000000,3.0000000,Schalke 04,,,35.0000000,18.0000000,8.0000000,,65.0000000,18.0000000,8.0000000,,1519.2108154,1673.8413086
132,2019-10-29,2020,Second round,Tue,DFB-Pokal,20:45,Leverkusen,W,1.0000000,0.0000000,Paderborn 07,,,62.0000000,15.0000000,5.0000000,,38.0000000,12.0000000,4.0000000,,1727.8596191,1460.4916992
133,2019-10-30,2020,Second round,Wed,DFB-Pokal,20:45,St. Pauli,L,1.0000000,2.0000000,Eint Frankfurt,,,40.0000000,7.0000000,2.0000000,,60.0000000,7.0000000,2.0000000,,1437.6284180,1739.7397461
134,2019-10-30,2020,Second round,Wed,DFB-Pokal,20:45,Düsseldorf,W,2.0000000,1.0000000,Erzgebirge Aue,,,60.0000000,18.0000000,6.0000000,,40.0000000,18.0000000,6.0000000,,1591.4014893,
135,2019-10-30,2020,Second round,Wed,DFB-Pokal,20:45,Hertha BSC,D,3.0000000,3.0000000,Dresden,,,63.0000000,28.0000000,12.0000000,,37.0000000,28.0000000,12.0000000,,1631.5881348,
136,2019-10-30,2020,Second round,Wed,DFB-Pokal,18:30,Wolfsburg,L,1.0000000,6.0000000,RB Leipzig,,,45.0000000,13.0000000,2.0000000,,55.0000000,16.0000000,11.0000000,,1719.4935303,1776.7087402
137,2019-10-30,2020,Second round,Wed,DFB-Pokal,18:30,Werder Bremen,W,4.0000000,1.0000000,Heidenheim,,,71.0000000,20.0000000,7.0000000,,29.0000000,20.0000000,7.0000000,,1694.7598877,1475.3979492
138,2019-10-30,2020,Second round,Wed,DFB-Pokal,20:45,Dortmund,W,2.0000000,1.0000000,Gladbach,,,52.0000000,14.0000000,5.0000000,,48.0000000,6.0000000,5.0000000,,1811.8339844,1694.0511475
139,2019-11-01,2020,Matchweek 10,Fri,Bundesliga,20:30,Hoffenheim,W,3.0000000,0.0000000,Paderborn 07,2.1000000,0.6000000,63.0000000,12.0000000,7.0000000,15.4000000,37.0000000,9.0000000,2.0000000,21.4000000,1717.9434815,1474.6118164
140,2019-11-02,2020,Matchweek 10,Sat,Bundesliga,15:30,Werder Bremen,D,2.0000000,2.0000000,Freiburg,1.5000000,1.2000000,46.0000000,21.0000000,10.0000000,18.0000000,54.0000000,13.0000000,3.0000000,17.5000000,1694.7598877,1631.6848144
141,2019-11-02,2020,Matchweek 10,Sat,Bundesliga,15:30,Dortmund,W,3.0000000,0.0000000,Wolfsburg,2.2000000,1.5000000,64.0000000,16.0000000,7.0000000,19.7000000,36.0000000,12.0000000,3.0000000,16.0000000,1809.2794190,1714.4375000
142,2019-11-02,2020,Matchweek 10,Sat,Bundesliga,15:30,Leverkusen,L,1.0000000,2.0000000,Gladbach,2.3000000,2.6000000,60.0000000,25.0000000,7.0000000,16.8000000,40.0000000,10.0000000,6.0000000,14.7000000,1727.8596191,1705.6287842
143,2019-11-02,2020,Matchweek 10,Sat,Bundesliga,15:30,Eint Frankfurt,W,5.0000000,1.0000000,Bayern Munich,3.3000000,1.7000000,40.0000000,17.0000000,10.0000000,14.6000000,60.0000000,8.0000000,3.0000000,15.4000000,1739.7397461,1944.4865723
144,2019-11-02,2020,Matchweek 10,Sat,Bundesliga,15:30,RB Leipzig,W,8.0000000,0.0000000,Mainz 05,3.3000000,0.6000000,67.0000000,18.0000000,12.0000000,14.8000000,33.0000000,9.0000000,2.0000000,18.7000000,1776.7087402,1616.0389404
145,2019-11-02,2020,Matchweek 10,Sat,Bundesliga,18:30,Union Berlin,W,1.0000000,0.0000000,Hertha BSC,1.6000000,0.4000000,54.0000000,13.0000000,5.0000000,24.2000000,46.0000000,7.0000000,3.0000000,20.0000000,1543.1372070,1631.5881348
146,2019-11-03,2020,Matchweek 10,Sun,Bundesliga,18:00,Augsburg,L,2.0000000,3.0000000,Schalke 04,1.6000000,0.5000000,34.0000000,11.0000000,3.0000000,20.5000000,66.0000000,10.0000000,3.0000000,17.0000000,1582.9840088,1673.8413086
147,2019-11-03,2020,Matchweek 10,Sun,Bundesliga,15:30,Düsseldorf,W,2.0000000,0.0000000,Köln,2.0000000,1.3000000,40.0000000,8.0000000,2.0000000,19.8000000,60.0000000,8.0000000,1.0000000,17.4000000,1577.2813721,1548.1274414
148,2019-11-05,2020,Group stage,Tue,Champions Lg,21:00,Dortmund,W,3.0000000,2.0000000,it Inter,3.5000000,1.4000000,61.0000000,21.0000000,6.0000000,14.9000000,39.0000000,21.0000000,6.0000000,14.9000000,1817.0684815,
149,2019-11-05,2020,Group stage,Tue,Champions Lg,20:55 (18:55),ru Zenit,L,0.0000000,2.0000000,RB Leipzig,1.2000000,1.4000000,32.0000000,21.0000000,7.0000000,21.7000000,68.0000000,21.0000000,7.0000000,21.7000000,,1785.8973389
150,2019-11-06,2020,Group stage,Wed,Champions Lg,21:00,Leverkusen,W,2.0000000,1.0000000,es Atlético Madrid,1.3000000,2.0000000,52.0000000,15.0000000,3.0000000,22.1000000,48.0000000,15.0000000,3.0000000,22.1000000,1723.3388672,
151,2019-11-06,2020,Group stage,Wed,Champions Lg,18:55,Bayern Munich,W,2.0000000,0.0000000,gr Olympiacos,3.3000000,0.2000000,69.0000000,27.0000000,11.0000000,16.9000000,31.0000000,27.0000000,11.0000000,16.9000000,1926.2917481,
152,2019-11-07,2020,Group stage,Thu,Europa Lg,21:00,Gladbach,W,2.0000000,1.0000000,it Roma,1.2000000,1.1000000,59.0000000,12.0000000,4.0000000,21.7000000,41.0000000,12.0000000,4.0000000,21.7000000,1725.1008301,
153,2019-11-07,2020,Group stage,Thu,Europa Lg,21:00,Wolfsburg,L,1.0000000,3.0000000,be Gent,1.6000000,0.6000000,58.0000000,15.0000000,3.0000000,16.6000000,42.0000000,15.0000000,3.0000000,16.6000000,1716.3383789,
154,2019-11-07,2020,Group stage,Thu,Europa Lg,18:55,be Standard Liège,W,2.0000000,1.0000000,Eint Frankfurt,1.9000000,2.2000000,43.0000000,13.0000000,4.0000000,16.6000000,57.0000000,13.0000000,4.0000000,16.6000000,,1772.8857422
155,2019-11-08,2020,Matchweek 11,Fri,Bundesliga,20:30,Köln,L,1.0000000,2.0000000,Hoffenheim,0.9000000,2.1000000,45.0000000,11.0000000,3.0000000,20.0000000,55.0000000,14.0000000,4.0000000,23.4000000,1542.5140381,1723.8480225
156,2019-11-09,2020,Matchweek 11,Sat,Bundesliga,15:30,Paderborn 07,L,0.0000000,1.0000000,Augsburg,1.2000000,1.0000000,60.0000000,10.0000000,3.0000000,27.3000000,40.0000000,13.0000000,5.0000000,20.5000000,1473.6195068,1578.3331299
157,2019-11-09,2020,Matchweek 11,Sat,Bundesliga,15:30,Schalke 04,D,3.0000000,3.0000000,Düsseldorf,1.3000000,2.1000000,57.0000000,12.0000000,4.0000000,16.0000000,43.0000000,8.0000000,4.0000000,16.3000000,1683.4044190,1587.8070068
158,2019-11-09,2020,Matchweek 11,Sat,Bundesliga,15:30,Hertha BSC,L,2.0000000,4.0000000,RB Leipzig,0.6000000,2.0000000,39.0000000,7.0000000,3.0000000,24.4000000,61.0000000,9.0000000,6.0000000,15.5000000,1625.1088867,1798.7496338
159,2019-11-09,2020,Matchweek 11,Sat,Bundesliga,18:30,Bayern Munich,W,4.0000000,0.0000000,Dortmund,3.7000000,0.7000000,60.0000000,18.0000000,5.0000000,15.5000000,40.0000000,2.0000000,0.0000000,6.0000000,1926.3905029,1824.6728516
160,2019-11-09,2020,Matchweek 11,Sat,Bundesliga,15:30,Mainz 05,L,2.0000000,3.0000000,Union Berlin,2.3000000,1.1000000,56.0000000,16.0000000,5.0000000,20.2000000,44.0000000,14.0000000,4.0000000,19.2000000,1609.3065185,1554.5286865
161,2019-11-10,2020,Matchweek 11,Sun,Bundesliga,15:30,Wolfsburg,L,0.0000000,2.0000000,Leverkusen,0.9000000,1.0000000,47.0000000,10.0000000,1.0000000,17.0000000,53.0000000,9.0000000,4.0000000,13.9000000,1691.3466797,1730.7834473
162,2019-11-10,2020,Matchweek 11,Sun,Bundesliga,13:30,Gladbach,W,3.0000000,1.0000000,Werder Bremen,1.9000000,1.7000000,53.0000000,17.0000000,7.0000000,19.1000000,47.0000000,15.0000000,6.0000000,21.5000000,1724.6651611,1694.0163574
163,2019-11-10,2020,Matchweek 11,Sun,Bundesliga,18:00,Freiburg,W,1.0000000,0.0000000,Eint Frankfurt,0.9000000,1.4000000,52.0000000,13.0000000,7.0000000,18.9000000,48.0000000,17.0000000,6.0000000,22.0000000,1637.3405762,1754.9556885
164,2019-11-22,2020,Matchweek 12,Fri,Bundesliga,20:30,Dortmund,D,3.0000000,3.0000000,Paderborn 07,1.8000000,2.1000000,67.0000000,17.0000000,7.0000000,14.3000000,33.0000000,9.0000000,4.0000000,13.9000000,1816.3841553,1467.0093994
165,2019-11-23,2020,Matchweek 12,Sat,Bundesliga,18:30,RB Leipzig,W,4.0000000,1.0000000,Köln,2.3000000,0.6000000,69.0000000,20.0000000,7.0000000,19.7000000,31.0000000,6.0000000,1.0000000,15.8000000,1805.8818359,1537.8049316
166,2019-11-23,2020,Matchweek 12,Sat,Bundesliga,15:30,Leverkusen,D,1.0000000,1.0000000,Freiburg,4.1000000,1.1000000,71.0000000,27.0000000,9.0000000,16.1000000,29.0000000,8.0000000,2.0000000,16.8000000,1742.5583496,1646.8382568
167,2019-11-23,2020,Matchweek 12,Sat,Bundesliga,15:30,Union Berlin,W,2.0000000,0.0000000,Gladbach,1.8000000,1.2000000,37.0000000,11.0000000,6.0000000,14.8000000,63.0000000,13.0000000,2.0000000,20.4000000,1565.4766846,1732.7067871
168,2019-11-23,2020,Matchweek 12,Sat,Bundesliga,15:30,Eint Frankfurt,L,0.0000000,2.0000000,Wolfsburg,0.9000000,1.3000000,68.0000000,17.0000000,9.0000000,17.9000000,32.0000000,9.0000000,6.0000000,16.5000000,1745.4580078,1679.5717773
169,2019-11-23,2020,Matchweek 12,Sat,Bundesliga,15:30,Werder Bremen,L,1.0000000,2.0000000,Schalke 04,2.0000000,0.7000000,50.0000000,18.0000000,5.0000000,18.5000000,50.0000000,11.0000000,5.0000000,22.1000000,1685.9748535,1679.2641602
170,2019-11-23,2020,Matchweek 12,Sat,Bundesliga,15:30,Düsseldorf,L,0.0000000,4.0000000,Bayern Munich,0.7000000,3.7000000,30.0000000,13.0000000,1.0000000,20.5000000,70.0000000,17.0000000,5.0000000,12.9000000,1591.9473877,1934.6791992
171,2019-11-24,2020,Matchweek 12,Sun,Bundesliga,15:30,Augsburg,W,4.0000000,0.0000000,Hertha BSC,1.9000000,0.5000000,52.0000000,14.0000000,5.0000000,19.2000000,48.0000000,5.0000000,1.0000000,16.4000000,1584.9432373,1617.9766846
172,2019-11-24,2020,Matchweek 12,Sun,Bundesliga,18:00,Hoffenheim,L,1.0000000,5.0000000,Mainz 05,2.0000000,2.5000000,63.0000000,20.0000000,8.0000000,15.8000000,37.0000000,12.0000000,5.0000000,13.9000000,1728.5571289,1598.3586426
173,2019-11-26,2020,Group stage,Tue,Champions Lg,20:55 (18:55),ru Loko Moscow,L,0.0000000,2.0000000,Leverkusen,1.0000000,0.7000000,44.0000000,15.0000000,6.0000000,19.1000000,56.0000000,15.0000000,6.0000000,19.1000000,,1738.4187012
174,2019-11-26,2020,Group stage,Tue,Champions Lg,21:00,rs Red Star,L,0.0000000,6.0000000,Bayern Munich,0.2000000,4.9000000,29.0000000,28.0000000,15.0000000,15.4000000,71.0000000,28.0000000,15.0000000,15.4000000,,1938.8946533
175,2019-11-27,2020,Group stage,Wed,Champions Lg,21:00,RB Leipzig,D,2.0000000,2.0000000,pt Benfica,3.2000000,0.9000000,66.0000000,24.0000000,9.0000000,16.2000000,34.0000000,24.0000000,9.0000000,16.2000000,1814.7773438,
176,2019-11-27,2020,Group stage,Wed,Champions Lg,21:00,es Barcelona,W,3.0000000,1.0000000,Dortmund,2.4000000,1.6000000,46.0000000,9.0000000,4.0000000,16.2000000,54.0000000,9.0000000,4.0000000,16.2000000,,1814.0385742
177,2019-11-28,2020,Group stage,Thu,Europa Lg,18:55,at Wolfsberger AC,L,0.0000000,1.0000000,Gladbach,1.1000000,1.5000000,45.0000000,14.0000000,6.0000000,16.4000000,55.0000000,14.0000000,6.0000000,16.4000000,,1720.9091797
178,2019-11-28,2020,Group stage,Thu,Europa Lg,19:55 (18:55),ua FC Oleksandriya,L,0.0000000,1.0000000,Wolfsburg,1.1000000,1.8000000,42.0000000,12.0000000,5.0000000,17.9000000,58.0000000,12.0000000,5.0000000,17.9000000,,1698.8928223
179,2019-11-28,2020,Group stage,Thu,Europa Lg,20:00 (21:00),eng Arsenal,L,1.0000000,2.0000000,Eint Frankfurt,1.3000000,1.2000000,58.0000000,9.0000000,4.0000000,18.2000000,42.0000000,9.0000000,4.0000000,18.2000000,,1733.0932617
180,2019-11-29,2020,Matchweek 13,Fri,Bundesliga,20:30,Schalke 04,W,2.0000000,1.0000000,Union Berlin,1.5000000,1.6000000,56.0000000,17.0000000,8.0000000,16.8000000,44.0000000,16.0000000,6.0000000,18.8000000,1699.8041992,1591.7629394
181,2019-11-30,2020,Matchweek 13,Sat,Bundesliga,15:30,Hoffenheim,D,1.0000000,1.0000000,Düsseldorf,2.1000000,0.9000000,51.0000000,12.0000000,6.0000000,10.7000000,49.0000000,11.0000000,3.0000000,15.0000000,1714.7928467,1598.7424316
182,2019-11-30,2020,Matchweek 13,Sat,Bundesliga,18:30,Bayern Munich,L,1.0000000,2.0000000,Leverkusen,2.8000000,1.3000000,74.0000000,23.0000000,11.0000000,17.1000000,26.0000000,11.0000000,7.0000000,19.2000000,1958.1326904,1758.7950440
183,2019-11-30,2020,Matchweek 13,Sat,Bundesliga,15:30,Hertha BSC,L,1.0000000,2.0000000,Dortmund,1.0000000,1.2000000,49.0000000,13.0000000,3.0000000,16.4000000,51.0000000,7.0000000,5.0000000,15.2000000,1614.4587402,1815.0338135
184,2019-11-30,2020,Matchweek 13,Sat,Bundesliga,15:30,Paderborn 07,L,2.0000000,3.0000000,RB Leipzig,1.6000000,1.8000000,52.0000000,8.0000000,4.0000000,13.8000000,48.0000000,18.0000000,6.0000000,15.1000000,1486.2652588,1816.7456055
185,2019-11-30,2020,Matchweek 13,Sat,Bundesliga,15:30,Köln,D,1.0000000,1.0000000,Augsburg,1.2000000,2.1000000,55.0000000,13.0000000,6.0000000,16.5000000,45.0000000,10.0000000,3.0000000,21.5000000,1545.8195801,1610.4822998
186,2019-12-01,2020,Matchweek 13,Sun,Bundesliga,18:00,Wolfsburg,L,2.0000000,3.0000000,Werder Bremen,2.2000000,1.3000000,60.0000000,20.0000000,6.0000000,17.1000000,40.0000000,9.0000000,2.0000000,20.9000000,1711.2769775,1687.4558106
187,2019-12-01,2020,Matchweek 13,Sun,Bundesliga,15:30,Gladbach,W,4.0000000,2.0000000,Freiburg,5.0000000,1.5000000,51.0000000,22.0000000,13.0000000,15.5000000,49.0000000,12.0000000,4.0000000,14.9000000,1733.9229736,1661.9884033
188,2019-12-02,2020,Matchweek 13,Mon,Bundesliga,20:30,Mainz 05,W,2.0000000,1.0000000,Eint Frankfurt,1.9000000,2.0000000,54.0000000,18.0000000,8.0000000,20.9000000,46.0000000,14.0000000,4.0000000,15.5000000,1634.1440430,1753.0460205
189,2019-12-06,2020,Matchweek 14,Fri,Bundesliga,20:30,Eint Frankfurt,D,2.0000000,2.0000000,Hertha BSC,2.2000000,1.3000000,63.0000000,25.0000000,6.0000000,14.4000000,37.0000000,9.0000000,3.0000000,18.5000000,1743.4163818,1610.0319824
190,2019-12-07,2020,Matchweek 14,Sat,Bundesliga,18:30,Leverkusen,W,2.0000000,1.0000000,Schalke 04,2.8000000,1.1000000,56.0000000,19.0000000,9.0000000,15.0000000,44.0000000,5.0000000,3.0000000,14.0000000,1772.4278565,1704.0380859
191,2019-12-07,2020,Matchweek 14,Sat,Bundesliga,15:30,Freiburg,W,1.0000000,0.0000000,Wolfsburg,0.5000000,1.6000000,50.0000000,10.0000000,3.0000000,22.7000000,50.0000000,10.0000000,0.0000000,13.8000000,1654.9508057,1701.3289795
192,2019-12-07,2020,Matchweek 14,Sat,Bundesliga,15:30,Dortmund,W,5.0000000,0.0000000,Düsseldorf,3.7000000,0.1000000,73.0000000,23.0000000,10.0000000,18.2000000,27.0000000,2.0000000,0.0000000,15.3000000,1819.4605713,1603.3453369
193,2019-12-07,2020,Matchweek 14,Sat,Bundesliga,15:30,Gladbach,W,2.0000000,1.0000000,Bayern Munich,1.2000000,1.5000000,38.0000000,6.0000000,2.0000000,16.5000000,62.0000000,16.0000000,5.0000000,15.6000000,1740.9604492,1944.4998779
194,2019-12-07,2020,Matchweek 14,Sat,Bundesliga,15:30,RB Leipzig,W,3.0000000,1.0000000,Hoffenheim,3.6000000,1.5000000,41.0000000,24.0000000,13.0000000,16.2000000,59.0000000,11.0000000,1.0000000,14.4000000,1819.0135498,1710.1899414
195,2019-12-07,2020,Matchweek 14,Sat,Bundesliga,15:30,Augsburg,W,2.0000000,1.0000000,Mainz 05,3.2000000,0.5000000,52.0000000,17.0000000,4.0000000,15.2000000,48.0000000,12.0000000,3.0000000,25.7000000,1610.2576904,1643.7735596
196,2019-12-08,2020,Matchweek 14,Sun,Bundesliga,15:30,Union Berlin,W,2.0000000,0.0000000,Köln,1.9000000,1.2000000,55.0000000,12.0000000,5.0000000,14.9000000,45.0000000,14.0000000,4.0000000,17.4000000,1587.5291748,1546.0441894
197,2019-12-08,2020,Matchweek 14,Sun,Bundesliga,18:00,Werder Bremen,L,0.0000000,1.0000000,Paderborn 07,1.0000000,1.4000000,54.0000000,12.0000000,3.0000000,16.3000000,46.0000000,16.0000000,5.0000000,19.9000000,1697.4036865,1483.9971924
198,2019-12-10,2020,Group stage,Tue,Champions Lg,21:00,Dortmund,W,2.0000000,1.0000000,cz Slavia Prague,2.9000000,2.8000000,49.0000000,16.0000000,8.0000000,16.8000000,51.0000000,16.0000000,8.0000000,16.8000000,1824.7465820,
199,2019-12-10,2020,Group stage,Tue,Champions Lg,21:00,fr Lyon,D,2.0000000,2.0000000,RB Leipzig,1.1000000,3.4000000,47.0000000,11.0000000,1.0000000,15.9000000,53.0000000,11.0000000,1.0000000,15.9000000,,1824.7736816
200,2019-12-11,2020,Group stage,Wed,Champions Lg,21:00,Bayern Munich,W,3.0000000,1.0000000,eng Tottenham,2.9000000,1.0000000,70.0000000,24.0000000,11.0000000,16.1000000,30.0000000,24.0000000,11.0000000,16.1000000,1933.4111328,
201,2019-12-11,2020,Group stage,Wed,Champions Lg,21:00,Leverkusen,L,0.0000000,2.0000000,it Juventus,2.2000000,0.9000000,54.0000000,14.0000000,1.0000000,18.1000000,46.0000000,14.0000000,1.0000000,18.1000000,1777.9940185,
202,2019-12-12,2020,Group stage,Thu,Europa Lg,21:00,Wolfsburg,W,1.0000000,0.0000000,fr Saint-Étienne,1.7000000,0.8000000,44.0000000,13.0000000,7.0000000,16.2000000,56.0000000,13.0000000,7.0000000,16.2000000,1692.6910400,
203,2019-12-12,2020,Group stage,Thu,Europa Lg,21:00,Gladbach,L,1.0000000,2.0000000,tr Başakşehir,3.2000000,1.6000000,63.0000000,19.0000000,5.0000000,15.3000000,37.0000000,19.0000000,5.0000000,15.3000000,1751.8479004,
204,2019-12-12,2020,Group stage,Thu,Europa Lg,18:55,Eint Frankfurt,L,2.0000000,3.0000000,pt Vitória,2.0000000,0.4000000,55.0000000,15.0000000,5.0000000,13.4000000,45.0000000,15.0000000,5.0000000,13.4000000,1737.7668457,
205,2019-12-13,2020,Matchweek 15,Fri,Bundesliga,20:30,Hoffenheim,L,2.0000000,4.0000000,Augsburg,2.1000000,2.4000000,76.0000000,19.0000000,8.0000000,18.2000000,24.0000000,5.0000000,3.0000000,18.2000000,1695.9636231,1609.0924072
206,2019-12-14,2020,Matchweek 15,Sat,Bundesliga,15:30,Hertha BSC,W,1.0000000,0.0000000,Freiburg,1.0000000,0.9000000,38.0000000,16.0000000,4.0000000,21.7000000,62.0000000,15.0000000,3.0000000,19.3000000,1606.4953613,1654.4025879
207,2019-12-14,2020,Matchweek 15,Sat,Bundesliga,15:30,Bayern Munich,W,6.0000000,1.0000000,Werder Bremen,5.5000000,0.6000000,73.0000000,28.0000000,14.0000000,16.7000000,27.0000000,10.0000000,2.0000000,15.6000000,1930.4959717,1675.0321045
208,2019-12-14,2020,Matchweek 15,Sat,Bundesliga,18:30,Düsseldorf,L,0.0000000,3.0000000,RB Leipzig,0.2000000,3.6000000,31.0000000,4.0000000,1.0000000,22.3000000,69.0000000,21.0000000,6.0000000,13.9000000,1589.5930176,1814.8118897
209,2019-12-14,2020,Matchweek 15,Sat,Bundesliga,15:30,Mainz 05,L,0.0000000,4.0000000,Dortmund,0.3000000,1.4000000,38.0000000,9.0000000,0.0000000,24.3000000,62.0000000,18.0000000,7.0000000,16.6000000,1628.0063477,1819.3411865
210,2019-12-14,2020,Matchweek 15,Sat,Bundesliga,15:30,Paderborn 07,D,1.0000000,1.0000000,Union Berlin,1.4000000,1.9000000,56.0000000,13.0000000,3.0000000,16.5000000,44.0000000,16.0000000,2.0000000,14.4000000,1489.4362793,1586.8363037
211,2019-12-14,2020,Matchweek 15,Sat,Bundesliga,15:30,Köln,W,2.0000000,0.0000000,Leverkusen,1.7000000,0.2000000,40.0000000,13.0000000,5.0000000,17.0000000,60.0000000,6.0000000,2.0000000,23.7000000,1529.8044434,1759.1820068
212,2019-12-15,2020,Matchweek 15,Sun,Bundesliga,15:30,Wolfsburg,W,2.0000000,1.0000000,Gladbach,1.3000000,0.8000000,49.0000000,18.0000000,7.0000000,17.6000000,51.0000000,6.0000000,6.0000000,19.3000000,1689.4333496,1730.1057129
213,2019-12-15,2020,Matchweek 15,Sun,Bundesliga,18:00,Schalke 04,W,1.0000000,0.0000000,Eint Frankfurt,1.0000000,0.9000000,49.0000000,11.0000000,5.0000000,21.1000000,51.0000000,18.0000000,3.0000000,21.6000000,1690.5240478,1715.8433838
214,2019-12-17,2020,Matchweek 16,Tue,Bundesliga,20:30,Augsburg,W,3.0000000,0.0000000,Düsseldorf,1.4000000,0.6000000,47.0000000,12.0000000,7.0000000,18.5000000,53.0000000,6.0000000,2.0000000,19.8000000,1625.1577148,1582.8214111
215,2019-12-17,2020,Matchweek 16,Tue,Bundesliga,20:30,Union Berlin,L,0.0000000,2.0000000,Hoffenheim,1.5000000,0.8000000,49.0000000,16.0000000,2.0000000,16.9000000,51.0000000,7.0000000,4.0000000,23.2000000,1585.6582031,1679.8984375
216,2019-12-17,2020,Matchweek 16,Tue,Bundesliga,18:30,Werder Bremen,L,0.0000000,5.0000000,Mainz 05,1.0000000,2.0000000,60.0000000,14.0000000,5.0000000,18.0000000,40.0000000,17.0000000,8.0000000,17.0000000,1670.8959961,1618.8284912
217,2019-12-17,2020,Matchweek 16,Tue,Bundesliga,20:30,Dortmund,D,3.0000000,3.0000000,RB Leipzig,1.8000000,2.2000000,56.0000000,14.0000000,6.0000000,13.2000000,44.0000000,12.0000000,8.0000000,15.9000000,1828.5190430,1821.5833740
218,2019-12-18,2020,Matchweek 16,Wed,Bundesliga,18:30,Leverkusen,L,0.0000000,1.0000000,Hertha BSC,1.0000000,1.5000000,71.0000000,16.0000000,7.0000000,19.1000000,29.0000000,10.0000000,5.0000000,16.2000000,1742.3662109,1614.3023682
219,2019-12-18,2020,Matchweek 16,Wed,Bundesliga,20:30,Eint Frankfurt,L,2.0000000,4.0000000,Köln,1.4000000,1.9000000,45.0000000,17.0000000,6.0000000,17.0000000,55.0000000,21.0000000,9.0000000,19.6000000,1708.6885986,1546.6203613
220,2019-12-18,2020,Matchweek 16,Wed,Bundesliga,20:30,Freiburg,L,1.0000000,3.0000000,Bayern Munich,2.1000000,4.3000000,36.0000000,15.0000000,5.0000000,14.6000000,64.0000000,22.0000000,9.0000000,15.8000000,1646.5955810,1934.6320801
221,2019-12-18,2020,Matchweek 16,Wed,Bundesliga,20:30,Wolfsburg,D,1.0000000,1.0000000,Schalke 04,3.0000000,1.6000000,54.0000000,29.0000000,10.0000000,16.3000000,46.0000000,8.0000000,2.0000000,14.1000000,1697.0483398,1697.6789551
222,2019-12-18,2020,Matchweek 16,Wed,Bundesliga,20:30,Gladbach,W,2.0000000,0.0000000,Paderborn 07,2.8000000,0.6000000,59.0000000,16.0000000,5.0000000,15.1000000,41.0000000,12.0000000,2.0000000,18.1000000,1722.4907227,1490.6143799
223,2019-12-20,2020,Matchweek 17,Fri,Bundesliga,20:30,Hoffenheim,W,2.0000000,1.0000000,Dortmund,1.3000000,2.2000000,49.0000000,11.0000000,3.0000000,20.0000000,51.0000000,12.0000000,5.0000000,13.6000000,1689.7901611,1826.6597900
224,2019-12-21,2020,Matchweek 17,Sat,Bundesliga,15:30,Köln,W,1.0000000,0.0000000,Werder Bremen,0.8000000,0.3000000,54.0000000,7.0000000,1.0000000,18.2000000,46.0000000,6.0000000,1.0000000,20.9000000,1565.0289307,1646.9042969
225,2019-12-21,2020,Matchweek 17,Sat,Bundesliga,15:30,RB Leipzig,W,3.0000000,1.0000000,Augsburg,3.8000000,0.7000000,74.0000000,22.0000000,6.0000000,14.1000000,26.0000000,6.0000000,2.0000000,17.2000000,1823.4426269,1634.4615478
226,2019-12-21,2020,Matchweek 17,Sat,Bundesliga,15:30,Bayern Munich,W,2.0000000,0.0000000,Wolfsburg,1.5000000,0.9000000,69.0000000,18.0000000,8.0000000,19.4000000,31.0000000,10.0000000,3.0000000,20.5000000,1938.6490478,1695.4558106
227,2019-12-21,2020,Matchweek 17,Sat,Bundesliga,18:30,Hertha BSC,D,0.0000000,0.0000000,Gladbach,0.9000000,1.0000000,41.0000000,7.0000000,0.0000000,19.0000000,59.0000000,11.0000000,5.0000000,17.1000000,1626.7000732,1725.5184326
228,2019-12-21,2020,Matchweek 17,Sat,Bundesliga,15:30,Schalke 04,D,2.0000000,2.0000000,Freiburg,2.0000000,3.0000000,58.0000000,20.0000000,6.0000000,22.9000000,42.0000000,17.0000000,5.0000000,19.5000000,1699.2716065,1642.5786133
229,2019-12-21,2020,Matchweek 17,Sat,Bundesliga,15:30,Mainz 05,L,0.0000000,1.0000000,Leverkusen,2.4000000,1.3000000,40.0000000,20.0000000,2.0000000,19.0000000,60.0000000,14.0000000,4.0000000,19.4000000,1642.8201904,1729.9685059
230,2019-12-22,2020,Matchweek 17,Sun,Bundesliga,18:00,Paderborn 07,W,2.0000000,1.0000000,Eint Frankfurt,1.9000000,1.9000000,52.0000000,19.0000000,5.0000000,19.7000000,48.0000000,20.0000000,5.0000000,17.0000000,1487.5866699,1690.2800293
231,2019-12-22,2020,Matchweek 17,Sun,Bundesliga,15:30,Düsseldorf,W,2.0000000,1.0000000,Union Berlin,1.3000000,2.2000000,48.0000000,22.0000000,8.0000000,20.0000000,52.0000000,17.0000000,5.0000000,18.7000000,1573.5175781,1575.7664795
232,2020-01-17,2020,Matchweek 18,Fri,Bundesliga,20:30,Schalke 04,W,2.0000000,0.0000000,Gladbach,2.1000000,1.0000000,46.0000000,15.0000000,7.0000000,13.4000000,54.0000000,14.0000000,4.0000000,21.5000000,1696.1767578,1724.2490234
233,2020-01-18,2020,Matchweek 18,Sat,Bundesliga,18:30,RB Leipzig,W,3.0000000,1.0000000,Union Berlin,1.7000000,0.9000000,65.0000000,19.0000000,7.0000000,17.3000000,35.0000000,14.0000000,4.0000000,18.9000000,1827.2305908,1569.1645508
234,2020-01-18,2020,Matchweek 18,Sat,Bundesliga,15:30,Düsseldorf,L,0.0000000,1.0000000,Werder Bremen,1.1000000,0.7000000,49.0000000,18.0000000,2.0000000,18.9000000,51.0000000,13.0000000,4.0000000,21.9000000,1580.1195068,1638.3728027
235,2020-01-18,2020,Matchweek 18,Sat,Bundesliga,15:30,Mainz 05,L,1.0000000,2.0000000,Freiburg,1.8000000,1.7000000,57.0000000,24.0000000,8.0000000,18.9000000,43.0000000,13.0000000,3.0000000,16.5000000,1635.7901611,1645.6733398
236,2020-01-18,2020,Matchweek 18,Sat,Bundesliga,15:30,Köln,W,3.0000000,1.0000000,Wolfsburg,1.1000000,1.8000000,48.0000000,12.0000000,7.0000000,13.3000000,52.0000000,18.0000000,8.0000000,20.0000000,1573.5604248,1692.5477295
237,2020-01-18,2020,Matchweek 18,Sat,Bundesliga,15:30,Hoffenheim,L,1.0000000,2.0000000,Eint Frankfurt,1.0000000,2.0000000,64.0000000,12.0000000,4.0000000,16.4000000,36.0000000,13.0000000,3.0000000,15.9000000,1699.7447510,1678.7175293
238,2020-01-18,2020,Matchweek 18,Sat,Bundesliga,15:30,Augsburg,L,3.0000000,5.0000000,Dortmund,1.8000000,3.7000000,30.0000000,13.0000000,5.0000000,23.6000000,70.0000000,17.0000000,8.0000000,16.8000000,1630.6735840,1816.7050781
239,2020-01-19,2020,Matchweek 18,Sun,Bundesliga,18:00,Paderborn 07,L,1.0000000,4.0000000,Leverkusen,1.5000000,1.7000000,37.0000000,13.0000000,7.0000000,18.7000000,63.0000000,12.0000000,6.0000000,14.5000000,1499.1491699,1736.9985352
240,2020-01-19,2020,Matchweek 18,Sun,Bundesliga,15:30,Hertha BSC,L,0.0000000,4.0000000,Bayern Munich,1.0000000,3.3000000,33.0000000,7.0000000,1.0000000,12.7000000,67.0000000,19.0000000,10.0000000,15.0000000,1627.9696045,1941.5571289
241,2020-01-24,2020,Matchweek 19,Fri,Bundesliga,20:30,Dortmund,W,5.0000000,1.0000000,Köln,2.8000000,1.1000000,59.0000000,14.0000000,9.0000000,13.2000000,41.0000000,11.0000000,5.0000000,16.2000000,1823.3350830,1587.0075684
242,2020-01-25,2020,Matchweek 19,Sat,Bundesliga,15:30,Wolfsburg,L,1.0000000,2.0000000,Hertha BSC,1.4000000,1.7000000,59.0000000,20.0000000,7.0000000,20.0000000,41.0000000,9.0000000,4.0000000,17.2000000,1679.1005859,1622.9124756
243,2020-01-25,2020,Matchweek 19,Sat,Bundesliga,15:30,Gladbach,W,3.0000000,1.0000000,Mainz 05,2.6000000,1.0000000,71.0000000,15.0000000,5.0000000,15.8000000,29.0000000,13.0000000,9.0000000,17.3000000,1714.0659180,1626.5728760
244,2020-01-25,2020,Matchweek 19,Sat,Bundesliga,15:30,Freiburg,L,0.0000000,2.0000000,Paderborn 07,1.8000000,1.9000000,64.0000000,19.0000000,5.0000000,14.9000000,36.0000000,16.0000000,2.0000000,20.1000000,1654.8906250,1492.7427978
245,2020-01-25,2020,Matchweek 19,Sat,Bundesliga,18:30,Bayern Munich,W,5.0000000,0.0000000,Schalke 04,3.7000000,0.4000000,75.0000000,24.0000000,14.0000000,15.3000000,25.0000000,7.0000000,1.0000000,17.5000000,1946.6142578,1706.3598633
246,2020-01-25,2020,Matchweek 19,Sat,Bundesliga,15:30,Union Berlin,W,2.0000000,0.0000000,Augsburg,0.8000000,1.6000000,45.0000000,12.0000000,3.0000000,17.6000000,55.0000000,24.0000000,7.0000000,19.1000000,1566.5329590,1624.0437012
247,2020-01-25,2020,Matchweek 19,Sat,Bundesliga,15:30,Eint Frankfurt,W,2.0000000,0.0000000,RB Leipzig,1.2000000,1.6000000,33.0000000,7.0000000,5.0000000,13.3000000,67.0000000,23.0000000,4.0000000,19.4000000,1688.6876221,1829.8623047
248,2020-01-26,2020,Matchweek 19,Sun,Bundesliga,18:00,Leverkusen,W,3.0000000,0.0000000,Düsseldorf,3.8000000,0.9000000,66.0000000,26.0000000,9.0000000,13.9000000,34.0000000,12.0000000,3.0000000,17.4000000,1743.4049072,1572.3389893
249,2020-01-26,2020,Matchweek 19,Sun,Bundesliga,15:30,Werder Bremen,L,0.0000000,3.0000000,Hoffenheim,0.8000000,1.5000000,54.0000000,16.0000000,3.0000000,22.0000000,46.0000000,11.0000000,4.0000000,14.3000000,1646.1533203,1689.7746582
250,2020-01-31,2020,Matchweek 20,Fri,Bundesliga,20:30,Hertha BSC,D,0.0000000,0.0000000,Schalke 04,0.5000000,1.1000000,42.0000000,9.0000000,0.0000000,17.2000000,58.0000000,13.0000000,5.0000000,18.0000000,1633.9188232,1701.7595215
251,2020-02-01,2020,Matchweek 20,Sat,Bundesliga,15:30,Düsseldorf,D,1.0000000,1.0000000,Eint Frankfurt,0.4000000,1.1000000,53.0000000,8.0000000,1.0000000,22.0000000,47.0000000,6.0000000,4.0000000,12.4000000,1567.2318115,1702.9586182
252,2020-02-01,2020,Matchweek 20,Sat,Bundesliga,15:30,Augsburg,W,2.0000000,1.0000000,Werder Bremen,1.2000000,0.7000000,51.0000000,15.0000000,4.0000000,17.4000000,49.0000000,7.0000000,1.0000000,19.6000000,1612.7432861,1632.1071777
253,2020-02-01,2020,Matchweek 20,Sat,Bundesliga,15:30,Dortmund,W,5.0000000,0.0000000,Union Berlin,2.9000000,0.4000000,66.0000000,12.0000000,6.0000000,17.3000000,34.0000000,5.0000000,0.0000000,21.8000000,1827.4030762,1577.8332519
254,2020-02-01,2020,Matchweek 20,Sat,Bundesliga,15:30,Mainz 05,L,1.0000000,3.0000000,Bayern Munich,0.4000000,2.0000000,32.0000000,8.0000000,3.0000000,20.6000000,68.0000000,13.0000000,5.0000000,14.5000000,1620.1823731,1951.2145996
255,2020-02-01,2020,Matchweek 20,Sat,Bundesliga,15:30,Hoffenheim,W,2.0000000,1.0000000,Leverkusen,2.6000000,3.0000000,36.0000000,14.0000000,6.0000000,15.9000000,64.0000000,22.0000000,10.0000000,15.6000000,1703.8209228,1748.5120850
256,2020-02-01,2020,Matchweek 20,Sat,Bundesliga,18:30,RB Leipzig,D,2.0000000,2.0000000,Gladbach,1.5000000,0.9000000,63.0000000,19.0000000,8.0000000,18.1000000,37.0000000,7.0000000,4.0000000,16.7000000,1815.5913086,1720.4565430
257,2020-02-02,2020,Matchweek 20,Sun,Bundesliga,18:00,Paderborn 07,L,2.0000000,4.0000000,Wolfsburg,0.9000000,1.5000000,48.0000000,10.0000000,7.0000000,15.6000000,52.0000000,9.0000000,5.0000000,12.1000000,1511.1406250,1668.0941162
258,2020-02-02,2020,Matchweek 20,Sun,Bundesliga,15:30,Köln,W,4.0000000,0.0000000,Freiburg,3.7000000,0.8000000,45.0000000,24.0000000,9.0000000,16.7000000,55.0000000,9.0000000,2.0000000,16.2000000,1582.9394531,1636.4927978
259,2020-02-04,2020,Round of 16,Tue,DFB-Pokal,18:30,Kaiserslautern,L,2.0000000,5.0000000,Düsseldorf,,,30.0000000,17.0000000,7.0000000,,70.0000000,17.0000000,7.0000000,,,1567.2318115
260,2020-02-04,2020,Round of 16,Tue,DFB-Pokal,20:45,Schalke 04,W,3.0000000,2.0000000,Hertha BSC,,,55.0000000,14.0000000,8.0000000,,45.0000000,15.0000000,7.0000000,,1701.5369873,1634.1414795
261,2020-02-04,2020,Round of 16,Tue,DFB-Pokal,20:45,Werder Bremen,W,3.0000000,2.0000000,Dortmund,,,29.0000000,9.0000000,5.0000000,,72.0000000,20.0000000,7.0000000,,1625.3280029,1831.7174072
262,2020-02-04,2020,Round of 16,Tue,DFB-Pokal,18:30,Eint Frankfurt,W,3.0000000,1.0000000,RB Leipzig,,,43.0000000,9.0000000,4.0000000,,57.0000000,14.0000000,6.0000000,,1700.7882080,1815.5913086
263,2020-02-05,2020,Round of 16,Wed,DFB-Pokal,18:30,Leverkusen,W,2.0000000,1.0000000,Stuttgart,,,64.0000000,17.0000000,4.0000000,,36.0000000,17.0000000,4.0000000,,1741.0415039,1566.4086914
264,2020-02-05,2020,Round of 16,Wed,DFB-Pokal,18:30,Verl,L,0.0000000,1.0000000,Union Berlin,,,49.0000000,12.0000000,5.0000000,,51.0000000,12.0000000,5.0000000,,,1577.8332519
265,2020-02-05,2020,Round of 16,Wed,DFB-Pokal,20:45,Bayern Munich,W,4.0000000,3.0000000,Hoffenheim,,,60.0000000,15.0000000,9.0000000,,40.0000000,12.0000000,4.0000000,,1951.2145996,1703.8209228
266,2020-02-07,2020,Matchweek 21,Fri,Bundesliga,20:30,Eint Frankfurt,W,5.0000000,0.0000000,Augsburg,1.9000000,0.7000000,59.0000000,13.0000000,9.0000000,15.6000000,41.0000000,8.0000000,4.0000000,19.3000000,1700.7882080,1619.5224609
267,2020-02-08,2020,Matchweek 21,Sat,Bundesliga,15:30,Wolfsburg,D,1.0000000,1.0000000,Düsseldorf,1.2000000,0.7000000,49.0000000,12.0000000,5.0000000,17.2000000,51.0000000,10.0000000,2.0000000,15.1000000,1675.7822266,1569.4022217
268,2020-02-08,2020,Matchweek 21,Sat,Bundesliga,15:30,Hertha BSC,L,1.0000000,3.0000000,Mainz 05,0.7000000,2.8000000,68.0000000,13.0000000,3.0000000,17.1000000,32.0000000,10.0000000,2.0000000,18.9000000,1634.1414795,1616.9650879
269,2020-02-08,2020,Matchweek 21,Sat,Bundesliga,15:30,Schalke 04,D,1.0000000,1.0000000,Paderborn 07,1.2000000,0.7000000,65.0000000,15.0000000,4.0000000,16.0000000,35.0000000,15.0000000,4.0000000,20.6000000,1701.5369873,1503.4525147
270,2020-02-08,2020,Matchweek 21,Sat,Bundesliga,15:30,Werder Bremen,L,0.0000000,2.0000000,Union Berlin,1.0000000,2.3000000,70.0000000,14.0000000,3.0000000,17.2000000,30.0000000,11.0000000,5.0000000,12.6000000,1625.3280029,1573.5189209
271,2020-02-08,2020,Matchweek 21,Sat,Bundesliga,15:30,Freiburg,W,1.0000000,0.0000000,Hoffenheim,2.0000000,1.7000000,50.0000000,11.0000000,4.0000000,13.9000000,50.0000000,20.0000000,6.0000000,19.1000000,1620.8038330,1711.2915039
272,2020-02-08,2020,Matchweek 21,Sat,Bundesliga,18:30,Leverkusen,W,4.0000000,3.0000000,Dortmund,1.3000000,0.9000000,51.0000000,8.0000000,5.0000000,14.5000000,49.0000000,12.0000000,6.0000000,15.6000000,1741.0415039,1831.7174072
273,2020-02-09,2020,Matchweek 21,Sun,Bundesliga,18:00,Bayern Munich,D,0.0000000,0.0000000,RB Leipzig,1.3000000,1.5000000,69.0000000,11.0000000,2.0000000,12.3000000,31.0000000,9.0000000,0.0000000,14.7000000,1954.4318848,1811.4223633
274,2020-02-14,2020,Matchweek 22,Fri,Bundesliga,20:30,Dortmund,W,4.0000000,0.0000000,Eint Frankfurt,1.7000000,0.0000000,63.0000000,17.0000000,7.0000000,21.0000000,37.0000000,1.0000000,0.0000000,25.5000000,1823.0003662,1710.9991455
275,2020-02-15,2020,Matchweek 22,Sat,Bundesliga,15:30,Hoffenheim,L,2.0000000,3.0000000,Wolfsburg,3.3000000,3.5000000,57.0000000,13.0000000,5.0000000,16.3000000,43.0000000,12.0000000,4.0000000,19.2000000,1702.5451660,1671.3533935
276,2020-02-15,2020,Matchweek 22,Sat,Bundesliga,15:30,Augsburg,D,1.0000000,1.0000000,Freiburg,0.7000000,1.3000000,28.0000000,9.0000000,3.0000000,21.7000000,72.0000000,20.0000000,5.0000000,17.6000000,1609.3116455,1629.5501709
277,2020-02-15,2020,Matchweek 22,Sat,Bundesliga,15:30,Union Berlin,L,2.0000000,3.0000000,Leverkusen,2.0000000,1.7000000,40.0000000,21.0000000,7.0000000,15.8000000,60.0000000,13.0000000,5.0000000,15.8000000,1588.8840332,1749.7585449
278,2020-02-15,2020,Matchweek 22,Sat,Bundesliga,15:30,Paderborn 07,L,1.0000000,2.0000000,Hertha BSC,1.2000000,1.9000000,54.0000000,21.0000000,4.0000000,20.7000000,46.0000000,16.0000000,6.0000000,15.9000000,1509.7425537,1620.0571289
279,2020-02-15,2020,Matchweek 22,Sat,Bundesliga,15:30,RB Leipzig,W,3.0000000,0.0000000,Werder Bremen,2.1000000,0.3000000,51.0000000,10.0000000,3.0000000,12.7000000,49.0000000,8.0000000,1.0000000,21.2000000,1816.6250000,1609.9630127
280,2020-02-15,2020,Matchweek 22,Sat,Bundesliga,18:30,Düsseldorf,L,1.0000000,4.0000000,Gladbach,0.8000000,3.0000000,50.0000000,9.0000000,4.0000000,19.6000000,50.0000000,17.0000000,6.0000000,16.1000000,1573.8310547,1724.6254883
281,2020-02-16,2020,Matchweek 22,Sun,Bundesliga,15:30,Köln,L,1.0000000,4.0000000,Bayern Munich,2.5000000,2.6000000,39.0000000,13.0000000,5.0000000,16.4000000,61.0000000,24.0000000,8.0000000,18.2000000,1598.6284180,1949.2291260
282,2020-02-16,2020,Matchweek 22,Sun,Bundesliga,18:00,Mainz 05,D,0.0000000,0.0000000,Schalke 04,1.5000000,0.7000000,40.0000000,15.0000000,5.0000000,17.9000000,60.0000000,8.0000000,3.0000000,19.0000000,1631.0494385,1695.2469482
283,2020-02-18,2020,Round of 16,Tue,Champions Lg,21:00,Dortmund,W,2.0000000,1.0000000,fr Paris S-G,1.3000000,1.5000000,47.0000000,12.0000000,3.0000000,18.6000000,53.0000000,12.0000000,3.0000000,18.6000000,1830.8746338,
284,2020-02-19,2020,Round of 16,Wed,Champions Lg,20:00 (21:00),eng Tottenham,L,0.0000000,1.0000000,RB Leipzig,1.1000000,2.1000000,44.0000000,15.0000000,4.0000000,17.2000000,56.0000000,15.0000000,4.0000000,17.2000000,,1822.2910156
285,2020-02-20,2020,Round of 32,Thu,Europa Lg,21:00,Wolfsburg,W,2.0000000,1.0000000,se Malmö,1.3000000,1.0000000,63.0000000,16.0000000,5.0000000,20.5000000,37.0000000,16.0000000,5.0000000,20.5000000,1686.0361328,
286,2020-02-20,2020,Round of 32,Thu,Europa Lg,21:00,Leverkusen,W,2.0000000,1.0000000,pt Porto,2.6000000,1.3000000,64.0000000,18.0000000,6.0000000,17.4000000,36.0000000,18.0000000,6.0000000,17.4000000,1759.5378418,
287,2020-02-20,2020,Round of 32,Thu,Europa Lg,18:55,Eint Frankfurt,W,4.0000000,1.0000000,at RB Salzburg,3.0000000,1.4000000,49.0000000,17.0000000,7.0000000,13.1000000,51.0000000,17.0000000,7.0000000,13.1000000,1707.5850830,
288,2020-02-21,2020,Matchweek 23,Fri,Bundesliga,20:30,Bayern Munich,W,3.0000000,2.0000000,Paderborn 07,3.1000000,1.7000000,71.0000000,18.0000000,9.0000000,13.7000000,29.0000000,5.0000000,4.0000000,10.2000000,1965.1397705,1515.7337647
289,2020-02-22,2020,Matchweek 23,Sat,Bundesliga,18:30,Schalke 04,L,0.0000000,5.0000000,RB Leipzig,0.2000000,2.5000000,53.0000000,3.0000000,2.0000000,18.1000000,47.0000000,24.0000000,8.0000000,17.3000000,1707.5312500,1842.2824707
290,2020-02-22,2020,Matchweek 23,Sat,Bundesliga,15:30,Werder Bremen,L,0.0000000,2.0000000,Dortmund,0.3000000,1.5000000,36.0000000,8.0000000,2.0000000,27.9000000,64.0000000,12.0000000,6.0000000,18.1000000,1618.3360596,1847.8041992
291,2020-02-22,2020,Matchweek 23,Sat,Bundesliga,15:30,Hertha BSC,L,0.0000000,5.0000000,Köln,0.6000000,2.4000000,61.0000000,9.0000000,1.0000000,18.7000000,39.0000000,17.0000000,11.0000000,16.0000000,1639.2043457,1607.8563232
292,2020-02-22,2020,Matchweek 23,Sat,Bundesliga,15:30,Gladbach,D,1.0000000,1.0000000,Hoffenheim,2.3000000,1.6000000,48.0000000,15.0000000,9.0000000,16.0000000,52.0000000,21.0000000,4.0000000,16.5000000,1746.7471924,1704.8917236
293,2020-02-22,2020,Matchweek 23,Sat,Bundesliga,15:30,Freiburg,L,0.0000000,2.0000000,Düsseldorf,1.1000000,0.9000000,60.0000000,16.0000000,4.0000000,20.6000000,40.0000000,9.0000000,4.0000000,23.0000000,1643.1654053,1576.8477783
294,2020-02-23,2020,Matchweek 23,Sun,Bundesliga,18:00,Wolfsburg,W,4.0000000,0.0000000,Mainz 05,2.8000000,1.1000000,56.0000000,17.0000000,6.0000000,18.3000000,44.0000000,17.0000000,3.0000000,17.6000000,1696.6313477,1643.9035644
295,2020-02-23,2020,Matchweek 23,Sun,Bundesliga,15:30,Leverkusen,W,2.0000000,0.0000000,Augsburg,1.1000000,0.7000000,75.0000000,9.0000000,4.0000000,17.5000000,25.0000000,8.0000000,3.0000000,20.2000000,1772.1998291,1620.8347168
296,2020-02-24,2020,Matchweek 23,Mon,Bundesliga,20:30,Eint Frankfurt,L,1.0000000,2.0000000,Union Berlin,2.6000000,1.1000000,63.0000000,21.0000000,3.0000000,15.3000000,37.0000000,11.0000000,7.0000000,14.3000000,1732.9584961,1596.1341553
297,2020-02-25,2020,Round of 16,Tue,Champions Lg,20:00 (21:00),eng Chelsea,L,0.0000000,3.0000000,Bayern Munich,1.1000000,3.4000000,37.0000000,16.0000000,6.0000000,15.1000000,63.0000000,16.0000000,6.0000000,15.1000000,,1965.7352295
298,2020-02-27,2020,Round of 32,Thu,Europa Lg,18:55,se Malmö,L,0.0000000,3.0000000,Wolfsburg,0.7000000,2.2000000,54.0000000,14.0000000,4.0000000,19.7000000,46.0000000,14.0000000,4.0000000,19.7000000,,1710.7543945
299,2020-02-27,2020,Round of 32,Thu,Europa Lg,17:55 (18:55),pt Porto,L,1.0000000,3.0000000,Leverkusen,0.3000000,1.5000000,47.0000000,8.0000000,6.0000000,14.5000000,53.0000000,8.0000000,6.0000000,14.5000000,,1780.1071777
300,2020-02-28,2020,Matchweek 24,Fri,Bundesliga,20:30,Düsseldorf,D,3.0000000,3.0000000,Hertha BSC,1.4000000,2.7000000,50.0000000,14.0000000,5.0000000,19.6000000,50.0000000,14.0000000,6.0000000,18.2000000,1604.7611084,1628.8143310
301,2020-02-28,2020,Round of 32,Fri,Europa Lg,18:00,at RB Salzburg,D,2.0000000,2.0000000,Eint Frankfurt,1.4000000,1.7000000,62.0000000,12.0000000,8.0000000,17.7000000,38.0000000,12.0000000,8.0000000,17.7000000,,1732.7557373
302,2020-02-29,2020,Matchweek 24,Sat,Bundesliga,15:30,Hoffenheim,L,0.0000000,6.0000000,Bayern Munich,0.3000000,4.2000000,34.0000000,4.0000000,1.0000000,12.3000000,66.0000000,25.0000000,11.0000000,13.8000000,1721.3769531,1988.8400879
303,2020-02-29,2020,Matchweek 24,Sat,Bundesliga,15:30,Augsburg,L,2.0000000,3.0000000,Gladbach,0.8000000,3.0000000,46.0000000,8.0000000,3.0000000,15.8000000,54.0000000,15.0000000,7.0000000,15.9000000,1629.8375244,1757.8813477
304,2020-02-29,2020,Matchweek 24,Sat,Bundesliga,15:30,Mainz 05,W,2.0000000,0.0000000,Paderborn 07,0.9000000,0.7000000,45.0000000,8.0000000,3.0000000,20.1000000,55.0000000,9.0000000,4.0000000,21.3000000,1646.6906738,1528.9478760
305,2020-02-29,2020,Matchweek 24,Sat,Bundesliga,18:30,Köln,W,3.0000000,0.0000000,Schalke 04,1.3000000,0.8000000,39.0000000,11.0000000,6.0000000,16.9000000,61.0000000,7.0000000,1.0000000,16.8000000,1644.3370361,1708.1274414
306,2020-02-29,2020,Matchweek 24,Sat,Bundesliga,15:30,Dortmund,W,1.0000000,0.0000000,Freiburg,1.3000000,0.9000000,64.0000000,16.0000000,2.0000000,19.9000000,36.0000000,13.0000000,3.0000000,17.1000000,1866.8591309,1641.3426514
307,2020-03-01,2020,Matchweek 24,Sun,Bundesliga,13:30,Union Berlin,D,2.0000000,2.0000000,Wolfsburg,0.7000000,1.9000000,40.0000000,6.0000000,3.0000000,13.2000000,60.0000000,12.0000000,3.0000000,14.9000000,1622.4274902,1732.2878418
308,2020-03-01,2020,Matchweek 24,Sun,Bundesliga,15:30,RB Leipzig,D,1.0000000,1.0000000,Leverkusen,0.8000000,1.3000000,38.0000000,9.0000000,2.0000000,18.9000000,62.0000000,15.0000000,6.0000000,19.7000000,1869.3055420,1807.6406250
309,2020-03-03,2020,Quarter-finals,Tue,DFB-Pokal,20:45,Schalke 04,L,0.0000000,1.0000000,Bayern Munich,,,20.0000000,6.0000000,1.0000000,,80.0000000,20.0000000,3.0000000,,1693.4716797,1988.8400879
310,2020-03-03,2020,Quarter-finals,Tue,DFB-Pokal,18:30,Saarbrücken,D,1.0000000,1.0000000,Düsseldorf,,,26.0000000,36.0000000,16.0000000,,74.0000000,36.0000000,16.0000000,,,1605.6722412
311,2020-03-04,2020,Quarter-finals,Wed,DFB-Pokal,20:45,Eint Frankfurt,W,2.0000000,0.0000000,Werder Bremen,,,49.0000000,13.0000000,2.0000000,,51.0000000,14.0000000,3.0000000,,1738.8986816,1626.9005127
312,2020-03-04,2020,Quarter-finals,Wed,DFB-Pokal,18:30,Leverkusen,W,3.0000000,1.0000000,Union Berlin,,,66.0000000,17.0000000,9.0000000,,34.0000000,6.0000000,3.0000000,,1807.6406250,1624.1882324
313,2020-03-06,2020,Matchweek 25,Fri,Bundesliga,20:00,Paderborn 07,L,1.0000000,2.0000000,Köln,0.7000000,2.5000000,49.0000000,16.0000000,2.0000000,20.3000000,51.0000000,15.0000000,3.0000000,16.0000000,1523.1685791,1658.9927978
314,2020-03-07,2020,Matchweek 25,Sat,Bundesliga,15:30,Wolfsburg,D,0.0000000,0.0000000,RB Leipzig,0.7000000,1.2000000,39.0000000,16.0000000,4.0000000,21.5000000,61.0000000,14.0000000,4.0000000,17.6000000,1730.5270996,1866.2487793
315,2020-03-07,2020,Matchweek 25,Sat,Bundesliga,15:30,Freiburg,W,3.0000000,1.0000000,Union Berlin,1.4000000,0.7000000,52.0000000,9.0000000,4.0000000,16.6000000,48.0000000,14.0000000,4.0000000,22.0000000,1638.9968262,1624.1882324
316,2020-03-07,2020,Matchweek 25,Sat,Bundesliga,15:30,Schalke 04,D,1.0000000,1.0000000,Hoffenheim,1.1000000,0.6000000,44.0000000,14.0000000,4.0000000,19.6000000,56.0000000,4.0000000,1.0000000,11.2000000,1693.4716797,1714.2674560
317,2020-03-07,2020,Matchweek 25,Sat,Bundesliga,15:30,Leverkusen,W,4.0000000,0.0000000,Eint Frankfurt,2.4000000,0.8000000,61.0000000,13.0000000,5.0000000,17.6000000,39.0000000,9.0000000,3.0000000,16.1000000,1810.6973877,1738.8986816
318,2020-03-07,2020,Matchweek 25,Sat,Bundesliga,18:30,Gladbach,L,1.0000000,2.0000000,Dortmund,2.4000000,1.2000000,46.0000000,10.0000000,3.0000000,13.7000000,54.0000000,10.0000000,4.0000000,13.8000000,1763.5922852,1869.2050781
319,2020-03-07,2020,Matchweek 25,Sat,Bundesliga,15:30,Hertha BSC,D,2.0000000,2.0000000,Werder Bremen,1.0000000,1.1000000,49.0000000,19.0000000,5.0000000,20.5000000,51.0000000,7.0000000,3.0000000,20.4000000,1630.9605713,1626.9005127
320,2020-03-08,2020,Matchweek 25,Sun,Bundesliga,18:00,Mainz 05,D,1.0000000,1.0000000,Düsseldorf,0.9000000,2.0000000,36.0000000,3.0000000,1.0000000,16.0000000,64.0000000,20.0000000,5.0000000,19.6000000,1652.4699707,1605.6722412
321,2020-03-08,2020,Matchweek 25,Sun,Bundesliga,15:30,Bayern Munich,W,2.0000000,0.0000000,Augsburg,3.5000000,0.7000000,73.0000000,18.0000000,6.0000000,13.6000000,27.0000000,6.0000000,2.0000000,14.5000000,1995.9495850,1624.1265869
322,2020-03-10,2020,Round of 16,Tue,Champions Lg,21:00,RB Leipzig,W,3.0000000,0.0000000,eng Tottenham,0.9000000,0.3000000,54.0000000,13.0000000,5.0000000,18.4000000,46.0000000,13.0000000,5.0000000,18.4000000,1863.7336426,
323,2020-03-11,2020,Matchweek 21,Wed,Bundesliga,18:30,Gladbach,W,2.0000000,1.0000000,Köln,0.8000000,1.2000000,53.0000000,12.0000000,5.0000000,17.3000000,47.0000000,15.0000000,3.0000000,15.1000000,1761.0843506,1668.4284668
324,2020-03-11,2020,Round of 16,Wed,Champions Lg,21:00,fr Paris S-G,W,2.0000000,0.0000000,Dortmund,1.2000000,0.5000000,47.0000000,11.0000000,2.0000000,23.5000000,53.0000000,11.0000000,2.0000000,23.5000000,,1879.4746094
325,2020-03-12,2020,Round of 16,Thu,Europa Lg,20:00 (21:00),sct Rangers,L,1.0000000,3.0000000,Leverkusen,0.9000000,1.4000000,36.0000000,12.0000000,6.0000000,19.5000000,64.0000000,12.0000000,6.0000000,19.5000000,,1820.3918457
326,2020-03-12,2020,Round of 16,Thu,Europa Lg,18:55,Eint Frankfurt,L,0.0000000,3.0000000,ch Basel,0.8000000,1.5000000,63.0000000,14.0000000,4.0000000,18.4000000,37.0000000,14.0000000,4.0000000,18.4000000,1728.2088623,
327,2020-03-12,2020,Round of 16,Thu,Europa Lg,21:00,Wolfsburg,L,1.0000000,2.0000000,ua Shakhtar,1.4000000,1.9000000,52.0000000,15.0000000,4.0000000,22.8000000,48.0000000,15.0000000,4.0000000,22.8000000,1732.5444336,
328,2020-05-16,2020,Matchweek 26,Sat,Bundesliga,15:30,Dortmund,W,4.0000000,0.0000000,Schalke 04,1.3000000,0.5000000,59.0000000,11.0000000,4.0000000,17.3000000,41.0000000,10.0000000,3.0000000,23.4000000,1853.2609863,1683.6125488
329,2020-05-16,2020,Matchweek 26,Sat,Bundesliga,15:30,Düsseldorf,D,0.0000000,0.0000000,Paderborn 07,1.1000000,0.7000000,54.0000000,10.0000000,1.0000000,18.7000000,46.0000000,7.0000000,1.0000000,21.3000000,1599.2131348,1508.4909668
330,2020-05-16,2020,Matchweek 26,Sat,Bundesliga,15:30,RB Leipzig,D,1.0000000,1.0000000,Freiburg,2.1000000,0.7000000,66.0000000,22.0000000,8.0000000,17.6000000,34.0000000,6.0000000,1.0000000,19.6000000,1866.2929688,1639.0754394
331,2020-05-16,2020,Matchweek 26,Sat,Bundesliga,15:30,Augsburg,L,1.0000000,2.0000000,Wolfsburg,1.3000000,1.5000000,40.0000000,8.0000000,3.0000000,16.4000000,60.0000000,16.0000000,4.0000000,16.7000000,1613.6318359,1715.3376465
332,2020-05-16,2020,Matchweek 26,Sat,Bundesliga,18:30,Eint Frankfurt,L,1.0000000,3.0000000,Gladbach,1.2000000,2.6000000,52.0000000,12.0000000,4.0000000,15.2000000,48.0000000,14.0000000,6.0000000,19.7000000,1697.5455322,1752.5993652
333,2020-05-16,2020,Matchweek 26,Sat,Bundesliga,15:30,Hoffenheim,L,0.0000000,3.0000000,Hertha BSC,2.6000000,1.4000000,51.0000000,18.0000000,2.0000000,15.5000000,49.0000000,13.0000000,6.0000000,15.3000000,1705.8809815,1620.3948975
334,2020-05-17,2020,Matchweek 26,Sun,Bundesliga,15:30,Köln,D,2.0000000,2.0000000,Mainz 05,2.7000000,2.3000000,48.0000000,15.0000000,5.0000000,15.1000000,52.0000000,11.0000000,5.0000000,14.6000000,1650.9061279,1640.6834717
335,2020-05-17,2020,Matchweek 26,Sun,Bundesliga,18:00,Union Berlin,L,0.0000000,2.0000000,Bayern Munich,0.6000000,1.5000000,33.0000000,9.0000000,2.0000000,18.5000000,67.0000000,12.0000000,2.0000000,20.6000000,1605.8640137,1988.1987305
336,2020-05-18,2020,Matchweek 26,Mon,Bundesliga,20:30,Werder Bremen,L,1.0000000,4.0000000,Leverkusen,1.2000000,2.1000000,36.0000000,10.0000000,1.0000000,16.1000000,64.0000000,13.0000000,6.0000000,14.0000000,1619.2205810,1816.1643066
337,2020-05-22,2020,Matchweek 27,Fri,Bundesliga,20:30,Hertha BSC,W,4.0000000,0.0000000,Union Berlin,1.9000000,0.3000000,55.0000000,15.0000000,7.0000000,19.5000000,45.0000000,7.0000000,0.0000000,21.7000000,1639.7746582,1603.5725098
338,2020-05-23,2020,Matchweek 27,Sat,Bundesliga,15:30,Gladbach,L,1.0000000,3.0000000,Leverkusen,2.5000000,3.4000000,46.0000000,17.0000000,6.0000000,15.9000000,54.0000000,13.0000000,6.0000000,15.9000000,1763.4727783,1823.6134033
339,2020-05-23,2020,Matchweek 27,Sat,Bundesliga,15:30,Wolfsburg,L,0.0000000,2.0000000,Dortmund,0.6000000,1.0000000,39.0000000,7.0000000,1.0000000,21.9000000,61.0000000,6.0000000,2.0000000,17.2000000,1721.9385986,1859.5349121
340,2020-05-23,2020,Matchweek 27,Sat,Bundesliga,18:30,Bayern Munich,W,5.0000000,2.0000000,Eint Frankfurt,3.0000000,1.2000000,65.0000000,23.0000000,10.0000000,17.5000000,35.0000000,12.0000000,4.0000000,15.5000000,1990.4901123,1686.6719971
341,2020-05-23,2020,Matchweek 27,Sat,Bundesliga,15:30,Paderborn 07,D,1.0000000,1.0000000,Hoffenheim,0.8000000,2.0000000,39.0000000,12.0000000,2.0000000,24.7000000,61.0000000,17.0000000,6.0000000,15.6000000,1512.2994385,1686.5012207
342,2020-05-23,2020,Matchweek 27,Sat,Bundesliga,15:30,Freiburg,L,0.0000000,1.0000000,Werder Bremen,0.9000000,0.5000000,63.0000000,17.0000000,7.0000000,17.4000000,37.0000000,10.0000000,2.0000000,22.0000000,1645.6816406,1611.7713623
343,2020-05-24,2020,Matchweek 27,Sun,Bundesliga,15:30,Mainz 05,L,0.0000000,5.0000000,RB Leipzig,0.3000000,4.4000000,35.0000000,4.0000000,1.0000000,14.0000000,65.0000000,20.0000000,9.0000000,14.6000000,1642.3520508,1859.6866455
344,2020-05-24,2020,Matchweek 27,Sun,Bundesliga,18:00,Köln,D,2.0000000,2.0000000,Düsseldorf,1.8000000,0.4000000,60.0000000,14.0000000,5.0000000,17.7000000,40.0000000,10.0000000,4.0000000,26.9000000,1649.2375488,1595.4046631
345,2020-05-24,2020,Matchweek 27,Sun,Bundesliga,13:30,Schalke 04,L,0.0000000,3.0000000,Augsburg,1.0000000,1.3000000,71.0000000,12.0000000,2.0000000,20.8000000,29.0000000,9.0000000,7.0000000,20.6000000,1677.3386231,1607.0308838
346,2020-05-26,2020,Matchweek 28,Tue,Bundesliga,20:30,Eint Frankfurt,D,3.0000000,3.0000000,Freiburg,4.6000000,0.9000000,63.0000000,34.0000000,16.0000000,15.2000000,37.0000000,10.0000000,5.0000000,19.6000000,1684.0958252,1635.5687256
347,2020-05-26,2020,Matchweek 28,Tue,Bundesliga,20:30,Leverkusen,L,1.0000000,4.0000000,Wolfsburg,1.2000000,2.3000000,69.0000000,9.0000000,1.0000000,14.5000000,31.0000000,14.0000000,9.0000000,16.3000000,1834.2318115,1714.0129394
348,2020-05-26,2020,Matchweek 28,Tue,Bundesliga,20:30,Werder Bremen,D,0.0000000,0.0000000,Gladbach,0.9000000,0.5000000,45.0000000,12.0000000,7.0000000,18.4000000,55.0000000,9.0000000,4.0000000,21.8000000,1621.8842773,1752.8544922
349,2020-05-26,2020,Matchweek 28,Tue,Bundesliga,18:30,Dortmund,L,0.0000000,1.0000000,Bayern Munich,0.7000000,0.7000000,51.0000000,13.0000000,4.0000000,19.9000000,49.0000000,11.0000000,4.0000000,20.6000000,1867.4604492,1993.0662842
350,2020-05-27,2020,Matchweek 28,Wed,Bundesliga,20:30,Union Berlin,D,1.0000000,1.0000000,Mainz 05,0.5000000,0.6000000,40.0000000,9.0000000,3.0000000,20.0000000,60.0000000,10.0000000,2.0000000,23.5000000,1591.9405518,1633.5598144
351,2020-05-27,2020,Matchweek 28,Wed,Bundesliga,20:30,Hoffenheim,W,3.0000000,1.0000000,Köln,1.2000000,2.2000000,43.0000000,8.0000000,6.0000000,15.9000000,57.0000000,16.0000000,4.0000000,19.2000000,1683.0606690,1646.3864746
352,2020-05-27,2020,Matchweek 28,Wed,Bundesliga,20:30,Augsburg,D,0.0000000,0.0000000,Paderborn 07,0.6000000,1.2000000,55.0000000,12.0000000,3.0000000,19.7000000,45.0000000,15.0000000,2.0000000,21.5000000,1626.0511475,1515.7399902
353,2020-05-27,2020,Matchweek 28,Wed,Bundesliga,18:30,RB Leipzig,D,2.0000000,2.0000000,Hertha BSC,0.6000000,1.5000000,57.0000000,11.0000000,4.0000000,20.0000000,43.0000000,11.0000000,2.0000000,21.4000000,1868.4788818,1651.4066162
354,2020-05-27,2020,Matchweek 28,Wed,Bundesliga,20:30,Düsseldorf,W,2.0000000,1.0000000,Schalke 04,1.5000000,0.7000000,66.0000000,13.0000000,7.0000000,21.0000000,34.0000000,8.0000000,3.0000000,19.3000000,1598.2557373,1658.3184815
355,2020-05-29,2020,Matchweek 29,Fri,Bundesliga,20:30,Freiburg,L,0.0000000,1.0000000,Leverkusen,0.9000000,0.6000000,33.0000000,9.0000000,1.0000000,20.4000000,67.0000000,7.0000000,1.0000000,15.8000000,1638.2344971,1813.3187256
356,2020-05-30,2020,Matchweek 29,Sat,Bundesliga,15:30,Mainz 05,L,0.0000000,1.0000000,Hoffenheim,1.4000000,2.1000000,50.0000000,18.0000000,2.0000000,19.1000000,50.0000000,11.0000000,5.0000000,19.8000000,1633.5567627,1691.2172852
357,2020-05-30,2020,Matchweek 29,Sat,Bundesliga,15:30,Hertha BSC,W,2.0000000,0.0000000,Augsburg,2.1000000,1.1000000,51.0000000,11.0000000,5.0000000,13.9000000,49.0000000,8.0000000,3.0000000,21.2000000,1657.7238769,1621.9396973
358,2020-05-30,2020,Matchweek 29,Sat,Bundesliga,15:30,Schalke 04,L,0.0000000,1.0000000,Werder Bremen,0.7000000,0.6000000,43.0000000,12.0000000,1.0000000,18.7000000,57.0000000,6.0000000,2.0000000,16.4000000,1649.8449707,1624.2718506
359,2020-05-30,2020,Matchweek 29,Sat,Bundesliga,18:30,Bayern Munich,W,5.0000000,0.0000000,Düsseldorf,2.5000000,0.7000000,69.0000000,21.0000000,8.0000000,18.4000000,31.0000000,7.0000000,2.0000000,18.0000000,1998.7828369,1606.7291260
360,2020-05-30,2020,Matchweek 29,Sat,Bundesliga,15:30,Wolfsburg,L,1.0000000,2.0000000,Eint Frankfurt,2.0000000,1.9000000,53.0000000,19.0000000,4.0000000,15.7000000,47.0000000,6.0000000,2.0000000,16.7000000,1734.9260254,1681.4301758
361,2020-05-31,2020,Matchweek 29,Sun,Bundesliga,15:30,Gladbach,W,4.0000000,1.0000000,Union Berlin,2.2000000,1.0000000,57.0000000,15.0000000,8.0000000,19.3000000,43.0000000,12.0000000,5.0000000,19.1000000,1750.4667969,1591.9436035
362,2020-05-31,2020,Matchweek 29,Sun,Bundesliga,18:00,Paderborn 07,L,1.0000000,6.0000000,Dortmund,1.2000000,3.9000000,35.0000000,8.0000000,0.0000000,22.7000000,65.0000000,16.0000000,10.0000000,13.2000000,1519.8513184,1861.7440185
363,2020-06-01,2020,Matchweek 29,Mon,Bundesliga,20:30,Köln,L,2.0000000,4.0000000,RB Leipzig,1.1000000,2.9000000,48.0000000,7.0000000,5.0000000,16.0000000,52.0000000,19.0000000,8.0000000,15.6000000,1638.2298584,1862.1617432
364,2020-06-03,2020,Matchweek 24,Wed,Bundesliga,20:30,Werder Bremen,L,0.0000000,3.0000000,Eint Frankfurt,0.7000000,1.6000000,51.0000000,11.0000000,3.0000000,21.4000000,49.0000000,11.0000000,4.0000000,14.3000000,1633.9998779,1691.8558350
365,2020-06-05,2020,Matchweek 30,Fri,Bundesliga,20:30,Freiburg,W,1.0000000,0.0000000,Gladbach,1.1000000,2.5000000,36.0000000,15.0000000,6.0000000,19.1000000,64.0000000,18.0000000,3.0000000,19.2000000,1633.5599365,1756.5180664
366,2020-06-06,2020,Matchweek 30,Sat,Bundesliga,15:30,RB Leipzig,D,1.0000000,1.0000000,Paderborn 07,1.4000000,1.1000000,51.0000000,12.0000000,4.0000000,17.5000000,49.0000000,16.0000000,5.0000000,19.8000000,1867.3083496,1515.5655518
367,2020-06-06,2020,Matchweek 30,Sat,Bundesliga,15:30,Düsseldorf,D,2.0000000,2.0000000,Hoffenheim,2.8000000,1.2000000,68.0000000,24.0000000,3.0000000,19.1000000,32.0000000,8.0000000,3.0000000,28.6000000,1604.6918945,1698.5471191
368,2020-06-06,2020,Matchweek 30,Sat,Bundesliga,15:30,Eint Frankfurt,L,0.0000000,2.0000000,Mainz 05,0.5000000,3.0000000,66.0000000,11.0000000,0.0000000,20.9000000,34.0000000,17.0000000,4.0000000,15.8000000,1704.6607666,1626.2269287
369,2020-06-06,2020,Matchweek 30,Sat,Bundesliga,15:30,Leverkusen,L,2.0000000,4.0000000,Bayern Munich,0.8000000,2.8000000,48.0000000,10.0000000,6.0000000,16.8000000,52.0000000,16.0000000,10.0000000,15.7000000,1817.9932861,2000.8201904
370,2020-06-06,2020,Matchweek 30,Sat,Bundesliga,18:30,Dortmund,W,1.0000000,0.0000000,Hertha BSC,1.8000000,0.2000000,63.0000000,13.0000000,3.0000000,14.9000000,37.0000000,4.0000000,1.0000000,24.2000000,1866.0297852,1666.0223389
371,2020-06-07,2020,Matchweek 30,Sun,Bundesliga,18:00,Augsburg,D,1.0000000,1.0000000,Köln,2.0000000,0.8000000,50.0000000,15.0000000,4.0000000,21.0000000,50.0000000,9.0000000,2.0000000,17.1000000,1613.6412353,1633.0831299
372,2020-06-07,2020,Matchweek 30,Sun,Bundesliga,15:30,Union Berlin,D,1.0000000,1.0000000,Schalke 04,2.6000000,0.2000000,47.0000000,12.0000000,5.0000000,12.1000000,53.0000000,4.0000000,1.0000000,23.6000000,1585.8924560,1640.1169434
373,2020-06-07,2020,Matchweek 30,Sun,Bundesliga,13:30,Werder Bremen,L,0.0000000,1.0000000,Wolfsburg,0.6000000,2.4000000,54.0000000,13.0000000,2.0000000,16.3000000,46.0000000,17.0000000,3.0000000,18.0000000,1621.1949463,1724.5003662
374,2020-06-09,2020,Semi-finals,Tue,DFB-Pokal,20:45,Saarbrücken,L,0.0000000,3.0000000,Leverkusen,,,20.0000000,23.0000000,8.0000000,,80.0000000,23.0000000,8.0000000,,,1817.9932861
375,2020-06-10,2020,Semi-finals,Wed,DFB-Pokal,20:45,Bayern Munich,W,2.0000000,1.0000000,Eint Frankfurt,,,58.0000000,13.0000000,6.0000000,,42.0000000,10.0000000,1.0000000,,2000.8201904,1704.6607666
376,2020-06-12,2020,Matchweek 31,Fri,Bundesliga,20:30,Hoffenheim,L,0.0000000,2.0000000,RB Leipzig,1.9000000,1.5000000,51.0000000,24.0000000,6.0000000,19.0000000,49.0000000,15.0000000,7.0000000,15.0000000,1697.0640869,1859.1875000
377,2020-06-13,2020,Matchweek 31,Sat,Bundesliga,18:30,Bayern Munich,W,2.0000000,1.0000000,Gladbach,1.6000000,1.1000000,49.0000000,10.0000000,5.0000000,15.5000000,51.0000000,9.0000000,2.0000000,19.3000000,2007.0968018,1746.3648682
378,2020-06-13,2020,Matchweek 31,Sat,Bundesliga,15:30,Düsseldorf,L,0.0000000,1.0000000,Dortmund,0.3000000,0.7000000,38.0000000,6.0000000,3.0000000,22.2000000,62.0000000,6.0000000,3.0000000,21.8000000,1606.1748047,1868.7385254
379,2020-06-13,2020,Matchweek 31,Sat,Bundesliga,15:30,Paderborn 07,L,1.0000000,5.0000000,Werder Bremen,1.6000000,2.9000000,48.0000000,18.0000000,7.0000000,22.3000000,52.0000000,10.0000000,7.0000000,12.7000000,1523.6864014,1614.7769775
380,2020-06-13,2020,Matchweek 31,Sat,Bundesliga,15:30,Köln,L,1.0000000,2.0000000,Union Berlin,1.3000000,0.5000000,61.0000000,10.0000000,6.0000000,15.7000000,39.0000000,6.0000000,4.0000000,13.5000000,1633.6748047,1586.3009033
381,2020-06-13,2020,Matchweek 31,Sat,Bundesliga,15:30,Wolfsburg,D,2.0000000,2.0000000,Freiburg,2.3000000,1.8000000,46.0000000,19.0000000,5.0000000,17.1000000,54.0000000,11.0000000,5.0000000,14.4000000,1730.9184570,1643.7130127
382,2020-06-13,2020,Matchweek 31,Sat,Bundesliga,15:30,Hertha BSC,L,1.0000000,4.0000000,Eint Frankfurt,0.8000000,3.0000000,40.0000000,5.0000000,4.0000000,23.8000000,60.0000000,18.0000000,7.0000000,17.8000000,1663.3135986,1689.2685547
383,2020-06-14,2020,Matchweek 31,Sun,Bundesliga,18:00,Schalke 04,D,1.0000000,1.0000000,Leverkusen,1.5000000,1.0000000,27.0000000,6.0000000,3.0000000,21.4000000,73.0000000,15.0000000,5.0000000,15.5000000,1639.7083740,1811.7165527
384,2020-06-14,2020,Matchweek 31,Sun,Bundesliga,15:30,Mainz 05,L,0.0000000,1.0000000,Augsburg,1.5000000,0.9000000,66.0000000,17.0000000,4.0000000,18.3000000,34.0000000,9.0000000,3.0000000,19.2000000,1641.6191406,1613.0495606
385,2020-06-16,2020,Matchweek 32,Tue,Bundesliga,20:30,Freiburg,W,2.0000000,1.0000000,Hertha BSC,1.6000000,1.7000000,50.0000000,19.0000000,6.0000000,18.2000000,50.0000000,10.0000000,4.0000000,18.8000000,1647.1994629,1648.9365234
386,2020-06-16,2020,Matchweek 32,Tue,Bundesliga,20:30,Werder Bremen,L,0.0000000,1.0000000,Bayern Munich,0.4000000,1.5000000,41.0000000,6.0000000,1.0000000,16.2000000,59.0000000,13.0000000,3.0000000,15.6000000,1628.0393066,2009.0998535
387,2020-06-16,2020,Matchweek 32,Tue,Bundesliga,18:30,Gladbach,W,3.0000000,0.0000000,Wolfsburg,2.0000000,0.4000000,52.0000000,11.0000000,3.0000000,16.4000000,48.0000000,12.0000000,2.0000000,25.2000000,1744.3618164,1727.4320068
388,2020-06-16,2020,Matchweek 32,Tue,Bundesliga,20:30,Union Berlin,W,1.0000000,0.0000000,Paderborn 07,1.4000000,0.5000000,42.0000000,15.0000000,6.0000000,17.1000000,58.0000000,12.0000000,2.0000000,20.7000000,1596.4328613,1510.4240723
389,2020-06-17,2020,Matchweek 32,Wed,Bundesliga,20:30,Leverkusen,W,3.0000000,1.0000000,Köln,2.4000000,0.6000000,67.0000000,13.0000000,6.0000000,15.5000000,33.0000000,8.0000000,1.0000000,17.4000000,1807.9531250,1623.5429688
390,2020-06-17,2020,Matchweek 32,Wed,Bundesliga,20:30,RB Leipzig,D,2.0000000,2.0000000,Düsseldorf,1.2000000,0.9000000,71.0000000,14.0000000,5.0000000,19.4000000,29.0000000,12.0000000,2.0000000,18.7000000,1865.9815674,1603.2242432
391,2020-06-17,2020,Matchweek 32,Wed,Bundesliga,20:30,Augsburg,L,1.0000000,3.0000000,Hoffenheim,0.6000000,2.6000000,44.0000000,12.0000000,5.0000000,20.7000000,56.0000000,16.0000000,5.0000000,14.5000000,1622.5352783,1690.2700195
392,2020-06-17,2020,Matchweek 32,Wed,Bundesliga,18:30,Eint Frankfurt,W,2.0000000,1.0000000,Schalke 04,2.5000000,1.4000000,63.0000000,14.0000000,4.0000000,16.5000000,37.0000000,7.0000000,4.0000000,11.5000000,1703.6456299,1643.4718018
393,2020-06-17,2020,Matchweek 32,Wed,Bundesliga,20:30,Dortmund,L,0.0000000,2.0000000,Mainz 05,1.3000000,1.7000000,69.0000000,16.0000000,4.0000000,17.6000000,31.0000000,9.0000000,4.0000000,24.3000000,1871.6890869,1632.1333008
394,2020-06-20,2020,Matchweek 33,Sat,Bundesliga,15:30,Schalke 04,L,1.0000000,4.0000000,Wolfsburg,0.9000000,1.7000000,49.0000000,11.0000000,3.0000000,16.7000000,51.0000000,10.0000000,5.0000000,14.2000000,1637.8930664,1715.9255371
395,2020-06-20,2020,Matchweek 33,Sat,Bundesliga,15:30,Paderborn 07,L,1.0000000,3.0000000,Gladbach,0.7000000,3.5000000,49.0000000,11.0000000,1.0000000,20.5000000,51.0000000,21.0000000,10.0000000,18.9000000,1505.3885498,1755.8684082
396,2020-06-20,2020,Matchweek 33,Sat,Bundesliga,15:30,Köln,D,1.0000000,1.0000000,Eint Frankfurt,1.0000000,1.4000000,38.0000000,3.0000000,1.0000000,18.6000000,62.0000000,9.0000000,3.0000000,12.4000000,1619.3243408,1709.2243652
397,2020-06-20,2020,Matchweek 33,Sat,Bundesliga,15:30,Bayern Munich,W,3.0000000,1.0000000,Freiburg,2.1000000,1.7000000,61.0000000,23.0000000,9.0000000,19.3000000,39.0000000,11.0000000,3.0000000,15.4000000,2010.6038818,1654.2572022
398,2020-06-20,2020,Matchweek 33,Sat,Bundesliga,15:30,Hoffenheim,W,4.0000000,0.0000000,Union Berlin,2.3000000,0.5000000,59.0000000,16.0000000,8.0000000,17.0000000,41.0000000,7.0000000,2.0000000,18.6000000,1700.2062988,1601.4683838
399,2020-06-20,2020,Matchweek 33,Sat,Bundesliga,15:30,Düsseldorf,D,1.0000000,1.0000000,Augsburg,0.5000000,1.3000000,56.0000000,8.0000000,2.0000000,16.4000000,44.0000000,11.0000000,3.0000000,14.8000000,1610.1925049,1612.5989990
400,2020-06-20,2020,Matchweek 33,Sat,Bundesliga,15:30,RB Leipzig,L,0.0000000,2.0000000,Dortmund,1.2000000,2.8000000,47.0000000,16.0000000,4.0000000,17.2000000,53.0000000,11.0000000,7.0000000,14.7000000,1859.0134277,1851.6577148
401,2020-06-20,2020,Matchweek 33,Sat,Bundesliga,15:30,Mainz 05,W,3.0000000,1.0000000,Werder Bremen,2.3000000,1.8000000,39.0000000,20.0000000,11.0000000,15.8000000,61.0000000,18.0000000,6.0000000,16.3000000,1652.1646728,1626.5352783
402,2020-06-20,2020,Matchweek 33,Sat,Bundesliga,15:30,Hertha BSC,W,2.0000000,0.0000000,Leverkusen,2.4000000,0.9000000,32.0000000,14.0000000,5.0000000,19.3000000,68.0000000,12.0000000,2.0000000,18.6000000,1641.8787842,1812.1718750
403,2020-06-27,2020,Matchweek 34,Sat,Bundesliga,15:30,Werder Bremen,W,6.0000000,1.0000000,Köln,2.7000000,0.9000000,53.0000000,18.0000000,9.0000000,19.0000000,47.0000000,6.0000000,2.0000000,18.3000000,1617.5014648,1620.8417969
404,2020-06-27,2020,Matchweek 34,Sat,Bundesliga,15:30,Union Berlin,W,3.0000000,0.0000000,Düsseldorf,1.5000000,1.2000000,43.0000000,11.0000000,5.0000000,24.7000000,57.0000000,27.0000000,2.0000000,20.0000000,1592.1116943,1609.2066650
405,2020-06-27,2020,Matchweek 34,Sat,Bundesliga,15:30,Dortmund,L,0.0000000,4.0000000,Hoffenheim,0.2000000,3.9000000,59.0000000,7.0000000,4.0000000,24.5000000,41.0000000,15.0000000,6.0000000,15.2000000,1864.3529053,1709.5629883
406,2020-06-27,2020,Matchweek 34,Sat,Bundesliga,15:30,Augsburg,L,1.0000000,2.0000000,RB Leipzig,0.2000000,1.8000000,35.0000000,5.0000000,1.0000000,19.3000000,65.0000000,14.0000000,5.0000000,20.2000000,1613.5848389,1846.3182373
407,2020-06-27,2020,Matchweek 34,Sat,Bundesliga,15:30,Eint Frankfurt,W,3.0000000,2.0000000,Paderborn 07,2.2000000,1.3000000,61.0000000,13.0000000,4.0000000,16.1000000,39.0000000,17.0000000,5.0000000,18.2000000,1707.7069092,1500.9106445
408,2020-06-27,2020,Matchweek 34,Sat,Bundesliga,15:30,Freiburg,W,4.0000000,0.0000000,Schalke 04,1.5000000,0.8000000,56.0000000,15.0000000,8.0000000,16.8000000,44.0000000,22.0000000,6.0000000,24.2000000,1652.5701904,1625.6831055
409,2020-06-27,2020,Matchweek 34,Sat,Bundesliga,15:30,Gladbach,W,2.0000000,1.0000000,Hertha BSC,2.7000000,0.9000000,56.0000000,23.0000000,8.0000000,17.9000000,44.0000000,5.0000000,2.0000000,11.7000000,1760.3461914,1657.9229736
410,2020-06-27,2020,Matchweek 34,Sat,Bundesliga,15:30,Wolfsburg,L,0.0000000,4.0000000,Bayern Munich,0.9000000,3.3000000,40.0000000,12.0000000,4.0000000,22.2000000,60.0000000,15.0000000,8.0000000,16.7000000,1728.1354981,2012.2908935
411,2020-06-27,2020,Matchweek 34,Sat,Bundesliga,15:30,Leverkusen,W,1.0000000,0.0000000,Mainz 05,1.5000000,0.4000000,67.0000000,13.0000000,2.0000000,16.9000000,33.0000000,6.0000000,1.0000000,19.8000000,1796.1276856,1661.1986084
412,2020-07-04,2020,Final,Sat,DFB-Pokal,20:00,Leverkusen,L,2.0000000,4.0000000,Bayern Munich,,,50.0000000,7.0000000,3.0000000,,50.0000000,17.0000000,7.0000000,,1799.9957275,2017.6341553
413,2020-08-05,2020,Round of 16,Wed,Europa Lg,19:55 (18:55),ua Shakhtar,W,3.0000000,0.0000000,Wolfsburg,2.4000000,0.5000000,54.0000000,9.0000000,2.0000000,20.4000000,46.0000000,9.0000000,2.0000000,20.4000000,,1722.7922363
414,2020-08-06,2020,Round of 16,Thu,Europa Lg,18:55,Leverkusen,W,1.0000000,0.0000000,sct Rangers,1.8000000,0.4000000,64.0000000,15.0000000,2.0000000,17.3000000,36.0000000,15.0000000,2.0000000,17.3000000,1796.3154297,
415,2020-08-06,2020,Round of 16,Thu,Europa Lg,21:00,ch Basel,W,1.0000000,0.0000000,Eint Frankfurt,2.7000000,1.0000000,34.0000000,19.0000000,1.0000000,19.3000000,66.0000000,19.0000000,1.0000000,19.3000000,,1706.7082519
416,2020-08-08,2020,Round of 16,Sat,Champions Lg,21:00,Bayern Munich,W,4.0000000,1.0000000,eng Chelsea,2.9000000,1.0000000,63.0000000,17.0000000,6.0000000,19.6000000,37.0000000,17.0000000,6.0000000,19.6000000,2012.2430420,
417,2020-08-10,2020,Quarter-finals,Mon,Europa Lg,21:00,Leverkusen,L,1.0000000,2.0000000,it Inter,0.9000000,2.8000000,63.0000000,9.0000000,2.0000000,20.0000000,37.0000000,9.0000000,2.0000000,20.0000000,1796.0944824,
418,2020-08-13,2020,Quarter-finals,Thu,Champions Lg,21:00,es Atlético Madrid,L,1.0000000,2.0000000,RB Leipzig,1.1000000,0.9000000,43.0000000,10.0000000,4.0000000,20.1000000,57.0000000,10.0000000,4.0000000,20.1000000,,1842.2735596
419,2020-08-14,2020,Quarter-finals,Fri,Champions Lg,20:00 (21:00),Bayern Munich,W,8.0000000,2.0000000,es Barcelona,5.3000000,1.1000000,49.0000000,26.0000000,13.0000000,13.9000000,51.0000000,26.0000000,13.0000000,13.9000000,2014.6236572,
420,2020-08-18,2020,Semi-finals,Tue,Champions Lg,20:00 (21:00),fr Paris S-G,W,3.0000000,0.0000000,RB Leipzig,3.2000000,1.0000000,57.0000000,14.0000000,3.0000000,20.3000000,43.0000000,14.0000000,3.0000000,20.3000000,,1861.1850586
421,2020-08-19,2020,Semi-finals,Wed,Champions Lg,20:00 (21:00),Bayern Munich,W,3.0000000,0.0000000,fr Lyon,3.2000000,1.8000000,65.0000000,19.0000000,8.0000000,16.1000000,35.0000000,19.0000000,8.0000000,16.1000000,2033.0977783,
422,2020-08-23,2020,Final,Sun,Champions Lg,20:00 (21:00),fr Paris S-G,L,0.0000000,1.0000000,Bayern Munich,1.1000000,1.5000000,39.0000000,12.0000000,2.0000000,22.1000000,61.0000000,12.0000000,2.0000000,22.1000000,,2037.9010010
423,2020-09-11,2021,First round,Fri,DFB-Pokal,20:45,Havelse,L,1.0000000,5.0000000,Mainz 05,,,28.0000000,30.0000000,12.0000000,,72.0000000,30.0000000,12.0000000,,,1656.3741455
424,2020-09-11,2021,First round,Fri,DFB-Pokal,20:45,BTSV,W,5.0000000,4.0000000,Hertha BSC,,,35.0000000,25.0000000,7.0000000,,65.0000000,25.0000000,7.0000000,,,1654.1604004
425,2020-09-12,2021,First round,Sat,DFB-Pokal,15:30,Eintracht Celle,L,0.0000000,7.0000000,Augsburg,,,28.0000000,23.0000000,15.0000000,,72.0000000,23.0000000,15.0000000,,,1610.9443359
426,2020-09-12,2021,First round,Sat,DFB-Pokal,15:30,VSG Altglienicke,L,0.0000000,6.0000000,Köln,,,34.0000000,16.0000000,8.0000000,,66.0000000,16.0000000,8.0000000,,,1606.1558838
427,2020-09-12,2021,First round,Sat,DFB-Pokal,15:30,1860 Munich,L,1.0000000,2.0000000,Eint Frankfurt,,,29.0000000,17.0000000,5.0000000,,71.0000000,17.0000000,5.0000000,,,1705.2399902
428,2020-09-12,2021,First round,Sat,DFB-Pokal,15:30,Oberneuland,L,0.0000000,8.0000000,Gladbach,,,19.0000000,40.0000000,14.0000000,,81.0000000,40.0000000,14.0000000,,,1765.7727051
429,2020-09-12,2021,First round,Sat,DFB-Pokal,15:30,Nürnberg,L,0.0000000,3.0000000,RB Leipzig,,,28.0000000,21.0000000,9.0000000,,72.0000000,21.0000000,9.0000000,,,1847.5535889
430,2020-09-12,2021,First round,Sat,DFB-Pokal,18:30,Karlsruher,L,0.0000000,1.0000000,Union Berlin,,,50.0000000,13.0000000,6.0000000,,50.0000000,13.0000000,6.0000000,,,1605.8238525
431,2020-09-12,2021,First round,Sat,DFB-Pokal,20:45,Carl Zeiss Jena,L,0.0000000,2.0000000,Werder Bremen,,,38.0000000,22.0000000,5.0000000,,62.0000000,22.0000000,5.0000000,,,1638.2888184
432,2020-09-12,2021,First round,Sat,DFB-Pokal,15:30,Union Fürstenwalde,L,1.0000000,4.0000000,Wolfsburg,,,36.0000000,24.0000000,12.0000000,,64.0000000,24.0000000,12.0000000,,,1713.1906738
433,2020-09-13,2021,First round,Sun,DFB-Pokal,15:30,Chemnitzer FC,D,2.0000000,2.0000000,Hoffenheim,,,32.0000000,28.0000000,7.0000000,,68.0000000,28.0000000,7.0000000,,,1735.5526123
434,2020-09-13,2021,First round,Sun,DFB-Pokal,18:30,SV Waldhof,L,1.0000000,2.0000000,Freiburg,,,49.0000000,18.0000000,7.0000000,,51.0000000,18.0000000,7.0000000,,,1666.2088623
435,2020-09-13,2021,First round,Sun,DFB-Pokal,15:30,Hansa Rostock,L,0.0000000,1.0000000,Stuttgart,,,46.0000000,17.0000000,6.0000000,,54.0000000,17.0000000,6.0000000,,,1569.8851318
436,2020-09-13,2021,First round,Sun,DFB-Pokal,15:30,Eintracht Norderstedt,L,0.0000000,7.0000000,Leverkusen,,,23.0000000,35.0000000,15.0000000,,77.0000000,35.0000000,15.0000000,,,1792.9477539
437,2020-09-14,2021,First round,Mon,DFB-Pokal,18:30,Rot-Weiss Essen,W,1.0000000,0.0000000,Arminia,,,34.0000000,20.0000000,2.0000000,,66.0000000,20.0000000,2.0000000,,,1600.3088379
438,2020-09-14,2021,First round,Mon,DFB-Pokal,20:45,MSV Duisburg,L,0.0000000,5.0000000,Dortmund,,,25.0000000,18.0000000,11.0000000,,75.0000000,18.0000000,11.0000000,,,1838.2388916
439,2020-09-17,2021,Second qualifying round,Thu,Europa Lg,20:00,al Kukësi,L,0.0000000,4.0000000,Wolfsburg,,,,,,,,,,,,1713.1906738
440,2020-09-18,2021,Matchweek 1,Fri,Bundesliga,20:30,Bayern Munich,W,8.0000000,0.0000000,Schalke 04,3.9000000,0.2000000,63.0000000,20.0000000,10.0000000,16.9000000,37.0000000,5.0000000,1.0000000,20.5000000,2045.6998291,1614.5548096
441,2020-09-19,2021,Matchweek 1,Sat,Bundesliga,18:30,Dortmund,W,3.0000000,0.0000000,Gladbach,1.8000000,0.6000000,48.0000000,9.0000000,3.0000000,15.0000000,52.0000000,8.0000000,2.0000000,19.7000000,1840.8736572,1766.6191406
442,2020-09-19,2021,Matchweek 1,Sat,Bundesliga,15:30,Köln,L,2.0000000,3.0000000,Hoffenheim,2.7000000,2.6000000,49.0000000,13.0000000,6.0000000,12.0000000,51.0000000,12.0000000,6.0000000,19.2000000,1607.0024414,1736.3990478
443,2020-09-19,2021,Matchweek 1,Sat,Bundesliga,15:30,Stuttgart,L,2.0000000,3.0000000,Freiburg,2.6000000,1.9000000,63.0000000,26.0000000,6.0000000,18.6000000,37.0000000,7.0000000,5.0000000,11.9000000,1572.5198975,1667.0552978
444,2020-09-19,2021,Matchweek 1,Sat,Bundesliga,15:30,Eint Frankfurt,D,1.0000000,1.0000000,Arminia,2.3000000,0.8000000,62.0000000,18.0000000,6.0000000,15.9000000,38.0000000,12.0000000,4.0000000,22.3000000,1706.0864258,1601.1552734
445,2020-09-19,2021,Matchweek 1,Sat,Bundesliga,15:30,Union Berlin,L,1.0000000,3.0000000,Augsburg,1.2000000,1.5000000,59.0000000,15.0000000,3.0000000,21.1000000,41.0000000,9.0000000,5.0000000,15.7000000,1606.6702881,1611.7907715
446,2020-09-19,2021,Matchweek 1,Sat,Bundesliga,15:30,Werder Bremen,L,1.0000000,4.0000000,Hertha BSC,0.7000000,1.8000000,45.0000000,16.0000000,6.0000000,21.3000000,55.0000000,13.0000000,6.0000000,14.7000000,1639.1352539,1655.0069580
447,2020-09-20,2021,Matchweek 1,Sun,Bundesliga,15:30,RB Leipzig,W,3.0000000,1.0000000,Mainz 05,2.8000000,1.2000000,72.0000000,22.0000000,8.0000000,14.6000000,28.0000000,9.0000000,1.0000000,15.3000000,1850.1883545,1659.0089111
448,2020-09-20,2021,Matchweek 1,Sun,Bundesliga,18:00,Wolfsburg,D,0.0000000,0.0000000,Leverkusen,0.9000000,0.5000000,41.0000000,9.0000000,1.0000000,17.5000000,59.0000000,7.0000000,3.0000000,11.6000000,1716.4584961,1795.5823975
449,2020-09-24,2021,UEFA Super Cup,Thu,Super Cup,21:00,Bayern Munich,W,2.0000000,1.0000000,es Sevilla,,,64.0000000,25.0000000,7.0000000,,36.0000000,25.0000000,7.0000000,,2047.8526611,
450,2020-09-24,2021,Third qualifying round,Thu,Europa Lg,20:15,Wolfsburg,W,2.0000000,0.0000000,ua Desna Chernihiv,,,,,,,,,,,1717.7143555,
451,2020-09-25,2021,Matchweek 2,Fri,Bundesliga,20:30,Hertha BSC,L,1.0000000,3.0000000,Eint Frankfurt,1.2000000,1.5000000,56.0000000,12.0000000,6.0000000,19.5000000,44.0000000,10.0000000,2.0000000,20.5000000,1670.8195801,1703.3569336
452,2020-09-26,2021,Matchweek 2,Sat,Bundesliga,15:30,Mainz 05,L,1.0000000,4.0000000,Stuttgart,1.3000000,2.6000000,49.0000000,12.0000000,2.0000000,19.6000000,51.0000000,15.0000000,7.0000000,12.9000000,1655.9075928,1567.1505127
453,2020-09-26,2021,Matchweek 2,Sat,Bundesliga,15:30,Arminia,W,1.0000000,0.0000000,Köln,0.2000000,1.4000000,47.0000000,7.0000000,2.0000000,26.3000000,53.0000000,12.0000000,2.0000000,15.0000000,1606.2053223,1602.7680664
454,2020-09-26,2021,Matchweek 2,Sat,Bundesliga,15:30,Leverkusen,D,1.0000000,1.0000000,RB Leipzig,0.9000000,0.9000000,59.0000000,11.0000000,4.0000000,18.5000000,41.0000000,7.0000000,2.0000000,17.6000000,1795.4869385,1855.6102295
455,2020-09-26,2021,Matchweek 2,Sat,Bundesliga,15:30,Gladbach,D,1.0000000,1.0000000,Union Berlin,1.8000000,0.8000000,63.0000000,14.0000000,6.0000000,15.4000000,37.0000000,14.0000000,2.0000000,19.3000000,1758.7785644,1595.5018310
456,2020-09-26,2021,Matchweek 2,Sat,Bundesliga,18:30,Schalke 04,L,1.0000000,3.0000000,Werder Bremen,1.6000000,2.4000000,65.0000000,18.0000000,4.0000000,18.9000000,35.0000000,16.0000000,6.0000000,16.8000000,1613.5621338,1625.6430664
457,2020-09-26,2021,Matchweek 2,Sat,Bundesliga,15:30,Augsburg,W,2.0000000,0.0000000,Dortmund,1.2000000,1.8000000,21.0000000,6.0000000,4.0000000,13.3000000,79.0000000,18.0000000,6.0000000,15.7000000,1625.2797852,1851.0346680
458,2020-09-27,2021,Matchweek 2,Sun,Bundesliga,15:30,Hoffenheim,W,4.0000000,1.0000000,Bayern Munich,2.6000000,1.4000000,29.0000000,16.0000000,7.0000000,16.7000000,71.0000000,16.0000000,3.0000000,15.9000000,1742.9538574,2049.0129394
459,2020-09-27,2021,Matchweek 2,Sun,Bundesliga,18:00,Freiburg,D,1.0000000,1.0000000,Wolfsburg,1.3000000,0.5000000,53.0000000,19.0000000,7.0000000,18.8000000,47.0000000,8.0000000,2.0000000,20.9000000,1674.7451172,1722.1920166
460,2020-09-30,2021,DFL-Supercup,Wed,DFL-Supercup,20:30,Bayern Munich,W,3.0000000,2.0000000,Dortmund,,,57.0000000,11.0000000,7.0000000,,43.0000000,7.0000000,4.0000000,,2049.0129394,1833.3511963
461,2020-10-01,2021,Play-off round,Thu,Europa Lg,21:45 (20:45),gr AEK Athens,W,2.0000000,1.0000000,Wolfsburg,,,40.0000000,9.0000000,5.0000000,,60.0000000,9.0000000,5.0000000,,,1721.8476562
462,2020-10-02,2021,Matchweek 3,Fri,Bundesliga,20:30,Union Berlin,W,4.0000000,0.0000000,Mainz 05,2.5000000,0.3000000,50.0000000,11.0000000,7.0000000,11.6000000,50.0000000,5.0000000,0.0000000,20.1000000,1597.3720703,1633.5435791
463,2020-10-03,2021,Matchweek 3,Sat,Bundesliga,15:30,Dortmund,W,4.0000000,0.0000000,Freiburg,2.5000000,0.5000000,66.0000000,16.0000000,7.0000000,16.6000000,34.0000000,6.0000000,2.0000000,25.7000000,1830.0372315,1671.7755127
464,2020-10-03,2021,Matchweek 3,Sat,Bundesliga,15:30,Köln,L,1.0000000,3.0000000,Gladbach,0.6000000,2.1000000,41.0000000,8.0000000,2.0000000,20.8000000,59.0000000,14.0000000,9.0000000,18.7000000,1592.6263428,1750.2802734
465,2020-10-03,2021,Matchweek 3,Sat,Bundesliga,15:30,Stuttgart,D,1.0000000,1.0000000,Leverkusen,0.8000000,1.5000000,48.0000000,12.0000000,2.0000000,21.6000000,52.0000000,15.0000000,6.0000000,16.8000000,1582.8864746,1792.8599853
466,2020-10-03,2021,Matchweek 3,Sat,Bundesliga,15:30,Werder Bremen,W,1.0000000,0.0000000,Arminia,0.4000000,1.1000000,38.0000000,7.0000000,2.0000000,19.6000000,62.0000000,9.0000000,4.0000000,18.1000000,1634.4320068,1609.7189941
467,2020-10-03,2021,Matchweek 3,Sat,Bundesliga,15:30,Eint Frankfurt,W,2.0000000,1.0000000,Hoffenheim,2.9000000,1.4000000,52.0000000,16.0000000,6.0000000,10.1000000,48.0000000,12.0000000,4.0000000,15.5000000,1711.3743897,1763.6855469
468,2020-10-03,2021,Matchweek 3,Sat,Bundesliga,18:30,RB Leipzig,W,4.0000000,0.0000000,Schalke 04,3.9000000,0.2000000,67.0000000,21.0000000,6.0000000,17.0000000,33.0000000,5.0000000,1.0000000,23.7000000,1851.6091309,1598.1451416
469,2020-10-04,2021,Matchweek 3,Sun,Bundesliga,18:00,Bayern Munich,W,4.0000000,3.0000000,Hertha BSC,3.6000000,1.1000000,66.0000000,21.0000000,8.0000000,18.1000000,34.0000000,10.0000000,5.0000000,18.7000000,2021.6533203,1656.1741943
470,2020-10-04,2021,Matchweek 3,Sun,Bundesliga,15:30,Wolfsburg,D,0.0000000,0.0000000,Augsburg,1.0000000,1.2000000,64.0000000,18.0000000,6.0000000,21.1000000,36.0000000,8.0000000,1.0000000,18.5000000,1709.0618897,1639.6492920
471,2020-10-15,2021,First round,Thu,DFB-Pokal,20:45,1. FC Düren,L,0.0000000,3.0000000,Bayern Munich,,,28.0000000,21.0000000,10.0000000,,72.0000000,21.0000000,10.0000000,,,2021.6533203
472,2020-10-17,2021,Matchweek 4,Sat,Bundesliga,20:30,Gladbach,D,1.0000000,1.0000000,Wolfsburg,1.9000000,1.4000000,47.0000000,12.0000000,1.0000000,18.9000000,53.0000000,15.0000000,6.0000000,18.7000000,1757.1572266,1705.9630127
473,2020-10-17,2021,Matchweek 4,Sat,Bundesliga,15:30,Freiburg,D,1.0000000,1.0000000,Werder Bremen,1.3000000,1.6000000,63.0000000,20.0000000,4.0000000,16.8000000,37.0000000,12.0000000,3.0000000,22.6000000,1664.8339844,1640.7720947
474,2020-10-17,2021,Matchweek 4,Sat,Bundesliga,15:30,Mainz 05,L,0.0000000,1.0000000,Leverkusen,0.3000000,0.5000000,39.0000000,6.0000000,0.0000000,21.9000000,61.0000000,9.0000000,5.0000000,18.5000000,1617.4460449,1788.3073731
475,2020-10-17,2021,Matchweek 4,Sat,Bundesliga,15:30,Hertha BSC,L,0.0000000,2.0000000,Stuttgart,1.1000000,1.3000000,63.0000000,15.0000000,4.0000000,17.1000000,37.0000000,7.0000000,2.0000000,20.1000000,1655.1097412,1587.4390869
476,2020-10-17,2021,Matchweek 4,Sat,Bundesliga,15:30,Augsburg,L,0.0000000,2.0000000,RB Leipzig,1.0000000,2.1000000,33.0000000,5.0000000,2.0000000,16.5000000,67.0000000,16.0000000,4.0000000,16.1000000,1642.7481690,1855.8732910
477,2020-10-17,2021,Matchweek 4,Sat,Bundesliga,18:30,Arminia,L,1.0000000,4.0000000,Bayern Munich,1.4000000,3.1000000,34.0000000,11.0000000,5.0000000,19.8000000,66.0000000,17.0000000,9.0000000,13.3000000,1603.3790283,2022.7176514
478,2020-10-17,2021,Matchweek 4,Sat,Bundesliga,15:30,Hoffenheim,L,0.0000000,1.0000000,Dortmund,1.2000000,2.0000000,45.0000000,9.0000000,3.0000000,16.9000000,55.0000000,15.0000000,4.0000000,15.8000000,1755.5260010,1836.9787598
479,2020-10-18,2021,Matchweek 4,Sun,Bundesliga,15:30,Köln,D,1.0000000,1.0000000,Eint Frankfurt,1.4000000,1.9000000,40.0000000,9.0000000,5.0000000,18.2000000,60.0000000,16.0000000,3.0000000,18.9000000,1585.7493897,1719.5339356
480,2020-10-18,2021,Matchweek 4,Sun,Bundesliga,18:00,Schalke 04,D,1.0000000,1.0000000,Union Berlin,0.4000000,1.0000000,53.0000000,8.0000000,4.0000000,18.7000000,47.0000000,11.0000000,6.0000000,18.3000000,1593.8809815,1613.4696045
481,2020-10-20,2021,Group stage,Tue,Champions Lg,21:00,it Lazio,W,3.0000000,1.0000000,Dortmund,1.7000000,1.3000000,36.0000000,14.0000000,7.0000000,17.5000000,64.0000000,14.0000000,7.0000000,17.5000000,,1843.7563477
482,2020-10-20,2021,Group stage,Tue,Champions Lg,21:00,RB Leipzig,W,2.0000000,0.0000000,tr Başakşehir,1.0000000,0.6000000,48.0000000,12.0000000,6.0000000,15.4000000,52.0000000,12.0000000,6.0000000,15.4000000,1861.3999023,
483,2020-10-21,2021,Group stage,Wed,Champions Lg,21:00,Bayern Munich,W,4.0000000,0.0000000,es Atlético Madrid,2.6000000,0.4000000,58.0000000,16.0000000,5.0000000,17.5000000,42.0000000,16.0000000,5.0000000,17.5000000,2020.7642822,
484,2020-10-21,2021,Group stage,Wed,Champions Lg,21:00,it Inter,D,2.0000000,2.0000000,Gladbach,2.8000000,1.4000000,57.0000000,5.0000000,1.0000000,16.5000000,43.0000000,5.0000000,1.0000000,16.5000000,,1750.4271240
485,2020-10-22,2021,Group stage,Thu,Europa Lg,21:00,Hoffenheim,W,2.0000000,0.0000000,rs Red Star,1.3000000,1.0000000,60.0000000,16.0000000,6.0000000,16.5000000,40.0000000,16.0000000,6.0000000,16.5000000,1748.7062988,
486,2020-10-22,2021,Group stage,Thu,Europa Lg,18:55,Leverkusen,W,6.0000000,2.0000000,fr Nice,1.7000000,0.7000000,57.0000000,10.0000000,9.0000000,21.5000000,43.0000000,10.0000000,9.0000000,21.5000000,1792.9813232,
487,2020-10-23,2021,Matchweek 5,Fri,Bundesliga,20:30,Stuttgart,D,1.0000000,1.0000000,Köln,0.8000000,2.2000000,57.0000000,8.0000000,4.0000000,20.3000000,43.0000000,14.0000000,3.0000000,21.1000000,1606.9204102,1592.6563721
488,2020-10-24,2021,Matchweek 5,Sat,Bundesliga,15:30,Union Berlin,D,1.0000000,1.0000000,Freiburg,1.6000000,0.3000000,51.0000000,19.0000000,7.0000000,18.0000000,49.0000000,8.0000000,4.0000000,20.1000000,1618.3419190,1667.2358398
489,2020-10-24,2021,Matchweek 5,Sat,Bundesliga,15:30,RB Leipzig,W,2.0000000,1.0000000,Hertha BSC,2.7000000,0.8000000,67.0000000,25.0000000,7.0000000,17.1000000,33.0000000,9.0000000,2.0000000,15.6000000,1867.4901123,1644.1845703
490,2020-10-24,2021,Matchweek 5,Sat,Bundesliga,18:30,Dortmund,W,3.0000000,0.0000000,Schalke 04,1.4000000,0.2000000,74.0000000,18.0000000,7.0000000,16.7000000,26.0000000,3.0000000,0.0000000,13.8000000,1834.5064697,1597.5649414
491,2020-10-24,2021,Matchweek 5,Sat,Bundesliga,15:30,Mainz 05,L,2.0000000,3.0000000,Gladbach,1.9000000,3.0000000,40.0000000,15.0000000,7.0000000,17.5000000,60.0000000,20.0000000,10.0000000,15.2000000,1617.0080566,1763.0435791
492,2020-10-24,2021,Matchweek 5,Sat,Bundesliga,15:30,Bayern Munich,W,5.0000000,0.0000000,Eint Frankfurt,3.1000000,0.4000000,61.0000000,20.0000000,9.0000000,15.8000000,39.0000000,8.0000000,2.0000000,19.0000000,2036.5905762,1721.1833496
493,2020-10-25,2021,Matchweek 5,Sun,Bundesliga,15:30,Wolfsburg,W,2.0000000,1.0000000,Arminia,2.2000000,0.5000000,48.0000000,14.0000000,4.0000000,16.2000000,52.0000000,9.0000000,1.0000000,23.8000000,1712.8585205,1605.4979248
494,2020-10-25,2021,Matchweek 5,Sun,Bundesliga,18:00,Werder Bremen,D,1.0000000,1.0000000,Hoffenheim,0.3000000,1.0000000,49.0000000,5.0000000,2.0000000,23.7000000,51.0000000,14.0000000,4.0000000,21.5000000,1646.9265137,1759.1955566
495,2020-10-26,2021,Matchweek 5,Mon,Bundesliga,20:30,Leverkusen,W,3.0000000,1.0000000,Augsburg,2.4000000,0.3000000,66.0000000,14.0000000,6.0000000,20.6000000,34.0000000,6.0000000,3.0000000,18.8000000,1803.5783691,1641.4997559
496,2020-10-27,2021,Group stage,Tue,Champions Lg,20:55 (18:55),ru Loko Moscow,L,1.0000000,2.0000000,Bayern Munich,1.5000000,3.2000000,36.0000000,19.0000000,4.0000000,16.5000000,64.0000000,19.0000000,4.0000000,16.5000000,,2039.7867432
497,2020-10-27,2021,Group stage,Tue,Champions Lg,21:00,Gladbach,D,2.0000000,2.0000000,es Real Madrid,1.6000000,2.6000000,35.0000000,9.0000000,5.0000000,16.9000000,65.0000000,9.0000000,5.0000000,16.9000000,1768.3546143,
498,2020-10-28,2021,Group stage,Wed,Champions Lg,21:00,Dortmund,W,2.0000000,0.0000000,ru Zenit,1.7000000,0.2000000,69.0000000,10.0000000,4.0000000,23.0000000,31.0000000,10.0000000,4.0000000,23.0000000,1839.7414551,
499,2020-10-28,2021,Group stage,Wed,Champions Lg,20:00 (21:00),eng Manchester Utd,W,5.0000000,0.0000000,RB Leipzig,3.2000000,0.5000000,47.0000000,9.0000000,2.0000000,18.1000000,53.0000000,9.0000000,2.0000000,18.1000000,,1871.2060547
500,2020-10-29,2021,Group stage,Thu,Europa Lg,21:00,cz Slavia Prague,W,1.0000000,0.0000000,Leverkusen,1.4000000,0.8000000,50.0000000,10.0000000,1.0000000,24.2000000,50.0000000,10.0000000,1.0000000,24.2000000,,1805.9858398
501,2020-10-29,2021,Group stage,Thu,Europa Lg,18:55,be Gent,L,1.0000000,4.0000000,Hoffenheim,1.9000000,2.5000000,43.0000000,32.0000000,14.0000000,19.8000000,57.0000000,32.0000000,14.0000000,19.8000000,,1754.9139404
502,2020-10-30,2021,Matchweek 6,Fri,Bundesliga,20:30,Schalke 04,D,1.0000000,1.0000000,Stuttgart,0.6000000,1.6000000,46.0000000,9.0000000,2.0000000,17.4000000,54.0000000,19.0000000,7.0000000,20.8000000,1589.5795898,1601.3089600
503,2020-10-31,2021,Matchweek 6,Sat,Bundesliga,15:30,Eint Frankfurt,D,1.0000000,1.0000000,Werder Bremen,2.0000000,0.8000000,71.0000000,15.0000000,5.0000000,15.1000000,29.0000000,11.0000000,4.0000000,18.2000000,1713.9592285,1644.8896484
504,2020-10-31,2021,Matchweek 6,Sat,Bundesliga,15:30,Augsburg,W,3.0000000,1.0000000,Mainz 05,1.9000000,1.0000000,50.0000000,13.0000000,6.0000000,14.4000000,50.0000000,9.0000000,4.0000000,17.4000000,1632.7738037,1607.6691894
505,2020-10-31,2021,Matchweek 6,Sat,Bundesliga,15:30,Köln,L,1.0000000,2.0000000,Bayern Munich,0.5000000,1.1000000,38.0000000,9.0000000,2.0000000,16.1000000,62.0000000,5.0000000,3.0000000,17.0000000,1590.2120361,2036.9815674
506,2020-10-31,2021,Matchweek 6,Sat,Bundesliga,15:30,Arminia,L,0.0000000,2.0000000,Dortmund,0.3000000,2.4000000,25.0000000,5.0000000,2.0000000,19.9000000,75.0000000,21.0000000,10.0000000,17.4000000,1596.9755859,1839.0974121
507,2020-10-31,2021,Matchweek 6,Sat,Bundesliga,18:30,Gladbach,W,1.0000000,0.0000000,RB Leipzig,0.4000000,0.8000000,49.0000000,5.0000000,3.0000000,14.3000000,51.0000000,15.0000000,3.0000000,18.3000000,1766.7971191,1850.8681641
508,2020-11-01,2021,Matchweek 6,Sun,Bundesliga,15:30,Freiburg,L,2.0000000,4.0000000,Leverkusen,1.2000000,1.2000000,40.0000000,8.0000000,5.0000000,19.4000000,60.0000000,18.0000000,7.0000000,22.0000000,1663.0008545,1792.7355957
509,2020-11-01,2021,Matchweek 6,Sun,Bundesliga,18:00,Hertha BSC,D,1.0000000,1.0000000,Wolfsburg,1.2000000,0.6000000,53.0000000,20.0000000,5.0000000,17.4000000,47.0000000,11.0000000,4.0000000,22.5000000,1637.7182617,1713.3250732
510,2020-11-02,2021,Matchweek 6,Mon,Bundesliga,20:30,Hoffenheim,L,1.0000000,3.0000000,Union Berlin,1.3000000,3.6000000,60.0000000,10.0000000,4.0000000,13.9000000,40.0000000,8.0000000,5.0000000,12.2000000,1759.6123047,1614.5209961
511,2020-11-03,2021,Group stage,Tue,Champions Lg,19:55 (18:55),ua Shakhtar,L,0.0000000,6.0000000,Gladbach,0.4000000,2.3000000,53.0000000,20.0000000,10.0000000,15.3000000,47.0000000,20.0000000,10.0000000,15.3000000,,1775.8712158
512,2020-11-03,2021,Group stage,Tue,Champions Lg,21:00,at RB Salzburg,L,2.0000000,6.0000000,Bayern Munich,1.8000000,2.9000000,41.0000000,20.0000000,8.0000000,18.3000000,59.0000000,20.0000000,8.0000000,18.3000000,,2037.9885254
513,2020-11-03,2021,First round,Tue,DFB-Pokal,16:30,Schweinfurt,L,1.0000000,4.0000000,Schalke 04,,,34.0000000,18.0000000,11.0000000,,66.0000000,18.0000000,11.0000000,,,1588.6676025
514,2020-11-04,2021,Group stage,Wed,Champions Lg,21:00,be Club Brugge,L,0.0000000,3.0000000,Dortmund,1.2000000,1.8000000,46.0000000,11.0000000,6.0000000,15.7000000,54.0000000,11.0000000,6.0000000,15.7000000,,1854.1317139
515,2020-11-04,2021,Group stage,Wed,Champions Lg,21:00,RB Leipzig,W,2.0000000,1.0000000,fr Paris S-G,1.9000000,1.3000000,49.0000000,11.0000000,4.0000000,19.5000000,51.0000000,11.0000000,4.0000000,19.5000000,1851.9968262,
516,2020-11-05,2021,Group stage,Thu,Europa Lg,19:55 (18:55),il Be'er Sheva,L,2.0000000,4.0000000,Leverkusen,1.6000000,1.6000000,34.0000000,18.0000000,8.0000000,19.5000000,66.0000000,18.0000000,8.0000000,19.5000000,,1816.5467529
517,2020-11-05,2021,Group stage,Thu,Europa Lg,21:00,Hoffenheim,W,5.0000000,0.0000000,cz Slovan Liberec,3.9000000,0.3000000,79.0000000,24.0000000,11.0000000,17.8000000,21.0000000,24.0000000,11.0000000,17.8000000,1757.4279785,
518,2020-11-06,2021,Matchweek 7,Fri,Bundesliga,20:30,Werder Bremen,D,1.0000000,1.0000000,Köln,1.6000000,0.4000000,67.0000000,16.0000000,3.0000000,22.5000000,33.0000000,7.0000000,1.0000000,17.4000000,1665.5753174,1606.7587891
519,2020-11-07,2021,Matchweek 7,Sat,Bundesliga,15:30,RB Leipzig,W,3.0000000,0.0000000,Freiburg,2.2000000,0.6000000,55.0000000,14.0000000,6.0000000,19.7000000,45.0000000,8.0000000,3.0000000,12.2000000,1867.0467529,1672.4055176
520,2020-11-07,2021,Matchweek 7,Sat,Bundesliga,18:30,Dortmund,L,2.0000000,3.0000000,Bayern Munich,2.5000000,1.2000000,51.0000000,15.0000000,5.0000000,14.2000000,49.0000000,14.0000000,7.0000000,16.7000000,1869.8764648,2062.1528320
521,2020-11-07,2021,Matchweek 7,Sat,Bundesliga,15:30,Stuttgart,D,2.0000000,2.0000000,Eint Frankfurt,2.0000000,3.2000000,41.0000000,14.0000000,4.0000000,19.9000000,59.0000000,16.0000000,6.0000000,14.9000000,1619.7744141,1728.3807373
522,2020-11-07,2021,Matchweek 7,Sat,Bundesliga,15:30,Union Berlin,W,5.0000000,0.0000000,Arminia,2.0000000,0.3000000,51.0000000,11.0000000,8.0000000,18.5000000,49.0000000,6.0000000,1.0000000,20.1000000,1649.9210205,1609.6975098
523,2020-11-07,2021,Matchweek 7,Sat,Bundesliga,15:30,Augsburg,L,0.0000000,3.0000000,Hertha BSC,0.3000000,2.2000000,47.0000000,8.0000000,1.0000000,25.7000000,53.0000000,11.0000000,4.0000000,17.7000000,1659.0661621,1656.1231690
524,2020-11-07,2021,Matchweek 7,Sat,Bundesliga,15:30,Mainz 05,D,2.0000000,2.0000000,Schalke 04,3.7000000,1.9000000,33.0000000,11.0000000,5.0000000,20.1000000,67.0000000,21.0000000,3.0000000,15.4000000,1616.4840088,1606.2211914
525,2020-11-08,2021,Matchweek 7,Sun,Bundesliga,18:00,Leverkusen,W,4.0000000,3.0000000,Gladbach,1.3000000,2.7000000,59.0000000,13.0000000,4.0000000,18.0000000,41.0000000,14.0000000,5.0000000,17.4000000,1821.1496582,1816.7307129
526,2020-11-08,2021,Matchweek 7,Sun,Bundesliga,15:30,Wolfsburg,W,2.0000000,1.0000000,Hoffenheim,1.9000000,2.8000000,46.0000000,13.0000000,7.0000000,21.1000000,54.0000000,15.0000000,4.0000000,15.1000000,1730.0273438,1762.2125244
527,2020-11-21,2021,Matchweek 8,Sat,Bundesliga,15:30,Bayern Munich,D,1.0000000,1.0000000,Werder Bremen,1.7000000,1.7000000,70.0000000,16.0000000,2.0000000,17.8000000,30.0000000,7.0000000,3.0000000,14.3000000,2066.3937988,1662.6944580
528,2020-11-21,2021,Matchweek 8,Sat,Bundesliga,15:30,Gladbach,D,1.0000000,1.0000000,Augsburg,2.1000000,0.8000000,52.0000000,14.0000000,6.0000000,15.9000000,48.0000000,9.0000000,5.0000000,21.7000000,1810.1191406,1643.1777344
529,2020-11-21,2021,Matchweek 8,Sat,Bundesliga,15:30,Hoffenheim,D,3.0000000,3.0000000,Stuttgart,1.7000000,1.6000000,43.0000000,12.0000000,7.0000000,19.5000000,57.0000000,22.0000000,8.0000000,16.2000000,1754.4816894,1621.6021728
530,2020-11-21,2021,Matchweek 8,Sat,Bundesliga,15:30,Schalke 04,L,0.0000000,2.0000000,Wolfsburg,1.1000000,2.5000000,43.0000000,13.0000000,7.0000000,15.8000000,57.0000000,18.0000000,7.0000000,16.6000000,1607.7811279,1737.7583008
531,2020-11-21,2021,Matchweek 8,Sat,Bundesliga,20:30,Hertha BSC,L,2.0000000,5.0000000,Dortmund,1.5000000,2.8000000,41.0000000,8.0000000,2.0000000,22.8000000,59.0000000,16.0000000,8.0000000,16.0000000,1672.0115967,1865.6353760
532,2020-11-21,2021,Matchweek 8,Sat,Bundesliga,15:30,Arminia,L,1.0000000,2.0000000,Leverkusen,0.0000000,1.2000000,31.0000000,0.0000000,0.0000000,,69.0000000,8.0000000,4.0000000,14.1000000,1596.6817627,1827.7612305
533,2020-11-21,2021,Matchweek 8,Sat,Bundesliga,18:30,Eint Frankfurt,D,1.0000000,1.0000000,RB Leipzig,1.0000000,0.8000000,38.0000000,8.0000000,3.0000000,15.1000000,62.0000000,10.0000000,2.0000000,11.1000000,1726.5529785,1871.9360352
534,2020-11-22,2021,Matchweek 8,Sun,Bundesliga,18:00,Köln,L,1.0000000,2.0000000,Union Berlin,1.2000000,1.8000000,49.0000000,9.0000000,3.0000000,15.0000000,51.0000000,8.0000000,2.0000000,17.8000000,1609.6395264,1662.9368897
535,2020-11-22,2021,Matchweek 8,Sun,Bundesliga,15:30,Freiburg,L,1.0000000,3.0000000,Mainz 05,2.0000000,2.9000000,71.0000000,20.0000000,6.0000000,18.5000000,29.0000000,20.0000000,8.0000000,19.2000000,1667.5162353,1614.9240723
536,2020-11-24,2021,Group stage,Tue,Champions Lg,21:00,Dortmund,W,3.0000000,0.0000000,be Club Brugge,1.6000000,0.1000000,52.0000000,21.0000000,8.0000000,18.4000000,48.0000000,21.0000000,8.0000000,18.4000000,1872.9672852,
537,2020-11-24,2021,Group stage,Tue,Champions Lg,21:00,fr Paris S-G,W,1.0000000,0.0000000,RB Leipzig,1.1000000,1.4000000,38.0000000,15.0000000,3.0000000,17.8000000,62.0000000,15.0000000,3.0000000,17.8000000,,1869.0084228
538,2020-11-25,2021,Group stage,Wed,Champions Lg,18:55,Gladbach,W,4.0000000,0.0000000,ua Shakhtar,3.2000000,0.7000000,47.0000000,13.0000000,5.0000000,17.8000000,53.0000000,13.0000000,5.0000000,17.8000000,1804.1044922,
539,2020-11-25,2021,Group stage,Wed,Champions Lg,21:00,Bayern Munich,W,3.0000000,1.0000000,at RB Salzburg,1.3000000,3.3000000,59.0000000,11.0000000,5.0000000,19.3000000,41.0000000,11.0000000,5.0000000,19.3000000,2057.1691894,
540,2020-11-26,2021,Group stage,Thu,Europa Lg,21:00,Leverkusen,W,4.0000000,1.0000000,il Be'er Sheva,2.9000000,0.3000000,79.0000000,22.0000000,8.0000000,17.4000000,21.0000000,22.0000000,8.0000000,17.4000000,1834.4689941,
541,2020-11-26,2021,Group stage,Thu,Europa Lg,18:55,cz Slovan Liberec,L,0.0000000,2.0000000,Hoffenheim,0.4000000,1.8000000,29.0000000,12.0000000,2.0000000,18.4000000,71.0000000,12.0000000,2.0000000,18.4000000,,1753.0501709
542,2020-11-27,2021,Matchweek 9,Fri,Bundesliga,20:30,Wolfsburg,W,5.0000000,3.0000000,Werder Bremen,1.5000000,1.0000000,61.0000000,13.0000000,6.0000000,15.8000000,39.0000000,5.0000000,4.0000000,14.5000000,1750.6512451,1676.0539551
543,2020-11-28,2021,Matchweek 9,Sat,Bundesliga,15:30,Dortmund,L,1.0000000,2.0000000,Köln,3.0000000,1.5000000,69.0000000,16.0000000,5.0000000,14.6000000,31.0000000,6.0000000,5.0000000,10.5000000,1881.7729492,1607.0294190
544,2020-11-28,2021,Matchweek 9,Sat,Bundesliga,15:30,Stuttgart,L,1.0000000,3.0000000,Bayern Munich,1.2000000,0.9000000,43.0000000,15.0000000,4.0000000,18.7000000,57.0000000,14.0000000,6.0000000,19.8000000,1631.0158691,2064.4799805
545,2020-11-28,2021,Matchweek 9,Sat,Bundesliga,15:30,Augsburg,D,1.0000000,1.0000000,Freiburg,0.5000000,0.8000000,58.0000000,10.0000000,2.0000000,18.7000000,42.0000000,10.0000000,5.0000000,19.4000000,1653.3272705,1657.6971435
546,2020-11-28,2021,Matchweek 9,Sat,Bundesliga,15:30,Union Berlin,D,3.0000000,3.0000000,Eint Frankfurt,2.4000000,1.4000000,44.0000000,14.0000000,6.0000000,18.8000000,56.0000000,13.0000000,5.0000000,15.4000000,1675.1427002,1734.2783203
547,2020-11-28,2021,Matchweek 9,Sat,Bundesliga,15:30,RB Leipzig,W,2.0000000,1.0000000,Arminia,2.5000000,1.6000000,58.0000000,14.0000000,5.0000000,18.3000000,42.0000000,14.0000000,3.0000000,15.9000000,1867.8410644,1597.9561768
548,2020-11-28,2021,Matchweek 9,Sat,Bundesliga,18:30,Gladbach,W,4.0000000,1.0000000,Schalke 04,3.0000000,0.9000000,56.0000000,18.0000000,9.0000000,12.4000000,44.0000000,13.0000000,2.0000000,20.4000000,1819.1325684,1604.4837647
549,2020-11-29,2021,Matchweek 9,Sun,Bundesliga,15:30,Leverkusen,D,0.0000000,0.0000000,Hertha BSC,1.2000000,0.6000000,58.0000000,16.0000000,1.0000000,19.6000000,42.0000000,5.0000000,3.0000000,21.3000000,1837.3834228,1669.4775391
550,2020-11-29,2021,Matchweek 9,Sun,Bundesliga,18:00,Mainz 05,D,1.0000000,1.0000000,Hoffenheim,1.6000000,1.1000000,36.0000000,9.0000000,3.0000000,12.3000000,64.0000000,10.0000000,4.0000000,14.7000000,1634.3387451,1758.1752930
551,2020-12-01,2021,Group stage,Tue,Champions Lg,21:00,es Atlético Madrid,D,1.0000000,1.0000000,Bayern Munich,1.6000000,1.1000000,46.0000000,5.0000000,1.0000000,21.9000000,54.0000000,5.0000000,1.0000000,21.9000000,,2066.0095215
552,2020-12-01,2021,Group stage,Tue,Champions Lg,21:00,Gladbach,L,2.0000000,3.0000000,it Inter,1.3000000,1.6000000,54.0000000,10.0000000,5.0000000,18.2000000,46.0000000,10.0000000,5.0000000,18.2000000,1823.7044678,
553,2020-12-02,2021,Group stage,Wed,Champions Lg,20:55 (18:55),tr Başakşehir,L,3.0000000,4.0000000,RB Leipzig,0.6000000,2.1000000,46.0000000,20.0000000,7.0000000,14.9000000,54.0000000,20.0000000,7.0000000,14.9000000,,1865.8375244
554,2020-12-02,2021,Group stage,Wed,Champions Lg,21:00,Dortmund,D,1.0000000,1.0000000,it Lazio,1.4000000,1.9000000,56.0000000,13.0000000,4.0000000,17.0000000,44.0000000,13.0000000,4.0000000,17.0000000,1862.9752197,
555,2020-12-03,2021,Group stage,Thu,Europa Lg,18:55,rs Red Star,D,0.0000000,0.0000000,Hoffenheim,0.2000000,1.3000000,38.0000000,16.0000000,5.0000000,19.3000000,62.0000000,16.0000000,5.0000000,19.3000000,,1751.0014648
556,2020-12-03,2021,Group stage,Thu,Europa Lg,21:00,fr Nice,L,2.0000000,3.0000000,Leverkusen,1.1000000,2.4000000,37.0000000,18.0000000,9.0000000,19.3000000,63.0000000,18.0000000,9.0000000,19.3000000,,1827.3920898
557,2020-12-04,2021,Matchweek 10,Fri,Bundesliga,20:30,Hertha BSC,W,3.0000000,1.0000000,Union Berlin,0.7000000,0.3000000,68.0000000,10.0000000,7.0000000,18.1000000,32.0000000,5.0000000,1.0000000,17.2000000,1671.0209961,1672.0358887
558,2020-12-05,2021,Matchweek 10,Sat,Bundesliga,15:30,Arminia,W,2.0000000,1.0000000,Mainz 05,1.2000000,2.8000000,48.0000000,12.0000000,5.0000000,20.7000000,52.0000000,15.0000000,5.0000000,15.0000000,1592.2366943,1633.0648193
559,2020-12-05,2021,Matchweek 10,Sat,Bundesliga,15:30,Freiburg,D,2.0000000,2.0000000,Gladbach,3.6000000,1.5000000,39.0000000,21.0000000,6.0000000,16.5000000,61.0000000,12.0000000,4.0000000,19.2000000,1654.8958740,1810.9245606
560,2020-12-05,2021,Matchweek 10,Sat,Bundesliga,15:30,Köln,D,2.0000000,2.0000000,Wolfsburg,1.1000000,1.9000000,41.0000000,6.0000000,3.0000000,16.8000000,59.0000000,16.0000000,6.0000000,18.7000000,1618.1041260,1754.3942871
561,2020-12-05,2021,Matchweek 10,Sat,Bundesliga,15:30,Eint Frankfurt,D,1.0000000,1.0000000,Dortmund,1.0000000,1.1000000,43.0000000,9.0000000,1.0000000,21.5000000,57.0000000,16.0000000,5.0000000,18.8000000,1729.9044190,1858.4246826
562,2020-12-05,2021,Matchweek 10,Sat,Bundesliga,18:30,Bayern Munich,D,3.0000000,3.0000000,RB Leipzig,1.0000000,1.5000000,61.0000000,9.0000000,5.0000000,16.4000000,39.0000000,7.0000000,4.0000000,16.6000000,2059.3918457,1868.6926269
563,2020-12-06,2021,Matchweek 10,Sun,Bundesliga,18:00,Schalke 04,L,0.0000000,3.0000000,Leverkusen,1.4000000,2.5000000,37.0000000,14.0000000,3.0000000,21.8000000,63.0000000,25.0000000,9.0000000,18.3000000,1596.1715088,1832.0471191
564,2020-12-06,2021,Matchweek 10,Sun,Bundesliga,15:30,Werder Bremen,L,1.0000000,2.0000000,Stuttgart,0.7000000,2.2000000,54.0000000,13.0000000,3.0000000,18.9000000,46.0000000,10.0000000,5.0000000,19.8000000,1664.8303223,1625.7460938
565,2020-12-07,2021,Matchweek 10,Mon,Bundesliga,20:30,Hoffenheim,W,3.0000000,1.0000000,Augsburg,1.5000000,0.9000000,55.0000000,10.0000000,7.0000000,15.5000000,45.0000000,12.0000000,2.0000000,17.3000000,1751.2045898,1648.6478272
566,2020-12-08,2021,Group stage,Tue,Champions Lg,21:00,RB Leipzig,W,3.0000000,2.0000000,eng Manchester Utd,1.5000000,2.0000000,45.0000000,9.0000000,4.0000000,16.5000000,55.0000000,9.0000000,4.0000000,16.5000000,1874.4716797,
567,2020-12-08,2021,Group stage,Tue,Champions Lg,20:55 (18:55),ru Zenit,L,1.0000000,2.0000000,Dortmund,1.2000000,1.6000000,45.0000000,14.0000000,5.0000000,15.6000000,55.0000000,14.0000000,5.0000000,15.6000000,,1855.8864746
568,2020-12-09,2021,Group stage,Wed,Champions Lg,21:00,es Real Madrid,W,2.0000000,0.0000000,Gladbach,2.8000000,1.0000000,63.0000000,7.0000000,1.0000000,17.0000000,37.0000000,7.0000000,1.0000000,17.0000000,,1811.2250977
569,2020-12-09,2021,Group stage,Wed,Champions Lg,21:00,Bayern Munich,W,2.0000000,0.0000000,ru Loko Moscow,1.7000000,0.4000000,69.0000000,22.0000000,7.0000000,20.0000000,31.0000000,22.0000000,7.0000000,20.0000000,2057.1762695,
570,2020-12-10,2021,Group stage,Thu,Europa Lg,18:55,Leverkusen,W,4.0000000,0.0000000,cz Slavia Prague,4.3000000,0.3000000,54.0000000,18.0000000,7.0000000,12.9000000,46.0000000,18.0000000,7.0000000,12.9000000,1839.3715820,
571,2020-12-10,2021,Group stage,Thu,Europa Lg,21:00,Hoffenheim,W,4.0000000,1.0000000,be Gent,2.2000000,1.2000000,63.0000000,14.0000000,6.0000000,16.0000000,37.0000000,14.0000000,6.0000000,16.0000000,1759.1578369,
572,2020-12-11,2021,Matchweek 11,Fri,Bundesliga,20:30,Wolfsburg,W,2.0000000,1.0000000,Eint Frankfurt,2.9000000,1.5000000,54.0000000,17.0000000,8.0000000,17.1000000,46.0000000,6.0000000,3.0000000,23.6000000,1756.1928711,1736.9874268
573,2020-12-12,2021,Matchweek 11,Sat,Bundesliga,15:30,Dortmund,L,1.0000000,5.0000000,Stuttgart,0.9000000,3.1000000,71.0000000,12.0000000,4.0000000,20.7000000,29.0000000,17.0000000,9.0000000,19.0000000,1864.8033447,1640.2081299
574,2020-12-12,2021,Matchweek 11,Sat,Bundesliga,18:30,Union Berlin,D,1.0000000,1.0000000,Bayern Munich,1.3000000,1.1000000,33.0000000,12.0000000,5.0000000,20.9000000,67.0000000,12.0000000,5.0000000,20.1000000,1666.6390381,2058.8532715
575,2020-12-12,2021,Matchweek 11,Sat,Bundesliga,15:30,RB Leipzig,W,2.0000000,0.0000000,Werder Bremen,2.4000000,0.6000000,55.0000000,14.0000000,6.0000000,21.6000000,45.0000000,10.0000000,2.0000000,20.5000000,1885.4465332,1659.4577637
576,2020-12-12,2021,Matchweek 11,Sat,Bundesliga,15:30,Mainz 05,L,0.0000000,1.0000000,Köln,1.7000000,0.8000000,60.0000000,15.0000000,4.0000000,16.6000000,40.0000000,9.0000000,6.0000000,18.2000000,1629.5137940,1625.3951416
577,2020-12-12,2021,Matchweek 11,Sat,Bundesliga,15:30,Freiburg,W,2.0000000,0.0000000,Arminia,2.4000000,0.2000000,48.0000000,15.0000000,6.0000000,17.5000000,52.0000000,5.0000000,2.0000000,19.1000000,1662.7034912,1604.8771973
578,2020-12-12,2021,Matchweek 11,Sat,Bundesliga,15:30,Gladbach,D,1.0000000,1.0000000,Hertha BSC,1.7000000,0.4000000,55.0000000,16.0000000,3.0000000,17.6000000,45.0000000,7.0000000,3.0000000,19.8000000,1804.9577637,1685.5074463
579,2020-12-13,2021,Matchweek 11,Sun,Bundesliga,18:00,Leverkusen,W,4.0000000,1.0000000,Hoffenheim,2.2000000,1.6000000,60.0000000,12.0000000,7.0000000,19.8000000,40.0000000,11.0000000,4.0000000,18.6000000,1849.2919922,1765.0924072
580,2020-12-13,2021,Matchweek 11,Sun,Bundesliga,15:30,Augsburg,D,2.0000000,2.0000000,Schalke 04,1.4000000,2.3000000,41.0000000,9.0000000,4.0000000,17.3000000,59.0000000,16.0000000,4.0000000,18.2000000,1646.6514893,1594.8040772
581,2020-12-15,2021,Matchweek 12,Tue,Bundesliga,20:30,Hertha BSC,D,0.0000000,0.0000000,Mainz 05,0.8000000,0.8000000,64.0000000,11.0000000,0.0000000,17.0000000,36.0000000,5.0000000,0.0000000,15.4000000,1689.6727295,1620.7281494
582,2020-12-15,2021,Matchweek 12,Tue,Bundesliga,20:30,Werder Bremen,L,1.0000000,2.0000000,Dortmund,0.3000000,2.9000000,46.0000000,6.0000000,3.0000000,21.2000000,54.0000000,14.0000000,8.0000000,16.0000000,1655.9591065,1836.7911377
583,2020-12-15,2021,Matchweek 12,Tue,Bundesliga,20:30,Stuttgart,D,2.0000000,2.0000000,Union Berlin,2.0000000,0.7000000,62.0000000,14.0000000,5.0000000,13.2000000,38.0000000,15.0000000,5.0000000,18.0000000,1668.2204590,1674.3748779
584,2020-12-15,2021,Matchweek 12,Tue,Bundesliga,18:30,Eint Frankfurt,D,3.0000000,3.0000000,Gladbach,1.9000000,1.4000000,40.0000000,9.0000000,2.0000000,20.4000000,60.0000000,7.0000000,4.0000000,21.4000000,1730.4295654,1800.7924805
585,2020-12-16,2021,Matchweek 12,Wed,Bundesliga,20:30,Arminia,L,0.0000000,1.0000000,Augsburg,0.6000000,0.4000000,48.0000000,12.0000000,2.0000000,20.5000000,52.0000000,9.0000000,2.0000000,22.3000000,1596.8895264,1644.2750244
586,2020-12-16,2021,Matchweek 12,Wed,Bundesliga,20:30,Hoffenheim,L,0.0000000,1.0000000,RB Leipzig,0.6000000,0.5000000,45.0000000,6.0000000,2.0000000,10.0000000,55.0000000,4.0000000,3.0000000,20.3000000,1756.4509277,1888.9451904
587,2020-12-16,2021,Matchweek 12,Wed,Bundesliga,20:30,Köln,L,0.0000000,4.0000000,Leverkusen,0.4000000,1.6000000,34.0000000,7.0000000,0.0000000,18.4000000,66.0000000,14.0000000,7.0000000,19.3000000,1634.1807861,1857.9333496
588,2020-12-16,2021,Matchweek 12,Wed,Bundesliga,18:30,Schalke 04,L,0.0000000,2.0000000,Freiburg,0.5000000,1.2000000,54.0000000,10.0000000,2.0000000,21.5000000,46.0000000,11.0000000,3.0000000,13.7000000,1597.1805420,1670.6911621
589,2020-12-16,2021,Matchweek 12,Wed,Bundesliga,20:30,Bayern Munich,W,2.0000000,1.0000000,Wolfsburg,1.8000000,1.0000000,59.0000000,11.0000000,2.0000000,13.0000000,41.0000000,17.0000000,6.0000000,21.6000000,2051.1171875,1762.7507324
590,2020-12-18,2021,Matchweek 13,Fri,Bundesliga,20:30,Union Berlin,W,2.0000000,1.0000000,Dortmund,1.0000000,1.3000000,30.0000000,12.0000000,5.0000000,18.0000000,70.0000000,16.0000000,3.0000000,17.4000000,1675.1160889,1841.1033935
591,2020-12-19,2021,Matchweek 13,Sat,Bundesliga,18:30,Leverkusen,L,1.0000000,2.0000000,Bayern Munich,0.3000000,1.1000000,51.0000000,7.0000000,2.0000000,21.9000000,49.0000000,14.0000000,3.0000000,18.4000000,1864.7752685,2052.9145508
592,2020-12-19,2021,Matchweek 13,Sat,Bundesliga,15:30,RB Leipzig,D,0.0000000,0.0000000,Köln,2.1000000,0.4000000,64.0000000,18.0000000,6.0000000,14.0000000,36.0000000,4.0000000,1.0000000,28.3000000,1894.2161865,1627.3389893
593,2020-12-19,2021,Matchweek 13,Sat,Bundesliga,15:30,Augsburg,L,0.0000000,2.0000000,Eint Frankfurt,1.6000000,2.2000000,46.0000000,15.0000000,4.0000000,17.9000000,54.0000000,15.0000000,6.0000000,14.3000000,1651.7844238,1731.5306397
594,2020-12-19,2021,Matchweek 13,Sat,Bundesliga,15:30,Schalke 04,L,0.0000000,1.0000000,Arminia,0.4000000,1.0000000,46.0000000,9.0000000,2.0000000,22.4000000,54.0000000,9.0000000,3.0000000,14.6000000,1587.3477783,1589.3802490
595,2020-12-19,2021,Matchweek 13,Sat,Bundesliga,15:30,Mainz 05,L,0.0000000,1.0000000,Werder Bremen,0.5000000,1.0000000,44.0000000,8.0000000,1.0000000,19.0000000,56.0000000,13.0000000,7.0000000,20.1000000,1623.5531006,1651.6467285
596,2020-12-19,2021,Matchweek 13,Sat,Bundesliga,15:30,Gladbach,L,1.0000000,2.0000000,Hoffenheim,1.9000000,2.1000000,48.0000000,14.0000000,4.0000000,21.4000000,52.0000000,16.0000000,5.0000000,16.1000000,1799.6914062,1751.1800537
597,2020-12-20,2021,Matchweek 13,Sun,Bundesliga,15:30,Freiburg,W,4.0000000,1.0000000,Hertha BSC,2.8000000,1.9000000,43.0000000,16.0000000,8.0000000,17.0000000,57.0000000,9.0000000,3.0000000,13.4000000,1680.5238037,1686.8477783
598,2020-12-20,2021,Matchweek 13,Sun,Bundesliga,18:00,Wolfsburg,W,1.0000000,0.0000000,Stuttgart,1.4000000,1.2000000,48.0000000,13.0000000,5.0000000,14.4000000,52.0000000,9.0000000,2.0000000,13.4000000,1760.9534912,1667.4792481
599,2020-12-22,2021,Second round,Tue,DFB-Pokal,18:30,Hoffenheim,D,2.0000000,2.0000000,Greuther Fürth,,,57.0000000,16.0000000,3.0000000,,43.0000000,16.0000000,3.0000000,,1761.1389160,1516.3383789
600,2020-12-22,2021,Second round,Tue,DFB-Pokal,20:45,Union Berlin,L,2.0000000,3.0000000,Paderborn 07,,,55.0000000,19.0000000,4.0000000,,45.0000000,19.0000000,4.0000000,,1686.4699707,1511.4783935
601,2020-12-22,2021,Second round,Tue,DFB-Pokal,18:30,Augsburg,L,0.0000000,3.0000000,RB Leipzig,,,36.0000000,6.0000000,1.0000000,,64.0000000,20.0000000,10.0000000,,1642.2684326,1894.2161865
602,2020-12-22,2021,Second round,Tue,DFB-Pokal,18:30,Köln,W,1.0000000,0.0000000,Osnabrück,,,63.0000000,23.0000000,3.0000000,,37.0000000,23.0000000,3.0000000,,1634.3159180,
603,2020-12-22,2021,Second round,Tue,DFB-Pokal,20:00,BTSV,L,0.0000000,2.0000000,Dortmund,,,34.0000000,19.0000000,4.0000000,,66.0000000,19.0000000,4.0000000,,,1829.7493897
604,2020-12-22,2021,Second round,Tue,DFB-Pokal,18:30,Ulm,L,1.0000000,3.0000000,Schalke 04,,,47.0000000,12.0000000,10.0000000,,53.0000000,12.0000000,10.0000000,,,1587.3477783
605,2020-12-22,2021,Second round,Tue,DFB-Pokal,20:45,Elversberg,L,0.0000000,5.0000000,Gladbach,,,28.0000000,19.0000000,10.0000000,,72.0000000,19.0000000,10.0000000,,,1789.7324219
606,2020-12-23,2021,Second round,Wed,DFB-Pokal,20:45,Hannover 96,L,0.0000000,3.0000000,Werder Bremen,,,53.0000000,15.0000000,8.0000000,,47.0000000,15.0000000,8.0000000,,,1659.7170410
607,2020-12-23,2021,Second round,Wed,DFB-Pokal,18:30,Wolfsburg,W,4.0000000,0.0000000,Sandhausen,,,69.0000000,20.0000000,11.0000000,,31.0000000,20.0000000,11.0000000,,1760.9534912,
608,2020-12-23,2021,Second round,Wed,DFB-Pokal,20:45,Stuttgart,W,1.0000000,0.0000000,Freiburg,,,54.0000000,13.0000000,8.0000000,,47.0000000,12.0000000,5.0000000,,1662.4873047,1680.5238037
609,2020-12-23,2021,Second round,Wed,DFB-Pokal,20:45,Mainz 05,D,2.0000000,2.0000000,Bochum,,,43.0000000,14.0000000,6.0000000,,57.0000000,14.0000000,6.0000000,,1615.4827881,1535.2989502
610,2021-01-02,2021,Matchweek 14,Sat,Bundesliga,15:30,Werder Bremen,L,0.0000000,2.0000000,Union Berlin,0.8000000,1.0000000,57.0000000,11.0000000,2.0000000,19.1000000,43.0000000,9.0000000,2.0000000,19.6000000,1659.7170410,1686.4699707
611,2021-01-02,2021,Matchweek 14,Sat,Bundesliga,20:30,Stuttgart,L,0.0000000,1.0000000,RB Leipzig,0.9000000,2.8000000,45.0000000,10.0000000,1.0000000,15.6000000,55.0000000,21.0000000,7.0000000,17.6000000,1662.4873047,1887.2391357
612,2021-01-02,2021,Matchweek 14,Sat,Bundesliga,15:30,Hoffenheim,L,1.0000000,3.0000000,Freiburg,1.2000000,2.0000000,69.0000000,15.0000000,6.0000000,17.2000000,31.0000000,9.0000000,4.0000000,16.8000000,1761.1389160,1693.3024902
613,2021-01-02,2021,Matchweek 14,Sat,Bundesliga,15:30,Eint Frankfurt,W,2.0000000,1.0000000,Leverkusen,1.5000000,0.8000000,35.0000000,11.0000000,4.0000000,19.2000000,65.0000000,7.0000000,2.0000000,15.6000000,1741.0467529,1860.7076416
614,2021-01-02,2021,Matchweek 14,Sat,Bundesliga,18:30,Hertha BSC,W,3.0000000,0.0000000,Schalke 04,2.1000000,0.8000000,62.0000000,21.0000000,9.0000000,19.1000000,38.0000000,11.0000000,4.0000000,20.7000000,1674.0689697,1578.5600586
615,2021-01-02,2021,Matchweek 14,Sat,Bundesliga,15:30,Arminia,L,0.0000000,1.0000000,Gladbach,0.9000000,2.5000000,42.0000000,7.0000000,0.0000000,19.6000000,58.0000000,24.0000000,6.0000000,17.9000000,1598.1679688,1789.7324219
616,2021-01-02,2021,Matchweek 14,Sat,Bundesliga,15:30,Köln,L,0.0000000,1.0000000,Augsburg,0.6000000,1.4000000,45.0000000,12.0000000,2.0000000,16.4000000,55.0000000,11.0000000,4.0000000,18.2000000,1634.3159180,1642.2684326
617,2021-01-03,2021,Matchweek 14,Sun,Bundesliga,15:30,Dortmund,W,2.0000000,0.0000000,Wolfsburg,1.8000000,2.1000000,59.0000000,14.0000000,7.0000000,15.9000000,41.0000000,21.0000000,5.0000000,20.0000000,1829.7493897,1765.9454346
618,2021-01-03,2021,Matchweek 14,Sun,Bundesliga,18:00,Bayern Munich,W,5.0000000,2.0000000,Mainz 05,4.3000000,1.3000000,72.0000000,16.0000000,10.0000000,14.3000000,28.0000000,12.0000000,7.0000000,20.1000000,2056.9821777,1615.4827881
619,2021-01-08,2021,Matchweek 15,Fri,Bundesliga,20:30,Gladbach,W,3.0000000,2.0000000,Bayern Munich,1.2000000,1.5000000,33.0000000,8.0000000,4.0000000,17.4000000,67.0000000,15.0000000,2.0000000,20.7000000,1793.8166504,2058.2641602
620,2021-01-09,2021,Matchweek 15,Sat,Bundesliga,18:30,RB Leipzig,L,1.0000000,3.0000000,Dortmund,1.7000000,2.2000000,54.0000000,12.0000000,4.0000000,19.7000000,46.0000000,15.0000000,6.0000000,14.7000000,1890.6914062,1837.7458496
621,2021-01-09,2021,Matchweek 15,Sat,Bundesliga,15:30,Union Berlin,D,2.0000000,2.0000000,Wolfsburg,1.0000000,1.9000000,48.0000000,13.0000000,6.0000000,17.3000000,52.0000000,9.0000000,4.0000000,19.0000000,1697.7645264,1757.9489746
622,2021-01-09,2021,Matchweek 15,Sat,Bundesliga,15:30,Mainz 05,L,0.0000000,2.0000000,Eint Frankfurt,0.8000000,2.3000000,41.0000000,9.0000000,1.0000000,20.1000000,59.0000000,11.0000000,5.0000000,18.2000000,1614.2008057,1751.1740723
623,2021-01-09,2021,Matchweek 15,Sat,Bundesliga,15:30,Schalke 04,W,4.0000000,0.0000000,Hoffenheim,2.0000000,1.9000000,40.0000000,12.0000000,5.0000000,14.2000000,60.0000000,19.0000000,4.0000000,20.1000000,1569.9080810,1746.4368897
624,2021-01-09,2021,Matchweek 15,Sat,Bundesliga,15:30,Freiburg,W,5.0000000,0.0000000,Köln,2.5000000,0.2000000,49.0000000,13.0000000,6.0000000,14.7000000,51.0000000,5.0000000,2.0000000,24.7000000,1708.0045166,1625.9290772
625,2021-01-09,2021,Matchweek 15,Sat,Bundesliga,15:30,Leverkusen,D,1.0000000,1.0000000,Werder Bremen,0.7000000,0.3000000,73.0000000,12.0000000,3.0000000,19.5000000,27.0000000,2.0000000,1.0000000,16.9000000,1850.5803223,1648.4224853
626,2021-01-10,2021,Matchweek 15,Sun,Bundesliga,18:00,Arminia,W,1.0000000,0.0000000,Hertha BSC,0.7000000,0.6000000,49.0000000,12.0000000,2.0000000,18.8000000,51.0000000,11.0000000,4.0000000,17.7000000,1594.0837402,1682.7209473
627,2021-01-10,2021,Matchweek 15,Sun,Bundesliga,15:30,Augsburg,L,1.0000000,4.0000000,Stuttgart,1.0000000,3.5000000,43.0000000,12.0000000,3.0000000,20.2000000,57.0000000,25.0000000,9.0000000,17.3000000,1650.6552734,1659.0350342
628,2021-01-12,2021,Second round,Tue,DFB-Pokal,20:45,Leverkusen,W,4.0000000,1.0000000,Eint Frankfurt,,,52.0000000,14.0000000,9.0000000,,49.0000000,11.0000000,7.0000000,,1844.6857910,1751.1740723
629,2021-01-13,2021,Second round,Wed,DFB-Pokal,20:45,Holstein Kiel,D,2.0000000,2.0000000,Bayern Munich,,,39.0000000,23.0000000,10.0000000,,61.0000000,23.0000000,10.0000000,,1543.8278809,2058.2641602
630,2021-01-15,2021,Matchweek 16,Fri,Bundesliga,20:30,Union Berlin,W,1.0000000,0.0000000,Leverkusen,1.4000000,0.9000000,33.0000000,11.0000000,3.0000000,20.6000000,67.0000000,13.0000000,3.0000000,19.3000000,1698.5456543,1844.6857910
631,2021-01-16,2021,Matchweek 16,Sat,Bundesliga,15:30,Dortmund,D,1.0000000,1.0000000,Mainz 05,2.3000000,0.6000000,72.0000000,16.0000000,7.0000000,18.7000000,28.0000000,9.0000000,3.0000000,16.6000000,1852.1308594,1606.7563477
632,2021-01-16,2021,Matchweek 16,Sat,Bundesliga,15:30,Wolfsburg,D,2.0000000,2.0000000,RB Leipzig,0.8000000,2.4000000,48.0000000,9.0000000,2.0000000,14.5000000,52.0000000,13.0000000,8.0000000,12.8000000,1757.1679688,1876.3065185
633,2021-01-16,2021,Matchweek 16,Sat,Bundesliga,15:30,Hoffenheim,D,0.0000000,0.0000000,Arminia,0.6000000,0.7000000,53.0000000,12.0000000,5.0000000,19.2000000,47.0000000,9.0000000,2.0000000,18.7000000,1723.3352051,1603.5203857
634,2021-01-16,2021,Matchweek 16,Sat,Bundesliga,15:30,Köln,D,0.0000000,0.0000000,Hertha BSC,0.4000000,0.5000000,49.0000000,8.0000000,1.0000000,17.8000000,51.0000000,13.0000000,3.0000000,23.1000000,1614.5249023,1673.2843018
635,2021-01-16,2021,Matchweek 16,Sat,Bundesliga,18:30,Stuttgart,D,2.0000000,2.0000000,Gladbach,2.0000000,1.4000000,60.0000000,18.0000000,5.0000000,16.8000000,40.0000000,7.0000000,4.0000000,19.8000000,1673.8409424,1807.2834473
636,2021-01-16,2021,Matchweek 16,Sat,Bundesliga,15:30,Werder Bremen,W,2.0000000,0.0000000,Augsburg,1.3000000,0.8000000,49.0000000,11.0000000,5.0000000,16.1000000,51.0000000,6.0000000,0.0000000,12.7000000,1654.3170166,1635.8493652
637,2021-01-17,2021,Matchweek 16,Sun,Bundesliga,15:30,Bayern Munich,W,2.0000000,1.0000000,Freiburg,2.7000000,0.8000000,59.0000000,25.0000000,9.0000000,19.5000000,41.0000000,8.0000000,2.0000000,13.5000000,2044.7973633,1719.4086914
638,2021-01-17,2021,Matchweek 16,Sun,Bundesliga,18:00,Eint Frankfurt,W,3.0000000,1.0000000,Schalke 04,2.1000000,0.2000000,67.0000000,17.0000000,11.0000000,14.8000000,33.0000000,4.0000000,1.0000000,21.5000000,1758.6186523,1593.0098877
639,2021-01-19,2021,Matchweek 17,Tue,Bundesliga,20:30,Leverkusen,W,2.0000000,1.0000000,Dortmund,1.9000000,1.6000000,48.0000000,23.0000000,13.0000000,21.3000000,52.0000000,16.0000000,2.0000000,16.9000000,1833.8016357,1845.4866943
640,2021-01-19,2021,Matchweek 17,Tue,Bundesliga,20:30,Mainz 05,L,0.0000000,2.0000000,Wolfsburg,0.7000000,1.1000000,38.0000000,8.0000000,0.0000000,19.5000000,62.0000000,9.0000000,2.0000000,15.9000000,1613.4005127,1759.6027832
641,2021-01-19,2021,Matchweek 17,Tue,Bundesliga,20:30,Hertha BSC,L,0.0000000,3.0000000,Hoffenheim,1.7000000,1.3000000,57.0000000,12.0000000,1.0000000,22.4000000,43.0000000,11.0000000,6.0000000,18.1000000,1672.5388184,1719.2047119
642,2021-01-19,2021,Matchweek 17,Tue,Bundesliga,18:30,Gladbach,W,1.0000000,0.0000000,Werder Bremen,0.6000000,1.1000000,60.0000000,11.0000000,6.0000000,18.1000000,40.0000000,13.0000000,2.0000000,18.9000000,1804.4653320,1663.6776123
643,2021-01-20,2021,Matchweek 17,Wed,Bundesliga,18:30,Schalke 04,L,1.0000000,2.0000000,Köln,1.3000000,1.6000000,63.0000000,14.0000000,6.0000000,19.3000000,37.0000000,13.0000000,3.0000000,17.3000000,1588.0589600,1615.2703857
644,2021-01-20,2021,Matchweek 17,Wed,Bundesliga,20:30,Augsburg,L,0.0000000,1.0000000,Bayern Munich,1.2000000,1.7000000,37.0000000,8.0000000,0.0000000,21.7000000,63.0000000,12.0000000,3.0000000,20.8000000,1626.4886475,2046.2387695
645,2021-01-20,2021,Matchweek 17,Wed,Bundesliga,20:30,RB Leipzig,W,1.0000000,0.0000000,Union Berlin,1.6000000,0.2000000,67.0000000,16.0000000,5.0000000,19.7000000,33.0000000,4.0000000,1.0000000,22.7000000,1873.8715820,1709.4298096
646,2021-01-20,2021,Matchweek 17,Wed,Bundesliga,20:30,Arminia,W,3.0000000,0.0000000,Stuttgart,1.8000000,1.4000000,35.0000000,9.0000000,3.0000000,17.1000000,65.0000000,10.0000000,3.0000000,19.0000000,1607.6510010,1676.6590576
647,2021-01-20,2021,Matchweek 17,Wed,Bundesliga,20:30,Freiburg,D,2.0000000,2.0000000,Eint Frankfurt,0.8000000,1.2000000,39.0000000,11.0000000,4.0000000,19.7000000,61.0000000,15.0000000,3.0000000,16.2000000,1717.9671631,1763.5695801
648,2021-01-22,2021,Matchweek 18,Fri,Bundesliga,20:30,Gladbach,W,4.0000000,2.0000000,Dortmund,2.0000000,1.7000000,43.0000000,10.0000000,7.0000000,14.9000000,57.0000000,15.0000000,6.0000000,16.3000000,1808.3289795,1838.2115478
649,2021-01-23,2021,Matchweek 18,Sat,Bundesliga,15:30,Augsburg,W,2.0000000,1.0000000,Union Berlin,1.0000000,1.7000000,36.0000000,8.0000000,4.0000000,17.2000000,64.0000000,8.0000000,4.0000000,17.3000000,1625.3175049,1705.9313965
650,2021-01-23,2021,Matchweek 18,Sat,Bundesliga,15:30,Arminia,L,1.0000000,5.0000000,Eint Frankfurt,0.5000000,2.4000000,44.0000000,8.0000000,4.0000000,15.1000000,56.0000000,15.0000000,7.0000000,15.4000000,1623.2495117,1763.2199707
651,2021-01-23,2021,Matchweek 18,Sat,Bundesliga,15:30,Leverkusen,L,0.0000000,1.0000000,Wolfsburg,1.3000000,1.0000000,64.0000000,10.0000000,3.0000000,18.8000000,36.0000000,8.0000000,4.0000000,14.6000000,1841.0767822,1766.8916016
652,2021-01-23,2021,Matchweek 18,Sat,Bundesliga,18:30,Hertha BSC,L,1.0000000,4.0000000,Werder Bremen,2.3000000,1.5000000,66.0000000,17.0000000,9.0000000,18.8000000,34.0000000,6.0000000,4.0000000,22.2000000,1659.5093994,1659.8140869
653,2021-01-23,2021,Matchweek 18,Sat,Bundesliga,15:30,Freiburg,W,2.0000000,1.0000000,Stuttgart,1.3000000,3.1000000,40.0000000,10.0000000,5.0000000,12.7000000,60.0000000,24.0000000,8.0000000,22.0000000,1718.3167725,1661.0605469
654,2021-01-23,2021,Matchweek 18,Sat,Bundesliga,15:30,Mainz 05,W,3.0000000,2.0000000,RB Leipzig,1.8000000,1.5000000,32.0000000,9.0000000,4.0000000,11.8000000,68.0000000,13.0000000,5.0000000,16.1000000,1606.1118164,1877.3699951
655,2021-01-24,2021,Matchweek 18,Sun,Bundesliga,15:30,Schalke 04,L,0.0000000,4.0000000,Bayern Munich,0.9000000,3.5000000,40.0000000,13.0000000,3.0000000,18.2000000,60.0000000,31.0000000,13.0000000,16.6000000,1579.9045410,2047.4100342
656,2021-01-24,2021,Matchweek 18,Sun,Bundesliga,18:00,Hoffenheim,W,3.0000000,0.0000000,Köln,2.1000000,2.1000000,45.0000000,11.0000000,2.0000000,22.8000000,55.0000000,14.0000000,3.0000000,13.9000000,1732.2341309,1623.4248047
657,2021-01-29,2021,Matchweek 19,Fri,Bundesliga,20:30,Stuttgart,W,2.0000000,0.0000000,Mainz 05,0.9000000,0.4000000,52.0000000,11.0000000,3.0000000,16.5000000,48.0000000,9.0000000,2.0000000,22.6000000,1655.4454346,1619.8826904
658,2021-01-30,2021,Matchweek 19,Sat,Bundesliga,18:30,RB Leipzig,W,1.0000000,0.0000000,Leverkusen,1.4000000,0.7000000,46.0000000,16.0000000,2.0000000,18.0000000,54.0000000,8.0000000,3.0000000,24.2000000,1863.5991211,1830.3520508
659,2021-01-30,2021,Matchweek 19,Sat,Bundesliga,15:30,Bayern Munich,W,4.0000000,1.0000000,Hoffenheim,2.0000000,1.9000000,60.0000000,15.0000000,9.0000000,16.0000000,40.0000000,16.0000000,5.0000000,14.6000000,2049.1560059,1740.0162353
660,2021-01-30,2021,Matchweek 19,Sat,Bundesliga,15:30,Union Berlin,D,1.0000000,1.0000000,Gladbach,0.8000000,0.9000000,43.0000000,13.0000000,2.0000000,17.3000000,57.0000000,14.0000000,4.0000000,14.1000000,1696.6976318,1819.5003662
661,2021-01-30,2021,Matchweek 19,Sat,Bundesliga,15:30,Eint Frankfurt,W,3.0000000,1.0000000,Hertha BSC,2.1000000,0.5000000,60.0000000,14.0000000,6.0000000,17.4000000,40.0000000,9.0000000,3.0000000,17.6000000,1773.8280029,1644.2338867
662,2021-01-30,2021,Matchweek 19,Sat,Bundesliga,15:30,Werder Bremen,D,1.0000000,1.0000000,Schalke 04,0.7000000,0.5000000,49.0000000,15.0000000,5.0000000,19.5000000,51.0000000,6.0000000,1.0000000,20.0000000,1675.0895996,1578.1585693
663,2021-01-30,2021,Matchweek 19,Sat,Bundesliga,15:30,Dortmund,W,3.0000000,1.0000000,Augsburg,1.7000000,0.3000000,67.0000000,13.0000000,5.0000000,17.3000000,33.0000000,6.0000000,1.0000000,18.0000000,1827.0400391,1634.5512695
664,2021-01-31,2021,Matchweek 19,Sun,Bundesliga,18:00,Wolfsburg,W,3.0000000,0.0000000,Freiburg,1.8000000,1.1000000,46.0000000,12.0000000,5.0000000,15.6000000,54.0000000,10.0000000,2.0000000,10.5000000,1777.6163330,1723.9318848
665,2021-01-31,2021,Matchweek 19,Sun,Bundesliga,15:30,Köln,W,3.0000000,1.0000000,Arminia,1.3000000,1.0000000,45.0000000,14.0000000,6.0000000,16.9000000,55.0000000,9.0000000,3.0000000,17.0000000,1615.6425781,1612.6414795
666,2021-02-02,2021,Round of 16,Tue,DFB-Pokal,20:45,Werder Bremen,W,2.0000000,0.0000000,Greuther Fürth,,,42.0000000,16.0000000,5.0000000,,58.0000000,16.0000000,5.0000000,,1671.4403076,1533.3853760
667,2021-02-02,2021,Round of 16,Tue,DFB-Pokal,18:30,Rot-Weiss Essen,W,2.0000000,1.0000000,Leverkusen,,,31.0000000,27.0000000,11.0000000,,69.0000000,27.0000000,11.0000000,,,1824.1781006
668,2021-02-02,2021,Round of 16,Tue,DFB-Pokal,20:45,Dortmund,W,3.0000000,2.0000000,Paderborn 07,,,54.0000000,17.0000000,9.0000000,,46.0000000,17.0000000,9.0000000,,1831.2342529,1526.0626221
669,2021-02-03,2021,Round of 16,Wed,DFB-Pokal,18:30,RB Leipzig,W,4.0000000,0.0000000,Bochum,,,56.0000000,20.0000000,6.0000000,,44.0000000,20.0000000,6.0000000,,1869.7730713,1574.9656982
670,2021-02-03,2021,Round of 16,Wed,DFB-Pokal,18:30,Wolfsburg,W,1.0000000,0.0000000,Schalke 04,,,52.0000000,17.0000000,5.0000000,,49.0000000,6.0000000,3.0000000,,1777.6163330,1578.1585693
671,2021-02-03,2021,Round of 16,Wed,DFB-Pokal,20:45,Stuttgart,L,1.0000000,2.0000000,Gladbach,,,49.0000000,15.0000000,3.0000000,,51.0000000,12.0000000,4.0000000,,1664.2037353,1817.0522461
672,2021-02-03,2021,Round of 16,Wed,DFB-Pokal,20:45,Jahn R'burg,D,2.0000000,2.0000000,Köln,,,48.0000000,15.0000000,7.0000000,,52.0000000,15.0000000,7.0000000,,,1625.3907471
673,2021-02-05,2021,Matchweek 20,Fri,Bundesliga,20:00,Hertha BSC,L,0.0000000,1.0000000,Bayern Munich,1.3000000,2.1000000,39.0000000,10.0000000,7.0000000,15.9000000,61.0000000,13.0000000,5.0000000,16.8000000,1638.5013428,2051.8195801
674,2021-02-06,2021,Matchweek 20,Sat,Bundesliga,15:30,Freiburg,W,2.0000000,1.0000000,Dortmund,0.2000000,1.4000000,33.0000000,6.0000000,3.0000000,26.3000000,67.0000000,16.0000000,6.0000000,20.8000000,1714.1024170,1831.2342529
675,2021-02-06,2021,Matchweek 20,Sat,Bundesliga,15:30,Schalke 04,L,0.0000000,3.0000000,RB Leipzig,0.2000000,2.2000000,37.0000000,3.0000000,1.0000000,16.5000000,63.0000000,26.0000000,10.0000000,17.1000000,1581.8078613,1869.7730713
676,2021-02-06,2021,Matchweek 20,Sat,Bundesliga,15:30,Mainz 05,W,1.0000000,0.0000000,Union Berlin,2.0000000,1.2000000,43.0000000,9.0000000,4.0000000,17.1000000,57.0000000,11.0000000,4.0000000,17.4000000,1611.1242676,1699.1457519
677,2021-02-06,2021,Matchweek 20,Sat,Bundesliga,15:30,Leverkusen,W,5.0000000,2.0000000,Stuttgart,4.1000000,1.7000000,55.0000000,24.0000000,11.0000000,14.4000000,45.0000000,13.0000000,7.0000000,13.9000000,1824.1781006,1664.2037353
678,2021-02-06,2021,Matchweek 20,Sat,Bundesliga,15:30,Augsburg,L,0.0000000,2.0000000,Wolfsburg,0.6000000,2.1000000,46.0000000,9.0000000,1.0000000,16.9000000,54.0000000,16.0000000,6.0000000,15.2000000,1630.3569336,1787.4458008
679,2021-02-06,2021,Matchweek 20,Sat,Bundesliga,18:30,Gladbach,L,1.0000000,2.0000000,Köln,0.5000000,0.7000000,64.0000000,10.0000000,2.0000000,18.7000000,36.0000000,7.0000000,3.0000000,20.6000000,1817.0522461,1625.3907471
680,2021-02-07,2021,Matchweek 20,Sun,Bundesliga,15:30,Hoffenheim,L,1.0000000,3.0000000,Eint Frankfurt,0.9000000,1.3000000,47.0000000,8.0000000,1.0000000,15.4000000,53.0000000,9.0000000,5.0000000,14.3000000,1737.3526611,1779.5604248
681,2021-02-12,2021,Matchweek 21,Fri,Bundesliga,20:30,RB Leipzig,W,2.0000000,1.0000000,Augsburg,2.1000000,1.0000000,60.0000000,15.0000000,5.0000000,21.8000000,40.0000000,3.0000000,1.0000000,18.4000000,1874.4716797,1623.2366943
682,2021-02-13,2021,Matchweek 21,Sat,Bundesliga,15:30,Leverkusen,D,2.0000000,2.0000000,Mainz 05,1.4000000,2.6000000,69.0000000,11.0000000,4.0000000,17.1000000,31.0000000,19.0000000,5.0000000,14.7000000,1830.1008301,1620.4324951
683,2021-02-13,2021,Matchweek 21,Sat,Bundesliga,15:30,Dortmund,D,2.0000000,2.0000000,Hoffenheim,1.7000000,2.6000000,54.0000000,7.0000000,3.0000000,15.2000000,46.0000000,13.0000000,6.0000000,13.8000000,1821.2961426,1726.5441894
684,2021-02-13,2021,Matchweek 21,Sat,Bundesliga,15:30,Stuttgart,D,1.0000000,1.0000000,Hertha BSC,1.0000000,1.3000000,51.0000000,11.0000000,3.0000000,17.5000000,49.0000000,10.0000000,1.0000000,17.8000000,1658.2811279,1637.2335205
685,2021-02-13,2021,Matchweek 21,Sat,Bundesliga,18:30,Union Berlin,D,0.0000000,0.0000000,Schalke 04,2.0000000,0.3000000,38.0000000,20.0000000,3.0000000,18.3000000,62.0000000,5.0000000,0.0000000,18.3000000,1689.8375244,1577.1092529
686,2021-02-13,2021,Matchweek 21,Sat,Bundesliga,15:30,Werder Bremen,D,0.0000000,0.0000000,Freiburg,0.7000000,0.9000000,47.0000000,12.0000000,4.0000000,20.1000000,53.0000000,9.0000000,2.0000000,15.3000000,1671.4403076,1724.0405273
687,2021-02-14,2021,Matchweek 21,Sun,Bundesliga,15:30,Eint Frankfurt,W,2.0000000,0.0000000,Köln,2.5000000,0.3000000,60.0000000,16.0000000,7.0000000,12.8000000,40.0000000,6.0000000,1.0000000,20.0000000,1790.3688965,1638.5618897
688,2021-02-14,2021,Matchweek 21,Sun,Bundesliga,18:00,Wolfsburg,D,0.0000000,0.0000000,Gladbach,0.9000000,0.6000000,55.0000000,17.0000000,6.0000000,18.3000000,45.0000000,11.0000000,3.0000000,21.3000000,1794.5660400,1803.8811035
689,2021-02-15,2021,Matchweek 21,Mon,Bundesliga,20:30,Bayern Munich,D,3.0000000,3.0000000,Arminia,2.5000000,1.4000000,64.0000000,19.0000000,11.0000000,16.2000000,36.0000000,7.0000000,3.0000000,18.7000000,2053.0874023,1602.8933106
690,2021-02-16,2021,Round of 16,Tue,Champions Lg,21:00,eng Liverpool,W,2.0000000,0.0000000,RB Leipzig,1.4000000,1.3000000,51.0000000,12.0000000,2.0000000,15.9000000,49.0000000,12.0000000,2.0000000,15.9000000,,1876.6591797
691,2021-02-17,2021,Round of 16,Wed,Champions Lg,21:00,es Sevilla,L,2.0000000,3.0000000,Dortmund,0.9000000,1.2000000,65.0000000,10.0000000,5.0000000,17.7000000,35.0000000,10.0000000,5.0000000,17.7000000,,1813.8083496
692,2021-02-18,2021,Round of 32,Thu,Europa Lg,21:00,Hoffenheim,D,3.0000000,3.0000000,no Molde,4.3000000,1.5000000,55.0000000,24.0000000,11.0000000,15.8000000,45.0000000,24.0000000,11.0000000,15.8000000,1729.8472900,
693,2021-02-18,2021,Round of 32,Thu,Europa Lg,18:55,ch Young Boys,W,4.0000000,3.0000000,Leverkusen,2.4000000,2.7000000,41.0000000,17.0000000,9.0000000,16.1000000,59.0000000,17.0000000,9.0000000,16.1000000,,1823.6793213
694,2021-02-19,2021,Matchweek 22,Fri,Bundesliga,20:30,Arminia,L,0.0000000,3.0000000,Wolfsburg,0.6000000,1.5000000,45.0000000,7.0000000,2.0000000,21.6000000,55.0000000,12.0000000,6.0000000,16.9000000,1609.8818359,1791.9335938
695,2021-02-20,2021,Matchweek 22,Sat,Bundesliga,15:30,Gladbach,L,1.0000000,2.0000000,Mainz 05,0.9000000,0.6000000,68.0000000,12.0000000,4.0000000,16.1000000,32.0000000,8.0000000,6.0000000,19.5000000,1802.7806397,1624.6717529
696,2021-02-20,2021,Matchweek 22,Sat,Bundesliga,15:30,Köln,L,0.0000000,1.0000000,Stuttgart,0.8000000,0.6000000,53.0000000,9.0000000,0.0000000,19.9000000,47.0000000,9.0000000,3.0000000,17.1000000,1631.6076660,1654.7607422
697,2021-02-20,2021,Matchweek 22,Sat,Bundesliga,15:30,Freiburg,L,0.0000000,1.0000000,Union Berlin,0.8000000,1.4000000,65.0000000,9.0000000,1.0000000,20.5000000,35.0000000,15.0000000,4.0000000,17.1000000,1721.7238769,1683.9112549
698,2021-02-20,2021,Matchweek 22,Sat,Bundesliga,18:30,Schalke 04,L,0.0000000,4.0000000,Dortmund,0.9000000,1.6000000,38.0000000,13.0000000,2.0000000,17.9000000,62.0000000,10.0000000,6.0000000,15.6000000,1579.3027344,1826.3835449
699,2021-02-20,2021,Matchweek 22,Sat,Bundesliga,15:30,Eint Frankfurt,W,2.0000000,1.0000000,Bayern Munich,1.4000000,2.2000000,40.0000000,12.0000000,5.0000000,20.4000000,60.0000000,22.0000000,6.0000000,16.0000000,1793.5903320,2042.3662109
700,2021-02-21,2021,Matchweek 22,Sun,Bundesliga,18:00,Hoffenheim,W,4.0000000,0.0000000,Werder Bremen,2.3000000,0.1000000,51.0000000,12.0000000,6.0000000,17.6000000,49.0000000,2.0000000,1.0000000,14.6000000,1728.7426758,1670.0241699
701,2021-02-21,2021,Matchweek 22,Sun,Bundesliga,13:30,Augsburg,D,1.0000000,1.0000000,Leverkusen,1.0000000,0.5000000,27.0000000,6.0000000,3.0000000,17.4000000,73.0000000,10.0000000,3.0000000,19.9000000,1619.1827393,1817.0452881
702,2021-02-21,2021,Matchweek 22,Sun,Bundesliga,15:30,Hertha BSC,L,0.0000000,3.0000000,RB Leipzig,0.8000000,0.9000000,48.0000000,9.0000000,4.0000000,22.1000000,52.0000000,14.0000000,6.0000000,20.3000000,1637.0211182,1863.3068848
703,2021-02-23,2021,Round of 16,Tue,Champions Lg,21:00,it Lazio,L,1.0000000,4.0000000,Bayern Munich,0.9000000,1.9000000,44.0000000,13.0000000,7.0000000,19.2000000,56.0000000,13.0000000,7.0000000,19.2000000,,2029.3923340
704,2021-02-24,2021,Round of 16,Wed,Champions Lg,21:00,eng Manchester City,W,2.0000000,0.0000000,Gladbach,1.6000000,0.4000000,60.0000000,3.0000000,1.0000000,19.6000000,40.0000000,3.0000000,1.0000000,19.6000000,,1790.8125000
705,2021-02-25,2021,Round of 32,Thu,Europa Lg,21:00,Leverkusen,L,0.0000000,2.0000000,ch Young Boys,1.1000000,1.9000000,69.0000000,12.0000000,4.0000000,16.4000000,31.0000000,12.0000000,4.0000000,16.4000000,1812.6441650,
706,2021-02-25,2021,Round of 32,Thu,Europa Lg,18:55,Hoffenheim,L,0.0000000,2.0000000,no Molde,1.9000000,1.2000000,73.0000000,27.0000000,9.0000000,17.5000000,27.0000000,27.0000000,9.0000000,17.5000000,1739.8232422,
707,2021-02-26,2021,Matchweek 23,Fri,Bundesliga,20:30,Werder Bremen,W,2.0000000,1.0000000,Eint Frankfurt,1.0000000,1.2000000,32.0000000,9.0000000,5.0000000,19.1000000,68.0000000,12.0000000,4.0000000,16.5000000,1641.4787598,1789.1389160
708,2021-02-27,2021,Matchweek 23,Sat,Bundesliga,15:30,Bayern Munich,W,5.0000000,1.0000000,Köln,2.3000000,1.4000000,55.0000000,14.0000000,7.0000000,18.1000000,45.0000000,6.0000000,3.0000000,12.2000000,2015.3082275,1605.9477539
709,2021-02-27,2021,Matchweek 23,Sat,Bundesliga,18:30,RB Leipzig,W,3.0000000,2.0000000,Gladbach,1.6000000,1.4000000,66.0000000,21.0000000,9.0000000,18.8000000,34.0000000,4.0000000,1.0000000,18.6000000,1852.0977783,1768.8031006
710,2021-02-27,2021,Matchweek 23,Sat,Bundesliga,15:30,Dortmund,W,3.0000000,0.0000000,Arminia,2.8000000,0.8000000,62.0000000,19.0000000,8.0000000,15.5000000,38.0000000,8.0000000,2.0000000,19.9000000,1815.4194336,1584.6207275
711,2021-02-27,2021,Matchweek 23,Sat,Bundesliga,15:30,Stuttgart,W,5.0000000,1.0000000,Schalke 04,2.2000000,1.5000000,49.0000000,17.0000000,10.0000000,14.8000000,51.0000000,9.0000000,4.0000000,20.7000000,1645.5700684,1555.4162598
712,2021-02-27,2021,Matchweek 23,Sat,Bundesliga,15:30,Wolfsburg,W,2.0000000,0.0000000,Hertha BSC,0.7000000,1.1000000,57.0000000,11.0000000,2.0000000,16.9000000,43.0000000,9.0000000,2.0000000,18.7000000,1782.3441162,1613.3795166
713,2021-02-28,2021,Matchweek 23,Sun,Bundesliga,13:30,Union Berlin,D,1.0000000,1.0000000,Hoffenheim,1.0000000,1.3000000,46.0000000,4.0000000,0.0000000,20.5000000,54.0000000,14.0000000,2.0000000,17.6000000,1676.4721680,1694.3159180
714,2021-02-28,2021,Matchweek 23,Sun,Bundesliga,15:30,Mainz 05,L,0.0000000,1.0000000,Augsburg,0.9000000,1.1000000,62.0000000,11.0000000,6.0000000,18.0000000,38.0000000,9.0000000,3.0000000,20.0000000,1620.3312988,1606.1191406
715,2021-02-28,2021,Matchweek 23,Sun,Bundesliga,18:00,Leverkusen,L,1.0000000,2.0000000,Freiburg,1.3000000,1.3000000,66.0000000,22.0000000,5.0000000,17.3000000,34.0000000,6.0000000,3.0000000,16.5000000,1770.9813232,1694.3125000
716,2021-03-02,2021,Quarter-finals,Tue,DFB-Pokal,20:45,Gladbach,L,0.0000000,1.0000000,Dortmund,,,54.0000000,16.0000000,5.0000000,,46.0000000,13.0000000,2.0000000,,1763.7949219,1819.5717773
717,2021-03-03,2021,Quarter-finals,Wed,DFB-Pokal,20:45,RB Leipzig,W,2.0000000,0.0000000,Wolfsburg,,,57.0000000,14.0000000,8.0000000,,44.0000000,8.0000000,4.0000000,,1852.0977783,1782.3441162
718,2021-03-05,2021,Matchweek 24,Fri,Bundesliga,20:30,Schalke 04,D,0.0000000,0.0000000,Mainz 05,0.2000000,0.9000000,49.0000000,2.0000000,2.0000000,17.9000000,51.0000000,19.0000000,2.0000000,21.2000000,1545.6506348,1610.8494873
719,2021-03-06,2021,Matchweek 24,Sat,Bundesliga,15:30,Freiburg,L,0.0000000,3.0000000,RB Leipzig,0.2000000,1.5000000,43.0000000,5.0000000,1.0000000,24.6000000,57.0000000,13.0000000,7.0000000,18.3000000,1705.1530762,1857.1060791
720,2021-03-06,2021,Matchweek 24,Sat,Bundesliga,18:30,Bayern Munich,W,4.0000000,2.0000000,Dortmund,3.1000000,0.6000000,66.0000000,26.0000000,8.0000000,16.7000000,34.0000000,4.0000000,3.0000000,24.0000000,2016.9732666,1819.5717773
721,2021-03-06,2021,Matchweek 24,Sat,Bundesliga,15:30,Eint Frankfurt,D,1.0000000,1.0000000,Stuttgart,1.5000000,0.5000000,58.0000000,20.0000000,7.0000000,15.8000000,42.0000000,8.0000000,1.0000000,17.9000000,1778.3339844,1655.3356934
722,2021-03-06,2021,Matchweek 24,Sat,Bundesliga,15:30,Hertha BSC,W,2.0000000,1.0000000,Augsburg,2.5000000,0.7000000,65.0000000,16.0000000,6.0000000,16.2000000,35.0000000,8.0000000,4.0000000,18.9000000,1608.5891113,1615.6008301
723,2021-03-06,2021,Matchweek 24,Sat,Bundesliga,15:30,Gladbach,L,0.0000000,1.0000000,Leverkusen,0.5000000,1.4000000,43.0000000,8.0000000,3.0000000,17.8000000,57.0000000,13.0000000,5.0000000,15.3000000,1763.7949219,1760.1406250
724,2021-03-06,2021,Matchweek 24,Sat,Bundesliga,15:30,Hoffenheim,W,2.0000000,1.0000000,Wolfsburg,1.1000000,2.4000000,39.0000000,9.0000000,4.0000000,17.3000000,61.0000000,18.0000000,5.0000000,17.6000000,1694.9738769,1787.1345215
725,2021-03-07,2021,Matchweek 24,Sun,Bundesliga,15:30,Köln,D,1.0000000,1.0000000,Werder Bremen,1.5000000,1.1000000,68.0000000,16.0000000,4.0000000,18.4000000,32.0000000,12.0000000,5.0000000,15.3000000,1604.2827148,1652.2836914
726,2021-03-07,2021,Matchweek 24,Sun,Bundesliga,18:00,Arminia,D,0.0000000,0.0000000,Union Berlin,0.4000000,1.4000000,41.0000000,4.0000000,2.0000000,17.2000000,59.0000000,8.0000000,3.0000000,14.0000000,1580.4683838,1675.8142090
727,2021-03-09,2021,Round of 16,Tue,Champions Lg,21:00,Dortmund,D,2.0000000,2.0000000,es Sevilla,2.2000000,2.0000000,32.0000000,8.0000000,4.0000000,19.7000000,68.0000000,8.0000000,4.0000000,19.7000000,1815.6898193,
728,2021-03-10,2021,Matchweek 20,Wed,Bundesliga,18:30,Arminia,L,0.0000000,2.0000000,Werder Bremen,3.1000000,1.6000000,59.0000000,26.0000000,8.0000000,14.5000000,41.0000000,5.0000000,2.0000000,12.4000000,1582.6121826,1652.5708008
729,2021-03-10,2021,Round of 16,Wed,Champions Lg,20:00 (21:00),RB Leipzig,L,0.0000000,2.0000000,eng Liverpool,0.9000000,2.4000000,59.0000000,11.0000000,2.0000000,20.0000000,41.0000000,11.0000000,2.0000000,20.0000000,1866.5632324,
730,2021-03-12,2021,Matchweek 25,Fri,Bundesliga,20:30,Augsburg,W,3.0000000,1.0000000,Gladbach,1.4000000,3.1000000,36.0000000,10.0000000,3.0000000,15.0000000,64.0000000,25.0000000,7.0000000,16.6000000,1606.4553223,1752.7810059
731,2021-03-13,2021,Matchweek 25,Sat,Bundesliga,15:30,Wolfsburg,W,5.0000000,0.0000000,Schalke 04,1.8000000,0.2000000,53.0000000,16.0000000,7.0000000,19.6000000,47.0000000,5.0000000,1.0000000,19.4000000,1775.7896728,1544.3463135
732,2021-03-13,2021,Matchweek 25,Sat,Bundesliga,15:30,Union Berlin,W,2.0000000,1.0000000,Köln,2.5000000,1.3000000,42.0000000,13.0000000,5.0000000,12.3000000,58.0000000,8.0000000,4.0000000,21.9000000,1672.2176514,1602.5428467
733,2021-03-13,2021,Matchweek 25,Sat,Bundesliga,15:30,Werder Bremen,L,1.0000000,3.0000000,Bayern Munich,1.0000000,3.9000000,43.0000000,8.0000000,4.0000000,16.6000000,57.0000000,21.0000000,6.0000000,11.8000000,1660.3803711,2018.8613281
734,2021-03-13,2021,Matchweek 25,Sat,Bundesliga,18:30,Dortmund,W,2.0000000,0.0000000,Hertha BSC,1.7000000,0.1000000,71.0000000,12.0000000,4.0000000,18.4000000,29.0000000,3.0000000,0.0000000,26.6000000,1815.3212891,1613.7468262
735,2021-03-13,2021,Matchweek 25,Sat,Bundesliga,15:30,Mainz 05,W,1.0000000,0.0000000,Freiburg,1.8000000,0.9000000,48.0000000,11.0000000,7.0000000,15.6000000,52.0000000,12.0000000,2.0000000,17.3000000,1608.1662598,1694.2430420
736,2021-03-14,2021,Matchweek 25,Sun,Bundesliga,13:30,Leverkusen,L,1.0000000,2.0000000,Arminia,2.2000000,1.7000000,75.0000000,20.0000000,5.0000000,15.7000000,25.0000000,11.0000000,6.0000000,13.9000000,1767.1667481,1569.7329102
737,2021-03-14,2021,Matchweek 25,Sun,Bundesliga,18:00,Stuttgart,W,2.0000000,0.0000000,Hoffenheim,0.9000000,1.2000000,43.0000000,7.0000000,4.0000000,22.8000000,57.0000000,16.0000000,5.0000000,18.7000000,1657.7193603,1702.3311768
738,2021-03-14,2021,Matchweek 25,Sun,Bundesliga,15:30,RB Leipzig,D,1.0000000,1.0000000,Eint Frankfurt,1.5000000,1.1000000,57.0000000,14.0000000,8.0000000,18.5000000,43.0000000,5.0000000,2.0000000,11.0000000,1856.3959961,1771.9626465
739,2021-03-16,2021,Round of 16,Tue,Champions Lg,20:00 (21:00),eng Manchester City,W,2.0000000,0.0000000,Gladbach,1.4000000,0.3000000,67.0000000,6.0000000,3.0000000,19.7000000,33.0000000,6.0000000,3.0000000,19.7000000,,1737.5747070
740,2021-03-17,2021,Round of 16,Wed,Champions Lg,21:00,Bayern Munich,W,2.0000000,1.0000000,it Lazio,1.9000000,1.1000000,58.0000000,11.0000000,3.0000000,21.9000000,42.0000000,11.0000000,3.0000000,21.9000000,2021.1702881,
741,2021-03-19,2021,Matchweek 26,Fri,Bundesliga,20:30,Arminia,L,0.0000000,1.0000000,RB Leipzig,0.3000000,2.2000000,19.0000000,7.0000000,0.0000000,19.1000000,81.0000000,20.0000000,8.0000000,19.9000000,1583.1439209,1852.7478027
742,2021-03-20,2021,Matchweek 26,Sat,Bundesliga,18:30,Schalke 04,L,0.0000000,3.0000000,Gladbach,0.2000000,2.4000000,30.0000000,4.0000000,1.0000000,18.9000000,70.0000000,21.0000000,7.0000000,16.0000000,1538.7392578,1736.9329834
743,2021-03-20,2021,Matchweek 26,Sat,Bundesliga,15:30,Eint Frankfurt,W,5.0000000,2.0000000,Union Berlin,2.3000000,2.7000000,53.0000000,9.0000000,5.0000000,14.1000000,47.0000000,25.0000000,6.0000000,14.4000000,1775.3074951,1677.3767090
744,2021-03-20,2021,Matchweek 26,Sat,Bundesliga,15:30,Köln,D,2.0000000,2.0000000,Dortmund,1.5000000,2.0000000,43.0000000,9.0000000,1.0000000,16.9000000,57.0000000,13.0000000,4.0000000,16.0000000,1597.0804443,1819.0712891
745,2021-03-20,2021,Matchweek 26,Sat,Bundesliga,15:30,Bayern Munich,W,4.0000000,0.0000000,Stuttgart,2.4000000,1.1000000,43.0000000,15.0000000,7.0000000,16.6000000,57.0000000,12.0000000,4.0000000,22.2000000,2021.2149658,1668.8640137
746,2021-03-20,2021,Matchweek 26,Sat,Bundesliga,15:30,Werder Bremen,L,1.0000000,2.0000000,Wolfsburg,0.6000000,0.9000000,51.0000000,10.0000000,4.0000000,17.1000000,49.0000000,15.0000000,3.0000000,18.6000000,1657.7569580,1781.0932617
747,2021-03-21,2021,Matchweek 26,Sun,Bundesliga,18:00,Freiburg,W,2.0000000,0.0000000,Augsburg,1.8000000,1.0000000,57.0000000,13.0000000,5.0000000,15.8000000,43.0000000,20.0000000,7.0000000,20.1000000,1684.7829590,1621.5101318
748,2021-03-21,2021,Matchweek 26,Sun,Bundesliga,15:30,Hertha BSC,W,3.0000000,0.0000000,Leverkusen,2.0000000,1.9000000,30.0000000,13.0000000,9.0000000,21.1000000,70.0000000,12.0000000,1.0000000,13.4000000,1609.6936035,1753.4525147
749,2021-03-21,2021,Matchweek 26,Sun,Bundesliga,13:30,Hoffenheim,L,1.0000000,2.0000000,Mainz 05,1.3000000,2.6000000,63.0000000,8.0000000,2.0000000,19.5000000,37.0000000,15.0000000,7.0000000,14.1000000,1690.8831787,1617.3229981
750,2021-04-03,2021,Matchweek 27,Sat,Bundesliga,20:30,Gladbach,W,2.0000000,1.0000000,Freiburg,1.5000000,1.7000000,48.0000000,19.0000000,6.0000000,20.0000000,52.0000000,10.0000000,4.0000000,16.5000000,1744.1920166,1692.4316406
751,2021-04-03,2021,Matchweek 27,Sat,Bundesliga,15:30,Leverkusen,W,2.0000000,1.0000000,Schalke 04,1.0000000,1.0000000,64.0000000,8.0000000,3.0000000,16.5000000,36.0000000,6.0000000,2.0000000,13.7000000,1735.1267090,1531.4802246
752,2021-04-03,2021,Matchweek 27,Sat,Bundesliga,15:30,Wolfsburg,W,1.0000000,0.0000000,Köln,0.9000000,1.3000000,51.0000000,12.0000000,5.0000000,15.2000000,49.0000000,9.0000000,1.0000000,14.2000000,1786.9349365,1601.8924560
753,2021-04-03,2021,Matchweek 27,Sat,Bundesliga,15:30,Augsburg,W,2.0000000,1.0000000,Hoffenheim,0.6000000,0.9000000,31.0000000,7.0000000,2.0000000,14.3000000,69.0000000,15.0000000,5.0000000,17.3000000,1613.8613281,1680.0106201
754,2021-04-03,2021,Matchweek 27,Sat,Bundesliga,15:30,Dortmund,L,1.0000000,2.0000000,Eint Frankfurt,2.1000000,1.4000000,57.0000000,19.0000000,5.0000000,16.5000000,43.0000000,14.0000000,3.0000000,15.8000000,1814.2592773,1783.4124756
755,2021-04-03,2021,Matchweek 27,Sat,Bundesliga,18:30,RB Leipzig,L,0.0000000,1.0000000,Bayern Munich,0.6000000,0.6000000,54.0000000,14.0000000,2.0000000,20.6000000,46.0000000,9.0000000,5.0000000,16.6000000,1855.7410889,2023.5505371
756,2021-04-03,2021,Matchweek 27,Sat,Bundesliga,15:30,Mainz 05,D,1.0000000,1.0000000,Arminia,2.1000000,0.5000000,58.0000000,10.0000000,4.0000000,16.9000000,42.0000000,10.0000000,2.0000000,20.6000000,1628.1955566,1580.1507568
757,2021-04-04,2021,Matchweek 27,Sun,Bundesliga,18:00,Union Berlin,D,1.0000000,1.0000000,Hertha BSC,0.9000000,0.9000000,59.0000000,13.0000000,3.0000000,18.3000000,41.0000000,3.0000000,0.0000000,27.8000000,1669.2717285,1628.0192871
758,2021-04-04,2021,Matchweek 27,Sun,Bundesliga,15:30,Stuttgart,W,1.0000000,0.0000000,Werder Bremen,0.7000000,0.4000000,59.0000000,14.0000000,3.0000000,17.7000000,41.0000000,10.0000000,2.0000000,23.3000000,1666.5284424,1651.9154053
759,2021-04-06,2021,Quarter-finals,Tue,Champions Lg,20:00 (21:00),eng Manchester City,W,2.0000000,1.0000000,Dortmund,2.1000000,1.1000000,61.0000000,7.0000000,3.0000000,18.9000000,39.0000000,7.0000000,3.0000000,18.9000000,,1804.5495606
760,2021-04-07,2021,Quarter-finals,Wed,DFB-Pokal,18:30,Jahn R'burg,L,0.0000000,1.0000000,Werder Bremen,,,44.0000000,16.0000000,5.0000000,,56.0000000,16.0000000,5.0000000,,,1645.1394043
761,2021-04-07,2021,Quarter-finals,Wed,Champions Lg,21:00,Bayern Munich,L,2.0000000,3.0000000,fr Paris S-G,3.7000000,1.3000000,64.0000000,31.0000000,12.0000000,15.3000000,36.0000000,31.0000000,12.0000000,15.3000000,2028.0925293,
762,2021-04-09,2021,Matchweek 28,Fri,Bundesliga,20:30,Arminia,W,1.0000000,0.0000000,Freiburg,1.3000000,0.4000000,45.0000000,13.0000000,4.0000000,15.9000000,55.0000000,9.0000000,0.0000000,19.0000000,1578.4967041,1682.6308594
763,2021-04-10,2021,Matchweek 28,Sat,Bundesliga,15:30,Eint Frankfurt,W,4.0000000,3.0000000,Wolfsburg,0.9000000,1.2000000,45.0000000,8.0000000,5.0000000,14.1000000,55.0000000,20.0000000,7.0000000,18.3000000,1788.9772949,1785.8488769
764,2021-04-10,2021,Matchweek 28,Sat,Bundesliga,18:30,Stuttgart,L,2.0000000,3.0000000,Dortmund,1.7000000,1.1000000,49.0000000,13.0000000,3.0000000,14.5000000,51.0000000,17.0000000,7.0000000,20.6000000,1668.9793701,1799.8651123
765,2021-04-10,2021,Matchweek 28,Sat,Bundesliga,15:30,Hertha BSC,D,2.0000000,2.0000000,Gladbach,1.8000000,1.3000000,62.0000000,23.0000000,7.0000000,19.2000000,38.0000000,6.0000000,3.0000000,21.3000000,1626.1594238,1745.7030029
766,2021-04-10,2021,Matchweek 28,Sat,Bundesliga,15:30,Bayern Munich,D,1.0000000,1.0000000,Union Berlin,0.8000000,1.3000000,59.0000000,14.0000000,2.0000000,17.1000000,41.0000000,7.0000000,2.0000000,13.2000000,2012.2244873,1662.8417969
767,2021-04-10,2021,Matchweek 28,Sat,Bundesliga,15:30,Werder Bremen,L,1.0000000,4.0000000,RB Leipzig,1.7000000,1.5000000,37.0000000,11.0000000,1.0000000,21.7000000,63.0000000,8.0000000,4.0000000,13.5000000,1641.1745606,1846.8740234
768,2021-04-11,2021,Matchweek 28,Sun,Bundesliga,15:30,Schalke 04,W,1.0000000,0.0000000,Augsburg,0.9000000,1.3000000,44.0000000,7.0000000,2.0000000,19.2000000,56.0000000,12.0000000,4.0000000,17.9000000,1524.5814209,1618.3507080
769,2021-04-11,2021,Matchweek 28,Sun,Bundesliga,18:00,Köln,L,2.0000000,3.0000000,Mainz 05,2.4000000,1.6000000,62.0000000,22.0000000,3.0000000,17.2000000,38.0000000,9.0000000,5.0000000,16.0000000,1594.6885986,1621.5596924
770,2021-04-12,2021,Matchweek 28,Mon,Bundesliga,20:30,Hoffenheim,D,0.0000000,0.0000000,Leverkusen,0.1000000,0.3000000,46.0000000,2.0000000,0.0000000,17.3000000,54.0000000,5.0000000,3.0000000,15.5000000,1667.2313232,1733.7355957
771,2021-04-13,2021,Quarter-finals,Tue,Champions Lg,21:00,fr Paris S-G,L,0.0000000,1.0000000,Bayern Munich,1.6000000,1.5000000,45.0000000,14.0000000,5.0000000,18.0000000,55.0000000,14.0000000,5.0000000,18.0000000,,2004.1413574
772,2021-04-14,2021,Quarter-finals,Wed,Champions Lg,21:00,Dortmund,L,1.0000000,2.0000000,eng Manchester City,0.5000000,2.5000000,39.0000000,10.0000000,3.0000000,17.4000000,61.0000000,10.0000000,3.0000000,17.4000000,1805.1557617,
773,2021-04-16,2021,Matchweek 29,Fri,Bundesliga,20:30,RB Leipzig,D,0.0000000,0.0000000,Hoffenheim,1.4000000,0.3000000,63.0000000,16.0000000,2.0000000,17.8000000,37.0000000,5.0000000,0.0000000,16.2000000,1852.7205810,1666.7969971
774,2021-04-17,2021,Matchweek 29,Sat,Bundesliga,15:30,Gladbach,W,4.0000000,0.0000000,Eint Frankfurt,2.3000000,0.7000000,37.0000000,21.0000000,4.0000000,16.3000000,63.0000000,16.0000000,4.0000000,17.7000000,1742.2036133,1794.5493164
775,2021-04-17,2021,Matchweek 29,Sat,Bundesliga,15:30,Wolfsburg,L,2.0000000,3.0000000,Bayern Munich,1.4000000,1.9000000,48.0000000,8.0000000,3.0000000,13.6000000,52.0000000,14.0000000,8.0000000,15.1000000,1777.7518310,2002.2196045
776,2021-04-17,2021,Matchweek 29,Sat,Bundesliga,15:30,Union Berlin,W,2.0000000,1.0000000,Stuttgart,1.4000000,1.0000000,44.0000000,9.0000000,4.0000000,12.6000000,56.0000000,9.0000000,2.0000000,17.1000000,1669.6624756,1662.2065430
777,2021-04-17,2021,Matchweek 29,Sat,Bundesliga,15:30,Freiburg,W,4.0000000,0.0000000,Schalke 04,2.0000000,0.7000000,58.0000000,12.0000000,7.0000000,17.6000000,42.0000000,4.0000000,2.0000000,15.7000000,1671.6833496,1532.7823486
778,2021-04-17,2021,Matchweek 29,Sat,Bundesliga,18:30,Leverkusen,W,3.0000000,0.0000000,Köln,1.6000000,1.0000000,43.0000000,8.0000000,5.0000000,13.3000000,57.0000000,13.0000000,2.0000000,16.6000000,1731.6450195,1585.0419922
779,2021-04-17,2021,Matchweek 29,Sat,Bundesliga,15:30,Augsburg,D,0.0000000,0.0000000,Arminia,0.7000000,0.7000000,51.0000000,10.0000000,3.0000000,20.6000000,49.0000000,9.0000000,1.0000000,18.7000000,1607.6248779,1586.9191894
780,2021-04-18,2021,Matchweek 29,Sun,Bundesliga,15:30,Dortmund,W,4.0000000,1.0000000,Werder Bremen,3.0000000,1.0000000,69.0000000,16.0000000,7.0000000,17.3000000,31.0000000,10.0000000,3.0000000,17.2000000,1800.9755859,1632.8029785
781,2021-04-20,2021,Matchweek 30,Tue,Bundesliga,20:30,Bayern Munich,W,2.0000000,0.0000000,Leverkusen,1.7000000,0.6000000,60.0000000,24.0000000,8.0000000,21.8000000,40.0000000,7.0000000,4.0000000,17.7000000,2005.8195801,1738.0598144
782,2021-04-20,2021,Matchweek 30,Tue,Bundesliga,18:30,Köln,W,2.0000000,1.0000000,RB Leipzig,0.5000000,2.4000000,29.0000000,5.0000000,3.0000000,16.5000000,71.0000000,25.0000000,6.0000000,16.0000000,1578.6271973,1847.0570068
783,2021-04-20,2021,Matchweek 30,Tue,Bundesliga,20:30,Arminia,W,1.0000000,0.0000000,Schalke 04,2.2000000,0.3000000,44.0000000,14.0000000,4.0000000,19.1000000,56.0000000,5.0000000,0.0000000,20.2000000,1588.5625000,1524.8741455
784,2021-04-20,2021,Matchweek 30,Tue,Bundesliga,20:30,Eint Frankfurt,W,2.0000000,0.0000000,Augsburg,1.3000000,1.6000000,60.0000000,12.0000000,4.0000000,16.4000000,40.0000000,14.0000000,4.0000000,18.4000000,1778.0092773,1605.9815674
785,2021-04-21,2021,Matchweek 30,Wed,Bundesliga,20:30,Stuttgart,L,1.0000000,3.0000000,Wolfsburg,1.9000000,1.5000000,61.0000000,9.0000000,3.0000000,18.9000000,39.0000000,13.0000000,4.0000000,18.0000000,1655.3507080,1774.1518555
786,2021-04-21,2021,Matchweek 30,Wed,Bundesliga,20:30,Hoffenheim,W,3.0000000,2.0000000,Gladbach,2.3000000,0.9000000,55.0000000,19.0000000,6.0000000,16.2000000,45.0000000,6.0000000,2.0000000,15.5000000,1672.4604492,1758.7436523
787,2021-04-21,2021,Matchweek 30,Wed,Bundesliga,20:30,Dortmund,W,2.0000000,0.0000000,Union Berlin,4.8000000,0.3000000,52.0000000,19.0000000,9.0000000,14.2000000,48.0000000,5.0000000,1.0000000,21.4000000,1806.6468506,1676.5183106
788,2021-04-21,2021,Matchweek 30,Wed,Bundesliga,20:30,Werder Bremen,L,0.0000000,1.0000000,Mainz 05,1.2000000,1.7000000,65.0000000,20.0000000,3.0000000,20.5000000,35.0000000,14.0000000,5.0000000,17.4000000,1627.1318359,1628.6813965
789,2021-04-23,2021,Matchweek 31,Fri,Bundesliga,20:30,Augsburg,L,2.0000000,3.0000000,Köln,1.9000000,1.8000000,53.0000000,13.0000000,4.0000000,11.8000000,47.0000000,15.0000000,6.0000000,15.7000000,1601.4052734,1592.2904053
790,2021-04-24,2021,Matchweek 31,Sat,Bundesliga,15:30,Wolfsburg,L,0.0000000,2.0000000,Dortmund,1.2000000,1.4000000,53.0000000,21.0000000,2.0000000,19.7000000,47.0000000,8.0000000,3.0000000,14.0000000,1782.5058594,1812.2595215
791,2021-04-24,2021,Matchweek 31,Sat,Bundesliga,15:30,Union Berlin,W,3.0000000,1.0000000,Werder Bremen,1.6000000,0.4000000,55.0000000,16.0000000,6.0000000,16.1000000,45.0000000,9.0000000,6.0000000,20.0000000,1670.9055176,1618.0687256
792,2021-04-24,2021,Matchweek 31,Sat,Bundesliga,15:30,Freiburg,D,1.0000000,1.0000000,Hoffenheim,1.6000000,1.4000000,49.0000000,13.0000000,5.0000000,20.6000000,51.0000000,17.0000000,4.0000000,20.9000000,1679.5915527,1681.6507568
793,2021-04-24,2021,Matchweek 31,Sat,Bundesliga,15:30,Mainz 05,W,2.0000000,1.0000000,Bayern Munich,0.9000000,1.5000000,30.0000000,6.0000000,3.0000000,19.3000000,70.0000000,15.0000000,4.0000000,18.6000000,1637.7445068,2008.5186768
794,2021-04-24,2021,Matchweek 31,Sat,Bundesliga,18:30,Leverkusen,W,3.0000000,1.0000000,Eint Frankfurt,2.0000000,2.2000000,51.0000000,19.0000000,9.0000000,16.4000000,49.0000000,13.0000000,5.0000000,12.2000000,1735.3607178,1782.5855713
795,2021-04-25,2021,Matchweek 31,Sun,Bundesliga,18:00,Gladbach,W,5.0000000,0.0000000,Arminia,3.5000000,0.7000000,62.0000000,19.0000000,11.0000000,16.6000000,38.0000000,9.0000000,4.0000000,20.8000000,1749.5533447,1594.0755615
796,2021-04-25,2021,Matchweek 31,Sun,Bundesliga,15:30,RB Leipzig,W,2.0000000,0.0000000,Stuttgart,3.6000000,0.1000000,66.0000000,24.0000000,10.0000000,15.8000000,34.0000000,1.0000000,0.0000000,6.9000000,1833.3937988,1646.9967041
797,2021-04-30,2021,Semi-finals,Fri,DFB-Pokal,20:30,Werder Bremen,L,1.0000000,2.0000000,RB Leipzig,,,34.0000000,12.0000000,3.0000000,,66.0000000,28.0000000,7.0000000,,1609.9779053,1837.6513672
798,2021-05-01,2021,Semi-finals,Sat,DFB-Pokal,20:30,Dortmund,W,5.0000000,0.0000000,Holstein Kiel,,,63.0000000,17.0000000,9.0000000,,37.0000000,17.0000000,9.0000000,,1812.2595215,1531.6704102
799,2021-05-03,2021,Matchweek 29,Mon,Bundesliga,18:00,Mainz 05,D,1.0000000,1.0000000,Hertha BSC,2.8000000,1.4000000,56.0000000,16.0000000,9.0000000,15.3000000,44.0000000,7.0000000,5.0000000,13.2000000,1652.9199219,1627.1337891
800,2021-05-06,2021,Matchweek 30,Thu,Bundesliga,18:30,Hertha BSC,W,3.0000000,0.0000000,Freiburg,1.8000000,1.0000000,39.0000000,13.0000000,6.0000000,19.8000000,61.0000000,13.0000000,4.0000000,16.6000000,1629.1573486,1678.5286865
801,2021-05-07,2021,Matchweek 32,Fri,Bundesliga,20:30,Stuttgart,W,2.0000000,1.0000000,Augsburg,1.7000000,2.2000000,57.0000000,16.0000000,7.0000000,15.4000000,43.0000000,21.0000000,9.0000000,18.5000000,1642.7391357,1592.0601807
802,2021-05-08,2021,Matchweek 32,Sat,Bundesliga,18:30,Bayern Munich,W,6.0000000,0.0000000,Gladbach,3.0000000,1.1000000,57.0000000,21.0000000,6.0000000,16.1000000,43.0000000,14.0000000,3.0000000,20.1000000,1993.3432617,1757.4985352
803,2021-05-08,2021,Matchweek 32,Sat,Bundesliga,15:30,Hoffenheim,W,4.0000000,2.0000000,Schalke 04,1.7000000,1.0000000,62.0000000,21.0000000,12.0000000,18.6000000,38.0000000,6.0000000,3.0000000,16.7000000,1682.7136231,1519.3612060
804,2021-05-08,2021,Matchweek 32,Sat,Bundesliga,15:30,Wolfsburg,W,3.0000000,0.0000000,Union Berlin,1.7000000,0.7000000,60.0000000,17.0000000,8.0000000,21.0000000,40.0000000,9.0000000,1.0000000,17.4000000,1770.9140625,1678.9963379
805,2021-05-08,2021,Matchweek 32,Sat,Bundesliga,15:30,Werder Bremen,D,0.0000000,0.0000000,Leverkusen,0.7000000,1.1000000,38.0000000,12.0000000,1.0000000,17.4000000,62.0000000,14.0000000,4.0000000,18.8000000,1609.9779053,1746.8381348
806,2021-05-08,2021,Matchweek 32,Sat,Bundesliga,15:30,Dortmund,W,3.0000000,2.0000000,RB Leipzig,1.7000000,1.5000000,44.0000000,15.0000000,4.0000000,16.6000000,56.0000000,14.0000000,8.0000000,18.5000000,1823.8513184,1837.6513672
807,2021-05-09,2021,Matchweek 32,Sun,Bundesliga,15:30,Eint Frankfurt,D,1.0000000,1.0000000,Mainz 05,0.8000000,0.7000000,73.0000000,14.0000000,3.0000000,17.6000000,27.0000000,6.0000000,3.0000000,21.4000000,1771.1081543,1650.8964844
808,2021-05-09,2021,Matchweek 32,Sun,Bundesliga,18:00,Hertha BSC,D,0.0000000,0.0000000,Arminia,0.6000000,0.6000000,65.0000000,11.0000000,4.0000000,18.1000000,35.0000000,13.0000000,6.0000000,20.9000000,1643.2739258,1586.1302490
809,2021-05-09,2021,Matchweek 32,Sun,Bundesliga,13:30,Köln,L,1.0000000,4.0000000,Freiburg,1.9000000,2.5000000,55.0000000,17.0000000,2.0000000,21.8000000,45.0000000,11.0000000,6.0000000,14.0000000,1601.6354981,1664.4119873
810,2021-05-12,2021,Matchweek 31,Wed,Bundesliga,18:00,Schalke 04,L,1.0000000,2.0000000,Hertha BSC,0.9000000,1.5000000,45.0000000,12.0000000,1.0000000,16.0000000,55.0000000,17.0000000,6.0000000,16.2000000,1514.7353516,1640.3298340
811,2021-05-13,2021,Final,Thu,DFB-Pokal,20:45,RB Leipzig,L,1.0000000,4.0000000,Dortmund,,,60.0000000,22.0000000,4.0000000,,40.0000000,10.0000000,5.0000000,,1830.6213379,1830.8813477
812,2021-05-15,2021,Matchweek 33,Sat,Bundesliga,15:30,Hertha BSC,D,0.0000000,0.0000000,Köln,0.1000000,1.6000000,42.0000000,1.0000000,1.0000000,12.5000000,58.0000000,12.0000000,4.0000000,15.3000000,1646.2843018,1588.5983887
813,2021-05-15,2021,Matchweek 33,Sat,Bundesliga,15:30,Freiburg,D,2.0000000,2.0000000,Bayern Munich,1.3000000,2.9000000,39.0000000,14.0000000,4.0000000,17.9000000,61.0000000,16.0000000,5.0000000,18.4000000,1677.4492188,1998.6307373
814,2021-05-15,2021,Matchweek 33,Sat,Bundesliga,15:30,Gladbach,L,1.0000000,2.0000000,Stuttgart,0.5000000,0.6000000,50.0000000,9.0000000,4.0000000,19.0000000,50.0000000,11.0000000,6.0000000,19.3000000,1752.2110596,1648.2645264
815,2021-05-15,2021,Matchweek 33,Sat,Bundesliga,15:30,Augsburg,W,2.0000000,0.0000000,Werder Bremen,1.5000000,0.9000000,33.0000000,12.0000000,4.0000000,17.9000000,67.0000000,15.0000000,4.0000000,16.7000000,1586.5347900,1612.4855957
816,2021-05-15,2021,Matchweek 33,Sat,Bundesliga,15:30,Arminia,D,1.0000000,1.0000000,Hoffenheim,1.9000000,1.6000000,41.0000000,19.0000000,6.0000000,15.1000000,59.0000000,7.0000000,3.0000000,15.7000000,1589.0743408,1687.3394775
817,2021-05-15,2021,Matchweek 33,Sat,Bundesliga,15:30,Leverkusen,D,1.0000000,1.0000000,Union Berlin,1.5000000,1.3000000,49.0000000,10.0000000,4.0000000,16.2000000,51.0000000,13.0000000,6.0000000,16.8000000,1744.3304443,1670.8986816
818,2021-05-15,2021,Matchweek 33,Sat,Bundesliga,15:30,Schalke 04,W,4.0000000,3.0000000,Eint Frankfurt,2.8000000,3.1000000,36.0000000,10.0000000,5.0000000,15.4000000,64.0000000,25.0000000,8.0000000,15.1000000,1508.7808838,1766.6065674
819,2021-05-16,2021,Matchweek 33,Sun,Bundesliga,20:30,RB Leipzig,D,2.0000000,2.0000000,Wolfsburg,2.1000000,1.2000000,64.0000000,12.0000000,3.0000000,14.4000000,36.0000000,13.0000000,5.0000000,19.1000000,1830.6213379,1779.0115967
820,2021-05-16,2021,Matchweek 33,Sun,Bundesliga,18:00,Mainz 05,L,1.0000000,3.0000000,Dortmund,1.5000000,1.6000000,35.0000000,10.0000000,4.0000000,20.2000000,65.0000000,13.0000000,4.0000000,15.0000000,1655.3980713,1830.8813477
821,2021-05-22,2021,Matchweek 34,Sat,Bundesliga,15:30,Stuttgart,L,0.0000000,2.0000000,Arminia,1.0000000,1.7000000,72.0000000,12.0000000,0.0000000,17.8000000,28.0000000,9.0000000,2.0000000,19.4000000,1659.9077148,1590.5345459
822,2021-05-22,2021,Matchweek 34,Sat,Bundesliga,15:30,Wolfsburg,L,2.0000000,3.0000000,Mainz 05,1.2000000,1.9000000,60.0000000,16.0000000,5.0000000,18.9000000,40.0000000,16.0000000,7.0000000,13.8000000,1781.8078613,1648.6724853
823,2021-05-22,2021,Matchweek 34,Sat,Bundesliga,15:30,Union Berlin,W,2.0000000,1.0000000,RB Leipzig,1.1000000,2.6000000,39.0000000,10.0000000,4.0000000,19.6000000,61.0000000,19.0000000,8.0000000,16.7000000,1674.2368164,1827.8250732
824,2021-05-22,2021,Matchweek 34,Sat,Bundesliga,15:30,Hoffenheim,W,2.0000000,1.0000000,Hertha BSC,2.4000000,1.6000000,57.0000000,21.0000000,4.0000000,18.0000000,43.0000000,9.0000000,5.0000000,15.6000000,1685.8792725,1643.3547363
825,2021-05-22,2021,Matchweek 34,Sat,Bundesliga,15:30,Eint Frankfurt,W,3.0000000,1.0000000,Freiburg,2.0000000,0.5000000,52.0000000,15.0000000,9.0000000,21.0000000,48.0000000,11.0000000,6.0000000,21.8000000,1753.5100098,1684.0258789
826,2021-05-22,2021,Matchweek 34,Sat,Bundesliga,15:30,Köln,W,1.0000000,0.0000000,Schalke 04,2.0000000,0.4000000,65.0000000,21.0000000,10.0000000,15.0000000,35.0000000,6.0000000,0.0000000,17.7000000,1591.5278320,1521.8774414
827,2021-05-22,2021,Matchweek 34,Sat,Bundesliga,15:30,Bayern Munich,W,5.0000000,2.0000000,Augsburg,4.4000000,2.0000000,70.0000000,26.0000000,13.0000000,13.0000000,30.0000000,8.0000000,3.0000000,20.5000000,1992.0540772,1597.1080322
828,2021-05-22,2021,Matchweek 34,Sat,Bundesliga,15:30,Dortmund,W,3.0000000,1.0000000,Leverkusen,1.1000000,1.8000000,53.0000000,9.0000000,3.0000000,16.5000000,47.0000000,15.0000000,6.0000000,19.0000000,1837.6069336,1740.9923096
829,2021-05-22,2021,Matchweek 34,Sat,Bundesliga,15:30,Werder Bremen,L,2.0000000,4.0000000,Gladbach,1.9000000,1.8000000,46.0000000,16.0000000,8.0000000,17.7000000,54.0000000,16.0000000,8.0000000,16.5000000,1601.9124756,1740.5678711
830,2021-05-26,2021,German 1/2 Relegation/Promotion play-offs,Wed,Rel/Pro play-offs,18:30,Köln,L,0.0000000,1.0000000,Holstein Kiel,,,57.0000000,17.0000000,5.0000000,,43.0000000,17.0000000,5.0000000,,1591.5278320,1547.7216797
831,2021-05-29,2021,German 1/2 Relegation/Promotion play-offs,Sat,Rel/Pro play-offs,18:00,Holstein Kiel,L,1.0000000,5.0000000,Köln,,,60.0000000,19.0000000,11.0000000,,40.0000000,19.0000000,11.0000000,,1547.7216797,1591.5278320
832,2021-08-07,2022,Round of 64,Sat,DFB-Pokal,18:30,Babelsberg 03,D,2.0000000,2.0000000,Greuther Fürth,,,31.0000000,30.0000000,17.0000000,,69.0000000,30.0000000,17.0000000,,,1555.5068359
833,2021-08-07,2022,Round of 64,Sat,DFB-Pokal,15:30,Greifswalder SV 04,L,2.0000000,4.0000000,Augsburg,,,35.0000000,27.0000000,15.0000000,,65.0000000,27.0000000,15.0000000,,,1595.5946045
834,2021-08-07,2022,Round of 64,Sat,DFB-Pokal,15:30,Berliner FC Dynamo,L,0.0000000,6.0000000,Stuttgart,,,35.0000000,15.0000000,8.0000000,,65.0000000,15.0000000,8.0000000,,,1659.9077148
835,2021-08-07,2022,Round of 64,Sat,DFB-Pokal,15:30,Loko Leipzig,L,0.0000000,3.0000000,Leverkusen,,,40.0000000,9.0000000,5.0000000,,60.0000000,9.0000000,5.0000000,,,1734.7438965
836,2021-08-07,2022,Round of 64,Sat,DFB-Pokal,15:30,Sandhausen,L,0.0000000,4.0000000,RB Leipzig,,,27.0000000,15.0000000,8.0000000,,73.0000000,15.0000000,8.0000000,,,1817.0614014
837,2021-08-07,2022,Round of 64,Sat,DFB-Pokal,15:30,SpVgg Bayreuth,L,3.0000000,6.0000000,Arminia,,,46.0000000,27.0000000,14.0000000,,54.0000000,27.0000000,14.0000000,,,1606.2443848
838,2021-08-07,2022,Round of 64,Sat,DFB-Pokal,15:30,Wuppertaler,L,1.0000000,2.0000000,Bochum,,,30.0000000,21.0000000,6.0000000,,70.0000000,21.0000000,6.0000000,,,1563.6441650
839,2021-08-07,2022,Round of 64,Sat,DFB-Pokal,20:45,Wehen,L,0.0000000,3.0000000,Dortmund,,,36.0000000,20.0000000,10.0000000,,64.0000000,20.0000000,10.0000000,,,1837.6069336
840,2021-08-08,2022,Round of 64,Sun,DFB-Pokal,15:30,Meppen,L,0.0000000,1.0000000,Hertha BSC,,,30.0000000,19.0000000,6.0000000,,70.0000000,19.0000000,6.0000000,,,1637.6799316
841,2021-08-08,2022,Round of 64,Sun,DFB-Pokal,15:30,Elversberg,D,2.0000000,2.0000000,Mainz 05,,,32.0000000,38.0000000,9.0000000,,68.0000000,38.0000000,9.0000000,,,1661.1562500
842,2021-08-08,2022,Round of 64,Sun,DFB-Pokal,15:30,Carl Zeiss Jena,D,1.0000000,1.0000000,Köln,,,28.0000000,44.0000000,11.0000000,,72.0000000,44.0000000,11.0000000,,,1596.5722656
843,2021-08-08,2022,Round of 64,Sun,DFB-Pokal,15:30,Türkgücü München,L,0.0000000,1.0000000,Union Berlin,,,48.0000000,13.0000000,5.0000000,,52.0000000,13.0000000,5.0000000,,,1685.0003662
844,2021-08-08,2022,Round of 64,Sun,DFB-Pokal,15:30,SV Waldhof,W,2.0000000,0.0000000,Eint Frankfurt,,,27.0000000,11.0000000,1.0000000,,73.0000000,11.0000000,1.0000000,,,1760.5654297
845,2021-08-08,2022,Round of 64,Sun,DFB-Pokal,18:30,W'burg Kickers,L,0.0000000,1.0000000,Freiburg,,,35.0000000,18.0000000,6.0000000,,65.0000000,18.0000000,6.0000000,,,1676.9703369
846,2021-08-08,2022,Round of 64,Sun,DFB-Pokal,15:30,Preußen Münster,W,2.0000000,0.0000000,Wolfsburg,,,33.0000000,30.0000000,11.0000000,,67.0000000,30.0000000,11.0000000,,,1781.8078613
847,2021-08-09,2022,Round of 64,Mon,DFB-Pokal,20:45,Kaiserslautern,L,0.0000000,1.0000000,Gladbach,,,50.0000000,15.0000000,6.0000000,,50.0000000,15.0000000,6.0000000,,,1748.4604492
848,2021-08-09,2022,Round of 64,Mon,DFB-Pokal,18:30,Viktoria Köln,L,2.0000000,3.0000000,Hoffenheim,,,38.0000000,26.0000000,10.0000000,,62.0000000,26.0000000,10.0000000,,,1691.5540772
849,2021-08-13,2022,Matchweek 1,Fri,Bundesliga,20:30,Gladbach,D,1.0000000,1.0000000,Bayern Munich,2.3000000,2.5000000,35.0000000,11.0000000,4.0000000,15.8000000,65.0000000,21.0000000,9.0000000,12.4000000,1748.4604492,1993.5675049
850,2021-08-14,2022,Matchweek 1,Sat,Bundesliga,15:30,Arminia,D,0.0000000,0.0000000,Freiburg,0.4000000,1.6000000,45.0000000,10.0000000,3.0000000,20.7000000,55.0000000,15.0000000,5.0000000,13.2000000,1606.2443848,1676.9703369
851,2021-08-14,2022,Matchweek 1,Sat,Bundesliga,15:30,Union Berlin,D,1.0000000,1.0000000,Leverkusen,0.5000000,0.8000000,34.0000000,8.0000000,5.0000000,18.2000000,66.0000000,16.0000000,3.0000000,17.8000000,1685.0003662,1734.7438965
852,2021-08-14,2022,Matchweek 1,Sat,Bundesliga,18:30,Dortmund,W,5.0000000,2.0000000,Eint Frankfurt,2.7000000,1.3000000,60.0000000,13.0000000,7.0000000,13.7000000,40.0000000,10.0000000,3.0000000,11.0000000,1843.8553467,1760.5654297
853,2021-08-14,2022,Matchweek 1,Sat,Bundesliga,15:30,Wolfsburg,W,1.0000000,0.0000000,Bochum,2.0000000,0.4000000,60.0000000,18.0000000,7.0000000,18.3000000,40.0000000,7.0000000,1.0000000,20.0000000,1769.3242188,1563.6441650
854,2021-08-14,2022,Matchweek 1,Sat,Bundesliga,15:30,Stuttgart,W,5.0000000,1.0000000,Greuther Fürth,3.0000000,1.2000000,67.0000000,33.0000000,15.0000000,14.8000000,33.0000000,8.0000000,4.0000000,16.4000000,1644.1978760,1555.5068359
855,2021-08-14,2022,Matchweek 1,Sat,Bundesliga,15:30,Augsburg,L,0.0000000,4.0000000,Hoffenheim,0.6000000,3.8000000,46.0000000,7.0000000,0.0000000,14.5000000,54.0000000,15.0000000,8.0000000,17.0000000,1595.5946045,1691.5540772
856,2021-08-15,2022,Matchweek 1,Sun,Bundesliga,17:30,Köln,W,3.0000000,1.0000000,Hertha BSC,1.6000000,1.8000000,59.0000000,14.0000000,5.0000000,14.2000000,41.0000000,10.0000000,5.0000000,15.0000000,1596.5722656,1637.6799316
857,2021-08-15,2022,Matchweek 1,Sun,Bundesliga,15:30,Mainz 05,W,1.0000000,0.0000000,RB Leipzig,1.2000000,1.1000000,30.0000000,8.0000000,2.0000000,11.0000000,70.0000000,13.0000000,2.0000000,15.4000000,1661.1562500,1817.0614014
858,2021-08-17,2022,DFL-Supercup,Tue,DFL-Supercup,20:30,Dortmund,L,1.0000000,3.0000000,Bayern Munich,,,49.0000000,8.0000000,5.0000000,,51.0000000,17.0000000,6.0000000,,1843.8553467,1993.5675049
859,2021-08-19,2022,Play-off round,Thu,Conf Lg,19:00 (18:00),fi KuPS,L,0.0000000,4.0000000,Union Berlin,,,,,,,,,,,,1685.1114502
860,2021-08-20,2022,Matchweek 2,Fri,Bundesliga,20:30,RB Leipzig,W,4.0000000,0.0000000,Stuttgart,3.6000000,1.1000000,52.0000000,27.0000000,11.0000000,16.9000000,48.0000000,11.0000000,5.0000000,16.8000000,1806.5206299,1653.8898926
861,2021-08-21,2022,Matchweek 2,Sat,Bundesliga,15:30,Hertha BSC,L,1.0000000,2.0000000,Wolfsburg,1.2000000,1.0000000,41.0000000,12.0000000,4.0000000,23.0000000,59.0000000,12.0000000,3.0000000,13.7000000,1626.8673096,1772.3355713
862,2021-08-21,2022,Matchweek 2,Sat,Bundesliga,18:30,Leverkusen,W,4.0000000,0.0000000,Gladbach,1.9000000,1.7000000,47.0000000,12.0000000,6.0000000,14.2000000,53.0000000,10.0000000,5.0000000,18.5000000,1735.0151367,1754.0377197
863,2021-08-21,2022,Matchweek 2,Sat,Bundesliga,15:30,Eint Frankfurt,D,0.0000000,0.0000000,Augsburg,1.6000000,0.3000000,61.0000000,21.0000000,5.0000000,18.5000000,39.0000000,4.0000000,0.0000000,20.3000000,1752.8714600,1582.5631103
864,2021-08-21,2022,Matchweek 2,Sat,Bundesliga,15:30,Greuther Fürth,D,1.0000000,1.0000000,Arminia,2.5000000,0.8000000,65.0000000,19.0000000,4.0000000,17.8000000,35.0000000,9.0000000,2.0000000,15.3000000,1546.5793457,1607.3404541
865,2021-08-21,2022,Matchweek 2,Sat,Bundesliga,15:30,Bochum,W,2.0000000,0.0000000,Mainz 05,0.8000000,0.9000000,42.0000000,8.0000000,4.0000000,17.0000000,58.0000000,15.0000000,3.0000000,19.7000000,1561.3973389,1672.4615478
866,2021-08-21,2022,Matchweek 2,Sat,Bundesliga,15:30,Freiburg,W,2.0000000,1.0000000,Dortmund,1.3000000,1.6000000,24.0000000,7.0000000,4.0000000,17.9000000,76.0000000,18.0000000,4.0000000,18.0000000,1676.6387940,1852.3138428
867,2021-08-22,2022,Matchweek 2,Sun,Bundesliga,17:30,Bayern Munich,W,3.0000000,2.0000000,Köln,2.6000000,1.1000000,57.0000000,18.0000000,6.0000000,18.0000000,43.0000000,10.0000000,3.0000000,18.7000000,1988.7547607,1608.1495361
868,2021-08-22,2022,Matchweek 2,Sun,Bundesliga,15:30,Hoffenheim,D,2.0000000,2.0000000,Union Berlin,1.0000000,1.8000000,63.0000000,7.0000000,3.0000000,20.6000000,37.0000000,12.0000000,8.0000000,13.8000000,1705.3499756,1686.5762940
869,2021-08-25,2022,Round of 64,Wed,DFB-Pokal,20:15,Bremer SV,L,0.0000000,12.0000000,Bayern Munich,,,32.0000000,37.0000000,21.0000000,,68.0000000,37.0000000,21.0000000,,,1988.7547607
870,2021-08-26,2022,Play-off round,Thu,Conf Lg,20:15,Union Berlin,D,0.0000000,0.0000000,fi KuPS,,,,,,,,,,,1688.5661621,
871,2021-08-27,2022,Matchweek 3,Fri,Bundesliga,20:30,Dortmund,W,3.0000000,2.0000000,Hoffenheim,3.4000000,2.2000000,59.0000000,24.0000000,13.0000000,12.7000000,41.0000000,10.0000000,5.0000000,11.5000000,1841.2480469,1703.4973144
872,2021-08-28,2022,Matchweek 3,Sat,Bundesliga,15:30,Augsburg,L,1.0000000,4.0000000,Leverkusen,1.8000000,2.0000000,43.0000000,14.0000000,4.0000000,16.9000000,57.0000000,14.0000000,5.0000000,17.0000000,1588.2780762,1749.3271484
873,2021-08-28,2022,Matchweek 3,Sat,Bundesliga,15:30,Stuttgart,L,2.0000000,3.0000000,Freiburg,1.8000000,1.3000000,64.0000000,17.0000000,7.0000000,19.2000000,36.0000000,15.0000000,7.0000000,16.1000000,1647.1514893,1687.9787598
874,2021-08-28,2022,Matchweek 3,Sat,Bundesliga,18:30,Bayern Munich,W,5.0000000,0.0000000,Hertha BSC,2.8000000,0.4000000,63.0000000,16.0000000,6.0000000,12.4000000,37.0000000,7.0000000,3.0000000,18.2000000,1989.8077393,1621.4871826
875,2021-08-28,2022,Matchweek 3,Sat,Bundesliga,15:30,Arminia,D,1.0000000,1.0000000,Eint Frankfurt,0.6000000,1.5000000,35.0000000,13.0000000,4.0000000,21.3000000,65.0000000,11.0000000,3.0000000,14.9000000,1607.1231690,1747.4305420
876,2021-08-28,2022,Matchweek 3,Sat,Bundesliga,15:30,Mainz 05,W,3.0000000,0.0000000,Greuther Fürth,2.7000000,0.2000000,48.0000000,18.0000000,9.0000000,14.5000000,52.0000000,9.0000000,1.0000000,21.4000000,1659.1164551,1547.0706787
877,2021-08-28,2022,Matchweek 3,Sat,Bundesliga,15:30,Köln,W,2.0000000,1.0000000,Bochum,3.2000000,0.6000000,70.0000000,22.0000000,5.0000000,16.2000000,30.0000000,11.0000000,1.0000000,17.7000000,1607.3706055,1575.0164795
878,2021-08-29,2022,Matchweek 3,Sun,Bundesliga,15:30,Union Berlin,W,2.0000000,1.0000000,Gladbach,1.9000000,1.8000000,28.0000000,11.0000000,3.0000000,14.0000000,72.0000000,20.0000000,5.0000000,17.0000000,1689.0910644,1739.9998779
879,2021-08-29,2022,Matchweek 3,Sun,Bundesliga,17:30,Wolfsburg,W,1.0000000,0.0000000,RB Leipzig,0.8000000,1.1000000,48.0000000,8.0000000,2.0000000,19.7000000,52.0000000,11.0000000,2.0000000,19.8000000,1777.9896240,1813.5332031
880,2021-09-11,2022,Matchweek 4,Sat,Bundesliga,15:30,Freiburg,D,1.0000000,1.0000000,Köln,0.8000000,1.1000000,54.0000000,9.0000000,3.0000000,15.9000000,46.0000000,15.0000000,4.0000000,16.6000000,1696.1752930,1613.1777344
881,2021-09-11,2022,Matchweek 4,Sat,Bundesliga,15:30,Union Berlin,D,0.0000000,0.0000000,Augsburg,1.0000000,1.0000000,60.0000000,16.0000000,5.0000000,18.5000000,40.0000000,14.0000000,6.0000000,16.4000000,1697.0751953,1579.2966309
882,2021-09-11,2022,Matchweek 4,Sat,Bundesliga,15:30,Leverkusen,L,3.0000000,4.0000000,Dortmund,0.7000000,1.8000000,42.0000000,11.0000000,5.0000000,21.9000000,58.0000000,13.0000000,5.0000000,18.0000000,1758.3085938,1844.7821045
883,2021-09-11,2022,Matchweek 4,Sat,Bundesliga,15:30,Greuther Fürth,L,0.0000000,2.0000000,Wolfsburg,0.3000000,1.4000000,30.0000000,9.0000000,4.0000000,20.4000000,70.0000000,8.0000000,2.0000000,18.5000000,1539.8634033,1785.5430908
884,2021-09-11,2022,Matchweek 4,Sat,Bundesliga,15:30,Hoffenheim,L,0.0000000,2.0000000,Mainz 05,0.7000000,0.9000000,64.0000000,9.0000000,0.0000000,14.7000000,36.0000000,13.0000000,5.0000000,19.6000000,1699.9631348,1666.3237305
885,2021-09-11,2022,Matchweek 4,Sat,Bundesliga,18:30,RB Leipzig,L,1.0000000,4.0000000,Bayern Munich,0.5000000,3.9000000,52.0000000,10.0000000,4.0000000,22.2000000,48.0000000,17.0000000,5.0000000,18.1000000,1805.9797363,1992.0902100
886,2021-09-12,2022,Matchweek 4,Sun,Bundesliga,15:30,Eint Frankfurt,D,1.0000000,1.0000000,Stuttgart,1.1000000,0.9000000,58.0000000,17.0000000,4.0000000,21.3000000,42.0000000,9.0000000,3.0000000,14.9000000,1744.8825684,1638.9549560
887,2021-09-12,2022,Matchweek 4,Sun,Bundesliga,17:30,Bochum,L,1.0000000,3.0000000,Hertha BSC,1.2000000,0.3000000,66.0000000,18.0000000,5.0000000,25.2000000,34.0000000,5.0000000,4.0000000,27.7000000,1569.2092285,1619.2048340
888,2021-09-12,2022,Matchweek 4,Sun,Bundesliga,19:30,Gladbach,W,3.0000000,1.0000000,Arminia,1.7000000,1.8000000,64.0000000,18.0000000,4.0000000,17.9000000,36.0000000,18.0000000,7.0000000,18.4000000,1732.0157471,1609.6711426
889,2021-09-14,2022,Group stage,Tue,Champions Lg,21:00,es Barcelona,L,0.0000000,3.0000000,Bayern Munich,0.2000000,2.7000000,49.0000000,17.0000000,7.0000000,18.1000000,51.0000000,17.0000000,7.0000000,18.1000000,,2000.1510010
890,2021-09-14,2022,Group stage,Tue,Champions Lg,21:00,fr Lille,D,0.0000000,0.0000000,Wolfsburg,1.6000000,0.1000000,54.0000000,2.0000000,0.0000000,21.4000000,46.0000000,2.0000000,0.0000000,21.4000000,,1790.5589600
891,2021-09-15,2022,Group stage,Wed,Champions Lg,19:45 (18:45),tr Beşiktaş,L,1.0000000,2.0000000,Dortmund,1.2000000,3.0000000,57.0000000,14.0000000,7.0000000,13.4000000,43.0000000,14.0000000,7.0000000,13.4000000,,1856.3852539
892,2021-09-15,2022,Group stage,Wed,Champions Lg,20:00 (21:00),eng Manchester City,W,6.0000000,3.0000000,RB Leipzig,1.9000000,0.9000000,50.0000000,10.0000000,3.0000000,16.4000000,50.0000000,10.0000000,3.0000000,16.4000000,,1802.5364990
893,2021-09-16,2022,Group stage,Thu,Europa Lg,21:00,Eint Frankfurt,D,1.0000000,1.0000000,tr Fenerbahçe,1.0000000,2.4000000,56.0000000,5.0000000,3.0000000,13.6000000,44.0000000,5.0000000,3.0000000,13.6000000,1745.0269775,
894,2021-09-16,2022,Group stage,Thu,Europa Lg,18:45,Leverkusen,W,2.0000000,1.0000000,hu Ferencváros,2.2000000,1.3000000,65.0000000,22.0000000,8.0000000,19.6000000,35.0000000,22.0000000,8.0000000,19.6000000,1755.6844482,
895,2021-09-16,2022,Group stage,Thu,Conf Lg,18:45,cz Slavia Prague,W,3.0000000,1.0000000,Union Berlin,1.5000000,0.8000000,70.0000000,5.0000000,1.0000000,20.8000000,30.0000000,5.0000000,1.0000000,20.8000000,,1696.8724365
896,2021-09-17,2022,Matchweek 5,Fri,Bundesliga,20:30,Hertha BSC,W,2.0000000,1.0000000,Greuther Fürth,0.7000000,1.4000000,57.0000000,14.0000000,3.0000000,17.1000000,43.0000000,10.0000000,2.0000000,17.2000000,1629.7922363,1534.1656494
897,2021-09-18,2022,Matchweek 5,Sat,Bundesliga,15:30,Bayern Munich,W,7.0000000,0.0000000,Bochum,5.6000000,0.4000000,69.0000000,24.0000000,14.0000000,12.9000000,31.0000000,5.0000000,0.0000000,16.9000000,2012.4484863,1557.2579346
898,2021-09-18,2022,Matchweek 5,Sat,Bundesliga,15:30,Augsburg,W,1.0000000,0.0000000,Gladbach,0.3000000,0.6000000,30.0000000,5.0000000,1.0000000,18.9000000,70.0000000,11.0000000,0.0000000,18.9000000,1583.1788330,1736.9650879
899,2021-09-18,2022,Matchweek 5,Sat,Bundesliga,18:30,Köln,D,1.0000000,1.0000000,RB Leipzig,1.7000000,2.7000000,47.0000000,14.0000000,5.0000000,18.4000000,53.0000000,19.0000000,9.0000000,17.0000000,1616.2324219,1793.4248047
900,2021-09-18,2022,Matchweek 5,Sat,Bundesliga,15:30,Mainz 05,D,0.0000000,0.0000000,Freiburg,0.9000000,0.4000000,46.0000000,11.0000000,3.0000000,16.6000000,54.0000000,7.0000000,1.0000000,18.7000000,1680.1560059,1691.7567139
901,2021-09-18,2022,Matchweek 5,Sat,Bundesliga,15:30,Arminia,D,0.0000000,0.0000000,Hoffenheim,1.1000000,1.1000000,42.0000000,9.0000000,2.0000000,15.2000000,58.0000000,16.0000000,3.0000000,15.4000000,1603.3579102,1684.7670898
902,2021-09-19,2022,Matchweek 5,Sun,Bundesliga,19:30,Wolfsburg,D,1.0000000,1.0000000,Eint Frankfurt,1.2000000,0.3000000,60.0000000,14.0000000,6.0000000,12.7000000,40.0000000,5.0000000,2.0000000,24.0000000,1789.9285889,1733.2542725
903,2021-09-19,2022,Matchweek 5,Sun,Bundesliga,17:30,Dortmund,W,4.0000000,2.0000000,Union Berlin,0.9000000,1.6000000,63.0000000,13.0000000,5.0000000,21.3000000,37.0000000,8.0000000,5.0000000,15.0000000,1854.1705322,1682.0214844
904,2021-09-19,2022,Matchweek 5,Sun,Bundesliga,15:30,Stuttgart,L,1.0000000,3.0000000,Leverkusen,1.6000000,1.4000000,64.0000000,17.0000000,6.0000000,18.3000000,36.0000000,7.0000000,4.0000000,11.4000000,1642.4898682,1752.7387695
905,2021-09-24,2022,Matchweek 6,Fri,Bundesliga,20:30,Greuther Fürth,L,1.0000000,3.0000000,Bayern Munich,0.7000000,0.8000000,33.0000000,10.0000000,5.0000000,22.1000000,67.0000000,12.0000000,4.0000000,23.1000000,1529.6901856,2014.0216065
906,2021-09-25,2022,Matchweek 6,Sat,Bundesliga,15:30,Eint Frankfurt,D,1.0000000,1.0000000,Köln,0.9000000,0.9000000,46.0000000,10.0000000,3.0000000,16.6000000,54.0000000,14.0000000,2.0000000,17.5000000,1736.1549072,1619.7535400
907,2021-09-25,2022,Matchweek 6,Sat,Bundesliga,18:30,Gladbach,W,1.0000000,0.0000000,Dortmund,1.6000000,0.4000000,55.0000000,15.0000000,3.0000000,15.9000000,45.0000000,8.0000000,0.0000000,19.5000000,1726.3052978,1858.5465088
908,2021-09-25,2022,Matchweek 6,Sat,Bundesliga,15:30,Hoffenheim,W,3.0000000,1.0000000,Wolfsburg,1.5000000,0.6000000,50.0000000,11.0000000,3.0000000,14.5000000,50.0000000,13.0000000,2.0000000,22.7000000,1683.8480225,1787.0278320
909,2021-09-25,2022,Matchweek 6,Sat,Bundesliga,15:30,RB Leipzig,W,6.0000000,0.0000000,Hertha BSC,3.8000000,0.2000000,61.0000000,17.0000000,8.0000000,14.7000000,39.0000000,4.0000000,2.0000000,20.4000000,1789.9036865,1634.2677002
910,2021-09-25,2022,Matchweek 6,Sat,Bundesliga,15:30,Union Berlin,W,1.0000000,0.0000000,Arminia,1.2000000,0.5000000,54.0000000,17.0000000,4.0000000,16.1000000,46.0000000,10.0000000,2.0000000,17.9000000,1677.6453857,1604.2769775
911,2021-09-25,2022,Matchweek 6,Sat,Bundesliga,15:30,Leverkusen,W,1.0000000,0.0000000,Mainz 05,1.5000000,0.9000000,67.0000000,17.0000000,9.0000000,19.5000000,33.0000000,14.0000000,5.0000000,22.0000000,1761.6322022,1679.0726318
912,2021-09-26,2022,Matchweek 6,Sun,Bundesliga,15:30,Bochum,D,0.0000000,0.0000000,Stuttgart,0.8000000,0.3000000,44.0000000,15.0000000,4.0000000,22.1000000,56.0000000,8.0000000,3.0000000,23.7000000,1555.6848144,1633.5963135
913,2021-09-26,2022,Matchweek 6,Sun,Bundesliga,17:30,Freiburg,W,3.0000000,0.0000000,Augsburg,3.1000000,0.2000000,59.0000000,17.0000000,6.0000000,16.0000000,41.0000000,9.0000000,2.0000000,27.0000000,1692.8400879,1593.8386231
914,2021-09-28,2022,Group stage,Tue,Champions Lg,21:00,RB Leipzig,L,1.0000000,2.0000000,be Club Brugge,1.3000000,1.4000000,66.0000000,13.0000000,4.0000000,21.1000000,34.0000000,13.0000000,4.0000000,21.1000000,1798.2756348,
915,2021-09-28,2022,Group stage,Tue,Champions Lg,21:00,Dortmund,W,1.0000000,0.0000000,pt Sporting CP,0.3000000,0.4000000,58.0000000,6.0000000,3.0000000,19.4000000,42.0000000,6.0000000,3.0000000,19.4000000,1848.6212158,
916,2021-09-29,2022,Group stage,Wed,Champions Lg,21:00,Wolfsburg,D,1.0000000,1.0000000,es Sevilla,1.2000000,1.1000000,31.0000000,9.0000000,2.0000000,17.5000000,69.0000000,9.0000000,2.0000000,17.5000000,1770.0437012,
917,2021-09-29,2022,Group stage,Wed,Champions Lg,21:00,Bayern Munich,W,5.0000000,0.0000000,ua Dynamo Kyiv,2.7000000,0.3000000,63.0000000,21.0000000,6.0000000,18.6000000,37.0000000,21.0000000,6.0000000,18.6000000,2011.4544678,
918,2021-09-30,2022,Group stage,Thu,Europa Lg,20:00 (21:00),sct Celtic,L,0.0000000,4.0000000,Leverkusen,1.7000000,3.4000000,55.0000000,17.0000000,10.0000000,14.9000000,45.0000000,17.0000000,10.0000000,14.9000000,,1763.6168213
919,2021-09-30,2022,Group stage,Thu,Europa Lg,18:45,be Antwerp,L,0.0000000,1.0000000,Eint Frankfurt,0.7000000,1.7000000,43.0000000,11.0000000,2.0000000,23.8000000,57.0000000,11.0000000,2.0000000,23.8000000,,1728.8875732
920,2021-09-30,2022,Group stage,Thu,Conf Lg,21:00,Union Berlin,W,3.0000000,0.0000000,il Maccabi Haifa,1.3000000,0.3000000,50.0000000,12.0000000,6.0000000,18.0000000,50.0000000,12.0000000,6.0000000,18.0000000,1679.9761963,
921,2021-10-01,2022,Matchweek 7,Fri,Bundesliga,20:30,Köln,W,3.0000000,1.0000000,Greuther Fürth,2.9000000,1.3000000,67.0000000,18.0000000,8.0000000,15.5000000,33.0000000,7.0000000,3.0000000,11.4000000,1627.4722900,1531.8389893
922,2021-10-02,2022,Matchweek 7,Sat,Bundesliga,18:30,RB Leipzig,W,3.0000000,0.0000000,Bochum,3.2000000,1.5000000,59.0000000,16.0000000,8.0000000,14.1000000,41.0000000,9.0000000,2.0000000,15.1000000,1787.6956787,1559.8831787
923,2021-10-02,2022,Matchweek 7,Sat,Bundesliga,15:30,Wolfsburg,L,1.0000000,3.0000000,Gladbach,1.3000000,3.3000000,52.0000000,12.0000000,5.0000000,17.4000000,48.0000000,18.0000000,9.0000000,17.5000000,1777.2749023,1739.5526123
924,2021-10-02,2022,Matchweek 7,Sat,Bundesliga,15:30,Stuttgart,W,3.0000000,1.0000000,Hoffenheim,0.8000000,1.0000000,41.0000000,14.0000000,6.0000000,16.9000000,59.0000000,13.0000000,4.0000000,17.2000000,1636.0418701,1700.4139404
925,2021-10-02,2022,Matchweek 7,Sat,Bundesliga,15:30,Hertha BSC,L,1.0000000,2.0000000,Freiburg,1.0000000,0.7000000,44.0000000,12.0000000,3.0000000,21.4000000,56.0000000,11.0000000,5.0000000,14.9000000,1629.2177734,1704.0291748
926,2021-10-02,2022,Matchweek 7,Sat,Bundesliga,15:30,Dortmund,W,2.0000000,1.0000000,Augsburg,3.0000000,0.8000000,69.0000000,19.0000000,3.0000000,19.0000000,31.0000000,6.0000000,3.0000000,15.1000000,1855.1350098,1589.2935791
927,2021-10-03,2022,Matchweek 7,Sun,Bundesliga,15:30,Mainz 05,L,1.0000000,2.0000000,Union Berlin,1.1000000,1.4000000,52.0000000,12.0000000,4.0000000,14.4000000,48.0000000,16.0000000,2.0000000,21.1000000,1677.5395508,1690.5728760
928,2021-10-03,2022,Matchweek 7,Sun,Bundesliga,19:30,Arminia,L,0.0000000,4.0000000,Leverkusen,0.4000000,3.1000000,34.0000000,10.0000000,2.0000000,19.5000000,66.0000000,17.0000000,6.0000000,18.4000000,1602.3977051,1778.2902832
929,2021-10-03,2022,Matchweek 7,Sun,Bundesliga,17:30,Bayern Munich,L,1.0000000,2.0000000,Eint Frankfurt,2.2000000,0.8000000,72.0000000,20.0000000,10.0000000,18.8000000,28.0000000,5.0000000,3.0000000,26.5000000,2020.8521728,1740.1783447
930,2021-10-15,2022,Matchweek 8,Fri,Bundesliga,20:30,Hoffenheim,W,5.0000000,0.0000000,Köln,3.7000000,0.7000000,51.0000000,14.0000000,8.0000000,12.0000000,49.0000000,10.0000000,0.0000000,17.6000000,1688.8410644,1633.7885742
931,2021-10-16,2022,Matchweek 8,Sat,Bundesliga,15:30,Eint Frankfurt,L,1.0000000,2.0000000,Hertha BSC,1.6000000,1.8000000,58.0000000,12.0000000,4.0000000,20.3000000,42.0000000,12.0000000,6.0000000,13.5000000,1755.2677002,1621.8327637
932,2021-10-16,2022,Matchweek 8,Sat,Bundesliga,18:30,Gladbach,D,1.0000000,1.0000000,Stuttgart,2.6000000,0.3000000,59.0000000,31.0000000,8.0000000,17.9000000,41.0000000,5.0000000,2.0000000,20.9000000,1754.0983887,1647.6147461
933,2021-10-16,2022,Matchweek 8,Sat,Bundesliga,15:30,Dortmund,W,3.0000000,1.0000000,Mainz 05,2.3000000,0.8000000,67.0000000,10.0000000,3.0000000,15.3000000,33.0000000,5.0000000,2.0000000,24.1000000,1856.9907227,1668.5207519
934,2021-10-16,2022,Matchweek 8,Sat,Bundesliga,15:30,Greuther Fürth,L,0.0000000,1.0000000,Bochum,0.8000000,1.6000000,56.0000000,11.0000000,3.0000000,19.0000000,44.0000000,10.0000000,2.0000000,16.1000000,1525.5228272,1555.9277344
935,2021-10-16,2022,Matchweek 8,Sat,Bundesliga,15:30,Freiburg,D,1.0000000,1.0000000,RB Leipzig,1.4000000,1.7000000,53.0000000,15.0000000,4.0000000,15.9000000,47.0000000,11.0000000,2.0000000,19.4000000,1711.4143066,1791.6511231
936,2021-10-16,2022,Matchweek 8,Sat,Bundesliga,15:30,Union Berlin,W,2.0000000,0.0000000,Wolfsburg,0.9000000,1.5000000,39.0000000,5.0000000,3.0000000,12.9000000,61.0000000,13.0000000,4.0000000,18.2000000,1699.5916748,1762.7291260
937,2021-10-17,2022,Matchweek 8,Sun,Bundesliga,17:30,Augsburg,D,1.0000000,1.0000000,Arminia,0.6000000,0.3000000,50.0000000,14.0000000,6.0000000,18.0000000,50.0000000,10.0000000,2.0000000,24.0000000,1587.4378662,1592.6558838
938,2021-10-17,2022,Matchweek 8,Sun,Bundesliga,15:30,Leverkusen,L,1.0000000,5.0000000,Bayern Munich,0.7000000,3.2000000,41.0000000,6.0000000,4.0000000,16.1000000,59.0000000,27.0000000,11.0000000,16.7000000,1788.0321045,2005.7628174
939,2021-10-19,2022,Group stage,Tue,Champions Lg,21:00,nl Ajax,W,4.0000000,0.0000000,Dortmund,2.1000000,1.2000000,55.0000000,10.0000000,4.0000000,17.3000000,45.0000000,10.0000000,4.0000000,17.3000000,,1861.1007080
940,2021-10-19,2022,Group stage,Tue,Champions Lg,21:00,fr Paris S-G,W,3.0000000,2.0000000,RB Leipzig,3.0000000,2.1000000,64.0000000,18.0000000,4.0000000,15.5000000,36.0000000,18.0000000,4.0000000,15.5000000,,1790.6395264
941,2021-10-20,2022,Group stage,Wed,Champions Lg,20:00 (21:00),pt Benfica,L,0.0000000,4.0000000,Bayern Munich,0.7000000,3.0000000,34.0000000,21.0000000,7.0000000,17.7000000,66.0000000,21.0000000,7.0000000,17.7000000,,2007.5565185
942,2021-10-20,2022,Group stage,Wed,Champions Lg,18:45,at RB Salzburg,W,3.0000000,1.0000000,Wolfsburg,2.7000000,0.9000000,54.0000000,8.0000000,2.0000000,21.7000000,46.0000000,8.0000000,2.0000000,21.7000000,,1745.0064697
943,2021-10-21,2022,Group stage,Thu,Europa Lg,18:45,es Betis,D,1.0000000,1.0000000,Leverkusen,2.1000000,1.0000000,46.0000000,12.0000000,7.0000000,16.3000000,54.0000000,12.0000000,7.0000000,16.3000000,,1774.9128418
944,2021-10-21,2022,Group stage,Thu,Europa Lg,21:00,Eint Frankfurt,W,3.0000000,1.0000000,gr Olympiacos,3.1000000,1.3000000,51.0000000,18.0000000,5.0000000,16.1000000,49.0000000,18.0000000,5.0000000,16.1000000,1737.5202637,
945,2021-10-21,2022,Group stage,Thu,Conf Lg,18:45,nl Feyenoord,W,3.0000000,1.0000000,Union Berlin,4.3000000,0.9000000,53.0000000,7.0000000,3.0000000,12.1000000,47.0000000,7.0000000,3.0000000,12.1000000,,1705.9887695
946,2021-10-22,2022,Matchweek 9,Fri,Bundesliga,20:30,Mainz 05,W,4.0000000,1.0000000,Augsburg,3.7000000,0.9000000,54.0000000,21.0000000,9.0000000,15.0000000,46.0000000,6.0000000,2.0000000,20.0000000,1658.1762695,1580.0979004
947,2021-10-23,2022,Matchweek 9,Sat,Bundesliga,18:30,Hertha BSC,W,1.0000000,0.0000000,Gladbach,1.0000000,0.5000000,42.0000000,10.0000000,4.0000000,16.1000000,58.0000000,10.0000000,1.0000000,16.9000000,1627.8054199,1743.7613525
948,2021-10-23,2022,Matchweek 9,Sat,Bundesliga,15:30,Wolfsburg,L,0.0000000,2.0000000,Freiburg,1.3000000,1.5000000,56.0000000,18.0000000,4.0000000,15.4000000,44.0000000,11.0000000,4.0000000,15.5000000,1736.9350586,1706.1914062
949,2021-10-23,2022,Matchweek 9,Sat,Bundesliga,15:30,Bayern Munich,W,4.0000000,0.0000000,Hoffenheim,2.8000000,0.7000000,61.0000000,15.0000000,7.0000000,15.3000000,39.0000000,9.0000000,2.0000000,14.5000000,2015.4427490,1694.6175537
950,2021-10-23,2022,Matchweek 9,Sat,Bundesliga,15:30,RB Leipzig,W,4.0000000,1.0000000,Greuther Fürth,2.3000000,1.4000000,56.0000000,12.0000000,4.0000000,18.4000000,44.0000000,8.0000000,3.0000000,21.2000000,1780.6452637,1510.9963379
951,2021-10-23,2022,Matchweek 9,Sat,Bundesliga,15:30,Arminia,L,1.0000000,3.0000000,Dortmund,1.4000000,2.4000000,31.0000000,15.0000000,6.0000000,21.1000000,69.0000000,13.0000000,6.0000000,17.1000000,1587.5268555,1841.8839111
952,2021-10-24,2022,Matchweek 9,Sun,Bundesliga,17:30,Stuttgart,D,1.0000000,1.0000000,Union Berlin,0.5000000,1.0000000,56.0000000,8.0000000,2.0000000,16.6000000,44.0000000,12.0000000,3.0000000,17.9000000,1645.4826660,1694.3300781
953,2021-10-24,2022,Matchweek 9,Sun,Bundesliga,19:30,Bochum,W,2.0000000,0.0000000,Eint Frankfurt,2.1000000,1.6000000,41.0000000,19.0000000,7.0000000,18.1000000,59.0000000,15.0000000,5.0000000,18.7000000,1557.9851074,1744.4262695
954,2021-10-24,2022,Matchweek 9,Sun,Bundesliga,15:30,Köln,D,2.0000000,2.0000000,Leverkusen,1.8000000,0.9000000,62.0000000,19.0000000,5.0000000,16.3000000,38.0000000,9.0000000,6.0000000,16.0000000,1615.5429688,1775.5454102
955,2021-10-26,2022,Round of 32,Tue,DFB-Pokal,18:30,Babelsberg 03,L,0.0000000,1.0000000,RB Leipzig,,,27.0000000,23.0000000,8.0000000,,73.0000000,23.0000000,8.0000000,,,1780.6452637
956,2021-10-26,2022,Round of 32,Tue,DFB-Pokal,20:00,Dortmund,W,2.0000000,0.0000000,Ingolstadt 04,,,83.0000000,18.0000000,5.0000000,,17.0000000,18.0000000,5.0000000,,1841.8839111,
957,2021-10-26,2022,Round of 32,Tue,DFB-Pokal,20:45,Osnabrück,D,2.0000000,2.0000000,Freiburg,,,45.0000000,13.0000000,4.0000000,,55.0000000,13.0000000,4.0000000,,,1720.4100342
958,2021-10-26,2022,Round of 32,Tue,DFB-Pokal,20:45,Mainz 05,W,3.0000000,2.0000000,Arminia,,,60.0000000,19.0000000,10.0000000,,41.0000000,24.0000000,7.0000000,,1667.0825195,1587.5268555
959,2021-10-26,2022,Round of 32,Tue,DFB-Pokal,18:30,Preußen Münster,L,1.0000000,3.0000000,Hertha BSC,,,44.0000000,19.0000000,8.0000000,,56.0000000,19.0000000,8.0000000,,,1637.5971680
960,2021-10-26,2022,Round of 32,Tue,DFB-Pokal,18:30,Hoffenheim,W,5.0000000,1.0000000,Holstein Kiel,,,52.0000000,21.0000000,7.0000000,,48.0000000,21.0000000,7.0000000,,1691.8923340,1470.9010010
961,2021-10-27,2022,Round of 32,Wed,DFB-Pokal,18:30,SV Waldhof,L,1.0000000,3.0000000,Union Berlin,,,43.0000000,13.0000000,6.0000000,,57.0000000,13.0000000,6.0000000,,,1694.2463379
962,2021-10-27,2022,Round of 32,Wed,DFB-Pokal,20:45,Stuttgart,L,0.0000000,2.0000000,Köln,,,53.0000000,7.0000000,3.0000000,,47.0000000,18.0000000,8.0000000,,1645.5665283,1618.7130127
963,2021-10-27,2022,Round of 32,Wed,DFB-Pokal,18:30,Leverkusen,L,1.0000000,2.0000000,Karlsruher,,,63.0000000,20.0000000,3.0000000,,37.0000000,20.0000000,3.0000000,,1775.5454102,
964,2021-10-27,2022,Round of 32,Wed,DFB-Pokal,20:45,Gladbach,W,5.0000000,0.0000000,Bayern Munich,,,38.0000000,13.0000000,7.0000000,,62.0000000,15.0000000,8.0000000,,1733.9696045,2015.4427490
965,2021-10-27,2022,Round of 32,Wed,DFB-Pokal,18:30,Bochum,D,2.0000000,2.0000000,Augsburg,,,60.0000000,20.0000000,3.0000000,,40.0000000,20.0000000,6.0000000,,1557.9851074,1580.0979004
966,2021-10-29,2022,Matchweek 10,Fri,Bundesliga,20:30,Hoffenheim,W,2.0000000,0.0000000,Hertha BSC,0.9000000,0.3000000,54.0000000,13.0000000,3.0000000,14.6000000,46.0000000,5.0000000,2.0000000,19.5000000,1691.8923340,1637.5971680
967,2021-10-30,2022,Matchweek 10,Sat,Bundesliga,15:30,Dortmund,W,2.0000000,0.0000000,Köln,1.4000000,1.3000000,42.0000000,8.0000000,5.0000000,14.4000000,58.0000000,21.0000000,5.0000000,18.2000000,1846.5146484,1618.7130127
968,2021-10-30,2022,Matchweek 10,Sat,Bundesliga,18:30,Eint Frankfurt,D,1.0000000,1.0000000,RB Leipzig,0.6000000,3.0000000,47.0000000,11.0000000,3.0000000,21.3000000,53.0000000,14.0000000,6.0000000,10.6000000,1728.3852539,1783.9104004
969,2021-10-30,2022,Matchweek 10,Sat,Bundesliga,15:30,Freiburg,W,3.0000000,1.0000000,Greuther Fürth,1.5000000,0.8000000,50.0000000,11.0000000,4.0000000,22.4000000,50.0000000,8.0000000,4.0000000,21.3000000,1720.4100342,1507.7312012
970,2021-10-30,2022,Matchweek 10,Sat,Bundesliga,15:30,Arminia,L,1.0000000,2.0000000,Mainz 05,0.6000000,2.5000000,49.0000000,14.0000000,5.0000000,25.2000000,51.0000000,16.0000000,4.0000000,17.0000000,1582.8961182,1667.0825195
971,2021-10-30,2022,Matchweek 10,Sat,Bundesliga,15:30,Union Berlin,L,2.0000000,5.0000000,Bayern Munich,0.9000000,3.2000000,40.0000000,9.0000000,6.0000000,18.7000000,60.0000000,10.0000000,5.0000000,15.1000000,1694.2463379,2018.1680908
972,2021-10-30,2022,Matchweek 10,Sat,Bundesliga,15:30,Leverkusen,L,0.0000000,2.0000000,Wolfsburg,1.5000000,1.8000000,65.0000000,12.0000000,0.0000000,21.4000000,35.0000000,12.0000000,8.0000000,15.9000000,1772.3753662,1722.7163086
973,2021-10-31,2022,Matchweek 10,Sun,Bundesliga,17:30,Gladbach,W,2.0000000,1.0000000,Bochum,1.9000000,0.8000000,65.0000000,15.0000000,4.0000000,15.6000000,35.0000000,12.0000000,4.0000000,15.1000000,1733.9696045,1574.0261231
974,2021-10-31,2022,Matchweek 10,Sun,Bundesliga,15:30,Augsburg,W,4.0000000,1.0000000,Stuttgart,2.1000000,0.9000000,33.0000000,18.0000000,10.0000000,17.5000000,67.0000000,13.0000000,3.0000000,15.9000000,1571.1916504,1645.5665283
975,2021-11-02,2022,Group stage,Tue,Champions Lg,21:00,Bayern Munich,W,5.0000000,2.0000000,pt Benfica,4.8000000,1.0000000,65.0000000,23.0000000,11.0000000,17.1000000,35.0000000,23.0000000,11.0000000,17.1000000,2022.1784668,
976,2021-11-02,2022,Group stage,Tue,Champions Lg,18:45,Wolfsburg,W,2.0000000,1.0000000,at RB Salzburg,1.7000000,1.6000000,42.0000000,8.0000000,4.0000000,15.8000000,58.0000000,8.0000000,4.0000000,15.8000000,1737.7292481,
977,2021-11-03,2022,Group stage,Wed,Champions Lg,21:00,Dortmund,L,1.0000000,3.0000000,nl Ajax,1.7000000,2.0000000,31.0000000,13.0000000,3.0000000,19.4000000,69.0000000,13.0000000,3.0000000,19.4000000,1853.1979981,
978,2021-11-03,2022,Group stage,Wed,Champions Lg,21:00,RB Leipzig,D,2.0000000,2.0000000,fr Paris S-G,3.3000000,2.1000000,54.0000000,15.0000000,3.0000000,19.9000000,46.0000000,15.0000000,3.0000000,19.9000000,1787.3228760,
979,2021-11-04,2022,Group stage,Thu,Europa Lg,19:45 (18:45),gr Olympiacos,L,1.0000000,2.0000000,Eint Frankfurt,1.4000000,0.9000000,53.0000000,5.0000000,3.0000000,20.4000000,47.0000000,5.0000000,3.0000000,20.4000000,,1728.2248535
980,2021-11-04,2022,Group stage,Thu,Europa Lg,21:00,Leverkusen,W,4.0000000,0.0000000,es Betis,2.7000000,0.9000000,44.0000000,22.0000000,10.0000000,19.2000000,56.0000000,22.0000000,10.0000000,19.2000000,1757.0645752,
981,2021-11-04,2022,Group stage,Thu,Conf Lg,21:00,Union Berlin,L,1.0000000,2.0000000,nl Feyenoord,1.7000000,2.2000000,43.0000000,20.0000000,6.0000000,19.9000000,57.0000000,20.0000000,6.0000000,19.9000000,1689.9378662,
982,2021-11-05,2022,Matchweek 11,Fri,Bundesliga,20:30,Mainz 05,D,1.0000000,1.0000000,Gladbach,1.1000000,1.6000000,48.0000000,19.0000000,8.0000000,18.1000000,52.0000000,12.0000000,5.0000000,19.1000000,1677.9031982,1740.7115478
983,2021-11-06,2022,Matchweek 11,Sat,Bundesliga,15:30,Bayern Munich,W,2.0000000,1.0000000,Freiburg,2.8000000,1.0000000,63.0000000,29.0000000,11.0000000,16.9000000,37.0000000,13.0000000,3.0000000,18.7000000,2028.7233887,1727.4031982
984,2021-11-06,2022,Matchweek 11,Sat,Bundesliga,15:30,Wolfsburg,W,1.0000000,0.0000000,Augsburg,0.5000000,0.7000000,62.0000000,8.0000000,3.0000000,19.4000000,38.0000000,10.0000000,3.0000000,21.6000000,1748.5523682,1589.5988769
985,2021-11-06,2022,Matchweek 11,Sat,Bundesliga,15:30,Stuttgart,L,0.0000000,1.0000000,Arminia,0.9000000,1.7000000,66.0000000,9.0000000,3.0000000,19.5000000,34.0000000,15.0000000,3.0000000,23.5000000,1634.1135254,1579.0296631
986,2021-11-06,2022,Matchweek 11,Sat,Bundesliga,15:30,Bochum,W,2.0000000,0.0000000,Hoffenheim,2.9000000,0.6000000,38.0000000,11.0000000,4.0000000,23.5000000,62.0000000,10.0000000,1.0000000,22.8000000,1574.2385254,1702.8930664
987,2021-11-06,2022,Matchweek 11,Sat,Bundesliga,18:30,RB Leipzig,W,2.0000000,1.0000000,Dortmund,2.6000000,0.9000000,54.0000000,14.0000000,6.0000000,16.2000000,46.0000000,11.0000000,3.0000000,17.1000000,1789.0372315,1839.9899902
988,2021-11-07,2022,Matchweek 11,Sun,Bundesliga,19:30,Greuther Fürth,L,1.0000000,2.0000000,Eint Frankfurt,2.4000000,1.2000000,54.0000000,20.0000000,2.0000000,14.9000000,46.0000000,16.0000000,4.0000000,20.6000000,1507.6922607,1741.1127930
989,2021-11-07,2022,Matchweek 11,Sun,Bundesliga,15:30,Hertha BSC,D,1.0000000,1.0000000,Leverkusen,0.8000000,1.0000000,46.0000000,15.0000000,5.0000000,22.5000000,54.0000000,9.0000000,4.0000000,19.5000000,1633.5506592,1773.0742188
990,2021-11-07,2022,Matchweek 11,Sun,Bundesliga,17:30,Köln,D,2.0000000,2.0000000,Union Berlin,1.8000000,1.0000000,70.0000000,18.0000000,5.0000000,15.4000000,30.0000000,10.0000000,3.0000000,14.7000000,1619.0570068,1683.5882568
991,2021-11-19,2022,Matchweek 12,Fri,Bundesliga,20:30,Augsburg,W,2.0000000,1.0000000,Bayern Munich,0.4000000,1.2000000,22.0000000,5.0000000,3.0000000,18.3000000,78.0000000,18.0000000,4.0000000,17.9000000,1586.2282715,2030.2430420
992,2021-11-20,2022,Matchweek 12,Sat,Bundesliga,15:30,Arminia,D,2.0000000,2.0000000,Wolfsburg,1.3000000,1.9000000,37.0000000,9.0000000,2.0000000,23.6000000,63.0000000,13.0000000,5.0000000,16.2000000,1589.7695312,1751.9229736
993,2021-11-20,2022,Matchweek 12,Sat,Bundesliga,15:30,Dortmund,W,2.0000000,1.0000000,Stuttgart,2.2000000,1.6000000,64.0000000,21.0000000,5.0000000,19.8000000,36.0000000,13.0000000,4.0000000,17.4000000,1832.0616455,1623.3736572
994,2021-11-20,2022,Matchweek 12,Sat,Bundesliga,18:30,Union Berlin,W,2.0000000,0.0000000,Hertha BSC,1.5000000,0.4000000,42.0000000,15.0000000,5.0000000,17.0000000,58.0000000,8.0000000,2.0000000,16.8000000,1683.1278076,1636.1115723
995,2021-11-20,2022,Matchweek 12,Sat,Bundesliga,15:30,Gladbach,W,4.0000000,0.0000000,Greuther Fürth,3.1000000,0.2000000,57.0000000,18.0000000,11.0000000,19.0000000,43.0000000,5.0000000,1.0000000,11.5000000,1740.2968750,1504.0578613
996,2021-11-20,2022,Matchweek 12,Sat,Bundesliga,15:30,Hoffenheim,W,2.0000000,0.0000000,RB Leipzig,3.1000000,0.2000000,42.0000000,23.0000000,8.0000000,12.9000000,58.0000000,5.0000000,0.0000000,19.2000000,1688.6887207,1796.9655762
997,2021-11-20,2022,Matchweek 12,Sat,Bundesliga,15:30,Leverkusen,W,1.0000000,0.0000000,Bochum,1.7000000,0.8000000,55.0000000,11.0000000,5.0000000,18.3000000,45.0000000,21.0000000,7.0000000,21.7000000,1770.5131836,1588.4427490
998,2021-11-21,2022,Matchweek 12,Sun,Bundesliga,15:30,Freiburg,L,0.0000000,2.0000000,Eint Frankfurt,1.4000000,1.2000000,62.0000000,21.0000000,4.0000000,15.7000000,38.0000000,13.0000000,7.0000000,24.1000000,1725.8835449,1744.7470703
999,2021-11-21,2022,Matchweek 12,Sun,Bundesliga,17:30,Mainz 05,D,1.0000000,1.0000000,Köln,0.8000000,2.2000000,43.0000000,11.0000000,2.0000000,16.1000000,57.0000000,11.0000000,5.0000000,17.8000000,1678.3177490,1619.5174560
1000,2021-11-23,2022,Group stage,Tue,Champions Lg,19:45 (18:45),ua Dynamo Kyiv,L,1.0000000,2.0000000,Bayern Munich,1.1000000,1.0000000,40.0000000,11.0000000,5.0000000,19.3000000,60.0000000,11.0000000,5.0000000,19.3000000,,2013.9888916
1001,2021-11-23,2022,Group stage,Tue,Champions Lg,21:00,es Sevilla,W,2.0000000,0.0000000,Wolfsburg,1.6000000,0.3000000,62.0000000,6.0000000,1.0000000,22.7000000,38.0000000,6.0000000,1.0000000,22.7000000,,1748.7840576
1002,2021-11-24,2022,Group stage,Wed,Champions Lg,20:00 (21:00),pt Sporting CP,W,3.0000000,1.0000000,Dortmund,1.9000000,1.6000000,36.0000000,12.0000000,4.0000000,21.1000000,64.0000000,12.0000000,4.0000000,21.1000000,,1833.0141602
1003,2021-11-24,2022,Group stage,Wed,Champions Lg,21:00,be Club Brugge,L,0.0000000,5.0000000,RB Leipzig,0.9000000,3.8000000,56.0000000,22.0000000,12.0000000,17.1000000,44.0000000,22.0000000,12.0000000,17.1000000,,1782.2579346
1004,2021-11-25,2022,Group stage,Thu,Europa Lg,18:45,Leverkusen,W,3.0000000,2.0000000,sct Celtic,2.4000000,1.4000000,57.0000000,16.0000000,7.0000000,12.6000000,43.0000000,16.0000000,7.0000000,12.6000000,1772.0081787,
1005,2021-11-25,2022,Group stage,Thu,Conf Lg,19:45 (18:45),il Maccabi Haifa,L,0.0000000,1.0000000,Union Berlin,0.9000000,0.4000000,53.0000000,7.0000000,2.0000000,26.5000000,47.0000000,7.0000000,2.0000000,26.5000000,,1689.5860596
1006,2021-11-25,2022,Group stage,Thu,Europa Lg,21:00,Eint Frankfurt,D,2.0000000,2.0000000,be Antwerp,1.6000000,1.2000000,58.0000000,17.0000000,4.0000000,18.0000000,42.0000000,17.0000000,4.0000000,18.0000000,1755.7829590,
1007,2021-11-26,2022,Matchweek 13,Fri,Bundesliga,20:30,Stuttgart,W,2.0000000,1.0000000,Mainz 05,0.3000000,0.8000000,45.0000000,7.0000000,3.0000000,20.0000000,55.0000000,18.0000000,5.0000000,21.2000000,1619.5385742,1673.8627930
1008,2021-11-27,2022,Matchweek 13,Sat,Bundesliga,15:30,Greuther Fürth,L,3.0000000,6.0000000,Hoffenheim,1.1000000,4.0000000,49.0000000,16.0000000,7.0000000,14.7000000,51.0000000,21.0000000,11.0000000,12.4000000,1498.3574219,1700.5137940
1009,2021-11-27,2022,Matchweek 13,Sat,Bundesliga,15:30,Hertha BSC,D,1.0000000,1.0000000,Augsburg,1.7000000,1.2000000,52.0000000,12.0000000,4.0000000,15.5000000,48.0000000,18.0000000,6.0000000,20.5000000,1626.8684082,1601.1245117
1010,2021-11-27,2022,Matchweek 13,Sat,Bundesliga,15:30,Bochum,W,2.0000000,1.0000000,Freiburg,1.1000000,2.2000000,41.0000000,13.0000000,6.0000000,23.3000000,59.0000000,21.0000000,11.0000000,13.5000000,1584.1629639,1712.0627441
1011,2021-11-27,2022,Matchweek 13,Sat,Bundesliga,15:30,Köln,W,4.0000000,1.0000000,Gladbach,1.4000000,1.0000000,49.0000000,15.0000000,9.0000000,15.9000000,51.0000000,16.0000000,5.0000000,18.7000000,1621.2565918,1743.2816162
1012,2021-11-27,2022,Matchweek 13,Sat,Bundesliga,18:30,Bayern Munich,W,1.0000000,0.0000000,Arminia,2.2000000,0.3000000,73.0000000,22.0000000,9.0000000,15.4000000,27.0000000,8.0000000,0.0000000,20.3000000,2014.5865478,1591.5505371
1013,2021-11-27,2022,Matchweek 13,Sat,Bundesliga,15:30,Wolfsburg,L,1.0000000,3.0000000,Dortmund,1.9000000,2.3000000,42.0000000,15.0000000,7.0000000,17.8000000,58.0000000,14.0000000,7.0000000,18.9000000,1740.9550781,1821.3593750
1014,2021-11-28,2022,Matchweek 13,Sun,Bundesliga,15:30,Eint Frankfurt,W,2.0000000,1.0000000,Union Berlin,1.3000000,1.1000000,54.0000000,13.0000000,2.0000000,13.8000000,46.0000000,6.0000000,3.0000000,19.8000000,1748.6856690,1694.7884522
1015,2021-11-28,2022,Matchweek 13,Sun,Bundesliga,17:30,RB Leipzig,L,1.0000000,3.0000000,Leverkusen,1.5000000,1.4000000,58.0000000,12.0000000,3.0000000,19.4000000,42.0000000,11.0000000,4.0000000,15.6000000,1794.5371094,1774.3173828
1016,2021-12-03,2022,Matchweek 14,Fri,Bundesliga,20:30,Union Berlin,W,2.0000000,1.0000000,RB Leipzig,2.4000000,1.4000000,37.0000000,15.0000000,4.0000000,13.4000000,63.0000000,12.0000000,3.0000000,16.5000000,1689.5482178,1780.4375000
1017,2021-12-04,2022,Matchweek 14,Sat,Bundesliga,15:30,Leverkusen,W,7.0000000,1.0000000,Greuther Fürth,2.8000000,0.3000000,60.0000000,13.0000000,8.0000000,13.2000000,40.0000000,8.0000000,3.0000000,20.1000000,1788.4169922,1490.9128418
1018,2021-12-04,2022,Matchweek 14,Sat,Bundesliga,18:30,Dortmund,L,2.0000000,3.0000000,Bayern Munich,1.2000000,3.1000000,47.0000000,12.0000000,4.0000000,17.8000000,53.0000000,16.0000000,5.0000000,21.2000000,1831.5659180,2015.3232422
1019,2021-12-04,2022,Matchweek 14,Sat,Bundesliga,15:30,Mainz 05,W,3.0000000,0.0000000,Wolfsburg,1.2000000,0.7000000,42.0000000,12.0000000,4.0000000,16.8000000,58.0000000,15.0000000,0.0000000,20.6000000,1665.8044434,1730.7484131
1020,2021-12-04,2022,Matchweek 14,Sat,Bundesliga,15:30,Hoffenheim,W,3.0000000,2.0000000,Eint Frankfurt,0.9000000,1.5000000,49.0000000,8.0000000,4.0000000,16.9000000,51.0000000,16.0000000,3.0000000,15.6000000,1707.9583740,1753.9257812
1021,2021-12-04,2022,Matchweek 14,Sat,Bundesliga,15:30,Arminia,D,1.0000000,1.0000000,Köln,1.1000000,1.1000000,43.0000000,18.0000000,4.0000000,19.4000000,57.0000000,10.0000000,3.0000000,15.1000000,1590.8138428,1637.8957519
1022,2021-12-04,2022,Matchweek 14,Sat,Bundesliga,15:30,Augsburg,L,2.0000000,3.0000000,Bochum,2.9000000,2.1000000,52.0000000,15.0000000,5.0000000,15.7000000,48.0000000,12.0000000,6.0000000,19.3000000,1603.3666992,1594.1743164
1023,2021-12-05,2022,Matchweek 14,Sun,Bundesliga,17:30,Gladbach,L,0.0000000,6.0000000,Freiburg,0.9000000,2.0000000,64.0000000,17.0000000,3.0000000,18.6000000,36.0000000,13.0000000,7.0000000,12.2000000,1726.6425781,1702.0513916
1024,2021-12-05,2022,Matchweek 14,Sun,Bundesliga,15:30,Stuttgart,D,2.0000000,2.0000000,Hertha BSC,1.4000000,1.3000000,54.0000000,10.0000000,3.0000000,17.6000000,46.0000000,15.0000000,6.0000000,18.4000000,1627.5969238,1624.6262207
1025,2021-12-07,2022,Group stage,Tue,Champions Lg,21:00,Dortmund,W,5.0000000,0.0000000,tr Beşiktaş,3.5000000,0.1000000,70.0000000,28.0000000,6.0000000,16.2000000,30.0000000,28.0000000,6.0000000,16.2000000,1827.0247803,
1026,2021-12-07,2022,Group stage,Tue,Champions Lg,18:45,RB Leipzig,W,2.0000000,1.0000000,eng Manchester City,1.7000000,1.2000000,44.0000000,9.0000000,5.0000000,12.8000000,56.0000000,9.0000000,5.0000000,12.8000000,1771.4865723,
1027,2021-12-08,2022,Group stage,Wed,Champions Lg,21:00,Bayern Munich,W,3.0000000,0.0000000,es Barcelona,2.4000000,0.4000000,52.0000000,10.0000000,6.0000000,15.4000000,48.0000000,10.0000000,6.0000000,15.4000000,2024.7563477,
1028,2021-12-08,2022,Group stage,Wed,Champions Lg,21:00,Wolfsburg,L,1.0000000,3.0000000,fr Lille,0.7000000,2.5000000,56.0000000,9.0000000,2.0000000,14.2000000,44.0000000,9.0000000,2.0000000,14.2000000,1721.2562256,
1029,2021-12-09,2022,Group stage,Thu,Europa Lg,20:45 (18:45),tr Fenerbahçe,D,1.0000000,1.0000000,Eint Frankfurt,0.6000000,1.0000000,43.0000000,10.0000000,4.0000000,15.6000000,57.0000000,10.0000000,4.0000000,15.6000000,,1748.0938721
1030,2021-12-09,2022,Group stage,Thu,Europa Lg,21:00,hu Ferencváros,W,1.0000000,0.0000000,Leverkusen,0.6000000,1.2000000,44.0000000,13.0000000,4.0000000,16.1000000,56.0000000,13.0000000,4.0000000,16.1000000,,1793.9781494
1031,2021-12-09,2022,Group stage,Thu,Conf Lg,21:00,Union Berlin,D,1.0000000,1.0000000,cz Slavia Prague,1.2000000,0.7000000,51.0000000,13.0000000,2.0000000,14.3000000,49.0000000,13.0000000,2.0000000,14.3000000,1700.3948975,
1032,2021-12-10,2022,Matchweek 15,Fri,Bundesliga,20:30,Köln,L,0.0000000,2.0000000,Augsburg,1.0000000,0.8000000,64.0000000,14.0000000,3.0000000,16.6000000,36.0000000,12.0000000,4.0000000,19.2000000,1633.3515625,1588.8599853
1033,2021-12-11,2022,Matchweek 15,Sat,Bundesliga,15:30,RB Leipzig,W,4.0000000,1.0000000,Gladbach,4.7000000,1.2000000,53.0000000,19.0000000,10.0000000,15.4000000,47.0000000,11.0000000,5.0000000,15.1000000,1779.1629639,1697.0756836
1034,2021-12-11,2022,Matchweek 15,Sat,Bundesliga,15:30,Bochum,D,1.0000000,1.0000000,Dortmund,0.9000000,2.3000000,33.0000000,4.0000000,2.0000000,16.5000000,67.0000000,20.0000000,6.0000000,14.2000000,1599.1782227,1824.5184326
1035,2021-12-11,2022,Matchweek 15,Sat,Bundesliga,15:30,Bayern Munich,W,2.0000000,1.0000000,Mainz 05,1.6000000,0.8000000,64.0000000,20.0000000,7.0000000,15.9000000,36.0000000,8.0000000,4.0000000,19.9000000,2019.3759766,1675.4371338
1036,2021-12-11,2022,Matchweek 15,Sat,Bundesliga,15:30,Hertha BSC,W,2.0000000,0.0000000,Arminia,2.0000000,0.5000000,60.0000000,20.0000000,8.0000000,14.1000000,40.0000000,9.0000000,0.0000000,20.7000000,1621.5576172,1585.8552246
1037,2021-12-11,2022,Matchweek 15,Sat,Bundesliga,18:30,Wolfsburg,L,0.0000000,2.0000000,Stuttgart,1.5000000,1.2000000,53.0000000,18.0000000,4.0000000,19.8000000,47.0000000,10.0000000,3.0000000,22.4000000,1698.3175049,1621.1627197
1038,2021-12-11,2022,Matchweek 15,Sat,Bundesliga,15:30,Freiburg,L,1.0000000,2.0000000,Hoffenheim,1.6000000,1.0000000,43.0000000,14.0000000,5.0000000,17.9000000,57.0000000,13.0000000,5.0000000,20.7000000,1722.1153565,1710.9344482
1039,2021-12-12,2022,Matchweek 15,Sun,Bundesliga,15:30,Greuther Fürth,W,1.0000000,0.0000000,Union Berlin,0.7000000,1.4000000,37.0000000,5.0000000,3.0000000,15.4000000,63.0000000,15.0000000,6.0000000,18.3000000,1482.4959717,1690.8808594
1040,2021-12-12,2022,Matchweek 15,Sun,Bundesliga,17:30,Eint Frankfurt,W,5.0000000,2.0000000,Leverkusen,1.6000000,1.7000000,44.0000000,17.0000000,7.0000000,15.1000000,56.0000000,10.0000000,2.0000000,19.2000000,1737.5546875,1773.8977051
1041,2021-12-14,2022,Matchweek 16,Tue,Bundesliga,20:30,Mainz 05,W,4.0000000,0.0000000,Hertha BSC,2.9000000,0.4000000,67.0000000,21.0000000,10.0000000,16.7000000,33.0000000,5.0000000,1.0000000,14.6000000,1674.2949219,1629.7098389
1042,2021-12-14,2022,Matchweek 16,Tue,Bundesliga,20:30,Arminia,W,2.0000000,0.0000000,Bochum,0.7000000,0.9000000,51.0000000,13.0000000,4.0000000,19.2000000,49.0000000,5.0000000,3.0000000,16.3000000,1577.7030029,1603.7065430
1043,2021-12-14,2022,Matchweek 16,Tue,Bundesliga,20:30,Wolfsburg,L,2.0000000,3.0000000,Köln,2.4000000,3.1000000,39.0000000,19.0000000,5.0000000,17.4000000,61.0000000,17.0000000,6.0000000,17.3000000,1682.1851807,1618.3414307
1044,2021-12-14,2022,Matchweek 16,Tue,Bundesliga,18:30,Stuttgart,L,0.0000000,5.0000000,Bayern Munich,1.2000000,3.5000000,44.0000000,13.0000000,1.0000000,18.7000000,56.0000000,25.0000000,12.0000000,16.7000000,1637.2950440,2020.5181885
1045,2021-12-15,2022,Matchweek 16,Wed,Bundesliga,20:30,Leverkusen,D,2.0000000,2.0000000,Hoffenheim,2.2000000,2.0000000,46.0000000,16.0000000,9.0000000,12.7000000,54.0000000,18.0000000,6.0000000,13.5000000,1761.0504150,1720.6527100
1046,2021-12-15,2022,Matchweek 16,Wed,Bundesliga,18:30,Gladbach,L,2.0000000,3.0000000,Eint Frankfurt,2.0000000,2.3000000,57.0000000,17.0000000,7.0000000,18.7000000,43.0000000,12.0000000,4.0000000,14.4000000,1689.1949463,1750.4018555
1047,2021-12-15,2022,Matchweek 16,Wed,Bundesliga,20:30,Dortmund,W,3.0000000,0.0000000,Greuther Fürth,1.8000000,0.4000000,68.0000000,11.0000000,4.0000000,17.6000000,32.0000000,8.0000000,1.0000000,16.7000000,1819.9901123,1494.3450928
1048,2021-12-15,2022,Matchweek 16,Wed,Bundesliga,20:30,Augsburg,D,1.0000000,1.0000000,RB Leipzig,1.2000000,2.2000000,32.0000000,8.0000000,0.0000000,16.5000000,68.0000000,12.0000000,2.0000000,11.1000000,1603.8702393,1787.0437012
1049,2021-12-15,2022,Matchweek 16,Wed,Bundesliga,20:30,Union Berlin,D,0.0000000,0.0000000,Freiburg,1.7000000,1.2000000,55.0000000,19.0000000,4.0000000,15.9000000,45.0000000,12.0000000,3.0000000,17.3000000,1679.0316162,1712.3972168
1050,2021-12-17,2022,Matchweek 17,Fri,Bundesliga,20:30,Bayern Munich,W,4.0000000,0.0000000,Wolfsburg,3.6000000,1.0000000,63.0000000,25.0000000,9.0000000,17.2000000,37.0000000,9.0000000,2.0000000,12.1000000,2024.1936035,1671.1826172
1051,2021-12-18,2022,Matchweek 17,Sat,Bundesliga,15:30,Bochum,L,0.0000000,1.0000000,Union Berlin,1.1000000,0.8000000,55.0000000,13.0000000,3.0000000,17.7000000,45.0000000,9.0000000,3.0000000,15.1000000,1593.3641357,1678.3680420
1052,2021-12-18,2022,Matchweek 17,Sat,Bundesliga,18:30,Hertha BSC,W,3.0000000,2.0000000,Dortmund,1.2000000,1.3000000,41.0000000,13.0000000,5.0000000,18.1000000,59.0000000,11.0000000,4.0000000,13.6000000,1618.6960449,1822.1042481
1053,2021-12-18,2022,Matchweek 17,Sat,Bundesliga,15:30,Greuther Fürth,D,0.0000000,0.0000000,Augsburg,0.1000000,1.2000000,48.0000000,3.0000000,1.0000000,24.5000000,52.0000000,14.0000000,4.0000000,13.2000000,1492.2309570,1607.3638916
1054,2021-12-18,2022,Matchweek 17,Sat,Bundesliga,15:30,RB Leipzig,L,0.0000000,2.0000000,Arminia,1.6000000,0.8000000,77.0000000,17.0000000,4.0000000,13.8000000,23.0000000,4.0000000,4.0000000,12.1000000,1783.5499268,1588.0454102
1055,2021-12-18,2022,Matchweek 17,Sat,Bundesliga,15:30,Hoffenheim,D,1.0000000,1.0000000,Gladbach,2.1000000,1.3000000,60.0000000,22.0000000,7.0000000,14.8000000,40.0000000,11.0000000,5.0000000,16.8000000,1723.3703613,1681.5579834
1056,2021-12-18,2022,Matchweek 17,Sat,Bundesliga,15:30,Eint Frankfurt,W,1.0000000,0.0000000,Mainz 05,1.8000000,0.6000000,51.0000000,14.0000000,4.0000000,17.8000000,49.0000000,11.0000000,5.0000000,20.5000000,1758.0388184,1685.3087158
1057,2021-12-19,2022,Matchweek 17,Sun,Bundesliga,17:30,Köln,W,1.0000000,0.0000000,Stuttgart,2.0000000,0.4000000,51.0000000,10.0000000,3.0000000,13.4000000,49.0000000,5.0000000,1.0000000,14.2000000,1629.3438721,1633.6196289
1058,2021-12-19,2022,Matchweek 17,Sun,Bundesliga,15:30,Freiburg,W,2.0000000,1.0000000,Leverkusen,2.1000000,0.8000000,43.0000000,14.0000000,4.0000000,16.2000000,57.0000000,7.0000000,4.0000000,15.0000000,1713.0606690,1758.3327637
1059,2022-01-07,2022,Matchweek 18,Fri,Bundesliga,20:30,Bayern Munich,L,1.0000000,2.0000000,Gladbach,1.9000000,1.0000000,62.0000000,18.0000000,6.0000000,18.0000000,38.0000000,10.0000000,4.0000000,13.0000000,2026.3281250,1684.3094482
1060,2022-01-08,2022,Matchweek 18,Sat,Bundesliga,15:30,Greuther Fürth,D,0.0000000,0.0000000,Stuttgart,0.9000000,1.9000000,39.0000000,10.0000000,2.0000000,20.0000000,61.0000000,17.0000000,2.0000000,15.8000000,1493.9079590,1627.0374756
1061,2022-01-08,2022,Matchweek 18,Sat,Bundesliga,15:30,Leverkusen,D,2.0000000,2.0000000,Union Berlin,1.6000000,2.7000000,64.0000000,19.0000000,8.0000000,15.3000000,36.0000000,19.0000000,7.0000000,14.3000000,1750.5437012,1685.7216797
1062,2022-01-08,2022,Matchweek 18,Sat,Bundesliga,18:30,Eint Frankfurt,L,2.0000000,3.0000000,Dortmund,1.4000000,2.0000000,36.0000000,12.0000000,5.0000000,17.4000000,64.0000000,20.0000000,8.0000000,14.1000000,1762.8653565,1810.5910644
1063,2022-01-08,2022,Matchweek 18,Sat,Bundesliga,15:30,Freiburg,D,2.0000000,2.0000000,Arminia,1.8000000,1.0000000,49.0000000,18.0000000,5.0000000,15.5000000,51.0000000,15.0000000,5.0000000,17.3000000,1720.8498535,1607.8465576
1064,2022-01-08,2022,Matchweek 18,Sat,Bundesliga,15:30,RB Leipzig,W,4.0000000,1.0000000,Mainz 05,2.9000000,0.3000000,68.0000000,14.0000000,6.0000000,19.3000000,32.0000000,2.0000000,1.0000000,13.1000000,1763.7487793,1680.4822998
1065,2022-01-08,2022,Matchweek 18,Sat,Bundesliga,15:30,Hoffenheim,W,3.0000000,1.0000000,Augsburg,2.2000000,0.9000000,58.0000000,13.0000000,5.0000000,13.8000000,42.0000000,10.0000000,3.0000000,20.8000000,1720.6188965,1605.6868897
1066,2022-01-09,2022,Matchweek 18,Sun,Bundesliga,17:30,Bochum,W,1.0000000,0.0000000,Wolfsburg,0.9000000,0.4000000,50.0000000,12.0000000,3.0000000,18.3000000,50.0000000,12.0000000,3.0000000,22.9000000,1586.0104981,1669.0482178
1067,2022-01-09,2022,Matchweek 18,Sun,Bundesliga,15:30,Hertha BSC,L,1.0000000,3.0000000,Köln,1.2000000,1.2000000,53.0000000,11.0000000,5.0000000,15.9000000,47.0000000,14.0000000,7.0000000,15.7000000,1630.2092285,1635.9260254
1068,2022-01-14,2022,Matchweek 19,Fri,Bundesliga,20:30,Dortmund,W,5.0000000,1.0000000,Freiburg,2.4000000,0.9000000,66.0000000,20.0000000,7.0000000,14.0000000,34.0000000,5.0000000,4.0000000,12.6000000,1818.5295410,1716.4078369
1069,2022-01-15,2022,Matchweek 19,Sat,Bundesliga,15:30,Wolfsburg,D,0.0000000,0.0000000,Hertha BSC,1.7000000,0.3000000,48.0000000,9.0000000,3.0000000,15.1000000,52.0000000,6.0000000,1.0000000,15.8000000,1660.2756348,1617.1120606
1070,2022-01-15,2022,Matchweek 19,Sat,Bundesliga,15:30,Köln,L,0.0000000,4.0000000,Bayern Munich,1.0000000,3.3000000,49.0000000,12.0000000,3.0000000,15.5000000,51.0000000,23.0000000,9.0000000,13.3000000,1649.0231934,2010.3994141
1071,2022-01-15,2022,Matchweek 19,Sat,Bundesliga,18:30,Gladbach,L,1.0000000,2.0000000,Leverkusen,1.2000000,5.3000000,54.0000000,17.0000000,6.0000000,18.7000000,46.0000000,30.0000000,12.0000000,15.0000000,1700.2381592,1747.2797852
1072,2022-01-15,2022,Matchweek 19,Sat,Bundesliga,15:30,Stuttgart,L,0.0000000,2.0000000,RB Leipzig,1.0000000,1.5000000,51.0000000,16.0000000,8.0000000,16.3000000,49.0000000,6.0000000,2.0000000,18.8000000,1624.7679443,1771.8839111
1073,2022-01-15,2022,Matchweek 19,Sat,Bundesliga,15:30,Mainz 05,W,1.0000000,0.0000000,Bochum,1.7000000,1.5000000,53.0000000,19.0000000,5.0000000,19.4000000,47.0000000,11.0000000,3.0000000,15.3000000,1672.3471680,1594.7830810
1074,2022-01-15,2022,Matchweek 19,Sat,Bundesliga,15:30,Union Berlin,W,2.0000000,1.0000000,Hoffenheim,1.3000000,0.8000000,42.0000000,9.0000000,4.0000000,9.6000000,58.0000000,11.0000000,4.0000000,17.3000000,1688.9854736,1726.2877197
1075,2022-01-16,2022,Matchweek 19,Sun,Bundesliga,15:30,Augsburg,D,1.0000000,1.0000000,Eint Frankfurt,1.0000000,2.6000000,49.0000000,10.0000000,4.0000000,16.8000000,51.0000000,14.0000000,4.0000000,17.0000000,1600.0180664,1754.9270019
1076,2022-01-16,2022,Matchweek 19,Sun,Bundesliga,17:30,Arminia,D,2.0000000,2.0000000,Greuther Fürth,0.5000000,0.7000000,45.0000000,13.0000000,5.0000000,19.9000000,55.0000000,6.0000000,3.0000000,16.1000000,1612.2885742,1496.1774902
1077,2022-01-18,2022,Round of 16,Tue,DFB-Pokal,18:30,Köln,D,1.0000000,1.0000000,Hamburger SV,,,51.0000000,22.0000000,7.0000000,,49.0000000,22.0000000,7.0000000,,1645.3907471,1552.6772461
1078,2022-01-18,2022,Round of 16,Tue,DFB-Pokal,20:45,St. Pauli,W,2.0000000,1.0000000,Dortmund,,,31.0000000,14.0000000,6.0000000,,69.0000000,14.0000000,6.0000000,,1517.2625732,1826.9337158
1079,2022-01-18,2022,Round of 16,Tue,DFB-Pokal,20:45,Bochum,W,3.0000000,1.0000000,Mainz 05,,,57.0000000,19.0000000,8.0000000,,43.0000000,7.0000000,4.0000000,,1594.7830810,1672.3471680
1080,2022-01-19,2022,Round of 16,Wed,DFB-Pokal,18:30,Hannover 96,W,3.0000000,0.0000000,Gladbach,,,38.0000000,17.0000000,6.0000000,,62.0000000,17.0000000,6.0000000,,,1692.2224121
1081,2022-01-19,2022,Round of 16,Wed,DFB-Pokal,18:30,RB Leipzig,W,2.0000000,0.0000000,Hansa Rostock,,,74.0000000,13.0000000,6.0000000,,26.0000000,13.0000000,6.0000000,,1771.8839111,
1082,2022-01-19,2022,Round of 16,Wed,DFB-Pokal,20:45,Hertha BSC,L,2.0000000,3.0000000,Union Berlin,,,67.0000000,17.0000000,2.0000000,,33.0000000,11.0000000,5.0000000,,1617.1120606,1696.5842285
1083,2022-01-19,2022,Round of 16,Wed,DFB-Pokal,20:45,Hoffenheim,L,1.0000000,4.0000000,Freiburg,,,62.0000000,17.0000000,2.0000000,,38.0000000,12.0000000,6.0000000,,1726.2877197,1708.0036621
1084,2022-01-21,2022,Matchweek 20,Fri,Bundesliga,20:30,Eint Frankfurt,L,0.0000000,2.0000000,Arminia,1.9000000,1.3000000,68.0000000,18.0000000,7.0000000,13.2000000,32.0000000,8.0000000,5.0000000,14.1000000,1752.0321045,1607.8098144
1085,2022-01-22,2022,Matchweek 20,Sat,Bundesliga,15:30,Greuther Fürth,W,2.0000000,1.0000000,Mainz 05,1.3000000,1.7000000,42.0000000,9.0000000,5.0000000,21.3000000,58.0000000,18.0000000,5.0000000,16.4000000,1500.6563721,1677.2125244
1086,2022-01-22,2022,Matchweek 20,Sat,Bundesliga,18:30,Bochum,D,2.0000000,2.0000000,Köln,1.8000000,1.1000000,54.0000000,17.0000000,7.0000000,17.9000000,46.0000000,8.0000000,3.0000000,14.2000000,1589.9177246,1645.3907471
1087,2022-01-22,2022,Matchweek 20,Sat,Bundesliga,15:30,Freiburg,W,2.0000000,0.0000000,Stuttgart,1.6000000,0.3000000,50.0000000,15.0000000,4.0000000,16.4000000,50.0000000,6.0000000,1.0000000,19.0000000,1708.0036621,1617.0418701
1088,2022-01-22,2022,Matchweek 20,Sat,Bundesliga,15:30,Hoffenheim,L,2.0000000,3.0000000,Dortmund,1.7000000,1.6000000,58.0000000,16.0000000,3.0000000,16.5000000,42.0000000,4.0000000,2.0000000,14.9000000,1718.6889648,1826.9337158
1089,2022-01-22,2022,Matchweek 20,Sat,Bundesliga,15:30,Gladbach,L,1.0000000,2.0000000,Union Berlin,1.5000000,1.1000000,59.0000000,11.0000000,5.0000000,20.3000000,41.0000000,5.0000000,2.0000000,16.9000000,1692.2224121,1696.5842285
1090,2022-01-22,2022,Matchweek 20,Sat,Bundesliga,15:30,Leverkusen,W,5.0000000,1.0000000,Augsburg,2.8000000,1.5000000,66.0000000,22.0000000,12.0000000,15.0000000,34.0000000,14.0000000,5.0000000,18.0000000,1755.2955322,1602.9129639
1091,2022-01-23,2022,Matchweek 20,Sun,Bundesliga,17:30,Hertha BSC,L,1.0000000,4.0000000,Bayern Munich,0.9000000,5.5000000,30.0000000,5.0000000,2.0000000,11.1000000,70.0000000,30.0000000,18.0000000,15.2000000,1619.8052978,2014.0318603
1092,2022-01-23,2022,Matchweek 20,Sun,Bundesliga,15:30,RB Leipzig,W,2.0000000,0.0000000,Wolfsburg,1.5000000,0.8000000,53.0000000,11.0000000,3.0000000,21.7000000,47.0000000,10.0000000,3.0000000,19.5000000,1779.6098633,1657.5822754
1093,2022-02-04,2022,Matchweek 21,Fri,Bundesliga,20:30,Hertha BSC,D,1.0000000,1.0000000,Bochum,0.4000000,1.1000000,52.0000000,13.0000000,3.0000000,24.2000000,48.0000000,10.0000000,3.0000000,17.4000000,1617.1921387,1590.1142578
1094,2022-02-05,2022,Matchweek 21,Sat,Bundesliga,15:30,Mainz 05,W,2.0000000,0.0000000,Hoffenheim,2.2000000,1.6000000,41.0000000,9.0000000,3.0000000,17.2000000,59.0000000,16.0000000,3.0000000,13.5000000,1665.9416504,1712.4658203
1095,2022-02-05,2022,Matchweek 21,Sat,Bundesliga,15:30,Arminia,D,1.0000000,1.0000000,Gladbach,0.5000000,2.0000000,39.0000000,11.0000000,5.0000000,18.5000000,61.0000000,21.0000000,4.0000000,16.6000000,1626.1383057,1683.0238037
1096,2022-02-05,2022,Matchweek 21,Sat,Bundesliga,15:30,Köln,W,1.0000000,0.0000000,Freiburg,1.0000000,0.7000000,42.0000000,12.0000000,3.0000000,16.8000000,58.0000000,15.0000000,2.0000000,20.9000000,1645.1942139,1714.4930420
1097,2022-02-05,2022,Matchweek 21,Sat,Bundesliga,15:30,Stuttgart,L,2.0000000,3.0000000,Eint Frankfurt,1.5000000,1.1000000,52.0000000,15.0000000,5.0000000,13.9000000,48.0000000,15.0000000,6.0000000,15.3000000,1610.5524902,1733.7034912
1098,2022-02-05,2022,Matchweek 21,Sat,Bundesliga,18:30,Bayern Munich,W,3.0000000,2.0000000,RB Leipzig,3.1000000,2.1000000,58.0000000,23.0000000,7.0000000,17.3000000,42.0000000,12.0000000,7.0000000,13.2000000,2016.6450195,1785.2681885
1099,2022-02-05,2022,Matchweek 21,Sat,Bundesliga,15:30,Augsburg,W,2.0000000,0.0000000,Union Berlin,1.8000000,1.7000000,47.0000000,14.0000000,7.0000000,18.5000000,53.0000000,14.0000000,4.0000000,16.3000000,1596.0830078,1705.7828369
1100,2022-02-06,2022,Matchweek 21,Sun,Bundesliga,17:30,Wolfsburg,W,4.0000000,1.0000000,Greuther Fürth,2.4000000,1.1000000,56.0000000,14.0000000,6.0000000,18.1000000,44.0000000,7.0000000,3.0000000,18.9000000,1651.9239502,1511.9272461
1101,2022-02-06,2022,Matchweek 21,Sun,Bundesliga,15:30,Dortmund,L,2.0000000,5.0000000,Leverkusen,1.7000000,2.0000000,64.0000000,14.0000000,6.0000000,21.5000000,36.0000000,10.0000000,6.0000000,12.4000000,1833.1568603,1762.1254883
1102,2022-02-11,2022,Matchweek 22,Fri,Bundesliga,20:30,RB Leipzig,W,3.0000000,1.0000000,Köln,0.9000000,0.9000000,50.0000000,6.0000000,4.0000000,18.4000000,50.0000000,9.0000000,2.0000000,17.2000000,1783.0168457,1653.6856690
1103,2022-02-12,2022,Matchweek 22,Sat,Bundesliga,15:30,Freiburg,D,1.0000000,1.0000000,Mainz 05,1.7000000,2.3000000,60.0000000,17.0000000,5.0000000,20.6000000,40.0000000,20.0000000,5.0000000,19.3000000,1706.0014648,1677.2958984
1104,2022-02-12,2022,Matchweek 22,Sat,Bundesliga,15:30,Gladbach,W,3.0000000,2.0000000,Augsburg,2.4000000,1.6000000,57.0000000,14.0000000,5.0000000,13.9000000,43.0000000,15.0000000,6.0000000,14.1000000,1682.6868897,1609.8680420
1105,2022-02-12,2022,Matchweek 22,Sat,Bundesliga,15:30,Bochum,W,4.0000000,2.0000000,Bayern Munich,1.4000000,1.9000000,36.0000000,10.0000000,5.0000000,19.5000000,64.0000000,21.0000000,4.0000000,17.4000000,1592.2130127,2018.8964844
1106,2022-02-12,2022,Matchweek 22,Sat,Bundesliga,15:30,Eint Frankfurt,L,0.0000000,2.0000000,Wolfsburg,1.0000000,1.5000000,61.0000000,17.0000000,3.0000000,15.5000000,39.0000000,10.0000000,2.0000000,18.9000000,1739.5285644,1658.2277832
1107,2022-02-12,2022,Matchweek 22,Sat,Bundesliga,18:30,Leverkusen,W,4.0000000,2.0000000,Stuttgart,1.9000000,1.0000000,69.0000000,20.0000000,6.0000000,18.0000000,31.0000000,8.0000000,4.0000000,13.7000000,1780.7117920,1604.7275391
1108,2022-02-12,2022,Matchweek 22,Sat,Bundesliga,15:30,Greuther Fürth,W,2.0000000,1.0000000,Hertha BSC,2.4000000,2.1000000,40.0000000,17.0000000,4.0000000,16.0000000,60.0000000,26.0000000,7.0000000,15.8000000,1505.6234131,1615.0932617
1109,2022-02-13,2022,Matchweek 22,Sun,Bundesliga,15:30,Union Berlin,L,0.0000000,3.0000000,Dortmund,1.2000000,2.2000000,40.0000000,11.0000000,2.0000000,16.2000000,60.0000000,10.0000000,6.0000000,14.4000000,1691.9978027,1814.5705566
1110,2022-02-13,2022,Matchweek 22,Sun,Bundesliga,17:30,Hoffenheim,W,2.0000000,0.0000000,Arminia,2.8000000,0.9000000,53.0000000,24.0000000,8.0000000,11.7000000,47.0000000,8.0000000,3.0000000,18.4000000,1701.1116943,1626.4752197
1111,2022-02-16,2022,Round of 16,Wed,Champions Lg,21:00,at RB Salzburg,D,1.0000000,1.0000000,Bayern Munich,1.1000000,2.3000000,29.0000000,22.0000000,9.0000000,15.9000000,71.0000000,22.0000000,9.0000000,15.9000000,,1996.0424805
1112,2022-02-17,2022,Knockout round play-offs,Thu,Europa Lg,21:00,RB Leipzig,D,2.0000000,2.0000000,es Real Sociedad,1.7000000,0.9000000,69.0000000,19.0000000,6.0000000,24.1000000,31.0000000,19.0000000,6.0000000,24.1000000,1788.5301514,
1113,2022-02-17,2022,Knockout round play-offs,Thu,Europa Lg,18:45,Dortmund,L,2.0000000,4.0000000,sct Rangers,1.5000000,2.1000000,64.0000000,13.0000000,3.0000000,14.9000000,36.0000000,13.0000000,3.0000000,14.9000000,1824.7808838,
1114,2022-02-18,2022,Matchweek 23,Fri,Bundesliga,20:30,Mainz 05,W,3.0000000,2.0000000,Leverkusen,0.9000000,1.0000000,41.0000000,18.0000000,5.0000000,18.4000000,59.0000000,7.0000000,6.0000000,16.1000000,1672.9815674,1778.6520996
1115,2022-02-19,2022,Matchweek 23,Sat,Bundesliga,18:30,Köln,W,1.0000000,0.0000000,Eint Frankfurt,1.1000000,0.6000000,58.0000000,13.0000000,8.0000000,16.7000000,42.0000000,10.0000000,2.0000000,19.5000000,1641.8477783,1717.4661865
1116,2022-02-19,2022,Matchweek 23,Sat,Bundesliga,15:30,Arminia,W,1.0000000,0.0000000,Union Berlin,0.8000000,0.9000000,42.0000000,12.0000000,2.0000000,19.4000000,58.0000000,10.0000000,3.0000000,14.3000000,1612.8864746,1675.4627685
1117,2022-02-19,2022,Matchweek 23,Sat,Bundesliga,15:30,Stuttgart,D,1.0000000,1.0000000,Bochum,1.2000000,2.0000000,55.0000000,16.0000000,7.0000000,20.9000000,45.0000000,11.0000000,3.0000000,22.4000000,1594.0404053,1608.6936035
1118,2022-02-19,2022,Matchweek 23,Sat,Bundesliga,15:30,Wolfsburg,L,1.0000000,2.0000000,Hoffenheim,1.5000000,1.5000000,55.0000000,14.0000000,6.0000000,18.3000000,45.0000000,11.0000000,4.0000000,14.6000000,1667.5432129,1701.9537353
1119,2022-02-19,2022,Matchweek 23,Sat,Bundesliga,15:30,Augsburg,L,1.0000000,2.0000000,Freiburg,1.1000000,2.0000000,54.0000000,17.0000000,4.0000000,19.5000000,46.0000000,16.0000000,5.0000000,18.6000000,1598.3901367,1697.5690918
1120,2022-02-20,2022,Matchweek 23,Sun,Bundesliga,19:30,Hertha BSC,L,1.0000000,6.0000000,RB Leipzig,1.0000000,3.4000000,36.0000000,8.0000000,4.0000000,15.3000000,64.0000000,17.0000000,9.0000000,16.2000000,1599.1311035,1779.8061523
1121,2022-02-20,2022,Matchweek 23,Sun,Bundesliga,15:30,Bayern Munich,W,4.0000000,1.0000000,Greuther Fürth,1.8000000,0.8000000,78.0000000,20.0000000,8.0000000,17.6000000,22.0000000,8.0000000,3.0000000,18.9000000,1989.8128662,1508.8387451
1122,2022-02-20,2022,Matchweek 23,Sun,Bundesliga,17:30,Dortmund,W,6.0000000,0.0000000,Gladbach,3.8000000,0.9000000,50.0000000,15.0000000,9.0000000,18.9000000,50.0000000,8.0000000,4.0000000,15.6000000,1801.6499023,1681.4179688
1123,2022-02-24,2022,Knockout round play-offs,Thu,Europa Lg,20:00 (21:00),sct Rangers,D,2.0000000,2.0000000,Dortmund,1.7000000,3.6000000,35.0000000,16.0000000,6.0000000,13.5000000,65.0000000,16.0000000,6.0000000,13.5000000,,1810.9947510
1124,2022-02-24,2022,Knockout round play-offs,Thu,Europa Lg,18:45,es Real Sociedad,L,1.0000000,3.0000000,RB Leipzig,1.2000000,2.6000000,48.0000000,14.0000000,6.0000000,21.3000000,52.0000000,14.0000000,6.0000000,21.3000000,,1790.2830810
1125,2022-02-25,2022,Matchweek 24,Fri,Bundesliga,20:30,Hoffenheim,W,2.0000000,1.0000000,Stuttgart,2.6000000,1.7000000,55.0000000,16.0000000,6.0000000,12.4000000,45.0000000,13.0000000,4.0000000,16.2000000,1712.5382080,1595.2796631
1126,2022-02-26,2022,Matchweek 24,Sat,Bundesliga,15:30,Greuther Fürth,D,1.0000000,1.0000000,Köln,0.7000000,0.6000000,41.0000000,12.0000000,5.0000000,16.7000000,59.0000000,18.0000000,4.0000000,20.1000000,1510.1644287,1652.5823975
1127,2022-02-26,2022,Matchweek 24,Sat,Bundesliga,18:30,Eint Frankfurt,L,0.0000000,1.0000000,Bayern Munich,0.9000000,2.4000000,32.0000000,6.0000000,1.0000000,14.1000000,68.0000000,21.0000000,9.0000000,17.2000000,1711.1375732,1992.8930664
1128,2022-02-26,2022,Matchweek 24,Sat,Bundesliga,15:30,Union Berlin,W,3.0000000,1.0000000,Mainz 05,1.0000000,1.0000000,49.0000000,6.0000000,3.0000000,18.3000000,51.0000000,15.0000000,1.0000000,20.3000000,1669.1555176,1684.5687256
1129,2022-02-26,2022,Matchweek 24,Sat,Bundesliga,15:30,Freiburg,W,3.0000000,0.0000000,Hertha BSC,2.6000000,1.3000000,58.0000000,15.0000000,4.0000000,15.7000000,42.0000000,18.0000000,2.0000000,14.5000000,1706.5476074,1590.8570557
1130,2022-02-26,2022,Matchweek 24,Sat,Bundesliga,15:30,Gladbach,D,2.0000000,2.0000000,Wolfsburg,2.4000000,1.4000000,66.0000000,26.0000000,10.0000000,14.4000000,34.0000000,6.0000000,2.0000000,12.0000000,1674.2760010,1661.3647461
1131,2022-02-26,2022,Matchweek 24,Sat,Bundesliga,15:30,Leverkusen,W,3.0000000,0.0000000,Arminia,2.1000000,0.4000000,71.0000000,21.0000000,9.0000000,16.4000000,29.0000000,9.0000000,3.0000000,24.1000000,1771.4708252,1623.5997315
1132,2022-02-27,2022,Matchweek 24,Sun,Bundesliga,17:30,Augsburg,D,1.0000000,1.0000000,Dortmund,0.8000000,0.6000000,36.0000000,8.0000000,3.0000000,12.3000000,64.0000000,10.0000000,6.0000000,19.5000000,1593.8176269,1805.6348877
1133,2022-02-27,2022,Matchweek 24,Sun,Bundesliga,15:30,Bochum,L,0.0000000,1.0000000,RB Leipzig,0.8000000,0.7000000,51.0000000,14.0000000,1.0000000,18.7000000,49.0000000,6.0000000,1.0000000,15.4000000,1611.8602295,1806.5845947
1134,2022-03-01,2022,Quarter-finals,Tue,DFB-Pokal,20:45,Union Berlin,W,2.0000000,1.0000000,St. Pauli,,,56.0000000,16.0000000,6.0000000,,44.0000000,16.0000000,6.0000000,,1669.1555176,1489.5701904
1135,2022-03-02,2022,Quarter-finals,Wed,DFB-Pokal,20:45,Bochum,L,1.0000000,2.0000000,Freiburg,,,53.0000000,15.0000000,4.0000000,,47.0000000,13.0000000,6.0000000,,1611.8602295,1713.7404785
1136,2022-03-02,2022,Quarter-finals,Wed,DFB-Pokal,18:30,Hannover 96,L,0.0000000,4.0000000,RB Leipzig,,,35.0000000,12.0000000,8.0000000,,65.0000000,12.0000000,8.0000000,,,1806.5845947
1137,2022-03-04,2022,Matchweek 25,Fri,Bundesliga,20:30,Arminia,L,0.0000000,1.0000000,Augsburg,0.2000000,0.5000000,50.0000000,5.0000000,1.0000000,26.9000000,50.0000000,7.0000000,1.0000000,18.2000000,1617.4326172,1598.2386475
1138,2022-03-05,2022,Matchweek 25,Sat,Bundesliga,15:30,Hertha BSC,L,1.0000000,4.0000000,Eint Frankfurt,0.4000000,1.2000000,47.0000000,10.0000000,4.0000000,17.1000000,53.0000000,12.0000000,6.0000000,17.0000000,1583.6641846,1708.3895264
1139,2022-03-05,2022,Matchweek 25,Sat,Bundesliga,15:30,Bochum,W,2.0000000,1.0000000,Greuther Fürth,1.6000000,0.7000000,45.0000000,14.0000000,7.0000000,18.8000000,55.0000000,9.0000000,2.0000000,13.9000000,1607.5056152,1512.8420410
1140,2022-03-05,2022,Matchweek 25,Sat,Bundesliga,15:30,RB Leipzig,D,1.0000000,1.0000000,Freiburg,0.6000000,0.4000000,71.0000000,14.0000000,6.0000000,17.3000000,29.0000000,4.0000000,3.0000000,22.5000000,1810.9392090,1713.7404785
1141,2022-03-05,2022,Matchweek 25,Sat,Bundesliga,18:30,Stuttgart,W,3.0000000,2.0000000,Gladbach,2.4000000,0.9000000,57.0000000,19.0000000,7.0000000,15.9000000,43.0000000,8.0000000,3.0000000,13.6000000,1591.2539062,1672.5666504
1142,2022-03-05,2022,Matchweek 25,Sat,Bundesliga,15:30,Bayern Munich,D,1.0000000,1.0000000,Leverkusen,1.6000000,2.1000000,68.0000000,19.0000000,5.0000000,16.7000000,32.0000000,9.0000000,2.0000000,13.0000000,1995.6411133,1777.6380615
1143,2022-03-05,2022,Matchweek 25,Sat,Bundesliga,15:30,Wolfsburg,W,1.0000000,0.0000000,Union Berlin,0.5000000,1.2000000,46.0000000,8.0000000,3.0000000,19.1000000,54.0000000,19.0000000,4.0000000,16.1000000,1663.0740967,1679.4105225
1144,2022-03-06,2022,Matchweek 25,Sun,Bundesliga,17:30,Köln,L,0.0000000,1.0000000,Hoffenheim,1.6000000,2.5000000,56.0000000,10.0000000,4.0000000,12.6000000,44.0000000,13.0000000,3.0000000,15.0000000,1649.9047852,1716.5640869
1145,2022-03-08,2022,Round of 16,Tue,Champions Lg,21:00,Bayern Munich,W,7.0000000,1.0000000,at RB Salzburg,4.2000000,0.7000000,72.0000000,16.0000000,7.0000000,18.1000000,28.0000000,16.0000000,7.0000000,18.1000000,1989.2497559,
1146,2022-03-09,2022,Round of 16,Wed,Europa Lg,18:45,es Betis,L,1.0000000,2.0000000,Eint Frankfurt,0.9000000,2.5000000,64.0000000,13.0000000,8.0000000,20.5000000,36.0000000,13.0000000,8.0000000,20.5000000,,1720.3779297
1147,2022-03-10,2022,Round of 16,Thu,Europa Lg,21:00,it Atalanta,W,3.0000000,2.0000000,Leverkusen,1.7000000,0.5000000,46.0000000,7.0000000,2.0000000,20.1000000,54.0000000,7.0000000,2.0000000,20.1000000,,1788.5895996
1148,2022-03-12,2022,Matchweek 26,Sat,Bundesliga,15:30,Union Berlin,D,1.0000000,1.0000000,Stuttgart,1.5000000,1.0000000,44.0000000,11.0000000,2.0000000,19.1000000,56.0000000,11.0000000,3.0000000,17.9000000,1675.5936279,1603.5762940
1149,2022-03-12,2022,Matchweek 26,Sat,Bundesliga,15:30,Hoffenheim,D,1.0000000,1.0000000,Bayern Munich,1.7000000,2.9000000,38.0000000,9.0000000,6.0000000,13.2000000,62.0000000,18.0000000,7.0000000,14.6000000,1727.3693848,1998.3757324
1150,2022-03-12,2022,Matchweek 26,Sat,Bundesliga,15:30,Freiburg,W,3.0000000,2.0000000,Wolfsburg,1.3000000,1.3000000,42.0000000,15.0000000,8.0000000,16.8000000,58.0000000,12.0000000,5.0000000,19.5000000,1721.0947266,1673.8471680
1151,2022-03-12,2022,Matchweek 26,Sat,Bundesliga,18:30,Gladbach,W,2.0000000,0.0000000,Hertha BSC,1.8000000,0.6000000,53.0000000,12.0000000,4.0000000,15.1000000,47.0000000,12.0000000,3.0000000,21.7000000,1667.2005615,1577.0635986
1152,2022-03-13,2022,Matchweek 26,Sun,Bundesliga,15:30,Leverkusen,L,0.0000000,1.0000000,Köln,2.4000000,0.5000000,55.0000000,15.0000000,3.0000000,16.9000000,45.0000000,6.0000000,3.0000000,16.8000000,1784.2916260,1646.0556641
1153,2022-03-13,2022,Matchweek 26,Sun,Bundesliga,19:30,Greuther Fürth,L,1.0000000,6.0000000,RB Leipzig,0.3000000,1.7000000,47.0000000,7.0000000,1.0000000,22.2000000,53.0000000,12.0000000,6.0000000,14.0000000,1511.7484131,1810.5410156
1154,2022-03-13,2022,Matchweek 26,Sun,Bundesliga,17:30,Eint Frankfurt,W,2.0000000,1.0000000,Bochum,1.8000000,1.1000000,53.0000000,14.0000000,4.0000000,15.3000000,47.0000000,7.0000000,5.0000000,15.2000000,1729.8035889,1615.5554199
1155,2022-03-13,2022,Matchweek 26,Sun,Bundesliga,17:30,Dortmund,W,1.0000000,0.0000000,Arminia,2.0000000,0.7000000,59.0000000,19.0000000,3.0000000,15.0000000,41.0000000,12.0000000,5.0000000,17.1000000,1804.6918945,1611.0543213
1156,2022-03-16,2022,Matchweek 25,Wed,Bundesliga,18:30,Mainz 05,L,0.0000000,1.0000000,Dortmund,0.9000000,0.8000000,41.0000000,11.0000000,1.0000000,18.3000000,59.0000000,11.0000000,4.0000000,16.0000000,1677.7917481,1807.4764404
1157,2022-03-17,2022,Round of 16,Thu,Europa Lg,21:00,Eint Frankfurt,D,1.0000000,1.0000000,es Betis,1.5000000,2.2000000,46.0000000,16.0000000,4.0000000,20.1000000,54.0000000,16.0000000,4.0000000,20.1000000,1733.8922119,
1158,2022-03-17,2022,Round of 16,Thu,Europa Lg,18:45,Leverkusen,L,0.0000000,1.0000000,it Atalanta,1.5000000,1.2000000,63.0000000,16.0000000,3.0000000,18.1000000,37.0000000,16.0000000,3.0000000,18.1000000,1771.7727051,
1159,2022-03-18,2022,Matchweek 27,Fri,Bundesliga,20:30,Bochum,L,0.0000000,2.0000000,Gladbach,,,51.0000000,16.0000000,7.0000000,,49.0000000,8.0000000,5.0000000,,1608.9304199,1671.0927734
1160,2022-03-19,2022,Matchweek 27,Sat,Bundesliga,18:30,Bayern Munich,W,4.0000000,0.0000000,Union Berlin,2.7000000,1.0000000,70.0000000,15.0000000,5.0000000,21.0000000,30.0000000,10.0000000,4.0000000,15.9000000,1990.1640625,1669.7515869
1161,2022-03-19,2022,Matchweek 27,Sat,Bundesliga,15:30,Greuther Fürth,D,0.0000000,0.0000000,Freiburg,1.0000000,1.2000000,39.0000000,8.0000000,1.0000000,17.6000000,61.0000000,15.0000000,3.0000000,20.3000000,1503.3902588,1724.1826172
1162,2022-03-19,2022,Matchweek 27,Sat,Bundesliga,15:30,Hertha BSC,W,3.0000000,0.0000000,Hoffenheim,1.3000000,0.8000000,32.0000000,13.0000000,6.0000000,17.1000000,68.0000000,8.0000000,0.0000000,16.1000000,1568.0983887,1730.5080566
1163,2022-03-19,2022,Matchweek 27,Sat,Bundesliga,15:30,Stuttgart,W,3.0000000,2.0000000,Augsburg,2.2000000,1.0000000,64.0000000,24.0000000,8.0000000,18.3000000,36.0000000,10.0000000,4.0000000,17.4000000,1604.3452148,1609.0366211
1164,2022-03-19,2022,Matchweek 27,Sat,Bundesliga,15:30,Mainz 05,W,4.0000000,0.0000000,Arminia,4.3000000,0.2000000,56.0000000,11.0000000,3.0000000,16.8000000,44.0000000,6.0000000,0.0000000,27.2000000,1669.5997315,1605.7331543
1165,2022-03-20,2022,Matchweek 27,Sun,Bundesliga,19:30,Köln,D,1.0000000,1.0000000,Dortmund,1.1000000,1.2000000,54.0000000,11.0000000,1.0000000,14.4000000,46.0000000,9.0000000,3.0000000,18.9000000,1656.0380859,1810.5955810
1166,2022-03-20,2022,Matchweek 27,Sun,Bundesliga,17:30,Wolfsburg,L,0.0000000,2.0000000,Leverkusen,1.1000000,1.0000000,50.0000000,14.0000000,3.0000000,19.2000000,50.0000000,15.0000000,5.0000000,19.9000000,1665.6864014,1758.7287598
1167,2022-03-20,2022,Matchweek 27,Sun,Bundesliga,15:30,RB Leipzig,D,0.0000000,0.0000000,Eint Frankfurt,1.2000000,0.2000000,55.0000000,15.0000000,6.0000000,19.0000000,45.0000000,5.0000000,0.0000000,16.6000000,1813.8261719,1734.3101807
1168,2022-04-01,2022,Matchweek 28,Fri,Bundesliga,20:30,Union Berlin,W,1.0000000,0.0000000,Köln,1.3000000,0.3000000,37.0000000,12.0000000,4.0000000,16.5000000,63.0000000,6.0000000,1.0000000,18.8000000,1666.9163818,1659.0072022
1169,2022-04-02,2022,Matchweek 28,Sat,Bundesliga,15:30,Arminia,D,1.0000000,1.0000000,Stuttgart,1.0000000,2.2000000,53.0000000,10.0000000,4.0000000,13.8000000,47.0000000,14.0000000,3.0000000,17.6000000,1594.8032227,1611.2855225
1170,2022-04-02,2022,Matchweek 28,Sat,Bundesliga,15:30,Freiburg,L,1.0000000,4.0000000,Bayern Munich,0.6000000,2.1000000,39.0000000,8.0000000,3.0000000,18.9000000,61.0000000,21.0000000,10.0000000,18.8000000,1719.5092773,1992.9992676
1171,2022-04-02,2022,Matchweek 28,Sat,Bundesliga,15:30,Eint Frankfurt,D,0.0000000,0.0000000,Greuther Fürth,1.2000000,0.6000000,67.0000000,21.0000000,6.0000000,18.2000000,33.0000000,4.0000000,2.0000000,18.2000000,1737.8289795,1508.0634766
1172,2022-04-02,2022,Matchweek 28,Sat,Bundesliga,18:30,Dortmund,L,1.0000000,4.0000000,RB Leipzig,0.7000000,1.1000000,64.0000000,10.0000000,2.0000000,17.4000000,36.0000000,10.0000000,5.0000000,16.4000000,1807.6264648,1810.3073731
1173,2022-04-02,2022,Matchweek 28,Sat,Bundesliga,15:30,Hoffenheim,L,1.0000000,2.0000000,Bochum,2.0000000,2.1000000,58.0000000,13.0000000,6.0000000,16.2000000,42.0000000,21.0000000,6.0000000,18.1000000,1711.4207764,1598.3612060
1174,2022-04-02,2022,Matchweek 28,Sat,Bundesliga,15:30,Leverkusen,W,2.0000000,1.0000000,Hertha BSC,1.5000000,0.8000000,68.0000000,19.0000000,6.0000000,15.7000000,32.0000000,7.0000000,4.0000000,13.9000000,1768.3424072,1587.1856690
1175,2022-04-03,2022,Matchweek 28,Sun,Bundesliga,15:30,Augsburg,W,3.0000000,0.0000000,Wolfsburg,1.6000000,1.1000000,39.0000000,13.0000000,4.0000000,16.2000000,61.0000000,18.0000000,5.0000000,17.6000000,1602.0963135,1656.0727539
1176,2022-04-03,2022,Matchweek 28,Sun,Bundesliga,17:30,Gladbach,D,1.0000000,1.0000000,Mainz 05,1.5000000,1.8000000,52.0000000,16.0000000,7.0000000,21.6000000,48.0000000,21.0000000,10.0000000,18.5000000,1681.6619873,1680.5297852
1177,2022-04-06,2022,Matchweek 26,Wed,Bundesliga,18:30,Augsburg,W,2.0000000,1.0000000,Mainz 05,1.8000000,1.8000000,38.0000000,10.0000000,3.0000000,21.9000000,62.0000000,16.0000000,3.0000000,18.2000000,1616.4274902,1681.8820801
1178,2022-04-06,2022,Quarter-finals,Wed,Champions Lg,21:00,es Villarreal,W,1.0000000,0.0000000,Bayern Munich,1.5000000,1.6000000,39.0000000,22.0000000,4.0000000,21.3000000,61.0000000,22.0000000,4.0000000,21.3000000,,1998.1414795
1179,2022-04-07,2022,Quarter-finals,Thu,Europa Lg,18:45,RB Leipzig,D,1.0000000,1.0000000,it Atalanta,2.5000000,1.9000000,56.0000000,13.0000000,4.0000000,14.7000000,44.0000000,13.0000000,4.0000000,14.7000000,1824.5521240,
1180,2022-04-07,2022,Quarter-finals,Thu,Europa Lg,21:00,Eint Frankfurt,D,1.0000000,1.0000000,es Barcelona,1.4000000,0.9000000,35.0000000,16.0000000,5.0000000,22.8000000,65.0000000,16.0000000,5.0000000,22.8000000,1729.7436523,
1181,2022-04-08,2022,Matchweek 29,Fri,Bundesliga,20:30,Stuttgart,L,0.0000000,2.0000000,Dortmund,1.7000000,1.9000000,42.0000000,13.0000000,2.0000000,15.9000000,58.0000000,12.0000000,4.0000000,17.3000000,1609.8843994,1789.6195068
1182,2022-04-09,2022,Matchweek 29,Sat,Bundesliga,15:30,Bayern Munich,W,1.0000000,0.0000000,Augsburg,1.5000000,0.2000000,67.0000000,13.0000000,3.0000000,20.3000000,33.0000000,6.0000000,1.0000000,22.0000000,1991.5678711,1622.5677490
1183,2022-04-09,2022,Matchweek 29,Sat,Bundesliga,18:30,Hertha BSC,L,1.0000000,4.0000000,Union Berlin,0.7000000,1.8000000,52.0000000,11.0000000,3.0000000,17.4000000,48.0000000,16.0000000,12.0000000,17.0000000,1581.9433594,1671.2218018
1184,2022-04-09,2022,Matchweek 29,Sat,Bundesliga,15:30,Greuther Fürth,L,0.0000000,2.0000000,Gladbach,0.5000000,2.7000000,50.0000000,10.0000000,1.0000000,21.3000000,50.0000000,16.0000000,5.0000000,17.6000000,1512.3865967,1677.9842529
1185,2022-04-09,2022,Matchweek 29,Sat,Bundesliga,15:30,Köln,W,3.0000000,2.0000000,Mainz 05,1.8000000,0.9000000,54.0000000,13.0000000,5.0000000,15.2000000,46.0000000,10.0000000,6.0000000,15.0000000,1650.0510254,1671.0910644
1186,2022-04-09,2022,Matchweek 29,Sat,Bundesliga,15:30,Wolfsburg,W,4.0000000,0.0000000,Arminia,2.0000000,0.4000000,53.0000000,11.0000000,6.0000000,16.0000000,47.0000000,7.0000000,3.0000000,22.1000000,1639.4161377,1591.5535889
1187,2022-04-10,2022,Matchweek 29,Sun,Bundesliga,19:30,RB Leipzig,W,3.0000000,0.0000000,Hoffenheim,1.5000000,0.2000000,51.0000000,11.0000000,4.0000000,14.4000000,49.0000000,3.0000000,0.0000000,18.5000000,1821.1737060,1697.1108398
1188,2022-04-10,2022,Matchweek 29,Sun,Bundesliga,15:30,Bochum,D,0.0000000,0.0000000,Leverkusen,0.7000000,1.4000000,41.0000000,12.0000000,2.0000000,14.8000000,59.0000000,9.0000000,2.0000000,19.8000000,1608.0203857,1768.9338379
1189,2022-04-10,2022,Matchweek 29,Sun,Bundesliga,17:30,Eint Frankfurt,L,1.0000000,2.0000000,Freiburg,0.9000000,1.0000000,54.0000000,18.0000000,5.0000000,20.3000000,46.0000000,12.0000000,4.0000000,14.9000000,1728.7042236,1712.0416260
1190,2022-04-12,2022,Quarter-finals,Tue,Champions Lg,21:00,Bayern Munich,D,1.0000000,1.0000000,es Villarreal,1.4000000,0.7000000,68.0000000,23.0000000,4.0000000,21.2000000,32.0000000,23.0000000,4.0000000,21.2000000,1992.5908203,
1191,2022-04-14,2022,Quarter-finals,Thu,Europa Lg,18:45,it Atalanta,L,0.0000000,2.0000000,RB Leipzig,1.3000000,2.4000000,57.0000000,10.0000000,6.0000000,17.9000000,43.0000000,10.0000000,6.0000000,17.9000000,,1823.3856201
1192,2022-04-14,2022,Quarter-finals,Thu,Europa Lg,21:00,es Barcelona,L,2.0000000,3.0000000,Eint Frankfurt,2.6000000,2.0000000,74.0000000,14.0000000,6.0000000,20.5000000,26.0000000,14.0000000,6.0000000,20.5000000,,1714.5362549
1193,2022-04-16,2022,Matchweek 30,Sat,Bundesliga,15:30,Mainz 05,D,0.0000000,0.0000000,Stuttgart,0.6000000,0.7000000,47.0000000,11.0000000,0.0000000,18.4000000,53.0000000,6.0000000,3.0000000,21.2000000,1670.2492676,1609.8804932
1194,2022-04-16,2022,Matchweek 30,Sat,Bundesliga,15:30,Freiburg,W,3.0000000,0.0000000,Bochum,2.2000000,0.4000000,62.0000000,15.0000000,8.0000000,13.2000000,38.0000000,10.0000000,3.0000000,21.3000000,1728.2268066,1617.5650635
1195,2022-04-16,2022,Matchweek 30,Sat,Bundesliga,15:30,Dortmund,W,6.0000000,1.0000000,Wolfsburg,3.0000000,1.5000000,60.0000000,12.0000000,8.0000000,14.7000000,40.0000000,10.0000000,4.0000000,15.3000000,1802.4997559,1657.2308350
1196,2022-04-16,2022,Matchweek 30,Sat,Bundesliga,18:30,Gladbach,L,1.0000000,3.0000000,Köln,1.2000000,2.0000000,58.0000000,17.0000000,5.0000000,14.5000000,42.0000000,17.0000000,6.0000000,14.0000000,1691.3482666,1663.7692871
1197,2022-04-16,2022,Matchweek 30,Sat,Bundesliga,15:30,Augsburg,L,0.0000000,1.0000000,Hertha BSC,1.0000000,1.1000000,59.0000000,13.0000000,2.0000000,15.3000000,41.0000000,13.0000000,1.0000000,17.8000000,1627.9830322,1576.1726074
1198,2022-04-17,2022,Matchweek 30,Sun,Bundesliga,17:30,Hoffenheim,D,0.0000000,0.0000000,Greuther Fürth,1.0000000,0.3000000,58.0000000,16.0000000,3.0000000,17.4000000,42.0000000,8.0000000,1.0000000,24.2000000,1696.9161377,1511.8989258
1199,2022-04-17,2022,Matchweek 30,Sun,Bundesliga,17:30,Union Berlin,W,2.0000000,0.0000000,Eint Frankfurt,1.1000000,0.5000000,44.0000000,13.0000000,4.0000000,18.7000000,56.0000000,10.0000000,3.0000000,19.2000000,1689.8688965,1743.8931885
1200,2022-04-17,2022,Matchweek 30,Sun,Bundesliga,19:30,Leverkusen,L,0.0000000,1.0000000,RB Leipzig,0.8000000,0.5000000,47.0000000,12.0000000,4.0000000,17.9000000,53.0000000,4.0000000,1.0000000,15.5000000,1772.2655029,1848.1812744
1201,2022-04-17,2022,Matchweek 30,Sun,Bundesliga,15:30,Arminia,L,0.0000000,3.0000000,Bayern Munich,0.4000000,2.7000000,25.0000000,8.0000000,3.0000000,15.4000000,75.0000000,22.0000000,8.0000000,16.5000000,1586.6153565,1985.8854981
1202,2022-04-19,2022,Semi-finals,Tue,DFB-Pokal,20:45,Hamburger SV,L,1.0000000,3.0000000,Freiburg,,,63.0000000,12.0000000,5.0000000,,37.0000000,12.0000000,5.0000000,,1547.9940185,1735.5177002
1203,2022-04-20,2022,Semi-finals,Wed,DFB-Pokal,20:45,RB Leipzig,W,2.0000000,1.0000000,Union Berlin,,,68.0000000,10.0000000,4.0000000,,32.0000000,11.0000000,2.0000000,,1855.3449707,1701.4334717
1204,2022-04-22,2022,Matchweek 31,Fri,Bundesliga,20:30,Wolfsburg,W,5.0000000,0.0000000,Mainz 05,3.7000000,0.7000000,60.0000000,14.0000000,7.0000000,17.4000000,40.0000000,5.0000000,3.0000000,18.7000000,1649.5347900,1667.1683350
1205,2022-04-23,2022,Matchweek 31,Sat,Bundesliga,15:30,RB Leipzig,L,1.0000000,2.0000000,Union Berlin,0.6000000,1.4000000,54.0000000,5.0000000,1.0000000,18.9000000,46.0000000,14.0000000,4.0000000,15.2000000,1855.3449707,1701.4334717
1206,2022-04-23,2022,Matchweek 31,Sat,Bundesliga,15:30,Eint Frankfurt,D,2.0000000,2.0000000,Hoffenheim,1.3000000,0.7000000,50.0000000,17.0000000,7.0000000,17.2000000,50.0000000,10.0000000,4.0000000,18.6000000,1732.3287353,1691.0214844
1207,2022-04-23,2022,Matchweek 31,Sat,Bundesliga,15:30,Greuther Fürth,L,1.0000000,4.0000000,Leverkusen,0.9000000,2.5000000,52.0000000,8.0000000,3.0000000,15.6000000,48.0000000,9.0000000,5.0000000,13.8000000,1517.7935791,1765.1019287
1208,2022-04-23,2022,Matchweek 31,Sat,Bundesliga,15:30,Freiburg,D,3.0000000,3.0000000,Gladbach,2.3000000,1.6000000,62.0000000,18.0000000,5.0000000,18.0000000,38.0000000,6.0000000,3.0000000,18.6000000,1735.5177002,1677.3538818
1209,2022-04-23,2022,Matchweek 31,Sat,Bundesliga,18:30,Bayern Munich,W,3.0000000,1.0000000,Dortmund,1.7000000,1.3000000,58.0000000,14.0000000,6.0000000,16.5000000,42.0000000,6.0000000,1.0000000,19.2000000,1988.5823975,1810.1958008
1210,2022-04-23,2022,Matchweek 31,Sat,Bundesliga,15:30,Köln,W,3.0000000,1.0000000,Arminia,2.0000000,0.9000000,55.0000000,19.0000000,6.0000000,17.0000000,45.0000000,13.0000000,4.0000000,18.6000000,1677.7636719,1583.9184570
1211,2022-04-24,2022,Matchweek 31,Sun,Bundesliga,17:30,Hertha BSC,W,2.0000000,0.0000000,Stuttgart,1.4000000,0.6000000,42.0000000,9.0000000,2.0000000,13.2000000,58.0000000,12.0000000,5.0000000,21.0000000,1586.9017334,1612.9614258
1212,2022-04-24,2022,Matchweek 31,Sun,Bundesliga,15:30,Bochum,L,0.0000000,2.0000000,Augsburg,1.1000000,1.9000000,59.0000000,18.0000000,3.0000000,21.0000000,41.0000000,11.0000000,4.0000000,16.9000000,1610.2741699,1617.2539062
1213,2022-04-28,2022,Semi-finals,Thu,Europa Lg,20:00 (21:00),eng West Ham,L,1.0000000,2.0000000,Eint Frankfurt,2.4000000,1.6000000,54.0000000,8.0000000,4.0000000,15.7000000,46.0000000,8.0000000,4.0000000,15.7000000,,1729.8389893
1214,2022-04-28,2022,Semi-finals,Thu,Europa Lg,21:00,RB Leipzig,W,1.0000000,0.0000000,sct Rangers,1.0000000,0.3000000,69.0000000,10.0000000,4.0000000,17.0000000,31.0000000,10.0000000,4.0000000,17.0000000,1842.3513184,
1215,2022-04-29,2022,Matchweek 32,Fri,Bundesliga,20:30,Union Berlin,D,1.0000000,1.0000000,Greuther Fürth,1.4000000,0.3000000,54.0000000,8.0000000,3.0000000,13.4000000,46.0000000,7.0000000,2.0000000,22.4000000,1717.8693848,1515.3819580
1216,2022-04-30,2022,Matchweek 32,Sat,Bundesliga,15:30,Augsburg,L,1.0000000,4.0000000,Köln,1.7000000,2.5000000,47.0000000,12.0000000,4.0000000,14.2000000,53.0000000,16.0000000,6.0000000,14.9000000,1633.5880127,1687.7988281
1217,2022-04-30,2022,Matchweek 32,Sat,Bundesliga,15:30,Dortmund,L,3.0000000,4.0000000,Bochum,4.0000000,1.6000000,69.0000000,16.0000000,7.0000000,17.1000000,31.0000000,11.0000000,5.0000000,15.6000000,1809.5686035,1600.8248291
1218,2022-04-30,2022,Matchweek 32,Sat,Bundesliga,15:30,Mainz 05,W,3.0000000,1.0000000,Bayern Munich,3.3000000,1.4000000,32.0000000,22.0000000,7.0000000,15.1000000,68.0000000,7.0000000,1.0000000,19.0000000,1654.4016113,1996.0943603
1219,2022-04-30,2022,Matchweek 32,Sat,Bundesliga,15:30,Stuttgart,D,1.0000000,1.0000000,Wolfsburg,0.8000000,1.4000000,57.0000000,19.0000000,5.0000000,18.9000000,43.0000000,15.0000000,5.0000000,19.9000000,1605.8079834,1669.1862793
1220,2022-04-30,2022,Matchweek 32,Sat,Bundesliga,15:30,Arminia,D,1.0000000,1.0000000,Hertha BSC,0.5000000,1.5000000,55.0000000,7.0000000,1.0000000,20.6000000,45.0000000,11.0000000,5.0000000,13.8000000,1580.7680664,1600.9398193
1221,2022-04-30,2022,Matchweek 32,Sat,Bundesliga,18:30,Hoffenheim,L,3.0000000,4.0000000,Freiburg,2.0000000,2.4000000,58.0000000,19.0000000,7.0000000,14.5000000,43.0000000,11.0000000,5.0000000,16.0000000,1696.9536133,1736.0209961
1222,2022-05-02,2022,Matchweek 32,Mon,Bundesliga,20:30,Leverkusen,W,2.0000000,0.0000000,Eint Frankfurt,1.8000000,0.3000000,55.0000000,11.0000000,3.0000000,11.5000000,45.0000000,9.0000000,4.0000000,25.1000000,1774.3983154,1742.0108643
1223,2022-05-02,2022,Matchweek 32,Mon,Bundesliga,20:30,Gladbach,W,3.0000000,1.0000000,RB Leipzig,1.5000000,1.1000000,49.0000000,9.0000000,6.0000000,18.0000000,51.0000000,12.0000000,7.0000000,17.1000000,1683.7353516,1847.3319092
1224,2022-05-05,2022,Semi-finals,Thu,Europa Lg,20:00 (21:00),sct Rangers,W,3.0000000,1.0000000,RB Leipzig,2.0000000,1.3000000,38.0000000,11.0000000,2.0000000,16.1000000,62.0000000,11.0000000,2.0000000,16.1000000,,1831.6101074
1225,2022-05-05,2022,Semi-finals,Thu,Europa Lg,21:00,Eint Frankfurt,W,1.0000000,0.0000000,eng West Ham,1.1000000,1.6000000,63.0000000,13.0000000,4.0000000,22.0000000,37.0000000,13.0000000,4.0000000,22.0000000,1733.4560547,
1226,2022-05-06,2022,Matchweek 33,Fri,Bundesliga,20:30,Bochum,W,2.0000000,1.0000000,Arminia,2.1000000,0.8000000,60.0000000,17.0000000,9.0000000,16.4000000,40.0000000,14.0000000,4.0000000,21.1000000,1611.8175049,1577.5316162
1227,2022-05-07,2022,Matchweek 33,Sat,Bundesliga,15:30,Greuther Fürth,L,1.0000000,3.0000000,Dortmund,1.3000000,1.5000000,43.0000000,8.0000000,3.0000000,20.0000000,57.0000000,8.0000000,4.0000000,14.2000000,1518.8244629,1793.2940674
1228,2022-05-07,2022,Matchweek 33,Sat,Bundesliga,15:30,Freiburg,L,1.0000000,4.0000000,Union Berlin,1.8000000,2.0000000,71.0000000,19.0000000,3.0000000,17.1000000,29.0000000,13.0000000,5.0000000,15.8000000,1741.4473877,1709.1450195
1229,2022-05-07,2022,Matchweek 33,Sat,Bundesliga,15:30,Hoffenheim,L,2.0000000,4.0000000,Leverkusen,2.5000000,4.0000000,47.0000000,12.0000000,5.0000000,16.7000000,53.0000000,16.0000000,8.0000000,12.4000000,1686.2453613,1780.3122559
1230,2022-05-07,2022,Matchweek 33,Sat,Bundesliga,18:30,Hertha BSC,L,1.0000000,2.0000000,Mainz 05,1.1000000,0.7000000,36.0000000,9.0000000,0.0000000,22.0000000,64.0000000,11.0000000,5.0000000,17.0000000,1598.8942871,1672.6226807
1231,2022-05-07,2022,Matchweek 33,Sat,Bundesliga,15:30,Köln,L,0.0000000,1.0000000,Wolfsburg,1.2000000,1.1000000,61.0000000,18.0000000,9.0000000,16.2000000,39.0000000,5.0000000,3.0000000,26.2000000,1698.4461670,1665.8988037
1232,2022-05-08,2022,Matchweek 33,Sun,Bundesliga,19:30,RB Leipzig,W,4.0000000,0.0000000,Augsburg,3.2000000,0.3000000,64.0000000,13.0000000,7.0000000,17.1000000,36.0000000,6.0000000,1.0000000,22.4000000,1811.1230469,1617.6588135
1233,2022-05-08,2022,Matchweek 33,Sun,Bundesliga,15:30,Eint Frankfurt,D,1.0000000,1.0000000,Gladbach,0.8000000,1.4000000,47.0000000,18.0000000,3.0000000,20.0000000,53.0000000,12.0000000,6.0000000,18.3000000,1740.7672119,1696.8162842
1234,2022-05-08,2022,Matchweek 33,Sun,Bundesliga,17:30,Bayern Munich,D,2.0000000,2.0000000,Stuttgart,2.6000000,1.5000000,75.0000000,22.0000000,7.0000000,13.6000000,25.0000000,15.0000000,5.0000000,18.0000000,1972.5914307,1603.8135986
1235,2022-05-14,2022,Matchweek 34,Sat,Bundesliga,15:30,Dortmund,W,2.0000000,1.0000000,Hertha BSC,1.3000000,1.0000000,73.0000000,7.0000000,1.0000000,17.9000000,27.0000000,4.0000000,0.0000000,21.4000000,1797.2490234,1591.6555176
1236,2022-05-14,2022,Matchweek 34,Sat,Bundesliga,15:30,Gladbach,W,5.0000000,1.0000000,Hoffenheim,3.2000000,1.6000000,55.0000000,17.0000000,8.0000000,15.1000000,45.0000000,10.0000000,2.0000000,17.0000000,1699.1749268,1676.9503174
1237,2022-05-14,2022,Matchweek 34,Sat,Bundesliga,15:30,Stuttgart,W,2.0000000,1.0000000,Köln,3.9000000,1.2000000,34.0000000,23.0000000,11.0000000,15.8000000,66.0000000,13.0000000,2.0000000,15.9000000,1612.0733643,1688.5504150
1238,2022-05-14,2022,Matchweek 34,Sat,Bundesliga,15:30,Arminia,D,1.0000000,1.0000000,RB Leipzig,1.6000000,3.0000000,42.0000000,9.0000000,4.0000000,14.4000000,58.0000000,20.0000000,10.0000000,12.4000000,1571.3590088,1817.0052490
1239,2022-05-14,2022,Matchweek 34,Sat,Bundesliga,15:30,Augsburg,W,2.0000000,1.0000000,Greuther Fürth,1.1000000,0.5000000,49.0000000,7.0000000,2.0000000,18.3000000,51.0000000,7.0000000,4.0000000,19.9000000,1611.7766113,1514.8693848
1240,2022-05-14,2022,Matchweek 34,Sat,Bundesliga,15:30,Union Berlin,W,3.0000000,2.0000000,Bochum,2.6000000,0.2000000,43.0000000,15.0000000,10.0000000,14.8000000,57.0000000,5.0000000,3.0000000,20.6000000,1726.4689941,1617.9901123
1241,2022-05-14,2022,Matchweek 34,Sat,Bundesliga,15:30,Leverkusen,W,2.0000000,1.0000000,Freiburg,2.2000000,1.1000000,53.0000000,11.0000000,3.0000000,18.7000000,47.0000000,13.0000000,2.0000000,15.3000000,1789.6071777,1724.1234131
1242,2022-05-14,2022,Matchweek 34,Sat,Bundesliga,15:30,Wolfsburg,D,2.0000000,2.0000000,Bayern Munich,1.5000000,2.1000000,33.0000000,9.0000000,2.0000000,18.3000000,67.0000000,26.0000000,8.0000000,17.1000000,1675.7946777,1964.3316650
1243,2022-05-14,2022,Matchweek 34,Sat,Bundesliga,15:30,Mainz 05,D,2.0000000,2.0000000,Eint Frankfurt,1.3000000,1.6000000,49.0000000,13.0000000,4.0000000,14.8000000,51.0000000,12.0000000,4.0000000,18.2000000,1679.8614502,1738.4085693
1244,2022-05-18,2022,Final,Wed,Europa Lg,21:00,Eint Frankfurt,D,1.0000000,1.0000000,sct Rangers,1.9000000,1.1000000,48.0000000,22.0000000,4.0000000,20.4000000,52.0000000,22.0000000,4.0000000,20.4000000,1737.8594971,
1245,2022-05-19,2022,German 1/2 Relegation/Promotion play-offs,Thu,Rel/Pro play-offs,20:30,Hertha BSC,L,0.0000000,1.0000000,Hamburger SV,,,44.0000000,6.0000000,3.0000000,,56.0000000,6.0000000,3.0000000,,1588.7912598,1583.4365234
1246,2022-05-21,2022,Final,Sat,DFB-Pokal,20:00,Freiburg,D,1.0000000,1.0000000,RB Leipzig,,,48.0000000,21.0000000,5.0000000,,52.0000000,15.0000000,8.0000000,,1718.8809815,1811.6813965
1247,2022-05-23,2022,German 1/2 Relegation/Promotion play-offs,Mon,Rel/Pro play-offs,20:30,Hamburger SV,L,0.0000000,2.0000000,Hertha BSC,,,60.0000000,17.0000000,7.0000000,,40.0000000,17.0000000,7.0000000,,1590.2069092,1582.0209961
1248,2022-07-29,2023,Round of 64,Fri,DFB-Pokal,18:00,Dresden,L,0.0000000,1.0000000,Stuttgart,,,54.0000000,21.0000000,7.0000000,,46.0000000,21.0000000,7.0000000,,,1620.8238525
1249,2022-07-29,2023,Round of 64,Fri,DFB-Pokal,20:45,1860 Munich,L,0.0000000,3.0000000,Dortmund,,,18.0000000,25.0000000,11.0000000,,82.0000000,25.0000000,11.0000000,,,1799.6959228
1250,2022-07-30,2023,DFL-Supercup,Sat,DFL-Supercup,20:30,RB Leipzig,L,3.0000000,5.0000000,Bayern Munich,,,42.0000000,9.0000000,4.0000000,,58.0000000,12.0000000,8.0000000,,1811.4726562,1958.1816406
1251,2022-07-30,2023,Round of 64,Sat,DFB-Pokal,18:00,Carl Zeiss Jena,L,0.0000000,1.0000000,Wolfsburg,,,29.0000000,21.0000000,4.0000000,,71.0000000,21.0000000,4.0000000,,,1681.7359619
1252,2022-07-30,2023,Round of 64,Sat,DFB-Pokal,15:30,Elversberg,W,4.0000000,3.0000000,Leverkusen,,,39.0000000,19.0000000,11.0000000,,61.0000000,19.0000000,11.0000000,,,1794.6409912
1253,2022-07-30,2023,Round of 64,Sat,DFB-Pokal,15:30,Jahn R'burg,D,2.0000000,2.0000000,Köln,,,39.0000000,25.0000000,4.0000000,,61.0000000,25.0000000,4.0000000,,,1679.3823242
1254,2022-07-30,2023,Round of 64,Sat,DFB-Pokal,13:00,Viktoria 1889,L,0.0000000,3.0000000,Bochum,,,34.0000000,21.0000000,7.0000000,,66.0000000,21.0000000,7.0000000,,,1613.3016357
1255,2022-07-31,2023,Round of 64,Sun,DFB-Pokal,15:31,Blau-Weiß Lohne,L,0.0000000,4.0000000,Augsburg,,,32.0000000,19.0000000,7.0000000,,68.0000000,19.0000000,7.0000000,,,1616.2546387
1256,2022-07-31,2023,Round of 64,Sun,DFB-Pokal,13:01,Bremer SV,L,0.0000000,5.0000000,Schalke 04,,,23.0000000,29.0000000,12.0000000,,77.0000000,29.0000000,12.0000000,,,1578.7984619
1257,2022-07-31,2023,Round of 64,Sun,DFB-Pokal,18:01,BTSV,D,4.0000000,4.0000000,Hertha BSC,,,39.0000000,27.0000000,12.0000000,,61.0000000,27.0000000,12.0000000,,,1582.0209961
1258,2022-07-31,2023,Round of 64,Sun,DFB-Pokal,18:01,Erzgebirge Aue,L,0.0000000,3.0000000,Mainz 05,,,45.0000000,26.0000000,9.0000000,,55.0000000,26.0000000,9.0000000,,,1680.2017822
1259,2022-07-31,2023,Round of 64,Sun,DFB-Pokal,15:31,SV Oberachern,L,1.0000000,9.0000000,Gladbach,,,29.0000000,25.0000000,12.0000000,,71.0000000,25.0000000,12.0000000,,,1711.5920410
1260,2022-07-31,2023,Round of 64,Sun,DFB-Pokal,15:31,Kaiserslautern,L,1.0000000,2.0000000,Freiburg,,,35.0000000,23.0000000,6.0000000,,65.0000000,23.0000000,6.0000000,,,1718.6722412
1261,2022-07-31,2023,Round of 64,Sun,DFB-Pokal,15:31,Rödinghausen,L,0.0000000,2.0000000,Hoffenheim,,,32.0000000,28.0000000,7.0000000,,68.0000000,28.0000000,7.0000000,,,1664.1157227
1262,2022-08-01,2023,Round of 64,Mon,DFB-Pokal,18:01,Energie Cottbus,L,1.0000000,2.0000000,Werder Bremen,,,39.0000000,12.0000000,5.0000000,,61.0000000,12.0000000,5.0000000,,,1596.9729004
1263,2022-08-01,2023,Round of 64,Mon,DFB-Pokal,20:46,Magdeburg,L,0.0000000,4.0000000,Eint Frankfurt,,,55.0000000,20.0000000,8.0000000,,45.0000000,20.0000000,8.0000000,,,1737.0290527
1264,2022-08-01,2023,Round of 64,Mon,DFB-Pokal,18:01,Chemnitzer FC,L,1.0000000,2.0000000,Union Berlin,,,43.0000000,27.0000000,8.0000000,,57.0000000,27.0000000,8.0000000,,,1730.7399902
1265,2022-08-05,2023,Matchweek 1,Fri,Bundesliga,20:30,Eint Frankfurt,L,1.0000000,6.0000000,Bayern Munich,0.9000000,4.0000000,37.0000000,8.0000000,2.0000000,17.9000000,63.0000000,23.0000000,10.0000000,16.6000000,1737.0290527,1957.9729004
1266,2022-08-06,2023,Matchweek 1,Sat,Bundesliga,15:30,Union Berlin,W,3.0000000,1.0000000,Hertha BSC,1.0000000,0.3000000,49.0000000,19.0000000,8.0000000,19.0000000,51.0000000,7.0000000,3.0000000,20.3000000,1730.7399902,1598.6782227
1267,2022-08-06,2023,Matchweek 1,Sat,Bundesliga,15:30,Bochum,L,1.0000000,2.0000000,Mainz 05,0.9000000,1.4000000,59.0000000,16.0000000,3.0000000,25.1000000,41.0000000,13.0000000,6.0000000,17.5000000,1613.3016357,1680.2017822
1268,2022-08-06,2023,Matchweek 1,Sat,Bundesliga,15:30,Gladbach,W,3.0000000,1.0000000,Hoffenheim,1.9000000,0.1000000,61.0000000,18.0000000,7.0000000,16.2000000,39.0000000,2.0000000,1.0000000,23.5000000,1711.5920410,1664.1157227
1269,2022-08-06,2023,Matchweek 1,Sat,Bundesliga,15:30,Wolfsburg,D,2.0000000,2.0000000,Werder Bremen,1.0000000,0.8000000,61.0000000,11.0000000,3.0000000,19.8000000,39.0000000,10.0000000,4.0000000,21.5000000,1681.7359619,1596.9729004
1270,2022-08-06,2023,Matchweek 1,Sat,Bundesliga,18:30,Dortmund,W,1.0000000,0.0000000,Leverkusen,1.8000000,1.3000000,45.0000000,14.0000000,4.0000000,17.8000000,55.0000000,8.0000000,3.0000000,20.1000000,1799.6959228,1794.6409912
1271,2022-08-06,2023,Matchweek 1,Sat,Bundesliga,15:30,Augsburg,L,0.0000000,4.0000000,Freiburg,0.7000000,1.2000000,53.0000000,11.0000000,2.0000000,17.4000000,47.0000000,18.0000000,7.0000000,19.2000000,1616.2546387,1718.6722412
1272,2022-08-07,2023,Matchweek 1,Sun,Bundesliga,17:30,Köln,W,3.0000000,1.0000000,Schalke 04,4.1000000,0.2000000,75.0000000,32.0000000,10.0000000,15.5000000,25.0000000,5.0000000,2.0000000,18.9000000,1679.3823242,1578.7984619
1273,2022-08-07,2023,Matchweek 1,Sun,Bundesliga,15:30,Stuttgart,D,1.0000000,1.0000000,RB Leipzig,0.8000000,1.6000000,33.0000000,11.0000000,2.0000000,22.0000000,67.0000000,28.0000000,9.0000000,19.4000000,1620.8238525,1811.4726562
1274,2022-08-10,2023,UEFA Super Cup,Wed,Super Cup,22:00 (21:00),es Real Madrid,W,2.0000000,0.0000000,Eint Frankfurt,,,58.0000000,0.0000000,0.0000000,,42.0000000,0.0000000,0.0000000,,,1728.5467529
1275,2022-08-12,2023,Matchweek 2,Fri,Bundesliga,20:30,Freiburg,L,1.0000000,3.0000000,Dortmund,1.0000000,1.1000000,39.0000000,16.0000000,7.0000000,18.7000000,61.0000000,13.0000000,6.0000000,20.6000000,1731.7023926,1806.1085205
1276,2022-08-13,2023,Matchweek 2,Sat,Bundesliga,15:30,Werder Bremen,D,2.0000000,2.0000000,Stuttgart,0.5000000,1.4000000,57.0000000,5.0000000,3.0000000,16.6000000,43.0000000,14.0000000,7.0000000,20.6000000,1600.5249023,1624.7729492
1277,2022-08-13,2023,Matchweek 2,Sat,Bundesliga,15:30,Hertha BSC,D,1.0000000,1.0000000,Eint Frankfurt,1.7000000,1.6000000,39.0000000,12.0000000,5.0000000,16.3000000,61.0000000,11.0000000,1.0000000,12.6000000,1593.1505127,1728.5467529
1278,2022-08-13,2023,Matchweek 2,Sat,Bundesliga,18:30,Schalke 04,D,2.0000000,2.0000000,Gladbach,1.4000000,1.3000000,33.0000000,11.0000000,3.0000000,19.7000000,67.0000000,14.0000000,8.0000000,16.7000000,1572.6185303,1719.2548828
1279,2022-08-13,2023,Matchweek 2,Sat,Bundesliga,15:30,Leverkusen,L,1.0000000,2.0000000,Augsburg,2.5000000,0.4000000,66.0000000,24.0000000,10.0000000,15.8000000,34.0000000,6.0000000,4.0000000,19.0000000,1788.2283935,1603.2244873
1280,2022-08-13,2023,Matchweek 2,Sat,Bundesliga,15:30,RB Leipzig,D,2.0000000,2.0000000,Köln,1.0000000,1.5000000,52.0000000,9.0000000,5.0000000,19.2000000,48.0000000,13.0000000,4.0000000,18.8000000,1807.5235596,1685.5622559
1281,2022-08-13,2023,Matchweek 2,Sat,Bundesliga,15:30,Hoffenheim,W,3.0000000,2.0000000,Bochum,2.6000000,1.5000000,59.0000000,22.0000000,11.0000000,17.8000000,41.0000000,11.0000000,5.0000000,18.2000000,1656.4530029,1605.8233643
1282,2022-08-14,2023,Matchweek 2,Sun,Bundesliga,17:30,Bayern Munich,W,2.0000000,0.0000000,Wolfsburg,2.0000000,0.5000000,68.0000000,24.0000000,8.0000000,18.4000000,32.0000000,8.0000000,2.0000000,19.1000000,1966.4552002,1678.1839600
1283,2022-08-14,2023,Matchweek 2,Sun,Bundesliga,15:30,Mainz 05,D,0.0000000,0.0000000,Union Berlin,0.7000000,0.4000000,49.0000000,11.0000000,5.0000000,16.9000000,51.0000000,10.0000000,2.0000000,22.8000000,1687.6800537,1736.2678223
1284,2022-08-18,2023,Play-off round,Thu,Conf Lg,20:30,Köln,L,1.0000000,2.0000000,hu Vidi,,,,,,,,,,,1690.0035400,
1285,2022-08-19,2023,Matchweek 3,Fri,Bundesliga,20:30,Gladbach,W,1.0000000,0.0000000,Hertha BSC,2.7000000,1.0000000,64.0000000,9.0000000,4.0000000,21.0000000,36.0000000,17.0000000,4.0000000,18.0000000,1713.8045654,1593.1485596
1286,2022-08-20,2023,Matchweek 3,Sat,Bundesliga,15:30,Stuttgart,L,0.0000000,1.0000000,Freiburg,0.9000000,0.6000000,60.0000000,17.0000000,4.0000000,16.9000000,40.0000000,9.0000000,3.0000000,22.0000000,1622.7613525,1719.1253662
1287,2022-08-20,2023,Matchweek 3,Sat,Bundesliga,15:30,Leverkusen,L,0.0000000,3.0000000,Hoffenheim,1.2000000,1.5000000,56.0000000,14.0000000,3.0000000,20.8000000,44.0000000,10.0000000,5.0000000,14.2000000,1772.3200684,1659.3525391
1288,2022-08-20,2023,Matchweek 3,Sat,Bundesliga,18:30,Union Berlin,W,2.0000000,1.0000000,RB Leipzig,0.7000000,0.9000000,27.0000000,7.0000000,2.0000000,17.2000000,73.0000000,16.0000000,1.0000000,18.6000000,1733.5649414,1800.5058594
1289,2022-08-20,2023,Matchweek 3,Sat,Bundesliga,15:30,Augsburg,L,1.0000000,2.0000000,Mainz 05,0.5000000,2.1000000,50.0000000,7.0000000,2.0000000,21.9000000,50.0000000,12.0000000,5.0000000,19.6000000,1613.9799805,1685.2301025
1290,2022-08-20,2023,Matchweek 3,Sat,Bundesliga,15:30,Wolfsburg,D,0.0000000,0.0000000,Schalke 04,1.3000000,1.1000000,71.0000000,17.0000000,6.0000000,15.2000000,29.0000000,9.0000000,1.0000000,22.1000000,1673.2250977,1572.9161377
1291,2022-08-20,2023,Matchweek 3,Sat,Bundesliga,15:30,Dortmund,L,2.0000000,3.0000000,Werder Bremen,0.5000000,1.3000000,50.0000000,6.0000000,4.0000000,21.2000000,50.0000000,14.0000000,7.0000000,18.6000000,1813.5327148,1597.3837891
1292,2022-08-21,2023,Matchweek 3,Sun,Bundesliga,15:30,Eint Frankfurt,D,1.0000000,1.0000000,Köln,0.9000000,0.3000000,54.0000000,9.0000000,3.0000000,19.9000000,46.0000000,5.0000000,2.0000000,16.2000000,1723.3958740,1680.0767822
1293,2022-08-21,2023,Matchweek 3,Sun,Bundesliga,17:30,Bochum,L,0.0000000,7.0000000,Bayern Munich,0.7000000,2.9000000,36.0000000,13.0000000,7.0000000,17.0000000,64.0000000,21.0000000,11.0000000,18.3000000,1597.7709961,1966.2613525
1294,2022-08-25,2023,Play-off round,Thu,Conf Lg,19:00,hu Vidi,L,0.0000000,3.0000000,Köln,,,,,,,,,,,,1682.4119873
1295,2022-08-26,2023,Matchweek 4,Fri,Bundesliga,20:30,Freiburg,W,1.0000000,0.0000000,Bochum,3.9000000,1.2000000,48.0000000,28.0000000,12.0000000,16.3000000,52.0000000,15.0000000,5.0000000,15.3000000,1728.8754883,1596.4926758
1296,2022-08-27,2023,Matchweek 4,Sat,Bundesliga,15:30,Hoffenheim,W,1.0000000,0.0000000,Augsburg,1.9000000,0.6000000,50.0000000,21.0000000,5.0000000,19.8000000,50.0000000,11.0000000,1.0000000,17.1000000,1682.8602295,1609.7436523
1297,2022-08-27,2023,Matchweek 4,Sat,Bundesliga,15:30,Schalke 04,L,1.0000000,6.0000000,Union Berlin,1.9000000,1.1000000,59.0000000,15.0000000,6.0000000,14.6000000,41.0000000,12.0000000,7.0000000,16.1000000,1579.9705810,1745.2772217
1298,2022-08-27,2023,Matchweek 4,Sat,Bundesliga,15:30,Mainz 05,L,0.0000000,3.0000000,Leverkusen,1.4000000,1.9000000,61.0000000,18.0000000,3.0000000,18.4000000,39.0000000,8.0000000,5.0000000,18.9000000,1695.7275391,1755.0734863
1299,2022-08-27,2023,Matchweek 4,Sat,Bundesliga,18:30,Bayern Munich,D,1.0000000,1.0000000,Gladbach,2.8000000,0.5000000,69.0000000,33.0000000,20.0000000,17.4000000,31.0000000,5.0000000,3.0000000,17.9000000,1973.8007812,1720.8913574
1300,2022-08-27,2023,Matchweek 4,Sat,Bundesliga,15:30,Hertha BSC,L,0.0000000,1.0000000,Dortmund,0.5000000,2.7000000,38.0000000,13.0000000,3.0000000,22.2000000,62.0000000,22.0000000,6.0000000,14.5000000,1592.3228760,1802.8270264
1301,2022-08-27,2023,Matchweek 4,Sat,Bundesliga,15:30,RB Leipzig,W,2.0000000,0.0000000,Wolfsburg,3.5000000,0.5000000,43.0000000,15.0000000,6.0000000,15.1000000,57.0000000,9.0000000,4.0000000,17.4000000,1795.0545654,1672.4316406
1302,2022-08-28,2023,Matchweek 4,Sun,Bundesliga,15:30,Köln,D,0.0000000,0.0000000,Stuttgart,0.6000000,2.1000000,63.0000000,7.0000000,1.0000000,19.4000000,37.0000000,14.0000000,5.0000000,15.4000000,1694.4700928,1619.2722168
1303,2022-08-28,2023,Matchweek 4,Sun,Bundesliga,17:30,Werder Bremen,L,3.0000000,4.0000000,Eint Frankfurt,1.8000000,1.8000000,54.0000000,9.0000000,3.0000000,18.2000000,46.0000000,10.0000000,6.0000000,12.7000000,1614.3505859,1724.1911621
1304,2022-08-30,2023,Round of 64,Tue,DFB-Pokal,20:46,FC Teutonia Ottensen,L,0.0000000,8.0000000,RB Leipzig,,,26.0000000,41.0000000,19.0000000,,74.0000000,41.0000000,19.0000000,,,1795.0545654
1305,2022-08-31,2023,Round of 64,Wed,DFB-Pokal,20:46,Viktoria Köln,L,0.0000000,5.0000000,Bayern Munich,,,23.0000000,28.0000000,18.0000000,,77.0000000,28.0000000,18.0000000,,,1973.8007812
1306,2022-09-02,2023,Matchweek 5,Fri,Bundesliga,20:30,Dortmund,W,1.0000000,0.0000000,Hoffenheim,2.0000000,0.5000000,49.0000000,15.0000000,5.0000000,13.3000000,51.0000000,7.0000000,2.0000000,15.8000000,1806.6909180,1687.9971924
1307,2022-09-03,2023,Matchweek 5,Sat,Bundesliga,18:30,Eint Frankfurt,W,4.0000000,0.0000000,RB Leipzig,3.1000000,0.2000000,44.0000000,13.0000000,8.0000000,16.3000000,56.0000000,4.0000000,0.0000000,12.2000000,1730.2445068,1800.8406982
1308,2022-09-03,2023,Matchweek 5,Sat,Bundesliga,15:30,Bochum,L,0.0000000,2.0000000,Werder Bremen,0.8000000,2.0000000,50.0000000,19.0000000,5.0000000,19.6000000,50.0000000,15.0000000,6.0000000,18.9000000,1592.5681152,1608.2972412
1309,2022-09-03,2023,Matchweek 5,Sat,Bundesliga,15:30,Union Berlin,D,1.0000000,1.0000000,Bayern Munich,0.3000000,1.5000000,26.0000000,7.0000000,2.0000000,24.4000000,74.0000000,21.0000000,6.0000000,18.1000000,1756.0649414,1966.9270019
1310,2022-09-03,2023,Matchweek 5,Sat,Bundesliga,15:30,Stuttgart,D,1.0000000,1.0000000,Schalke 04,0.6000000,2.3000000,43.0000000,13.0000000,3.0000000,19.2000000,57.0000000,12.0000000,2.0000000,14.7000000,1622.4210205,1569.1829834
1311,2022-09-03,2023,Matchweek 5,Sat,Bundesliga,15:30,Leverkusen,L,2.0000000,3.0000000,Freiburg,1.8000000,1.9000000,50.0000000,15.0000000,6.0000000,14.4000000,50.0000000,6.0000000,3.0000000,10.1000000,1768.0615234,1732.8000488
1312,2022-09-03,2023,Matchweek 5,Sat,Bundesliga,15:30,Wolfsburg,L,2.0000000,4.0000000,Köln,1.0000000,2.7000000,51.0000000,9.0000000,3.0000000,14.5000000,49.0000000,17.0000000,4.0000000,16.5000000,1666.6456299,1691.3212891
1313,2022-09-04,2023,Matchweek 5,Sun,Bundesliga,17:30,Gladbach,L,0.0000000,1.0000000,Mainz 05,1.2000000,0.6000000,53.0000000,14.0000000,2.0000000,16.8000000,47.0000000,11.0000000,4.0000000,17.6000000,1727.7650147,1682.7393799
1314,2022-09-04,2023,Matchweek 5,Sun,Bundesliga,15:30,Augsburg,L,0.0000000,2.0000000,Hertha BSC,0.4000000,2.1000000,48.0000000,7.0000000,1.0000000,21.6000000,52.0000000,15.0000000,6.0000000,16.5000000,1604.6068115,1588.4589844
1315,2022-09-06,2023,Group stage,Tue,Champions Lg,18:45,Dortmund,W,3.0000000,0.0000000,dk FC Copenhagen,2.3000000,0.5000000,63.0000000,15.0000000,4.0000000,18.1000000,37.0000000,15.0000000,4.0000000,18.1000000,1810.6971435,
1316,2022-09-06,2023,Group stage,Tue,Champions Lg,21:00,RB Leipzig,L,1.0000000,4.0000000,ua Shakhtar,1.4000000,0.9000000,68.0000000,13.0000000,2.0000000,16.6000000,32.0000000,13.0000000,2.0000000,16.6000000,1783.3690185,
1317,2022-09-07,2023,Group stage,Wed,Champions Lg,18:45,Eint Frankfurt,L,0.0000000,3.0000000,pt Sporting CP,0.8000000,0.9000000,45.0000000,11.0000000,2.0000000,19.1000000,55.0000000,11.0000000,2.0000000,19.1000000,1740.9382324,
1318,2022-09-07,2023,Group stage,Wed,Champions Lg,21:00,it Inter,L,0.0000000,2.0000000,Bayern Munich,0.7000000,2.5000000,44.0000000,21.0000000,11.0000000,18.7000000,56.0000000,21.0000000,11.0000000,18.7000000,,1955.5949707
1319,2022-09-07,2023,Group stage,Wed,Champions Lg,21:00,be Club Brugge,W,1.0000000,0.0000000,Leverkusen,0.5000000,1.0000000,48.0000000,14.0000000,3.0000000,17.3000000,52.0000000,14.0000000,3.0000000,17.3000000,,1751.4718018
1320,2022-09-08,2023,Group stage,Thu,Conf Lg,19:40,fr Nice,D,1.0000000,1.0000000,Köln,1.9000000,1.3000000,47.0000000,9.0000000,4.0000000,15.9000000,53.0000000,9.0000000,4.0000000,15.9000000,,1690.9821777
1321,2022-09-08,2023,Group stage,Thu,Europa Lg,21:00,Freiburg,W,2.0000000,1.0000000,az Qarabağ,1.6000000,1.0000000,47.0000000,13.0000000,5.0000000,19.4000000,53.0000000,13.0000000,5.0000000,19.4000000,1730.2457275,
1322,2022-09-08,2023,Group stage,Thu,Europa Lg,18:45,Union Berlin,L,0.0000000,1.0000000,be Union SG,0.5000000,0.8000000,59.0000000,10.0000000,3.0000000,16.3000000,41.0000000,10.0000000,3.0000000,16.3000000,1748.2529297,
1323,2022-09-09,2023,Matchweek 6,Fri,Bundesliga,20:30,Werder Bremen,L,0.0000000,1.0000000,Augsburg,1.3000000,1.0000000,68.0000000,11.0000000,6.0000000,19.8000000,32.0000000,15.0000000,6.0000000,22.5000000,1604.1054688,1574.8125000
1324,2022-09-10,2023,Matchweek 6,Sat,Bundesliga,18:30,Schalke 04,W,3.0000000,1.0000000,Bochum,1.5000000,1.1000000,45.0000000,20.0000000,8.0000000,19.8000000,55.0000000,10.0000000,2.0000000,16.5000000,1555.4349365,1564.0168457
1325,2022-09-10,2023,Matchweek 6,Sat,Bundesliga,15:30,Hertha BSC,D,2.0000000,2.0000000,Leverkusen,1.9000000,1.3000000,42.0000000,17.0000000,6.0000000,17.8000000,58.0000000,11.0000000,5.0000000,18.0000000,1585.5101318,1732.5328369
1326,2022-09-10,2023,Matchweek 6,Sat,Bundesliga,15:30,Hoffenheim,W,4.0000000,1.0000000,Mainz 05,4.2000000,0.7000000,64.0000000,20.0000000,9.0000000,15.4000000,36.0000000,9.0000000,2.0000000,18.3000000,1667.6193848,1676.4846191
1327,2022-09-10,2023,Matchweek 6,Sat,Bundesliga,15:30,Bayern Munich,D,2.0000000,2.0000000,Stuttgart,2.2000000,1.2000000,66.0000000,19.0000000,6.0000000,17.5000000,34.0000000,6.0000000,2.0000000,23.9000000,1955.5988769,1603.4259033
1328,2022-09-10,2023,Matchweek 6,Sat,Bundesliga,15:30,Eint Frankfurt,L,0.0000000,1.0000000,Wolfsburg,0.7000000,1.0000000,62.0000000,10.0000000,0.0000000,17.1000000,38.0000000,7.0000000,3.0000000,12.3000000,1715.0152588,1638.2470703
1329,2022-09-10,2023,Matchweek 6,Sat,Bundesliga,15:30,RB Leipzig,W,3.0000000,0.0000000,Dortmund,2.0000000,0.6000000,45.0000000,15.0000000,5.0000000,15.3000000,55.0000000,5.0000000,0.0000000,12.8000000,1744.2419434,1797.7484131
1330,2022-09-11,2023,Matchweek 6,Sun,Bundesliga,17:30,Freiburg,D,0.0000000,0.0000000,Gladbach,1.1000000,1.2000000,43.0000000,12.0000000,7.0000000,14.6000000,57.0000000,14.0000000,5.0000000,15.0000000,1728.7545166,1701.2767334
1331,2022-09-11,2023,Matchweek 6,Sun,Bundesliga,15:30,Köln,L,0.0000000,1.0000000,Union Berlin,0.6000000,1.5000000,53.0000000,8.0000000,3.0000000,14.8000000,47.0000000,11.0000000,2.0000000,18.7000000,1687.5620117,1729.5256348
1332,2022-09-13,2023,Group stage,Tue,Champions Lg,21:00,Leverkusen,W,2.0000000,0.0000000,es Atlético Madrid,1.8000000,0.9000000,45.0000000,18.0000000,5.0000000,16.6000000,55.0000000,18.0000000,5.0000000,16.6000000,1729.4519043,
1333,2022-09-13,2023,Group stage,Tue,Champions Lg,21:00,Bayern Munich,W,2.0000000,0.0000000,es Barcelona,1.7000000,2.0000000,47.0000000,13.0000000,4.0000000,17.7000000,53.0000000,13.0000000,4.0000000,17.7000000,1947.5289307,
1334,2022-09-13,2023,Group stage,Tue,Champions Lg,21:00,fr Marseille,L,0.0000000,1.0000000,Eint Frankfurt,0.9000000,1.2000000,61.0000000,14.0000000,7.0000000,18.1000000,39.0000000,14.0000000,7.0000000,18.1000000,,1704.1362305
1335,2022-09-14,2023,Group stage,Wed,Champions Lg,21:00,es Real Madrid,W,2.0000000,0.0000000,RB Leipzig,0.9000000,0.7000000,52.0000000,9.0000000,3.0000000,20.3000000,48.0000000,9.0000000,3.0000000,20.3000000,,1769.8132324
1336,2022-09-14,2023,Group stage,Wed,Champions Lg,20:00 (21:00),eng Manchester City,W,2.0000000,1.0000000,Dortmund,1.0000000,0.7000000,66.0000000,5.0000000,2.0000000,12.2000000,34.0000000,5.0000000,2.0000000,12.2000000,,1794.9364014
1337,2022-09-15,2023,Group stage,Thu,Europa Lg,19:45 (18:45),gr Olympiacos,L,0.0000000,3.0000000,Freiburg,0.4000000,2.1000000,48.0000000,16.0000000,8.0000000,14.8000000,52.0000000,16.0000000,8.0000000,14.8000000,,1736.5286865
1338,2022-09-15,2023,Group stage,Thu,Conf Lg,21:00,Köln,W,4.0000000,2.0000000,cz Slovácko,3.3000000,1.6000000,58.0000000,12.0000000,5.0000000,12.6000000,42.0000000,12.0000000,5.0000000,12.6000000,1689.2073975,
1339,2022-09-15,2023,Group stage,Thu,Europa Lg,20:00 (21:00),pt Braga,W,1.0000000,0.0000000,Union Berlin,1.0000000,0.7000000,55.0000000,12.0000000,5.0000000,15.5000000,45.0000000,12.0000000,5.0000000,15.5000000,,1747.1954346
1340,2022-09-16,2023,Matchweek 7,Fri,Bundesliga,20:30,Mainz 05,D,1.0000000,1.0000000,Hertha BSC,0.7000000,0.4000000,57.0000000,11.0000000,2.0000000,16.6000000,43.0000000,4.0000000,2.0000000,19.4000000,1674.8920898,1599.5129394
1341,2022-09-17,2023,Matchweek 7,Sat,Bundesliga,15:30,Dortmund,W,1.0000000,0.0000000,Schalke 04,1.8000000,0.1000000,65.0000000,17.0000000,5.0000000,14.1000000,35.0000000,3.0000000,0.0000000,19.4000000,1792.4083252,1576.5407715
1342,2022-09-17,2023,Matchweek 7,Sat,Bundesliga,15:30,Augsburg,W,1.0000000,0.0000000,Bayern Munich,1.7000000,1.6000000,24.0000000,10.0000000,4.0000000,12.9000000,76.0000000,19.0000000,6.0000000,18.8000000,1595.3282471,1966.1192627
1343,2022-09-17,2023,Matchweek 7,Sat,Bundesliga,18:30,Gladbach,W,3.0000000,0.0000000,RB Leipzig,2.7000000,0.9000000,45.0000000,21.0000000,10.0000000,18.0000000,55.0000000,12.0000000,5.0000000,14.8000000,1714.0820312,1766.3703613
1344,2022-09-17,2023,Matchweek 7,Sat,Bundesliga,15:30,Stuttgart,L,1.0000000,3.0000000,Eint Frankfurt,1.0000000,1.0000000,56.0000000,15.0000000,2.0000000,17.7000000,44.0000000,13.0000000,8.0000000,18.6000000,1622.4178467,1725.9470215
1345,2022-09-17,2023,Matchweek 7,Sat,Bundesliga,15:30,Leverkusen,D,1.0000000,1.0000000,Werder Bremen,1.8000000,2.1000000,54.0000000,19.0000000,7.0000000,15.0000000,46.0000000,19.0000000,7.0000000,16.7000000,1755.0463867,1605.4334717
1346,2022-09-18,2023,Matchweek 7,Sun,Bundesliga,19:30,Hoffenheim,D,0.0000000,0.0000000,Freiburg,0.7000000,1.0000000,50.0000000,10.0000000,3.0000000,17.9000000,50.0000000,14.0000000,4.0000000,18.1000000,1691.0557861,1746.0493164
1347,2022-09-18,2023,Matchweek 7,Sun,Bundesliga,15:30,Union Berlin,W,2.0000000,0.0000000,Wolfsburg,1.4000000,0.3000000,48.0000000,16.0000000,4.0000000,18.4000000,52.0000000,5.0000000,0.0000000,19.5000000,1740.4138184,1660.0480957
1348,2022-09-18,2023,Matchweek 7,Sun,Bundesliga,17:30,Bochum,D,1.0000000,1.0000000,Köln,0.2000000,2.1000000,35.0000000,7.0000000,0.0000000,26.4000000,65.0000000,18.0000000,3.0000000,15.3000000,1564.7547607,1694.0034180
1349,2022-09-30,2023,Matchweek 8,Fri,Bundesliga,20:30,Bayern Munich,W,4.0000000,0.0000000,Leverkusen,1.9000000,0.8000000,62.0000000,20.0000000,9.0000000,16.6000000,38.0000000,10.0000000,5.0000000,16.4000000,1950.9262695,1750.1027832
1350,2022-10-01,2023,Matchweek 8,Sat,Bundesliga,15:30,Wolfsburg,W,3.0000000,2.0000000,Stuttgart,2.0000000,1.5000000,57.0000000,19.0000000,6.0000000,18.4000000,43.0000000,14.0000000,7.0000000,16.9000000,1652.7978516,1613.4787598
1351,2022-10-01,2023,Matchweek 8,Sat,Bundesliga,18:30,Werder Bremen,W,5.0000000,1.0000000,Gladbach,1.9000000,2.3000000,47.0000000,14.0000000,8.0000000,15.4000000,53.0000000,13.0000000,8.0000000,12.8000000,1610.3770752,1728.3074951
1352,2022-10-01,2023,Matchweek 8,Sat,Bundesliga,15:30,Eint Frankfurt,W,2.0000000,0.0000000,Union Berlin,0.8000000,1.0000000,47.0000000,13.0000000,4.0000000,23.0000000,53.0000000,16.0000000,5.0000000,16.9000000,1734.8861084,1747.6640625
1353,2022-10-01,2023,Matchweek 8,Sat,Bundesliga,15:30,Freiburg,W,2.0000000,1.0000000,Mainz 05,2.0000000,1.6000000,53.0000000,13.0000000,6.0000000,13.8000000,47.0000000,15.0000000,6.0000000,19.1000000,1745.6826172,1671.7192383
1354,2022-10-01,2023,Matchweek 8,Sat,Bundesliga,15:30,RB Leipzig,W,4.0000000,0.0000000,Bochum,3.9000000,0.1000000,70.0000000,15.0000000,8.0000000,17.7000000,30.0000000,2.0000000,1.0000000,11.7000000,1752.1448975,1567.2078857
1355,2022-10-01,2023,Matchweek 8,Sat,Bundesliga,15:30,Köln,W,3.0000000,2.0000000,Dortmund,1.9000000,2.5000000,42.0000000,21.0000000,10.0000000,16.1000000,58.0000000,22.0000000,8.0000000,16.4000000,1691.5502930,1794.9166260
1356,2022-10-02,2023,Matchweek 8,Sun,Bundesliga,15:30,Hertha BSC,D,1.0000000,1.0000000,Hoffenheim,0.9000000,1.4000000,43.0000000,14.0000000,5.0000000,19.6000000,57.0000000,16.0000000,4.0000000,16.5000000,1602.6856690,1691.4224853
1357,2022-10-02,2023,Matchweek 8,Sun,Bundesliga,17:30,Schalke 04,L,2.0000000,3.0000000,Augsburg,1.8000000,1.4000000,56.0000000,17.0000000,6.0000000,14.0000000,44.0000000,12.0000000,6.0000000,17.6000000,1574.0324707,1610.5212402
1358,2022-10-04,2023,Group stage,Tue,Champions Lg,21:00,Eint Frankfurt,D,0.0000000,0.0000000,eng Tottenham,1.0000000,1.5000000,44.0000000,12.0000000,2.0000000,20.8000000,56.0000000,12.0000000,2.0000000,20.8000000,1745.0954590,
1359,2022-10-04,2023,Group stage,Tue,Champions Lg,18:45,Bayern Munich,W,5.0000000,0.0000000,cz Viktoria Plzeň,2.4000000,0.5000000,70.0000000,21.0000000,13.0000000,19.7000000,30.0000000,21.0000000,13.0000000,19.7000000,1956.2784424,
1360,2022-10-04,2023,Group stage,Tue,Champions Lg,20:00 (21:00),pt Porto,W,2.0000000,0.0000000,Leverkusen,1.1000000,1.4000000,42.0000000,7.0000000,5.0000000,19.7000000,58.0000000,7.0000000,5.0000000,19.7000000,,1744.7507324
1361,2022-10-05,2023,Group stage,Wed,Champions Lg,18:45,RB Leipzig,W,3.0000000,1.0000000,sct Celtic,2.2000000,0.9000000,59.0000000,16.0000000,6.0000000,14.6000000,41.0000000,16.0000000,6.0000000,14.6000000,1757.0922852,
1362,2022-10-05,2023,Group stage,Wed,Champions Lg,21:00,es Sevilla,L,1.0000000,4.0000000,Dortmund,2.0000000,2.5000000,58.0000000,19.0000000,7.0000000,16.3000000,42.0000000,19.0000000,7.0000000,16.3000000,,1784.5657959
1363,2022-10-06,2023,Group stage,Thu,Conf Lg,21:00,Köln,L,0.0000000,1.0000000,rs Partizan,1.9000000,1.1000000,73.0000000,17.0000000,5.0000000,15.0000000,27.0000000,17.0000000,5.0000000,15.0000000,1706.9548340,
1364,2022-10-06,2023,Group stage,Thu,Europa Lg,18:45,se Malmö,L,0.0000000,1.0000000,Union Berlin,0.7000000,1.4000000,71.0000000,19.0000000,7.0000000,15.1000000,29.0000000,19.0000000,7.0000000,15.1000000,,1743.5159912
1365,2022-10-06,2023,Group stage,Thu,Europa Lg,21:00,Freiburg,W,2.0000000,0.0000000,fr Nantes,1.4000000,1.5000000,60.0000000,16.0000000,6.0000000,18.1000000,40.0000000,16.0000000,6.0000000,18.1000000,1756.9080810,
1366,2022-10-07,2023,Matchweek 9,Fri,Bundesliga,20:30,Hoffenheim,L,1.0000000,2.0000000,Werder Bremen,1.7000000,1.3000000,46.0000000,17.0000000,6.0000000,16.5000000,54.0000000,7.0000000,2.0000000,19.4000000,1694.2921143,1634.1534424
1367,2022-10-08,2023,Matchweek 9,Sat,Bundesliga,15:30,Leverkusen,W,4.0000000,0.0000000,Schalke 04,1.5000000,0.4000000,60.0000000,13.0000000,7.0000000,16.1000000,40.0000000,2.0000000,1.0000000,9.1000000,1741.7031250,1569.6263428
1368,2022-10-08,2023,Matchweek 9,Sat,Bundesliga,18:30,Dortmund,D,2.0000000,2.0000000,Bayern Munich,1.6000000,0.6000000,44.0000000,12.0000000,6.0000000,15.5000000,56.0000000,9.0000000,3.0000000,20.5000000,1805.6022949,1962.8487549
1369,2022-10-08,2023,Matchweek 9,Sat,Bundesliga,15:30,Mainz 05,D,1.0000000,1.0000000,RB Leipzig,0.6000000,1.0000000,37.0000000,9.0000000,3.0000000,19.7000000,63.0000000,13.0000000,3.0000000,19.0000000,1670.5782471,1767.1306152
1370,2022-10-08,2023,Matchweek 9,Sat,Bundesliga,15:30,Augsburg,D,1.0000000,1.0000000,Wolfsburg,2.0000000,1.8000000,49.0000000,17.0000000,5.0000000,14.8000000,51.0000000,11.0000000,7.0000000,14.9000000,1622.9735107,1662.6833496
1371,2022-10-08,2023,Matchweek 9,Sat,Bundesliga,15:30,Bochum,W,3.0000000,0.0000000,Eint Frankfurt,0.6000000,0.9000000,46.0000000,11.0000000,5.0000000,18.9000000,54.0000000,12.0000000,2.0000000,24.1000000,1565.2757568,1750.6619873
1372,2022-10-09,2023,Matchweek 9,Sun,Bundesliga,19:30,Stuttgart,L,0.0000000,1.0000000,Union Berlin,1.0000000,0.7000000,52.0000000,9.0000000,3.0000000,13.7000000,48.0000000,7.0000000,4.0000000,15.1000000,1611.6394043,1744.7569580
1373,2022-10-09,2023,Matchweek 9,Sun,Bundesliga,15:30,Gladbach,W,5.0000000,2.0000000,Köln,3.0000000,1.3000000,65.0000000,13.0000000,5.0000000,18.1000000,35.0000000,4.0000000,2.0000000,19.2000000,1712.5772705,1691.2441406
1374,2022-10-09,2023,Matchweek 9,Sun,Bundesliga,17:30,Hertha BSC,D,2.0000000,2.0000000,Freiburg,1.6000000,1.0000000,42.0000000,12.0000000,2.0000000,22.8000000,58.0000000,9.0000000,4.0000000,14.3000000,1607.8621826,1759.1557617
1375,2022-10-11,2023,Group stage,Tue,Champions Lg,20:00 (21:00),sct Celtic,L,0.0000000,2.0000000,RB Leipzig,2.0000000,1.7000000,42.0000000,13.0000000,5.0000000,12.7000000,58.0000000,13.0000000,5.0000000,12.7000000,,1765.7319336
1376,2022-10-11,2023,Group stage,Tue,Champions Lg,21:00,Dortmund,D,1.0000000,1.0000000,es Sevilla,0.4000000,0.8000000,52.0000000,7.0000000,3.0000000,20.8000000,48.0000000,7.0000000,3.0000000,20.8000000,1808.6564941,
1377,2022-10-12,2023,Group stage,Wed,Champions Lg,21:00,cz Viktoria Plzeň,L,2.0000000,4.0000000,Bayern Munich,1.2000000,3.0000000,33.0000000,15.0000000,8.0000000,16.3000000,67.0000000,15.0000000,8.0000000,16.3000000,,1961.4078369
1378,2022-10-12,2023,Group stage,Wed,Champions Lg,20:00 (21:00),eng Tottenham,W,3.0000000,2.0000000,Eint Frankfurt,3.0000000,1.2000000,51.0000000,11.0000000,6.0000000,19.7000000,49.0000000,11.0000000,6.0000000,19.7000000,,1732.6157227
1379,2022-10-12,2023,Group stage,Wed,Champions Lg,21:00,Leverkusen,L,0.0000000,3.0000000,pt Porto,2.2000000,1.8000000,64.0000000,16.0000000,3.0000000,19.7000000,36.0000000,16.0000000,3.0000000,19.7000000,1749.4049072,
1380,2022-10-13,2023,Group stage,Thu,Conf Lg,18:45,rs Partizan,W,2.0000000,0.0000000,Köln,0.7000000,0.9000000,32.0000000,10.0000000,2.0000000,15.0000000,68.0000000,10.0000000,2.0000000,15.0000000,,1677.5777588
1381,2022-10-13,2023,Group stage,Thu,Europa Lg,18:45,fr Nantes,L,0.0000000,4.0000000,Freiburg,1.0000000,1.8000000,43.0000000,16.0000000,8.0000000,16.2000000,57.0000000,16.0000000,8.0000000,16.2000000,,1753.1419678
1382,2022-10-13,2023,Group stage,Thu,Europa Lg,21:00,Union Berlin,W,1.0000000,0.0000000,se Malmö,1.6000000,0.1000000,44.0000000,13.0000000,6.0000000,20.6000000,56.0000000,13.0000000,6.0000000,20.6000000,1747.4758301,
1383,2022-10-14,2023,Matchweek 10,Fri,Bundesliga,20:30,Schalke 04,L,0.0000000,3.0000000,Hoffenheim,0.7000000,3.2000000,51.0000000,15.0000000,2.0000000,17.8000000,49.0000000,15.0000000,5.0000000,17.8000000,1560.0881348,1680.0616455
1384,2022-10-15,2023,Matchweek 10,Sat,Bundesliga,15:30,Eint Frankfurt,W,5.0000000,1.0000000,Leverkusen,3.9000000,0.4000000,49.0000000,17.0000000,8.0000000,17.7000000,51.0000000,5.0000000,2.0000000,15.3000000,1724.2241211,1730.1851807
1385,2022-10-15,2023,Matchweek 10,Sat,Bundesliga,15:30,Stuttgart,W,4.0000000,1.0000000,Bochum,2.2000000,1.6000000,48.0000000,16.0000000,6.0000000,15.4000000,52.0000000,15.0000000,5.0000000,19.0000000,1602.3002930,1581.4855957
1386,2022-10-15,2023,Matchweek 10,Sat,Bundesliga,15:30,Werder Bremen,L,0.0000000,2.0000000,Mainz 05,1.3000000,1.1000000,67.0000000,14.0000000,3.0000000,18.9000000,33.0000000,11.0000000,5.0000000,16.5000000,1641.4843750,1668.5272217
1387,2022-10-15,2023,Matchweek 10,Sat,Bundesliga,18:30,RB Leipzig,W,3.0000000,2.0000000,Hertha BSC,2.9000000,2.3000000,60.0000000,14.0000000,4.0000000,13.6000000,40.0000000,14.0000000,4.0000000,16.6000000,1770.5080566,1607.2558594
1388,2022-10-15,2023,Matchweek 10,Sat,Bundesliga,15:30,Wolfsburg,D,2.0000000,2.0000000,Gladbach,1.8000000,0.8000000,54.0000000,16.0000000,4.0000000,16.3000000,46.0000000,9.0000000,5.0000000,15.4000000,1659.4615478,1719.6235352
1389,2022-10-16,2023,Matchweek 10,Sun,Bundesliga,19:30,Bayern Munich,W,5.0000000,0.0000000,Freiburg,2.1000000,0.3000000,66.0000000,16.0000000,8.0000000,18.4000000,34.0000000,6.0000000,0.0000000,17.5000000,1959.3408203,1763.7827148
1390,2022-10-16,2023,Matchweek 10,Sun,Bundesliga,17:30,Union Berlin,W,2.0000000,0.0000000,Dortmund,1.9000000,0.8000000,24.0000000,16.0000000,5.0000000,17.3000000,76.0000000,14.0000000,6.0000000,18.3000000,1748.8111572,1801.8294678
1391,2022-10-16,2023,Matchweek 10,Sun,Bundesliga,15:30,Köln,W,3.0000000,2.0000000,Augsburg,1.5000000,0.4000000,64.0000000,15.0000000,5.0000000,15.1000000,36.0000000,5.0000000,2.0000000,20.8000000,1663.9111328,1619.2955322
1392,2022-10-18,2023,Round of 32,Tue,DFB-Pokal,18:00,Lübeck,L,0.0000000,3.0000000,Mainz 05,,,43.0000000,25.0000000,10.0000000,,57.0000000,25.0000000,10.0000000,,,1668.5272217
1393,2022-10-18,2023,Round of 32,Tue,DFB-Pokal,20:45,Hoffenheim,W,5.0000000,1.0000000,Schalke 04,,,62.0000000,26.0000000,11.0000000,,38.0000000,11.0000000,4.0000000,,1690.4926758,1560.0881348
1394,2022-10-18,2023,Round of 32,Tue,DFB-Pokal,20:45,BTSV,L,1.0000000,2.0000000,Wolfsburg,,,39.0000000,19.0000000,4.0000000,,61.0000000,19.0000000,4.0000000,,,1659.7322998
1395,2022-10-18,2023,Round of 32,Tue,DFB-Pokal,18:00,S'gart Kickers,L,0.0000000,2.0000000,Eint Frankfurt,,,37.0000000,9.0000000,4.0000000,,63.0000000,9.0000000,4.0000000,,,1724.2241211
1396,2022-10-18,2023,Round of 32,Tue,DFB-Pokal,20:45,Darmstadt 98,W,2.0000000,1.0000000,Gladbach,,,43.0000000,9.0000000,5.0000000,,57.0000000,9.0000000,5.0000000,,1568.9073486,1719.3527832
1397,2022-10-18,2023,Round of 32,Tue,DFB-Pokal,18:00,RB Leipzig,W,4.0000000,0.0000000,Hamburger SV,,,43.0000000,13.0000000,7.0000000,,57.0000000,13.0000000,7.0000000,,1773.7347412,1595.8623047
1398,2022-10-18,2023,Round of 32,Tue,DFB-Pokal,20:45,Elversberg,L,0.0000000,1.0000000,Bochum,,,44.0000000,14.0000000,4.0000000,,56.0000000,14.0000000,4.0000000,,,1581.4855957
1399,2022-10-19,2023,Round of 32,Wed,DFB-Pokal,20:45,Augsburg,L,2.0000000,5.0000000,Bayern Munich,,,33.0000000,8.0000000,3.0000000,,67.0000000,28.0000000,15.0000000,,1613.7121582,1959.3408203
1400,2022-10-19,2023,Round of 32,Wed,DFB-Pokal,20:45,Union Berlin,W,2.0000000,0.0000000,Heidenheim,,,59.0000000,19.0000000,9.0000000,,41.0000000,19.0000000,9.0000000,,1748.8111572,1513.4638672
1401,2022-10-19,2023,Round of 32,Wed,DFB-Pokal,18:00,Hannover 96,L,0.0000000,2.0000000,Dortmund,,,41.0000000,18.0000000,6.0000000,,59.0000000,18.0000000,6.0000000,,,1790.4158935
1402,2022-10-19,2023,Round of 32,Wed,DFB-Pokal,18:00,Freiburg,W,2.0000000,1.0000000,St. Pauli,,,66.0000000,23.0000000,6.0000000,,34.0000000,23.0000000,6.0000000,,1763.7827148,1464.2279053
1403,2022-10-19,2023,Round of 32,Wed,DFB-Pokal,18:00,Paderborn 07,D,2.0000000,2.0000000,Werder Bremen,,,42.0000000,21.0000000,9.0000000,,58.0000000,21.0000000,9.0000000,,1541.5955810,1629.2661133
1404,2022-10-19,2023,Round of 32,Wed,DFB-Pokal,20:45,Stuttgart,W,6.0000000,0.0000000,Arminia,,,73.0000000,17.0000000,12.0000000,,27.0000000,17.0000000,12.0000000,,1612.9692383,1502.0125732
1405,2022-10-21,2023,Matchweek 11,Fri,Bundesliga,20:30,Mainz 05,W,5.0000000,0.0000000,Köln,1.9000000,0.7000000,55.0000000,15.0000000,6.0000000,18.2000000,45.0000000,6.0000000,2.0000000,19.4000000,1680.7454834,1669.4945068
1406,2022-10-22,2023,Matchweek 11,Sat,Bundesliga,18:30,Gladbach,L,1.0000000,3.0000000,Eint Frankfurt,1.0000000,1.9000000,60.0000000,7.0000000,3.0000000,14.0000000,40.0000000,15.0000000,5.0000000,19.3000000,1719.3527832,1737.7095947
1407,2022-10-22,2023,Matchweek 11,Sat,Bundesliga,15:30,Augsburg,D,3.0000000,3.0000000,RB Leipzig,1.6000000,2.4000000,33.0000000,8.0000000,2.0000000,18.1000000,67.0000000,18.0000000,7.0000000,17.6000000,1613.7121582,1773.7347412
1408,2022-10-22,2023,Matchweek 11,Sat,Bundesliga,15:30,Leverkusen,D,2.0000000,2.0000000,Wolfsburg,2.2000000,1.2000000,57.0000000,12.0000000,5.0000000,20.4000000,43.0000000,8.0000000,0.0000000,20.4000000,1716.6997070,1659.7322998
1409,2022-10-22,2023,Matchweek 11,Sat,Bundesliga,15:30,Dortmund,W,5.0000000,0.0000000,Stuttgart,2.6000000,1.0000000,60.0000000,18.0000000,10.0000000,17.2000000,40.0000000,10.0000000,1.0000000,17.3000000,1790.4158935,1612.9692383
1410,2022-10-22,2023,Matchweek 11,Sat,Bundesliga,15:30,Hoffenheim,L,0.0000000,2.0000000,Bayern Munich,0.8000000,2.4000000,42.0000000,7.0000000,3.0000000,15.1000000,58.0000000,21.0000000,9.0000000,13.9000000,1690.4926758,1965.3551025
1411,2022-10-22,2023,Matchweek 11,Sat,Bundesliga,15:30,Freiburg,W,2.0000000,0.0000000,Werder Bremen,2.9000000,0.5000000,61.0000000,24.0000000,6.0000000,20.0000000,39.0000000,10.0000000,1.0000000,17.6000000,1757.7683106,1629.2661133
1412,2022-10-23,2023,Matchweek 11,Sun,Bundesliga,17:30,Hertha BSC,W,2.0000000,1.0000000,Schalke 04,0.8000000,0.6000000,54.0000000,10.0000000,4.0000000,19.3000000,46.0000000,9.0000000,2.0000000,17.7000000,1604.0290527,1549.6569824
1413,2022-10-23,2023,Matchweek 11,Sun,Bundesliga,15:30,Bochum,W,2.0000000,1.0000000,Union Berlin,1.1000000,1.0000000,47.0000000,9.0000000,5.0000000,15.0000000,53.0000000,7.0000000,2.0000000,22.8000000,1570.8167725,1760.2248535
1414,2022-10-25,2023,Group stage,Tue,Champions Lg,21:00,Dortmund,D,0.0000000,0.0000000,eng Manchester City,1.2000000,1.2000000,27.0000000,11.0000000,4.0000000,20.2000000,73.0000000,11.0000000,4.0000000,20.2000000,1796.8916016,
1415,2022-10-25,2023,Group stage,Tue,Champions Lg,21:00,RB Leipzig,W,3.0000000,2.0000000,es Real Madrid,2.2000000,2.1000000,44.0000000,14.0000000,6.0000000,15.5000000,56.0000000,14.0000000,6.0000000,15.5000000,1770.7239990,
1416,2022-10-26,2023,Group stage,Wed,Champions Lg,21:00,es Barcelona,L,0.0000000,3.0000000,Bayern Munich,0.7000000,2.1000000,52.0000000,14.0000000,7.0000000,14.8000000,48.0000000,14.0000000,7.0000000,14.8000000,,1975.0422363
1417,2022-10-26,2023,Group stage,Wed,Champions Lg,21:00,es Atlético Madrid,D,2.0000000,2.0000000,Leverkusen,2.6000000,1.5000000,64.0000000,13.0000000,7.0000000,18.0000000,36.0000000,13.0000000,7.0000000,18.0000000,,1719.1960449
1418,2022-10-26,2023,Group stage,Wed,Champions Lg,21:00,Eint Frankfurt,W,2.0000000,1.0000000,fr Marseille,1.1000000,0.7000000,44.0000000,9.0000000,4.0000000,13.9000000,56.0000000,9.0000000,4.0000000,13.9000000,1755.5661621,
1419,2022-10-27,2023,Group stage,Thu,Europa Lg,21:00,Freiburg,D,1.0000000,1.0000000,gr Olympiacos,1.5000000,2.1000000,65.0000000,20.0000000,8.0000000,14.1000000,35.0000000,20.0000000,8.0000000,14.1000000,1776.2171631,
1420,2022-10-27,2023,Group stage,Thu,Europa Lg,18:45,Union Berlin,W,1.0000000,0.0000000,pt Braga,1.5000000,0.2000000,40.0000000,13.0000000,3.0000000,20.7000000,60.0000000,13.0000000,3.0000000,20.7000000,1761.9565430,
1421,2022-10-28,2023,Matchweek 12,Fri,Bundesliga,20:30,Werder Bremen,W,1.0000000,0.0000000,Hertha BSC,1.3000000,0.4000000,52.0000000,16.0000000,4.0000000,16.1000000,48.0000000,9.0000000,1.0000000,22.6000000,1637.4519043,1622.7696533
1422,2022-10-28,2023,Group stage,Fri,Conf Lg,13:00,cz Slovácko,L,0.0000000,1.0000000,Köln,0.5000000,3.0000000,43.0000000,12.0000000,4.0000000,17.8000000,57.0000000,12.0000000,4.0000000,17.8000000,,1668.3276367
1423,2022-10-29,2023,Matchweek 12,Sat,Bundesliga,15:30,Stuttgart,W,2.0000000,1.0000000,Augsburg,2.6000000,1.0000000,62.0000000,29.0000000,6.0000000,16.8000000,38.0000000,11.0000000,4.0000000,16.9000000,1619.9768066,1630.2061768
1424,2022-10-29,2023,Matchweek 12,Sat,Bundesliga,15:30,Bayern Munich,W,6.0000000,2.0000000,Mainz 05,3.1000000,2.2000000,69.0000000,23.0000000,12.0000000,15.3000000,31.0000000,13.0000000,4.0000000,13.4000000,1995.7814941,1708.5468750
1425,2022-10-29,2023,Matchweek 12,Sat,Bundesliga,15:30,Wolfsburg,W,4.0000000,0.0000000,Bochum,2.0000000,0.5000000,52.0000000,20.0000000,6.0000000,20.1000000,48.0000000,10.0000000,2.0000000,20.1000000,1676.2547607,1595.7196045
1426,2022-10-29,2023,Matchweek 12,Sat,Bundesliga,18:30,Eint Frankfurt,L,1.0000000,2.0000000,Dortmund,1.9000000,0.6000000,58.0000000,20.0000000,6.0000000,16.8000000,42.0000000,7.0000000,2.0000000,21.1000000,1769.1960449,1815.1306152
1427,2022-10-29,2023,Matchweek 12,Sat,Bundesliga,15:30,RB Leipzig,W,2.0000000,0.0000000,Leverkusen,1.2000000,0.1000000,46.0000000,10.0000000,6.0000000,16.4000000,54.0000000,5.0000000,1.0000000,19.9000000,1796.3360596,1732.0729981
1428,2022-10-30,2023,Matchweek 12,Sun,Bundesliga,15:30,Union Berlin,W,2.0000000,1.0000000,Gladbach,0.9000000,1.0000000,55.0000000,13.0000000,5.0000000,18.9000000,45.0000000,7.0000000,3.0000000,16.6000000,1766.8538818,1720.5151367
1429,2022-10-30,2023,Matchweek 12,Sun,Bundesliga,19:30,Köln,D,1.0000000,1.0000000,Hoffenheim,1.2000000,0.9000000,36.0000000,11.0000000,3.0000000,17.4000000,64.0000000,5.0000000,1.0000000,13.4000000,1672.5670166,1699.8245850
1430,2022-10-30,2023,Matchweek 12,Sun,Bundesliga,17:30,Schalke 04,L,0.0000000,2.0000000,Freiburg,0.6000000,2.3000000,45.0000000,12.0000000,3.0000000,19.0000000,55.0000000,17.0000000,7.0000000,16.4000000,1557.8830566,1769.1046143
1431,2022-11-01,2023,Group stage,Tue,Champions Lg,18:45,Leverkusen,D,0.0000000,0.0000000,be Club Brugge,1.1000000,0.5000000,53.0000000,13.0000000,4.0000000,20.7000000,47.0000000,13.0000000,4.0000000,20.7000000,1725.0087891,
1432,2022-11-01,2023,Group stage,Tue,Champions Lg,21:00,Bayern Munich,W,2.0000000,0.0000000,it Inter,1.5000000,0.7000000,60.0000000,23.0000000,8.0000000,20.3000000,40.0000000,23.0000000,8.0000000,20.3000000,1999.0070801,
1433,2022-11-01,2023,Group stage,Tue,Champions Lg,20:00 (21:00),pt Sporting CP,L,1.0000000,2.0000000,Eint Frankfurt,0.5000000,1.2000000,46.0000000,5.0000000,3.0000000,16.0000000,54.0000000,5.0000000,3.0000000,16.0000000,,1760.9877930
1434,2022-11-02,2023,Group stage,Wed,Champions Lg,19:45 (18:45),ua Shakhtar,L,0.0000000,4.0000000,RB Leipzig,0.2000000,2.2000000,49.0000000,12.0000000,7.0000000,16.1000000,51.0000000,12.0000000,7.0000000,16.1000000,,1806.7672119
1435,2022-11-02,2023,Group stage,Wed,Champions Lg,21:00,dk FC Copenhagen,D,1.0000000,1.0000000,Dortmund,1.8000000,1.2000000,43.0000000,13.0000000,1.0000000,19.7000000,57.0000000,13.0000000,1.0000000,19.7000000,,1826.7056885
1436,2022-11-03,2023,Group stage,Thu,Conf Lg,21:00,Köln,D,2.0000000,2.0000000,fr Nice,1.6000000,1.0000000,56.0000000,18.0000000,7.0000000,17.2000000,44.0000000,18.0000000,7.0000000,17.2000000,1677.5180664,
1437,2022-11-03,2023,Group stage,Thu,Europa Lg,21:45 (18:45),az Qarabağ,D,1.0000000,1.0000000,Freiburg,1.0000000,1.1000000,55.0000000,7.0000000,1.0000000,24.1000000,45.0000000,7.0000000,1.0000000,24.1000000,,1780.6630859
1438,2022-11-03,2023,Group stage,Thu,Europa Lg,21:00,be Union SG,L,0.0000000,1.0000000,Union Berlin,0.3000000,0.7000000,61.0000000,10.0000000,2.0000000,21.2000000,39.0000000,10.0000000,2.0000000,21.2000000,,1778.0458984
1439,2022-11-04,2023,Matchweek 13,Fri,Bundesliga,20:30,Gladbach,W,3.0000000,1.0000000,Stuttgart,0.9000000,1.1000000,55.0000000,13.0000000,6.0000000,22.7000000,45.0000000,13.0000000,4.0000000,18.1000000,1720.1459961,1631.9172363
1440,2022-11-05,2023,Matchweek 13,Sat,Bundesliga,18:30,Werder Bremen,W,2.0000000,1.0000000,Schalke 04,1.0000000,1.4000000,45.0000000,11.0000000,5.0000000,19.3000000,55.0000000,19.0000000,3.0000000,18.7000000,1648.8157959,1557.1472168
1441,2022-11-05,2023,Matchweek 13,Sat,Bundesliga,15:30,Augsburg,L,1.0000000,2.0000000,Eint Frankfurt,1.2000000,1.2000000,42.0000000,10.0000000,4.0000000,14.1000000,58.0000000,12.0000000,7.0000000,17.6000000,1628.4910889,1775.2224121
1442,2022-11-05,2023,Matchweek 13,Sat,Bundesliga,15:30,Hoffenheim,L,1.0000000,3.0000000,RB Leipzig,0.9000000,1.7000000,37.0000000,11.0000000,3.0000000,19.8000000,63.0000000,17.0000000,8.0000000,17.4000000,1705.6960449,1820.6224365
1443,2022-11-05,2023,Matchweek 13,Sat,Bundesliga,15:30,Dortmund,W,3.0000000,0.0000000,Bochum,1.5000000,0.6000000,60.0000000,5.0000000,2.0000000,25.7000000,40.0000000,7.0000000,1.0000000,18.0000000,1823.6685791,1591.3978272
1444,2022-11-05,2023,Matchweek 13,Sat,Bundesliga,15:30,Mainz 05,L,0.0000000,3.0000000,Wolfsburg,1.0000000,0.6000000,56.0000000,15.0000000,3.0000000,19.3000000,44.0000000,10.0000000,3.0000000,18.4000000,1710.4339600,1690.8017578
1445,2022-11-05,2023,Matchweek 13,Sat,Bundesliga,15:30,Hertha BSC,L,2.0000000,3.0000000,Bayern Munich,1.2000000,1.9000000,28.0000000,6.0000000,5.0000000,19.0000000,72.0000000,14.0000000,4.0000000,17.1000000,1621.6311035,2008.6477051
1446,2022-11-06,2023,Matchweek 13,Sun,Bundesliga,15:30,Leverkusen,W,5.0000000,0.0000000,Union Berlin,1.9000000,0.3000000,58.0000000,11.0000000,8.0000000,17.3000000,42.0000000,7.0000000,1.0000000,16.6000000,1726.9503174,1782.9086914
1447,2022-11-06,2023,Matchweek 13,Sun,Bundesliga,17:30,Freiburg,W,2.0000000,0.0000000,Köln,1.4000000,0.5000000,55.0000000,12.0000000,5.0000000,17.4000000,45.0000000,6.0000000,2.0000000,14.2000000,1775.7742920,1673.8704834
1448,2022-11-08,2023,Matchweek 14,Tue,Bundesliga,20:30,Bochum,W,2.0000000,1.0000000,Gladbach,2.0000000,0.8000000,46.0000000,13.0000000,4.0000000,18.7000000,54.0000000,8.0000000,2.0000000,15.3000000,1587.6411133,1726.4600830
1449,2022-11-08,2023,Matchweek 14,Tue,Bundesliga,18:30,Wolfsburg,W,2.0000000,0.0000000,Dortmund,2.4000000,1.6000000,37.0000000,17.0000000,7.0000000,12.6000000,63.0000000,21.0000000,6.0000000,16.9000000,1707.7265625,1827.4254150
1450,2022-11-08,2023,Matchweek 14,Tue,Bundesliga,20:30,Bayern Munich,W,6.0000000,1.0000000,Werder Bremen,4.4000000,1.3000000,61.0000000,20.0000000,9.0000000,14.4000000,39.0000000,6.0000000,2.0000000,14.6000000,2010.2843018,1653.2158203
1451,2022-11-08,2023,Matchweek 14,Tue,Bundesliga,20:30,Stuttgart,W,2.0000000,1.0000000,Hertha BSC,2.0000000,0.7000000,60.0000000,17.0000000,7.0000000,16.2000000,40.0000000,11.0000000,2.0000000,15.2000000,1625.6031494,1619.9945068
1452,2022-11-09,2023,Matchweek 14,Wed,Bundesliga,18:30,Köln,L,1.0000000,2.0000000,Leverkusen,1.4000000,1.4000000,58.0000000,19.0000000,7.0000000,17.8000000,42.0000000,10.0000000,3.0000000,18.5000000,1667.8007812,1745.2841797
1453,2022-11-09,2023,Matchweek 14,Wed,Bundesliga,20:30,Eint Frankfurt,W,4.0000000,2.0000000,Hoffenheim,2.8000000,1.8000000,51.0000000,14.0000000,7.0000000,17.1000000,49.0000000,12.0000000,3.0000000,13.5000000,1780.7933350,1696.8299560
1454,2022-11-09,2023,Matchweek 14,Wed,Bundesliga,20:30,Union Berlin,D,2.0000000,2.0000000,Augsburg,1.2000000,0.6000000,59.0000000,19.0000000,6.0000000,18.1000000,41.0000000,7.0000000,2.0000000,20.4000000,1764.5748291,1622.9201660
1455,2022-11-09,2023,Matchweek 14,Wed,Bundesliga,20:30,RB Leipzig,W,3.0000000,1.0000000,Freiburg,2.9000000,0.2000000,58.0000000,15.0000000,7.0000000,17.7000000,42.0000000,3.0000000,2.0000000,16.1000000,1829.4885254,1781.8441162
1456,2022-11-09,2023,Matchweek 14,Wed,Bundesliga,20:30,Schalke 04,W,1.0000000,0.0000000,Mainz 05,1.5000000,0.8000000,45.0000000,14.0000000,4.0000000,17.0000000,55.0000000,11.0000000,1.0000000,13.5000000,1552.7471924,1693.5091553
1457,2022-11-11,2023,Matchweek 15,Fri,Bundesliga,20:30,Gladbach,W,4.0000000,2.0000000,Dortmund,2.1000000,3.0000000,39.0000000,11.0000000,6.0000000,17.0000000,61.0000000,20.0000000,10.0000000,13.5000000,1716.3287353,1813.8690185
1458,2022-11-12,2023,Matchweek 15,Sat,Bundesliga,15:30,Hertha BSC,W,2.0000000,0.0000000,Köln,1.8000000,1.8000000,48.0000000,16.0000000,8.0000000,17.0000000,52.0000000,10.0000000,3.0000000,16.6000000,1613.4530029,1660.4951172
1459,2022-11-12,2023,Matchweek 15,Sat,Bundesliga,15:30,Werder Bremen,L,1.0000000,2.0000000,RB Leipzig,0.9000000,1.7000000,48.0000000,7.0000000,6.0000000,12.9000000,52.0000000,14.0000000,3.0000000,16.5000000,1650.8470459,1837.0963135
1460,2022-11-12,2023,Matchweek 15,Sat,Bundesliga,18:30,Schalke 04,L,0.0000000,2.0000000,Bayern Munich,0.8000000,1.9000000,32.0000000,7.0000000,2.0000000,18.3000000,68.0000000,21.0000000,6.0000000,18.7000000,1562.9234619,2012.6530762
1461,2022-11-12,2023,Matchweek 15,Sat,Bundesliga,15:30,Hoffenheim,L,1.0000000,2.0000000,Wolfsburg,1.4000000,0.7000000,60.0000000,22.0000000,8.0000000,17.5000000,40.0000000,6.0000000,3.0000000,14.7000000,1690.3804932,1721.2828369
1462,2022-11-12,2023,Matchweek 15,Sat,Bundesliga,15:30,Augsburg,L,0.0000000,1.0000000,Bochum,2.2000000,1.1000000,54.0000000,17.0000000,5.0000000,17.3000000,46.0000000,11.0000000,4.0000000,19.3000000,1628.0328369,1597.7724609
1463,2022-11-12,2023,Matchweek 15,Sat,Bundesliga,15:30,Leverkusen,W,2.0000000,0.0000000,Stuttgart,1.6000000,0.3000000,45.0000000,12.0000000,3.0000000,16.6000000,55.0000000,7.0000000,1.0000000,24.1000000,1752.5897217,1632.1446533
1464,2022-11-13,2023,Matchweek 15,Sun,Bundesliga,15:30,Mainz 05,D,1.0000000,1.0000000,Eint Frankfurt,1.5000000,1.8000000,40.0000000,18.0000000,6.0000000,16.0000000,60.0000000,10.0000000,3.0000000,19.3000000,1683.3328857,1787.2427978
1465,2022-11-13,2023,Matchweek 15,Sun,Bundesliga,17:30,Freiburg,W,4.0000000,1.0000000,Union Berlin,2.3000000,1.7000000,72.0000000,5.0000000,3.0000000,20.4000000,28.0000000,2.0000000,1.0000000,29.5000000,1774.2363281,1759.4621582
1466,2023-01-20,2023,Matchweek 16,Fri,Bundesliga,20:30,RB Leipzig,D,1.0000000,1.0000000,Bayern Munich,0.7000000,0.7000000,42.0000000,10.0000000,3.0000000,20.1000000,58.0000000,7.0000000,2.0000000,13.9000000,1841.7210693,2014.2147217
1467,2023-01-21,2023,Matchweek 16,Sat,Bundesliga,18:30,Köln,W,7.0000000,1.0000000,Werder Bremen,3.0000000,0.3000000,50.0000000,15.0000000,7.0000000,14.5000000,50.0000000,5.0000000,2.0000000,15.6000000,1649.3734131,1646.2222900
1468,2023-01-21,2023,Matchweek 16,Sat,Bundesliga,15:30,Union Berlin,W,3.0000000,1.0000000,Hoffenheim,2.9000000,1.0000000,52.0000000,21.0000000,5.0000000,15.8000000,48.0000000,12.0000000,4.0000000,17.4000000,1748.5169678,1681.8107910
1469,2023-01-21,2023,Matchweek 16,Sat,Bundesliga,15:30,Wolfsburg,W,6.0000000,0.0000000,Freiburg,2.7000000,0.7000000,53.0000000,11.0000000,9.0000000,17.2000000,47.0000000,9.0000000,1.0000000,14.6000000,1729.8525391,1785.1815185
1470,2023-01-21,2023,Matchweek 16,Sat,Bundesliga,15:30,Bochum,W,3.0000000,1.0000000,Hertha BSC,1.6000000,0.9000000,49.0000000,10.0000000,3.0000000,18.2000000,51.0000000,11.0000000,2.0000000,15.5000000,1607.9346924,1624.5747070
1471,2023-01-21,2023,Matchweek 16,Sat,Bundesliga,15:30,Eint Frankfurt,W,3.0000000,0.0000000,Schalke 04,1.2000000,1.8000000,43.0000000,12.0000000,3.0000000,14.5000000,57.0000000,19.0000000,4.0000000,14.3000000,1785.8212891,1561.3619385
1472,2023-01-21,2023,Matchweek 16,Sat,Bundesliga,15:30,Stuttgart,D,1.0000000,1.0000000,Mainz 05,1.6000000,1.4000000,55.0000000,16.0000000,4.0000000,20.2000000,45.0000000,12.0000000,1.0000000,20.3000000,1626.7370606,1684.7543945
1473,2023-01-22,2023,Matchweek 16,Sun,Bundesliga,17:30,Gladbach,L,2.0000000,3.0000000,Leverkusen,1.0000000,2.0000000,61.0000000,15.0000000,8.0000000,17.8000000,39.0000000,13.0000000,6.0000000,16.1000000,1728.9205322,1757.9973144
1474,2023-01-22,2023,Matchweek 16,Sun,Bundesliga,15:30,Dortmund,W,4.0000000,3.0000000,Augsburg,2.9000000,1.7000000,68.0000000,27.0000000,9.0000000,16.0000000,32.0000000,14.0000000,4.0000000,17.4000000,1801.2772217,1617.8706055
1475,2023-01-24,2023,Matchweek 17,Tue,Bundesliga,20:30,Bayern Munich,D,1.0000000,1.0000000,Köln,1.4000000,0.8000000,77.0000000,25.0000000,7.0000000,17.3000000,23.0000000,3.0000000,1.0000000,7.5000000,2010.9782715,1665.0375977
1476,2023-01-24,2023,Matchweek 17,Tue,Bundesliga,20:30,Hertha BSC,L,0.0000000,5.0000000,Wolfsburg,0.4000000,3.1000000,42.0000000,8.0000000,2.0000000,21.0000000,58.0000000,16.0000000,6.0000000,15.4000000,1614.6729736,1749.4732666
1477,2023-01-24,2023,Matchweek 17,Tue,Bundesliga,18:30,Schalke 04,L,1.0000000,6.0000000,RB Leipzig,0.7000000,2.7000000,43.0000000,9.0000000,1.0000000,24.0000000,57.0000000,21.0000000,14.0000000,15.7000000,1557.4758301,1844.9573975
1478,2023-01-24,2023,Matchweek 17,Tue,Bundesliga,20:30,Hoffenheim,D,2.0000000,2.0000000,Stuttgart,2.0000000,0.8000000,49.0000000,15.0000000,6.0000000,13.6000000,51.0000000,8.0000000,4.0000000,21.3000000,1674.6411133,1626.7923584
1479,2023-01-25,2023,Matchweek 17,Wed,Bundesliga,20:30,Werder Bremen,L,1.0000000,2.0000000,Union Berlin,0.6000000,1.1000000,58.0000000,9.0000000,4.0000000,19.5000000,42.0000000,9.0000000,5.0000000,15.2000000,1630.5581055,1755.6867676
1480,2023-01-25,2023,Matchweek 17,Wed,Bundesliga,20:30,Augsburg,W,1.0000000,0.0000000,Gladbach,0.9000000,0.3000000,44.0000000,14.0000000,4.0000000,20.1000000,56.0000000,7.0000000,2.0000000,18.4000000,1615.1552734,1720.2860107
1481,2023-01-25,2023,Matchweek 17,Wed,Bundesliga,20:30,Leverkusen,W,2.0000000,0.0000000,Bochum,1.7000000,0.7000000,56.0000000,10.0000000,3.0000000,19.7000000,44.0000000,11.0000000,1.0000000,14.6000000,1766.6318359,1617.8365478
1482,2023-01-25,2023,Matchweek 17,Wed,Bundesliga,18:30,Mainz 05,L,1.0000000,2.0000000,Dortmund,1.2000000,1.5000000,38.0000000,12.0000000,4.0000000,14.8000000,62.0000000,11.0000000,6.0000000,18.2000000,1684.6992188,1803.9925537
1483,2023-01-25,2023,Matchweek 17,Wed,Bundesliga,20:30,Freiburg,D,1.0000000,1.0000000,Eint Frankfurt,1.9000000,0.2000000,44.0000000,13.0000000,5.0000000,15.8000000,56.0000000,4.0000000,2.0000000,17.9000000,1765.5607910,1789.7073975
1484,2023-01-27,2023,Matchweek 18,Fri,Bundesliga,20:30,RB Leipzig,W,2.0000000,1.0000000,Stuttgart,1.0000000,1.7000000,54.0000000,10.0000000,4.0000000,15.2000000,46.0000000,11.0000000,3.0000000,23.0000000,1851.4437256,1629.7972412
1485,2023-01-28,2023,Matchweek 18,Sat,Bundesliga,15:30,Hoffenheim,L,1.0000000,4.0000000,Gladbach,1.8000000,1.7000000,51.0000000,15.0000000,4.0000000,16.2000000,49.0000000,9.0000000,5.0000000,15.9000000,1671.6362305,1711.1589356
1486,2023-01-28,2023,Matchweek 18,Sat,Bundesliga,18:30,Bayern Munich,D,1.0000000,1.0000000,Eint Frankfurt,1.6000000,0.6000000,67.0000000,14.0000000,5.0000000,17.9000000,33.0000000,8.0000000,1.0000000,14.7000000,2002.7418213,1790.6655273
1487,2023-01-28,2023,Matchweek 18,Sat,Bundesliga,15:30,Hertha BSC,L,0.0000000,2.0000000,Union Berlin,0.5000000,1.0000000,52.0000000,10.0000000,3.0000000,19.4000000,48.0000000,7.0000000,3.0000000,15.1000000,1601.1948242,1761.9248047
1488,2023-01-28,2023,Matchweek 18,Sat,Bundesliga,15:30,Mainz 05,W,5.0000000,2.0000000,Bochum,2.1000000,1.5000000,42.0000000,14.0000000,7.0000000,17.3000000,58.0000000,15.0000000,4.0000000,21.1000000,1678.4100342,1613.1873779
1489,2023-01-28,2023,Matchweek 18,Sat,Bundesliga,15:30,Freiburg,W,3.0000000,1.0000000,Augsburg,1.7000000,1.7000000,46.0000000,14.0000000,9.0000000,15.7000000,54.0000000,14.0000000,3.0000000,17.7000000,1764.6027832,1624.2823486
1490,2023-01-28,2023,Matchweek 18,Sat,Bundesliga,15:30,Werder Bremen,W,2.0000000,1.0000000,Wolfsburg,2.2000000,0.7000000,43.0000000,13.0000000,4.0000000,15.7000000,57.0000000,9.0000000,3.0000000,17.9000000,1624.3200684,1762.9514160
1491,2023-01-29,2023,Matchweek 18,Sun,Bundesliga,15:30,Schalke 04,D,0.0000000,0.0000000,Köln,1.2000000,0.3000000,54.0000000,17.0000000,2.0000000,18.4000000,46.0000000,6.0000000,0.0000000,15.7000000,1550.9895019,1673.2740478
1492,2023-01-29,2023,Matchweek 18,Sun,Bundesliga,17:30,Leverkusen,L,0.0000000,2.0000000,Dortmund,1.7000000,0.9000000,56.0000000,21.0000000,6.0000000,16.7000000,44.0000000,6.0000000,2.0000000,20.4000000,1771.2810059,1810.2817383
1493,2023-01-31,2023,Round of 16,Tue,DFB-Pokal,20:45,Union Berlin,W,2.0000000,1.0000000,Wolfsburg,,,46.0000000,10.0000000,6.0000000,,54.0000000,7.0000000,3.0000000,,1769.7091065,1752.9832764
1494,2023-01-31,2023,Round of 16,Tue,DFB-Pokal,18:00,Paderborn 07,L,1.0000000,2.0000000,Stuttgart,,,28.0000000,22.0000000,5.0000000,,72.0000000,22.0000000,5.0000000,,1519.3785400,1627.5362549
1495,2023-02-01,2023,Round of 16,Wed,DFB-Pokal,18:00,RB Leipzig,W,3.0000000,1.0000000,Hoffenheim,,,65.0000000,11.0000000,6.0000000,,35.0000000,3.0000000,1.0000000,,1851.4437256,1657.1757812
1496,2023-02-01,2023,Round of 16,Wed,DFB-Pokal,20:45,Mainz 05,L,0.0000000,4.0000000,Bayern Munich,,,32.0000000,11.0000000,1.0000000,,69.0000000,21.0000000,9.0000000,,1678.4100342,2002.7418213
1497,2023-02-03,2023,Matchweek 19,Fri,Bundesliga,20:30,Augsburg,W,1.0000000,0.0000000,Leverkusen,0.9000000,0.6000000,41.0000000,10.0000000,5.0000000,19.0000000,59.0000000,13.0000000,4.0000000,22.7000000,1619.3629150,1759.4830322
1498,2023-02-04,2023,Matchweek 19,Sat,Bundesliga,18:30,Gladbach,D,0.0000000,0.0000000,Schalke 04,1.1000000,1.0000000,54.0000000,18.0000000,4.0000000,17.7000000,46.0000000,19.0000000,5.0000000,20.8000000,1725.6193848,1552.8435059
1499,2023-02-04,2023,Matchweek 19,Sat,Bundesliga,15:30,Eint Frankfurt,W,3.0000000,0.0000000,Hertha BSC,2.2000000,0.9000000,62.0000000,9.0000000,3.0000000,17.9000000,38.0000000,15.0000000,2.0000000,18.2000000,1797.1678467,1593.4104004
1500,2023-02-04,2023,Matchweek 19,Sat,Bundesliga,15:30,Dortmund,W,5.0000000,1.0000000,Freiburg,1.9000000,0.4000000,76.0000000,26.0000000,10.0000000,19.1000000,24.0000000,6.0000000,3.0000000,21.5000000,1822.0797119,1769.5222168
1501,2023-02-04,2023,Matchweek 19,Sat,Bundesliga,15:30,Bochum,W,5.0000000,2.0000000,Hoffenheim,2.7000000,0.9000000,46.0000000,16.0000000,10.0000000,16.0000000,54.0000000,9.0000000,4.0000000,15.0000000,1604.3967285,1657.1757812
1502,2023-02-04,2023,Matchweek 19,Sat,Bundesliga,15:30,Union Berlin,W,2.0000000,1.0000000,Mainz 05,1.1000000,1.3000000,51.0000000,11.0000000,4.0000000,16.3000000,49.0000000,11.0000000,4.0000000,20.7000000,1769.7091065,1687.2006836
1503,2023-02-04,2023,Matchweek 19,Sat,Bundesliga,15:30,Köln,D,0.0000000,0.0000000,RB Leipzig,0.8000000,1.3000000,44.0000000,9.0000000,0.0000000,21.0000000,56.0000000,7.0000000,2.0000000,17.8000000,1671.4200440,1853.7047119
1504,2023-02-05,2023,Matchweek 19,Sun,Bundesliga,17:30,Wolfsburg,L,2.0000000,4.0000000,Bayern Munich,2.2000000,0.5000000,52.0000000,22.0000000,5.0000000,16.4000000,48.0000000,9.0000000,4.0000000,19.6000000,1752.9832764,1996.2395019
1505,2023-02-05,2023,Matchweek 19,Sun,Bundesliga,15:30,Stuttgart,L,0.0000000,2.0000000,Werder Bremen,1.3000000,0.5000000,58.0000000,17.0000000,5.0000000,18.8000000,42.0000000,9.0000000,3.0000000,21.7000000,1627.5362549,1634.2882080
1506,2023-02-07,2023,Round of 16,Tue,DFB-Pokal,20:45,Eint Frankfurt,W,4.0000000,2.0000000,Darmstadt 98,,,60.0000000,13.0000000,5.0000000,,40.0000000,13.0000000,5.0000000,,1797.1678467,1608.4991455
1507,2023-02-07,2023,Round of 16,Tue,DFB-Pokal,18:00,Sandhausen,L,0.0000000,2.0000000,Freiburg,,,31.0000000,16.0000000,3.0000000,,69.0000000,16.0000000,3.0000000,,,1759.1945801
1508,2023-02-08,2023,Round of 16,Wed,DFB-Pokal,20:45,Bochum,L,1.0000000,2.0000000,Dortmund,,,47.0000000,15.0000000,5.0000000,,54.0000000,18.0000000,8.0000000,,1618.0090332,1832.4073486
1509,2023-02-10,2023,Matchweek 20,Fri,Bundesliga,20:30,Schalke 04,D,0.0000000,0.0000000,Wolfsburg,1.3000000,1.3000000,53.0000000,20.0000000,5.0000000,18.3000000,47.0000000,7.0000000,2.0000000,15.5000000,1558.6154785,1747.8302002
1510,2023-02-11,2023,Matchweek 20,Sat,Bundesliga,15:30,Hoffenheim,L,1.0000000,3.0000000,Leverkusen,0.7000000,1.4000000,50.0000000,11.0000000,6.0000000,21.0000000,50.0000000,12.0000000,4.0000000,16.4000000,1643.5634766,1749.3588867
1511,2023-02-11,2023,Matchweek 20,Sat,Bundesliga,18:30,RB Leipzig,L,1.0000000,2.0000000,Union Berlin,0.6000000,1.7000000,63.0000000,10.0000000,2.0000000,21.8000000,37.0000000,5.0000000,2.0000000,30.9000000,1850.2198486,1774.3996582
1512,2023-02-11,2023,Matchweek 20,Sat,Bundesliga,15:30,Freiburg,W,2.0000000,1.0000000,Stuttgart,2.0000000,1.1000000,53.0000000,7.0000000,3.0000000,20.1000000,47.0000000,15.0000000,3.0000000,18.0000000,1759.1945801,1614.4162598
1513,2023-02-11,2023,Matchweek 20,Sat,Bundesliga,15:30,Werder Bremen,L,0.0000000,2.0000000,Dortmund,0.6000000,2.5000000,44.0000000,9.0000000,4.0000000,18.2000000,56.0000000,18.0000000,9.0000000,15.9000000,1647.4082031,1832.4073486
1514,2023-02-11,2023,Matchweek 20,Sat,Bundesliga,15:30,Bayern Munich,W,3.0000000,0.0000000,Bochum,3.7000000,0.3000000,64.0000000,22.0000000,11.0000000,16.7000000,36.0000000,7.0000000,1.0000000,23.6000000,2001.3925781,1618.0090332
1515,2023-02-11,2023,Matchweek 20,Sat,Bundesliga,15:30,Mainz 05,W,3.0000000,1.0000000,Augsburg,2.4000000,1.5000000,50.0000000,15.0000000,6.0000000,14.6000000,50.0000000,12.0000000,2.0000000,14.2000000,1682.5101318,1629.4869385
1516,2023-02-12,2023,Matchweek 20,Sun,Bundesliga,17:30,Köln,W,3.0000000,0.0000000,Eint Frankfurt,1.2000000,0.3000000,43.0000000,8.0000000,4.0000000,13.0000000,57.0000000,6.0000000,1.0000000,14.8000000,1674.9047852,1801.5836182
1517,2023-02-12,2023,Matchweek 20,Sun,Bundesliga,15:30,Hertha BSC,W,4.0000000,1.0000000,Gladbach,3.0000000,0.5000000,31.0000000,17.0000000,4.0000000,15.3000000,69.0000000,8.0000000,3.0000000,14.9000000,1588.9946289,1719.8475342
1518,2023-02-14,2023,Round of 16,Tue,Champions Lg,21:00,fr Paris S-G,L,0.0000000,1.0000000,Bayern Munich,0.8000000,1.4000000,46.0000000,18.0000000,7.0000000,17.5000000,54.0000000,18.0000000,7.0000000,17.5000000,,2002.8897705
1519,2023-02-15,2023,Round of 16,Wed,Champions Lg,21:00,Dortmund,W,1.0000000,0.0000000,eng Chelsea,1.5000000,2.1000000,48.0000000,14.0000000,2.0000000,20.0000000,52.0000000,14.0000000,2.0000000,20.0000000,1840.1148682,
1520,2023-02-16,2023,Knockout round play-offs,Thu,Europa Lg,18:45,nl Ajax,D,0.0000000,0.0000000,Union Berlin,0.4000000,0.8000000,66.0000000,13.0000000,3.0000000,19.9000000,34.0000000,13.0000000,3.0000000,19.9000000,,1788.4384766
1521,2023-02-16,2023,Knockout round play-offs,Thu,Europa Lg,21:00,Leverkusen,L,2.0000000,3.0000000,fr Monaco,1.8000000,0.7000000,53.0000000,17.0000000,8.0000000,20.4000000,47.0000000,17.0000000,8.0000000,20.4000000,1761.2713623,
1522,2023-02-17,2023,Matchweek 21,Fri,Bundesliga,20:30,Augsburg,W,1.0000000,0.0000000,Hoffenheim,1.6000000,0.6000000,46.0000000,13.0000000,2.0000000,17.7000000,54.0000000,8.0000000,2.0000000,20.1000000,1622.7901611,1634.9360352
1523,2023-02-18,2023,Matchweek 21,Sat,Bundesliga,15:30,Gladbach,W,3.0000000,2.0000000,Bayern Munich,2.4000000,1.1000000,53.0000000,17.0000000,7.0000000,16.8000000,47.0000000,13.0000000,5.0000000,18.4000000,1703.6003418,2007.1210938
1524,2023-02-18,2023,Matchweek 21,Sat,Bundesliga,15:30,Bochum,L,0.0000000,2.0000000,Freiburg,1.4000000,2.6000000,48.0000000,16.0000000,5.0000000,15.9000000,52.0000000,19.0000000,5.0000000,15.2000000,1617.2512207,1763.3090820
1525,2023-02-18,2023,Matchweek 21,Sat,Bundesliga,18:30,Eint Frankfurt,W,2.0000000,0.0000000,Werder Bremen,2.1000000,0.3000000,45.0000000,11.0000000,6.0000000,16.8000000,55.0000000,3.0000000,0.0000000,15.7000000,1785.4678955,1641.6037598
1526,2023-02-18,2023,Matchweek 21,Sat,Bundesliga,15:30,Wolfsburg,L,0.0000000,3.0000000,RB Leipzig,0.2000000,3.0000000,43.0000000,7.0000000,2.0000000,21.9000000,57.0000000,16.0000000,4.0000000,15.6000000,1744.9698486,1839.4660644
1527,2023-02-18,2023,Matchweek 21,Sat,Bundesliga,15:30,Stuttgart,W,3.0000000,0.0000000,Köln,1.5000000,0.5000000,45.0000000,17.0000000,7.0000000,13.9000000,55.0000000,12.0000000,4.0000000,19.3000000,1611.7802734,1692.4992676
1528,2023-02-19,2023,Matchweek 21,Sun,Bundesliga,15:30,Union Berlin,D,0.0000000,0.0000000,Schalke 04,0.9000000,0.4000000,54.0000000,9.0000000,4.0000000,18.3000000,46.0000000,8.0000000,1.0000000,16.4000000,1788.3217773,1562.9544678
1529,2023-02-19,2023,Matchweek 21,Sun,Bundesliga,17:30,Dortmund,W,4.0000000,1.0000000,Hertha BSC,2.5000000,1.1000000,58.0000000,12.0000000,5.0000000,16.0000000,42.0000000,16.0000000,9.0000000,20.1000000,1843.8472900,1606.7204590
1530,2023-02-19,2023,Matchweek 21,Sun,Bundesliga,19:30,Leverkusen,L,2.0000000,3.0000000,Mainz 05,2.2000000,1.6000000,66.0000000,20.0000000,6.0000000,16.6000000,34.0000000,11.0000000,6.0000000,14.4000000,1752.3153076,1690.6856690
1531,2023-02-21,2023,Round of 16,Tue,Champions Lg,21:00,Eint Frankfurt,L,0.0000000,2.0000000,it Napoli,0.4000000,2.8000000,31.0000000,5.0000000,1.0000000,19.3000000,69.0000000,5.0000000,1.0000000,19.3000000,1790.1827393,
1532,2023-02-22,2023,Round of 16,Wed,Champions Lg,21:00,RB Leipzig,D,1.0000000,1.0000000,eng Manchester City,0.8000000,1.2000000,38.0000000,7.0000000,4.0000000,14.9000000,62.0000000,7.0000000,4.0000000,14.9000000,1849.7127685,
1533,2023-02-23,2023,Knockout round play-offs,Thu,Europa Lg,18:45,fr Monaco,L,2.0000000,3.0000000,Leverkusen,1.9000000,2.3000000,49.0000000,17.0000000,8.0000000,16.8000000,51.0000000,17.0000000,8.0000000,16.8000000,,1739.3469238
1534,2023-02-23,2023,Knockout round play-offs,Thu,Europa Lg,21:00,Union Berlin,W,3.0000000,1.0000000,nl Ajax,1.7000000,1.9000000,27.0000000,9.0000000,5.0000000,17.5000000,73.0000000,9.0000000,5.0000000,17.5000000,1779.5614014,
1535,2023-02-24,2023,Matchweek 22,Fri,Bundesliga,20:30,Mainz 05,W,4.0000000,0.0000000,Gladbach,1.8000000,1.2000000,36.0000000,14.0000000,8.0000000,16.1000000,64.0000000,9.0000000,2.0000000,21.1000000,1706.2828369,1721.8240967
1536,2023-02-25,2023,Matchweek 22,Sat,Bundesliga,18:30,Schalke 04,W,2.0000000,1.0000000,Stuttgart,1.5000000,1.2000000,35.0000000,12.0000000,6.0000000,13.9000000,65.0000000,17.0000000,5.0000000,18.5000000,1574.3436279,1631.1212158
1537,2023-02-25,2023,Matchweek 22,Sat,Bundesliga,15:30,Werder Bremen,W,3.0000000,0.0000000,Bochum,1.2000000,0.5000000,59.0000000,11.0000000,6.0000000,18.2000000,41.0000000,7.0000000,1.0000000,15.7000000,1641.5095215,1613.8542481
1538,2023-02-25,2023,Matchweek 22,Sat,Bundesliga,15:30,RB Leipzig,W,2.0000000,1.0000000,Eint Frankfurt,1.7000000,0.8000000,53.0000000,10.0000000,5.0000000,14.1000000,47.0000000,7.0000000,4.0000000,14.3000000,1856.0498047,1788.9877930
1539,2023-02-25,2023,Matchweek 22,Sat,Bundesliga,15:30,Köln,L,0.0000000,2.0000000,Wolfsburg,1.2000000,1.0000000,57.0000000,13.0000000,5.0000000,14.9000000,43.0000000,5.0000000,3.0000000,25.0000000,1682.3999023,1737.4204102
1540,2023-02-25,2023,Matchweek 22,Sat,Bundesliga,15:30,Hertha BSC,W,2.0000000,0.0000000,Augsburg,0.6000000,0.5000000,44.0000000,11.0000000,3.0000000,21.0000000,56.0000000,8.0000000,1.0000000,17.2000000,1607.7971191,1634.0473633
1541,2023-02-25,2023,Matchweek 22,Sat,Bundesliga,15:30,Hoffenheim,L,0.0000000,1.0000000,Dortmund,1.3000000,2.3000000,44.0000000,13.0000000,4.0000000,18.1000000,56.0000000,25.0000000,11.0000000,15.0000000,1632.9204102,1852.0120850
1542,2023-02-26,2023,Matchweek 22,Sun,Bundesliga,15:30,Freiburg,D,1.0000000,1.0000000,Leverkusen,0.8000000,2.2000000,45.0000000,9.0000000,4.0000000,18.5000000,55.0000000,18.0000000,4.0000000,16.1000000,1775.9476318,1753.2791748
1543,2023-02-26,2023,Matchweek 22,Sun,Bundesliga,17:30,Bayern Munich,W,3.0000000,0.0000000,Union Berlin,3.6000000,0.4000000,69.0000000,20.0000000,9.0000000,13.8000000,31.0000000,3.0000000,0.0000000,14.1000000,1998.1389160,1798.9914551
1544,2023-03-03,2023,Matchweek 23,Fri,Bundesliga,20:30,Dortmund,W,2.0000000,1.0000000,RB Leipzig,1.2000000,2.2000000,38.0000000,7.0000000,2.0000000,21.5000000,62.0000000,17.0000000,5.0000000,15.6000000,1856.0324707,1860.8957519
1545,2023-03-04,2023,Matchweek 23,Sat,Bundesliga,15:30,Gladbach,D,0.0000000,0.0000000,Freiburg,1.5000000,0.3000000,52.0000000,9.0000000,3.0000000,14.5000000,48.0000000,8.0000000,3.0000000,22.1000000,1708.3734131,1773.5159912
1546,2023-03-04,2023,Matchweek 23,Sat,Bundesliga,15:30,Bochum,L,0.0000000,2.0000000,Schalke 04,1.3000000,0.6000000,61.0000000,7.0000000,4.0000000,13.8000000,39.0000000,10.0000000,4.0000000,19.9000000,1604.0239258,1582.2821045
1547,2023-03-04,2023,Matchweek 23,Sat,Bundesliga,15:30,Augsburg,W,2.0000000,1.0000000,Werder Bremen,0.6000000,2.3000000,38.0000000,9.0000000,5.0000000,21.6000000,62.0000000,20.0000000,7.0000000,17.5000000,1623.9499512,1651.3398438
1548,2023-03-04,2023,Matchweek 23,Sat,Bundesliga,15:30,Union Berlin,D,0.0000000,0.0000000,Köln,0.5000000,0.9000000,52.0000000,8.0000000,2.0000000,16.0000000,48.0000000,10.0000000,4.0000000,15.3000000,1794.6214600,1670.7237549
1549,2023-03-04,2023,Matchweek 23,Sat,Bundesliga,15:30,Mainz 05,W,1.0000000,0.0000000,Hoffenheim,1.1000000,0.8000000,47.0000000,16.0000000,6.0000000,16.6000000,53.0000000,15.0000000,3.0000000,18.6000000,1719.7335205,1628.9000244
1550,2023-03-04,2023,Matchweek 23,Sat,Bundesliga,18:30,Stuttgart,L,1.0000000,2.0000000,Bayern Munich,0.8000000,2.1000000,40.0000000,10.0000000,3.0000000,15.9000000,60.0000000,14.0000000,6.0000000,14.9000000,1623.1827393,2002.5087891
1551,2023-03-05,2023,Matchweek 23,Sun,Bundesliga,17:30,Wolfsburg,D,2.0000000,2.0000000,Eint Frankfurt,1.9000000,0.6000000,52.0000000,12.0000000,6.0000000,15.8000000,48.0000000,10.0000000,2.0000000,16.8000000,1749.0965576,1784.1418457
1552,2023-03-05,2023,Matchweek 23,Sun,Bundesliga,15:30,Leverkusen,W,4.0000000,1.0000000,Hertha BSC,1.6000000,1.1000000,61.0000000,16.0000000,9.0000000,16.8000000,39.0000000,6.0000000,1.0000000,26.7000000,1755.7108154,1617.8944092
1553,2023-03-07,2023,Round of 16,Tue,Champions Lg,20:00 (21:00),eng Chelsea,W,2.0000000,0.0000000,Dortmund,2.0000000,0.8000000,40.0000000,13.0000000,4.0000000,19.2000000,60.0000000,13.0000000,4.0000000,19.2000000,,1862.3572998
1554,2023-03-08,2023,Round of 16,Wed,Champions Lg,21:00,Bayern Munich,W,2.0000000,0.0000000,fr Paris S-G,1.7000000,1.1000000,45.0000000,12.0000000,5.0000000,14.6000000,55.0000000,12.0000000,5.0000000,14.6000000,1999.5850830,
1555,2023-03-09,2023,Round of 16,Thu,Europa Lg,18:45,Union Berlin,D,3.0000000,3.0000000,be Union SG,2.6000000,1.3000000,65.0000000,19.0000000,7.0000000,13.9000000,35.0000000,19.0000000,7.0000000,13.9000000,1786.5162353,
1556,2023-03-09,2023,Round of 16,Thu,Europa Lg,21:00,it Juventus,W,1.0000000,0.0000000,Freiburg,2.0000000,0.0000000,47.0000000,1.0000000,0.0000000,25.9000000,53.0000000,1.0000000,0.0000000,25.9000000,,1770.2691650
1557,2023-03-09,2023,Round of 16,Thu,Europa Lg,18:45,Leverkusen,W,2.0000000,0.0000000,hu Ferencváros,0.7000000,0.6000000,65.0000000,9.0000000,2.0000000,22.4000000,35.0000000,9.0000000,2.0000000,22.4000000,1758.3944092,
1558,2023-03-10,2023,Matchweek 24,Fri,Bundesliga,20:30,Köln,L,0.0000000,2.0000000,Bochum,0.7000000,1.4000000,63.0000000,11.0000000,5.0000000,15.1000000,37.0000000,8.0000000,2.0000000,23.4000000,1670.9554443,1585.0366211
1559,2023-03-11,2023,Matchweek 24,Sat,Bundesliga,15:30,Eint Frankfurt,D,1.0000000,1.0000000,Stuttgart,0.7000000,0.8000000,52.0000000,10.0000000,1.0000000,18.9000000,48.0000000,10.0000000,4.0000000,17.8000000,1780.2585449,1616.7005615
1560,2023-03-11,2023,Matchweek 24,Sat,Bundesliga,15:30,RB Leipzig,W,3.0000000,0.0000000,Gladbach,2.5000000,1.6000000,66.0000000,13.0000000,8.0000000,16.7000000,34.0000000,6.0000000,2.0000000,16.3000000,1849.8857422,1703.7467041
1561,2023-03-11,2023,Matchweek 24,Sat,Bundesliga,15:30,Bayern Munich,W,5.0000000,3.0000000,Augsburg,2.4000000,2.5000000,65.0000000,23.0000000,8.0000000,16.1000000,35.0000000,12.0000000,5.0000000,17.8000000,2004.2817383,1626.3421631
1562,2023-03-11,2023,Matchweek 24,Sat,Bundesliga,18:30,Schalke 04,D,2.0000000,2.0000000,Dortmund,1.5000000,2.0000000,35.0000000,10.0000000,4.0000000,23.1000000,65.0000000,20.0000000,8.0000000,18.0000000,1591.8992920,1843.3437500
1563,2023-03-11,2023,Matchweek 24,Sat,Bundesliga,15:30,Hertha BSC,D,1.0000000,1.0000000,Mainz 05,1.5000000,0.5000000,41.0000000,10.0000000,3.0000000,19.6000000,59.0000000,6.0000000,3.0000000,16.3000000,1607.3372803,1719.2465820
1564,2023-03-12,2023,Matchweek 24,Sun,Bundesliga,15:30,Freiburg,W,2.0000000,1.0000000,Hoffenheim,0.6000000,1.0000000,59.0000000,9.0000000,3.0000000,15.4000000,41.0000000,12.0000000,1.0000000,17.0000000,1764.9678955,1620.0167236
1565,2023-03-12,2023,Matchweek 24,Sun,Bundesliga,19:30,Wolfsburg,D,1.0000000,1.0000000,Union Berlin,1.7000000,1.3000000,58.0000000,15.0000000,6.0000000,17.5000000,42.0000000,11.0000000,1.0000000,19.2000000,1743.6097412,1782.1486816
1566,2023-03-12,2023,Matchweek 24,Sun,Bundesliga,17:30,Werder Bremen,L,2.0000000,3.0000000,Leverkusen,1.8000000,1.0000000,53.0000000,11.0000000,5.0000000,21.2000000,47.0000000,13.0000000,5.0000000,16.8000000,1639.5775147,1758.9866943
1567,2023-03-14,2023,Round of 16,Tue,Champions Lg,20:00 (21:00),eng Manchester City,W,7.0000000,0.0000000,RB Leipzig,4.2000000,0.6000000,66.0000000,4.0000000,1.0000000,19.3000000,34.0000000,4.0000000,1.0000000,19.3000000,,1855.4641113
1568,2023-03-15,2023,Round of 16,Wed,Champions Lg,21:00,it Napoli,W,3.0000000,0.0000000,Eint Frankfurt,2.7000000,1.1000000,60.0000000,8.0000000,1.0000000,15.9000000,40.0000000,8.0000000,1.0000000,15.9000000,,1771.5085449
1569,2023-03-16,2023,Round of 16,Thu,Europa Lg,18:45,Freiburg,L,0.0000000,2.0000000,it Juventus,0.8000000,1.8000000,52.0000000,12.0000000,4.0000000,17.9000000,48.0000000,12.0000000,4.0000000,17.9000000,1764.0153809,
1570,2023-03-16,2023,Round of 16,Thu,Europa Lg,21:00,be Union SG,W,3.0000000,0.0000000,Union Berlin,1.7000000,0.4000000,55.0000000,6.0000000,1.0000000,21.1000000,45.0000000,6.0000000,1.0000000,21.1000000,,1778.6457519
1571,2023-03-16,2023,Round of 16,Thu,Europa Lg,21:00,hu Ferencváros,L,0.0000000,2.0000000,Leverkusen,1.0000000,2.7000000,45.0000000,17.0000000,9.0000000,14.9000000,55.0000000,17.0000000,9.0000000,14.9000000,,1761.1982422
1572,2023-03-17,2023,Matchweek 25,Fri,Bundesliga,20:30,Gladbach,D,2.0000000,2.0000000,Werder Bremen,3.4000000,1.3000000,58.0000000,21.0000000,8.0000000,18.2000000,42.0000000,8.0000000,3.0000000,16.0000000,1682.3771973,1617.3568115
1573,2023-03-18,2023,Matchweek 25,Sat,Bundesliga,15:30,Stuttgart,L,0.0000000,1.0000000,Wolfsburg,0.5000000,0.6000000,57.0000000,12.0000000,2.0000000,21.7000000,43.0000000,9.0000000,3.0000000,20.4000000,1606.6083984,1727.1032715
1574,2023-03-18,2023,Matchweek 25,Sat,Bundesliga,15:30,Bochum,W,1.0000000,0.0000000,RB Leipzig,1.1000000,1.8000000,35.0000000,8.0000000,2.0000000,18.0000000,65.0000000,22.0000000,8.0000000,17.9000000,1585.9708252,1830.3199463
1575,2023-03-18,2023,Matchweek 25,Sat,Bundesliga,15:30,Augsburg,D,1.0000000,1.0000000,Schalke 04,0.3000000,1.8000000,43.0000000,9.0000000,3.0000000,24.1000000,57.0000000,13.0000000,4.0000000,14.8000000,1609.2744141,1581.0916748
1576,2023-03-18,2023,Matchweek 25,Sat,Bundesliga,18:30,Dortmund,W,6.0000000,1.0000000,Köln,3.3000000,1.6000000,63.0000000,12.0000000,8.0000000,12.4000000,37.0000000,11.0000000,5.0000000,14.6000000,1822.5692139,1638.4392090
1577,2023-03-18,2023,Matchweek 25,Sat,Bundesliga,15:30,Hoffenheim,W,3.0000000,1.0000000,Hertha BSC,2.6000000,1.0000000,48.0000000,14.0000000,5.0000000,17.8000000,52.0000000,11.0000000,5.0000000,15.2000000,1600.9600830,1592.9909668
1578,2023-03-19,2023,Matchweek 25,Sun,Bundesliga,15:30,Union Berlin,W,2.0000000,0.0000000,Eint Frankfurt,1.3000000,2.7000000,37.0000000,15.0000000,3.0000000,17.8000000,63.0000000,19.0000000,5.0000000,15.2000000,1740.9626465,1755.1833496
1579,2023-03-19,2023,Matchweek 25,Sun,Bundesliga,17:30,Leverkusen,W,2.0000000,1.0000000,Bayern Munich,2.0000000,1.0000000,40.0000000,9.0000000,3.0000000,26.1000000,60.0000000,11.0000000,6.0000000,15.0000000,1751.9506836,1989.7673340
1580,2023-03-19,2023,Matchweek 25,Sun,Bundesliga,19:30,Mainz 05,D,1.0000000,1.0000000,Freiburg,1.0000000,1.7000000,47.0000000,10.0000000,5.0000000,16.4000000,53.0000000,11.0000000,5.0000000,19.2000000,1702.0107422,1740.4104004
1581,2023-03-31,2023,Matchweek 26,Fri,Bundesliga,20:30,Eint Frankfurt,D,1.0000000,1.0000000,Bochum,3.1000000,1.1000000,73.0000000,18.0000000,5.0000000,13.9000000,27.0000000,7.0000000,2.0000000,17.4000000,1745.6452637,1598.4011231
1582,2023-04-01,2023,Matchweek 26,Sat,Bundesliga,15:30,RB Leipzig,L,0.0000000,3.0000000,Mainz 05,0.8000000,2.9000000,69.0000000,12.0000000,3.0000000,25.5000000,31.0000000,19.0000000,7.0000000,16.2000000,1817.8896484,1701.2230225
1583,2023-04-01,2023,Matchweek 26,Sat,Bundesliga,15:30,Schalke 04,L,0.0000000,3.0000000,Leverkusen,1.1000000,2.7000000,48.0000000,12.0000000,3.0000000,19.3000000,52.0000000,18.0000000,9.0000000,17.5000000,1583.6597900,1764.0133057
1584,2023-04-01,2023,Matchweek 26,Sat,Bundesliga,15:30,Wolfsburg,D,2.0000000,2.0000000,Augsburg,3.5000000,0.6000000,68.0000000,22.0000000,5.0000000,16.7000000,32.0000000,5.0000000,2.0000000,19.2000000,1733.6054688,1606.7062988
1585,2023-04-01,2023,Matchweek 26,Sat,Bundesliga,15:30,Freiburg,D,1.0000000,1.0000000,Hertha BSC,1.2000000,1.8000000,58.0000000,16.0000000,8.0000000,19.9000000,42.0000000,10.0000000,2.0000000,13.8000000,1741.1981201,1584.3626709
1586,2023-04-01,2023,Matchweek 26,Sat,Bundesliga,18:30,Bayern Munich,W,4.0000000,2.0000000,Dortmund,2.4000000,1.5000000,48.0000000,16.0000000,9.0000000,16.5000000,52.0000000,9.0000000,3.0000000,17.2000000,1977.7047119,1828.5327148
1587,2023-04-01,2023,Matchweek 26,Sat,Bundesliga,15:30,Union Berlin,W,3.0000000,0.0000000,Stuttgart,1.9000000,2.2000000,39.0000000,12.0000000,5.0000000,14.9000000,61.0000000,17.0000000,7.0000000,19.9000000,1750.5007324,1600.1062012
1588,2023-04-02,2023,Matchweek 26,Sun,Bundesliga,17:30,Werder Bremen,L,1.0000000,2.0000000,Hoffenheim,0.9000000,1.1000000,57.0000000,12.0000000,4.0000000,18.0000000,43.0000000,8.0000000,2.0000000,14.7000000,1620.8836670,1609.5885010
1589,2023-04-02,2023,Matchweek 26,Sun,Bundesliga,15:30,Köln,D,0.0000000,0.0000000,Gladbach,1.0000000,1.0000000,51.0000000,12.0000000,5.0000000,17.4000000,49.0000000,8.0000000,2.0000000,18.5000000,1632.4757080,1678.8503418
1590,2023-04-04,2023,Quarter-finals,Tue,DFB-Pokal,18:00,Eint Frankfurt,W,2.0000000,0.0000000,Union Berlin,,,61.0000000,9.0000000,3.0000000,,39.0000000,12.0000000,2.0000000,,1740.1774902,1756.1834717
1591,2023-04-04,2023,Quarter-finals,Tue,DFB-Pokal,20:45,Bayern Munich,L,1.0000000,2.0000000,Freiburg,,,67.0000000,16.0000000,4.0000000,,33.0000000,10.0000000,4.0000000,,1977.7047119,1735.5566406
1592,2023-04-05,2023,Quarter-finals,Wed,DFB-Pokal,20:45,RB Leipzig,W,2.0000000,0.0000000,Dortmund,,,45.0000000,20.0000000,11.0000000,,55.0000000,2.0000000,1.0000000,,1796.1218262,1824.1772461
1593,2023-04-05,2023,Quarter-finals,Wed,DFB-Pokal,18:30,Nürnberg,L,0.0000000,1.0000000,Stuttgart,,,39.0000000,17.0000000,9.0000000,,61.0000000,17.0000000,9.0000000,,,1600.1062012
1594,2023-04-08,2023,Matchweek 27,Sat,Bundesliga,15:30,Leverkusen,W,3.0000000,1.0000000,Eint Frankfurt,2.1000000,0.9000000,43.0000000,14.0000000,9.0000000,14.9000000,57.0000000,9.0000000,2.0000000,14.3000000,1772.7392578,1740.1774902
1595,2023-04-08,2023,Matchweek 27,Sat,Bundesliga,15:30,Augsburg,L,1.0000000,3.0000000,Köln,0.8000000,1.7000000,53.0000000,13.0000000,1.0000000,18.4000000,47.0000000,11.0000000,6.0000000,15.5000000,1611.7319336,1631.9860840
1596,2023-04-08,2023,Matchweek 27,Sat,Bundesliga,18:30,Hertha BSC,L,0.0000000,1.0000000,RB Leipzig,0.5000000,2.0000000,34.0000000,11.0000000,1.0000000,21.5000000,66.0000000,18.0000000,6.0000000,16.6000000,1590.0040283,1796.1218262
1597,2023-04-08,2023,Matchweek 27,Sat,Bundesliga,15:30,Mainz 05,D,2.0000000,2.0000000,Werder Bremen,1.9000000,0.9000000,51.0000000,16.0000000,10.0000000,16.7000000,49.0000000,9.0000000,4.0000000,18.5000000,1722.9908447,1611.1918945
1598,2023-04-08,2023,Matchweek 27,Sat,Bundesliga,15:30,Dortmund,W,2.0000000,1.0000000,Union Berlin,2.6000000,0.5000000,63.0000000,15.0000000,6.0000000,15.4000000,37.0000000,7.0000000,2.0000000,25.9000000,1824.1772461,1756.1834717
1599,2023-04-08,2023,Matchweek 27,Sat,Bundesliga,15:30,Freiburg,L,0.0000000,1.0000000,Bayern Munich,1.0000000,3.5000000,34.0000000,10.0000000,2.0000000,16.3000000,66.0000000,22.0000000,8.0000000,16.2000000,1735.5566406,1982.0600586
1600,2023-04-09,2023,Matchweek 27,Sun,Bundesliga,17:30,Bochum,L,2.0000000,3.0000000,Stuttgart,2.4000000,2.2000000,55.0000000,11.0000000,4.0000000,16.4000000,45.0000000,15.0000000,7.0000000,17.3000000,1603.8688965,1594.4234619
1601,2023-04-09,2023,Matchweek 27,Sun,Bundesliga,19:30,Hoffenheim,W,2.0000000,0.0000000,Schalke 04,2.2000000,0.7000000,46.0000000,14.0000000,3.0000000,18.9000000,54.0000000,11.0000000,3.0000000,15.7000000,1619.2801514,1574.9337158
1602,2023-04-09,2023,Matchweek 27,Sun,Bundesliga,15:30,Gladbach,W,2.0000000,0.0000000,Wolfsburg,1.6000000,1.5000000,44.0000000,13.0000000,6.0000000,18.5000000,56.0000000,10.0000000,2.0000000,16.0000000,1679.3399658,1728.5798340
1603,2023-04-11,2023,Quarter-finals,Tue,Champions Lg,20:00 (21:00),eng Manchester City,W,3.0000000,0.0000000,Bayern Munich,1.8000000,0.9000000,44.0000000,12.0000000,4.0000000,21.4000000,56.0000000,12.0000000,4.0000000,21.4000000,,1985.7404785
1604,2023-04-13,2023,Quarter-finals,Thu,Europa Lg,21:00,Leverkusen,D,1.0000000,1.0000000,be Union SG,1.4000000,0.6000000,63.0000000,15.0000000,2.0000000,18.7000000,37.0000000,15.0000000,2.0000000,18.7000000,1777.5798340,
1605,2023-04-14,2023,Matchweek 28,Fri,Bundesliga,20:30,Schalke 04,W,5.0000000,2.0000000,Hertha BSC,2.2000000,1.6000000,51.0000000,14.0000000,6.0000000,19.0000000,49.0000000,11.0000000,5.0000000,18.6000000,1563.6333008,1581.6470947
1606,2023-04-15,2023,Matchweek 28,Sat,Bundesliga,15:30,Stuttgart,D,3.0000000,3.0000000,Dortmund,1.4000000,1.8000000,43.0000000,12.0000000,5.0000000,16.7000000,57.0000000,15.0000000,6.0000000,16.0000000,1600.3419190,1825.1059570
1607,2023-04-15,2023,Matchweek 28,Sat,Bundesliga,15:30,Köln,D,1.0000000,1.0000000,Mainz 05,1.0000000,0.8000000,53.0000000,11.0000000,4.0000000,17.4000000,47.0000000,5.0000000,1.0000000,23.1000000,1641.0855713,1714.4656982
1608,2023-04-15,2023,Matchweek 28,Sat,Bundesliga,15:30,Bayern Munich,D,1.0000000,1.0000000,Hoffenheim,1.6000000,0.4000000,66.0000000,22.0000000,8.0000000,17.8000000,34.0000000,4.0000000,1.0000000,16.4000000,1972.8559570,1622.8300781
1609,2023-04-15,2023,Matchweek 28,Sat,Bundesliga,18:30,Eint Frankfurt,D,1.0000000,1.0000000,Gladbach,2.2000000,1.2000000,59.0000000,16.0000000,5.0000000,16.6000000,41.0000000,4.0000000,2.0000000,15.3000000,1728.5205078,1686.1368408
1610,2023-04-15,2023,Matchweek 28,Sat,Bundesliga,15:30,RB Leipzig,W,3.0000000,2.0000000,Augsburg,1.8000000,0.7000000,58.0000000,12.0000000,6.0000000,16.8000000,42.0000000,12.0000000,2.0000000,19.9000000,1796.7281494,1594.8818359
1611,2023-04-16,2023,Matchweek 28,Sun,Bundesliga,15:30,Werder Bremen,L,1.0000000,2.0000000,Freiburg,1.7000000,0.8000000,50.0000000,13.0000000,5.0000000,19.1000000,50.0000000,7.0000000,3.0000000,17.4000000,1611.9664307,1728.0009766
1612,2023-04-16,2023,Matchweek 28,Sun,Bundesliga,19:30,Wolfsburg,D,0.0000000,0.0000000,Leverkusen,0.9000000,1.2000000,43.0000000,11.0000000,3.0000000,19.1000000,57.0000000,15.0000000,4.0000000,19.0000000,1714.0324707,1773.7800293
1613,2023-04-16,2023,Matchweek 28,Sun,Bundesliga,17:30,Union Berlin,D,1.0000000,1.0000000,Bochum,1.2000000,1.8000000,40.0000000,10.0000000,2.0000000,14.4000000,60.0000000,13.0000000,5.0000000,15.7000000,1747.5042725,1590.1999512
1614,2023-04-19,2023,Quarter-finals,Wed,Champions Lg,21:00,Bayern Munich,D,1.0000000,1.0000000,eng Manchester City,2.2000000,1.3000000,58.0000000,18.0000000,5.0000000,18.6000000,42.0000000,18.0000000,5.0000000,18.6000000,1964.5593262,
1615,2023-04-20,2023,Quarter-finals,Thu,Europa Lg,21:00,be Union SG,L,1.0000000,4.0000000,Leverkusen,1.3000000,2.4000000,50.0000000,10.0000000,7.0000000,12.4000000,50.0000000,10.0000000,7.0000000,12.4000000,,1773.1000977
1616,2023-04-21,2023,Matchweek 29,Fri,Bundesliga,20:30,Augsburg,D,1.0000000,1.0000000,Stuttgart,0.7000000,1.1000000,38.0000000,4.0000000,1.0000000,19.1000000,62.0000000,7.0000000,3.0000000,14.6000000,1595.9517822,1608.2464600
1617,2023-04-22,2023,Matchweek 29,Sat,Bundesliga,15:30,Mainz 05,W,3.0000000,1.0000000,Bayern Munich,1.6000000,1.9000000,26.0000000,12.0000000,4.0000000,17.3000000,74.0000000,11.0000000,2.0000000,14.3000000,1717.6938477,1965.7125244
1618,2023-04-22,2023,Matchweek 29,Sat,Bundesliga,15:30,Bochum,L,1.0000000,5.0000000,Wolfsburg,2.6000000,3.6000000,55.0000000,24.0000000,6.0000000,14.5000000,45.0000000,14.0000000,7.0000000,15.0000000,1599.3568115,1717.4770508
1619,2023-04-22,2023,Matchweek 29,Sat,Bundesliga,15:30,Hertha BSC,L,2.0000000,4.0000000,Werder Bremen,1.6000000,2.0000000,54.0000000,13.0000000,4.0000000,22.0000000,46.0000000,13.0000000,4.0000000,13.6000000,1573.2613525,1608.9210205
1620,2023-04-22,2023,Matchweek 29,Sat,Bundesliga,18:30,Dortmund,W,4.0000000,0.0000000,Eint Frankfurt,1.1000000,0.6000000,55.0000000,14.0000000,7.0000000,16.9000000,45.0000000,9.0000000,2.0000000,15.8000000,1824.2896728,1729.1370850
1621,2023-04-22,2023,Matchweek 29,Sat,Bundesliga,15:30,Hoffenheim,L,1.0000000,3.0000000,Köln,0.9000000,1.7000000,54.0000000,12.0000000,4.0000000,18.9000000,46.0000000,12.0000000,5.0000000,19.0000000,1634.6707764,1644.9458008
1622,2023-04-23,2023,Matchweek 29,Sun,Bundesliga,19:30,Gladbach,L,0.0000000,1.0000000,Union Berlin,0.7000000,1.3000000,62.0000000,8.0000000,4.0000000,18.0000000,38.0000000,13.0000000,2.0000000,18.9000000,1692.6085205,1745.4356690
1623,2023-04-23,2023,Matchweek 29,Sun,Bundesliga,15:30,Freiburg,W,4.0000000,0.0000000,Schalke 04,2.1000000,0.3000000,45.0000000,26.0000000,12.0000000,16.6000000,55.0000000,9.0000000,3.0000000,18.7000000,1738.1347656,1579.1074219
1624,2023-04-23,2023,Matchweek 29,Sun,Bundesliga,17:30,Leverkusen,W,2.0000000,0.0000000,RB Leipzig,1.1000000,1.9000000,31.0000000,6.0000000,3.0000000,26.0000000,69.0000000,26.0000000,5.0000000,20.0000000,1790.7136231,1802.7465820
1625,2023-04-28,2023,Matchweek 30,Fri,Bundesliga,20:30,Bochum,D,1.0000000,1.0000000,Dortmund,0.9000000,2.7000000,34.0000000,13.0000000,4.0000000,17.7000000,66.0000000,22.0000000,7.0000000,14.1000000,1586.2408447,1832.4412842
1626,2023-04-29,2023,Matchweek 30,Sat,Bundesliga,15:30,Stuttgart,W,2.0000000,1.0000000,Gladbach,2.3000000,1.2000000,42.0000000,16.0000000,4.0000000,17.9000000,58.0000000,8.0000000,3.0000000,21.1000000,1609.6860352,1684.2268066
1627,2023-04-29,2023,Matchweek 30,Sat,Bundesliga,18:30,Schalke 04,W,2.0000000,1.0000000,Werder Bremen,1.6000000,1.2000000,57.0000000,19.0000000,10.0000000,16.4000000,43.0000000,10.0000000,1.0000000,20.8000000,1572.8823242,1621.2606201
1628,2023-04-29,2023,Matchweek 30,Sat,Bundesliga,15:30,Köln,L,0.0000000,1.0000000,Freiburg,1.6000000,1.6000000,57.0000000,19.0000000,4.0000000,16.9000000,43.0000000,13.0000000,6.0000000,16.2000000,1658.0598144,1744.3597412
1629,2023-04-29,2023,Matchweek 30,Sat,Bundesliga,15:30,RB Leipzig,W,1.0000000,0.0000000,Hoffenheim,1.4000000,0.3000000,59.0000000,15.0000000,2.0000000,15.0000000,41.0000000,5.0000000,1.0000000,15.3000000,1793.4378662,1621.5567627
1630,2023-04-29,2023,Matchweek 30,Sat,Bundesliga,15:30,Union Berlin,D,0.0000000,0.0000000,Leverkusen,0.8000000,0.8000000,35.0000000,9.0000000,1.0000000,14.5000000,65.0000000,9.0000000,1.0000000,15.2000000,1753.8175049,1800.0222168
1631,2023-04-29,2023,Matchweek 30,Sat,Bundesliga,15:30,Eint Frankfurt,D,1.0000000,1.0000000,Augsburg,0.6000000,0.7000000,59.0000000,7.0000000,1.0000000,18.6000000,41.0000000,10.0000000,3.0000000,18.9000000,1720.9854736,1594.5122070
1632,2023-04-30,2023,Matchweek 30,Sun,Bundesliga,15:30,Bayern Munich,W,2.0000000,0.0000000,Hertha BSC,2.7000000,0.1000000,80.0000000,26.0000000,9.0000000,16.3000000,20.0000000,2.0000000,1.0000000,13.3000000,1947.9195557,1560.9217529
1633,2023-04-30,2023,Matchweek 30,Sun,Bundesliga,17:30,Wolfsburg,W,3.0000000,0.0000000,Mainz 05,1.9000000,1.7000000,51.0000000,10.0000000,4.0000000,12.5000000,49.0000000,10.0000000,2.0000000,13.4000000,1730.5930176,1735.4868164
1634,2023-05-02,2023,Semi-finals,Tue,DFB-Pokal,20:45,Freiburg,L,1.0000000,5.0000000,RB Leipzig,,,53.0000000,10.0000000,2.0000000,,47.0000000,12.0000000,6.0000000,,1744.3597412,1793.4378662
1635,2023-05-03,2023,Semi-finals,Wed,DFB-Pokal,20:45,Stuttgart,L,2.0000000,3.0000000,Eint Frankfurt,,,54.0000000,13.0000000,7.0000000,,46.0000000,11.0000000,4.0000000,,1617.9370117,1715.9969482
1636,2023-05-05,2023,Matchweek 31,Fri,Bundesliga,20:30,Leverkusen,L,1.0000000,2.0000000,Köln,0.9000000,0.8000000,64.0000000,13.0000000,3.0000000,16.7000000,36.0000000,7.0000000,5.0000000,18.7000000,1800.5295410,1650.6021728
1637,2023-05-05,2023,Matchweek 31,Fri,Bundesliga,20:30,Mainz 05,L,2.0000000,3.0000000,Schalke 04,1.3000000,2.9000000,57.0000000,10.0000000,4.0000000,13.2000000,43.0000000,15.0000000,9.0000000,18.9000000,1724.3480225,1580.3652344
1638,2023-05-06,2023,Matchweek 31,Sat,Bundesliga,15:30,Gladbach,W,2.0000000,0.0000000,Bochum,1.9000000,1.1000000,55.0000000,25.0000000,9.0000000,16.9000000,45.0000000,14.0000000,2.0000000,18.2000000,1675.9758301,1591.0590820
1639,2023-05-06,2023,Matchweek 31,Sat,Bundesliga,15:30,Hoffenheim,W,3.0000000,1.0000000,Eint Frankfurt,2.2000000,2.2000000,32.0000000,7.0000000,3.0000000,18.6000000,68.0000000,19.0000000,6.0000000,16.2000000,1618.7474365,1715.9969482
1640,2023-05-06,2023,Matchweek 31,Sat,Bundesliga,15:30,Freiburg,L,0.0000000,1.0000000,RB Leipzig,0.4000000,1.9000000,41.0000000,3.0000000,1.0000000,12.2000000,59.0000000,13.0000000,5.0000000,18.7000000,1751.8173828,1796.2473144
1641,2023-05-06,2023,Matchweek 31,Sat,Bundesliga,15:30,Hertha BSC,W,2.0000000,1.0000000,Stuttgart,1.2000000,1.5000000,30.0000000,7.0000000,3.0000000,15.3000000,70.0000000,14.0000000,4.0000000,17.8000000,1559.7580566,1617.9370117
1642,2023-05-06,2023,Matchweek 31,Sat,Bundesliga,18:30,Werder Bremen,L,1.0000000,2.0000000,Bayern Munich,0.7000000,1.4000000,33.0000000,13.0000000,2.0000000,21.4000000,67.0000000,13.0000000,4.0000000,14.7000000,1613.7778320,1949.0832519
1643,2023-05-06,2023,Matchweek 31,Sat,Bundesliga,15:30,Augsburg,W,1.0000000,0.0000000,Union Berlin,0.9000000,0.7000000,38.0000000,13.0000000,3.0000000,21.7000000,62.0000000,12.0000000,5.0000000,19.0000000,1599.5007324,1753.3101807
1644,2023-05-07,2023,Matchweek 31,Sun,Bundesliga,17:30,Dortmund,W,6.0000000,0.0000000,Wolfsburg,4.2000000,1.2000000,57.0000000,19.0000000,10.0000000,18.4000000,43.0000000,10.0000000,3.0000000,18.6000000,1827.6229248,1741.7318115
1645,2023-05-11,2023,Semi-finals,Thu,Europa Lg,21:00,it Roma,W,1.0000000,0.0000000,Leverkusen,1.3000000,1.0000000,38.0000000,10.0000000,1.0000000,20.8000000,62.0000000,10.0000000,1.0000000,20.8000000,,1787.4061279
1646,2023-05-12,2023,Matchweek 32,Fri,Bundesliga,20:30,Köln,W,5.0000000,2.0000000,Hertha BSC,4.3000000,1.1000000,63.0000000,31.0000000,16.0000000,13.1000000,37.0000000,9.0000000,3.0000000,15.4000000,1662.4682617,1566.4244385
1647,2023-05-13,2023,Matchweek 32,Sat,Bundesliga,15:30,Union Berlin,W,4.0000000,2.0000000,Freiburg,1.5000000,2.1000000,37.0000000,10.0000000,4.0000000,17.1000000,63.0000000,10.0000000,4.0000000,15.0000000,1741.5777588,1741.9930420
1648,2023-05-13,2023,Matchweek 32,Sat,Bundesliga,15:30,Bochum,W,3.0000000,2.0000000,Augsburg,1.2000000,1.8000000,55.0000000,13.0000000,8.0000000,18.0000000,45.0000000,15.0000000,2.0000000,13.0000000,1583.6994629,1608.7187500
1649,2023-05-13,2023,Matchweek 32,Sat,Bundesliga,15:30,Eint Frankfurt,W,3.0000000,0.0000000,Mainz 05,2.2000000,1.0000000,55.0000000,17.0000000,5.0000000,18.3000000,45.0000000,9.0000000,3.0000000,18.2000000,1702.2360840,1710.0427246
1650,2023-05-13,2023,Matchweek 32,Sat,Bundesliga,15:30,Wolfsburg,W,2.0000000,1.0000000,Hoffenheim,1.1000000,1.0000000,46.0000000,9.0000000,3.0000000,20.5000000,54.0000000,10.0000000,2.0000000,19.3000000,1730.1964111,1629.9936523
1651,2023-05-13,2023,Matchweek 32,Sat,Bundesliga,18:30,Dortmund,W,5.0000000,2.0000000,Gladbach,4.5000000,2.0000000,54.0000000,33.0000000,11.0000000,18.5000000,46.0000000,12.0000000,6.0000000,21.0000000,1836.6437988,1680.8209228
1652,2023-05-13,2023,Matchweek 32,Sat,Bundesliga,15:30,Bayern Munich,W,6.0000000,0.0000000,Schalke 04,5.3000000,0.4000000,62.0000000,24.0000000,12.0000000,16.5000000,38.0000000,8.0000000,0.0000000,20.9000000,1950.1392822,1592.1558838
1653,2023-05-14,2023,Matchweek 32,Sun,Bundesliga,17:30,RB Leipzig,W,2.0000000,1.0000000,Werder Bremen,2.2000000,1.1000000,61.0000000,20.0000000,7.0000000,19.0000000,39.0000000,6.0000000,2.0000000,13.6000000,1803.5571289,1610.2072754
1654,2023-05-14,2023,Matchweek 32,Sun,Bundesliga,15:30,Stuttgart,D,1.0000000,1.0000000,Leverkusen,1.3000000,1.8000000,52.0000000,8.0000000,0.0000000,15.8000000,48.0000000,11.0000000,1.0000000,16.8000000,1608.7559815,1782.3144531
1655,2023-05-18,2023,Semi-finals,Thu,Europa Lg,21:00,Leverkusen,D,0.0000000,0.0000000,it Roma,1.1000000,0.0000000,71.0000000,23.0000000,6.0000000,21.1000000,29.0000000,23.0000000,6.0000000,21.1000000,1779.3884277,
1656,2023-05-19,2023,Matchweek 33,Fri,Bundesliga,20:30,Freiburg,W,2.0000000,0.0000000,Wolfsburg,1.3000000,0.7000000,43.0000000,16.0000000,7.0000000,17.5000000,57.0000000,9.0000000,2.0000000,16.4000000,1730.9083252,1732.2388916
1657,2023-05-20,2023,Matchweek 33,Sat,Bundesliga,15:30,Hertha BSC,D,1.0000000,1.0000000,Bochum,1.2000000,1.1000000,50.0000000,14.0000000,3.0000000,18.4000000,50.0000000,16.0000000,4.0000000,21.2000000,1557.3802490,1588.6925049
1658,2023-05-20,2023,Matchweek 33,Sat,Bundesliga,15:30,Hoffenheim,W,4.0000000,2.0000000,Union Berlin,2.4000000,2.0000000,43.0000000,9.0000000,4.0000000,18.1000000,57.0000000,18.0000000,3.0000000,16.1000000,1624.0821533,1748.7933350
1659,2023-05-20,2023,Matchweek 33,Sat,Bundesliga,15:30,Schalke 04,D,2.0000000,2.0000000,Eint Frankfurt,1.0000000,1.6000000,50.0000000,11.0000000,4.0000000,15.7000000,50.0000000,6.0000000,2.0000000,14.5000000,1587.8293457,1711.5209961
1660,2023-05-20,2023,Matchweek 33,Sat,Bundesliga,18:30,Bayern Munich,L,1.0000000,3.0000000,RB Leipzig,1.6000000,2.8000000,60.0000000,17.0000000,5.0000000,18.3000000,40.0000000,12.0000000,5.0000000,20.2000000,1950.5966797,1804.0928955
1661,2023-05-20,2023,Matchweek 33,Sat,Bundesliga,15:30,Werder Bremen,D,1.0000000,1.0000000,Köln,1.8000000,1.4000000,44.0000000,14.0000000,6.0000000,16.9000000,56.0000000,13.0000000,4.0000000,14.1000000,1605.8023682,1667.6433106
1662,2023-05-21,2023,Matchweek 33,Sun,Bundesliga,19:30,Leverkusen,D,2.0000000,2.0000000,Gladbach,1.6000000,1.7000000,47.0000000,13.0000000,5.0000000,14.8000000,53.0000000,11.0000000,6.0000000,14.3000000,1771.5585938,1673.7866211
1663,2023-05-21,2023,Matchweek 33,Sun,Bundesliga,17:30,Augsburg,L,0.0000000,3.0000000,Dortmund,0.2000000,3.1000000,36.0000000,4.0000000,1.0000000,26.1000000,64.0000000,28.0000000,10.0000000,16.9000000,1599.8564453,1839.8090820
1664,2023-05-21,2023,Matchweek 33,Sun,Bundesliga,15:30,Mainz 05,L,1.0000000,4.0000000,Stuttgart,1.3000000,1.8000000,47.0000000,10.0000000,6.0000000,17.9000000,53.0000000,7.0000000,6.0000000,13.8000000,1696.8887940,1609.7474365
1665,2023-05-27,2023,Matchweek 34,Sat,Bundesliga,15:30,Köln,L,1.0000000,2.0000000,Bayern Munich,1.3000000,1.3000000,47.0000000,7.0000000,1.0000000,18.7000000,53.0000000,12.0000000,4.0000000,13.1000000,1667.8819580,1932.1904297
1666,2023-05-27,2023,Matchweek 34,Sat,Bundesliga,15:30,Gladbach,W,2.0000000,0.0000000,Augsburg,3.0000000,0.5000000,74.0000000,19.0000000,7.0000000,17.3000000,26.0000000,9.0000000,2.0000000,17.9000000,1678.2579346,1593.1899414
1667,2023-05-27,2023,Matchweek 34,Sat,Bundesliga,15:30,Union Berlin,W,1.0000000,0.0000000,Werder Bremen,0.9000000,0.4000000,48.0000000,15.0000000,4.0000000,17.5000000,52.0000000,7.0000000,3.0000000,21.2000000,1735.4102783,1605.5637207
1668,2023-05-27,2023,Matchweek 34,Sat,Bundesliga,15:30,Stuttgart,D,1.0000000,1.0000000,Hoffenheim,2.5000000,0.8000000,57.0000000,23.0000000,4.0000000,17.2000000,43.0000000,8.0000000,2.0000000,20.0000000,1630.5379639,1637.4652100
1669,2023-05-27,2023,Matchweek 34,Sat,Bundesliga,15:30,Wolfsburg,L,1.0000000,2.0000000,Hertha BSC,3.4000000,2.1000000,64.0000000,20.0000000,7.0000000,13.8000000,36.0000000,8.0000000,5.0000000,14.8000000,1723.4194336,1556.2675781
1670,2023-05-27,2023,Matchweek 34,Sat,Bundesliga,15:30,Bochum,W,3.0000000,0.0000000,Leverkusen,1.3000000,0.8000000,50.0000000,12.0000000,5.0000000,14.5000000,50.0000000,11.0000000,2.0000000,16.2000000,1589.8052978,1767.0872803
1671,2023-05-27,2023,Matchweek 34,Sat,Bundesliga,15:30,RB Leipzig,W,4.0000000,2.0000000,Schalke 04,2.6000000,1.2000000,51.0000000,18.0000000,11.0000000,17.7000000,49.0000000,15.0000000,4.0000000,12.9000000,1822.4992676,1589.3588867
1672,2023-05-27,2023,Matchweek 34,Sat,Bundesliga,15:30,Dortmund,D,2.0000000,2.0000000,Mainz 05,4.0000000,1.8000000,73.0000000,28.0000000,9.0000000,15.0000000,27.0000000,10.0000000,4.0000000,21.6000000,1846.4755859,1676.0982666
1673,2023-05-27,2023,Matchweek 34,Sat,Bundesliga,15:30,Eint Frankfurt,W,2.0000000,1.0000000,Freiburg,2.1000000,1.6000000,61.0000000,15.0000000,6.0000000,14.5000000,39.0000000,14.0000000,7.0000000,16.1000000,1709.9915772,1739.7277832
1674,2023-06-01,2023,German 1/2 Relegation/Promotion play-offs,Thu,Rel/Pro play-offs,20:45,Stuttgart,W,3.0000000,0.0000000,Hamburger SV,,,53.0000000,18.0000000,9.0000000,,47.0000000,18.0000000,9.0000000,,1628.8236084,1575.0375977
1675,2023-06-03,2023,Final,Sat,DFB-Pokal,20:00,RB Leipzig,W,2.0000000,0.0000000,Eint Frankfurt,,,58.0000000,12.0000000,3.0000000,,42.0000000,6.0000000,2.0000000,,1825.3820801,1717.0493164
1676,2023-06-05,2023,German 1/2 Relegation/Promotion play-offs,Mon,Rel/Pro play-offs,20:45,Hamburger SV,L,1.0000000,3.0000000,Stuttgart,,,63.0000000,9.0000000,4.0000000,,37.0000000,9.0000000,4.0000000,,1575.0375977,1628.8236084
1677,2023-08-11,2024,Round of 64,Fri,DFB-Pokal,18:00,TuS Bersenbrück,L,0.0000000,7.0000000,Gladbach,,,41.0000000,23.0000000,10.0000000,,59.0000000,23.0000000,10.0000000,,,1684.2841797
1678,2023-08-12,2024,Round of 64,Sat,DFB-Pokal,15:30,Schott Mainz,L,1.0000000,6.0000000,Dortmund,,,27.0000000,24.0000000,10.0000000,,73.0000000,24.0000000,10.0000000,,,1846.4755859
1679,2023-08-12,2024,Round of 64,Sat,DFB-Pokal,18:00,Arminia,D,2.0000000,2.0000000,Bochum,,,42.0000000,22.0000000,7.0000000,,58.0000000,22.0000000,7.0000000,,1451.9635010,1589.8052978
1680,2023-08-12,2024,Round of 64,Sat,DFB-Pokal,18:00,Elversberg,L,0.0000000,1.0000000,Mainz 05,,,45.0000000,27.0000000,8.0000000,,55.0000000,27.0000000,8.0000000,,,1682.0358887
1681,2023-08-12,2024,Round of 64,Sat,DFB-Pokal,13:00,TSG Balingen,L,0.0000000,4.0000000,Stuttgart,,,31.0000000,24.0000000,10.0000000,,69.0000000,24.0000000,10.0000000,,,1628.8236084
1682,2023-08-12,2024,Round of 64,Sat,DFB-Pokal,15:30,Viktoria Köln,W,3.0000000,2.0000000,Werder Bremen,,,62.0000000,9.0000000,5.0000000,,38.0000000,9.0000000,5.0000000,,,1605.5637207
1683,2023-08-12,2024,Round of 64,Sat,DFB-Pokal,15:30,FC Teutonia Ottensen,L,0.0000000,8.0000000,Leverkusen,,,34.0000000,22.0000000,11.0000000,,66.0000000,22.0000000,11.0000000,,,1748.2340088
1684,2023-08-12,2024,DFL-Supercup,Sat,DFL-Supercup,20:45,Bayern Munich,L,0.0000000,3.0000000,RB Leipzig,,,67.0000000,13.0000000,5.0000000,,33.0000000,10.0000000,5.0000000,,1932.1904297,1825.3820801
1685,2023-08-13,2024,Round of 64,Sun,DFB-Pokal,15:30,SV Oberachern,L,0.0000000,2.0000000,Freiburg,,,24.0000000,30.0000000,11.0000000,,76.0000000,30.0000000,11.0000000,,,1739.7277832
1686,2023-08-13,2024,Round of 64,Sun,DFB-Pokal,15:30,TuS Makkabi Berlin,L,0.0000000,6.0000000,Wolfsburg,,,34.0000000,18.0000000,13.0000000,,66.0000000,18.0000000,13.0000000,,,1710.0054932
1687,2023-08-13,2024,Round of 64,Sun,DFB-Pokal,15:30,Loko Leipzig,L,0.0000000,7.0000000,Eint Frankfurt,,,33.0000000,16.0000000,11.0000000,,67.0000000,16.0000000,11.0000000,,,1717.0493164
1688,2023-08-13,2024,Round of 64,Sun,DFB-Pokal,15:30,Unterhaching,W,2.0000000,0.0000000,Augsburg,,,37.0000000,16.0000000,3.0000000,,63.0000000,16.0000000,3.0000000,,,1593.1899414
1689,2023-08-13,2024,Round of 64,Sun,DFB-Pokal,18:00,Astoria Walldorf,L,0.0000000,4.0000000,Union Berlin,,,51.0000000,18.0000000,8.0000000,,49.0000000,18.0000000,8.0000000,,,1738.9406738
1690,2023-08-13,2024,Round of 64,Sun,DFB-Pokal,13:00,Rostocker FC,L,0.0000000,8.0000000,Heidenheim,,,37.0000000,39.0000000,21.0000000,,63.0000000,39.0000000,21.0000000,,,1568.4624023
1691,2023-08-14,2024,Round of 64,Mon,DFB-Pokal,18:00,Homburg,W,3.0000000,0.0000000,Darmstadt 98,,,18.0000000,27.0000000,9.0000000,,82.0000000,27.0000000,9.0000000,,,1552.3814697
1692,2023-08-14,2024,Round of 64,Mon,DFB-Pokal,18:00,Lübeck,L,1.0000000,4.0000000,Hoffenheim,,,31.0000000,27.0000000,15.0000000,,69.0000000,27.0000000,15.0000000,,,1639.1794434
1693,2023-08-14,2024,Round of 64,Mon,DFB-Pokal,20:45,Osnabrück,L,1.0000000,3.0000000,Köln,,,54.0000000,14.0000000,6.0000000,,46.0000000,14.0000000,6.0000000,,,1664.4456787
1694,2023-08-18,2024,Matchweek 1,Fri,Bundesliga,20:30,Werder Bremen,L,0.0000000,4.0000000,Bayern Munich,0.6000000,2.8000000,28.0000000,6.0000000,1.0000000,20.7000000,72.0000000,25.0000000,10.0000000,19.1000000,1602.0333252,1935.6267090
1695,2023-08-19,2024,Matchweek 1,Sat,Bundesliga,15:30,Leverkusen,W,3.0000000,2.0000000,RB Leipzig,1.4000000,1.6000000,44.0000000,11.0000000,7.0000000,19.0000000,56.0000000,14.0000000,6.0000000,15.5000000,1748.2340088,1825.3820801
1696,2023-08-19,2024,Matchweek 1,Sat,Bundesliga,15:30,Wolfsburg,W,2.0000000,0.0000000,Heidenheim,2.2000000,1.2000000,48.0000000,18.0000000,8.0000000,15.5000000,52.0000000,14.0000000,1.0000000,16.3000000,1710.0054932,1568.4624023
1697,2023-08-19,2024,Matchweek 1,Sat,Bundesliga,15:30,Hoffenheim,L,1.0000000,2.0000000,Freiburg,1.4000000,2.6000000,50.0000000,22.0000000,4.0000000,17.6000000,50.0000000,18.0000000,7.0000000,14.8000000,1639.1794434,1732.6700440
1698,2023-08-19,2024,Matchweek 1,Sat,Bundesliga,15:30,Stuttgart,W,5.0000000,0.0000000,Bochum,3.0000000,0.8000000,60.0000000,21.0000000,9.0000000,16.6000000,40.0000000,4.0000000,1.0000000,11.8000000,1628.8236084,1608.6585693
1699,2023-08-19,2024,Matchweek 1,Sat,Bundesliga,18:30,Dortmund,W,1.0000000,0.0000000,Köln,1.8000000,1.2000000,66.0000000,13.0000000,2.0000000,12.5000000,34.0000000,11.0000000,4.0000000,16.5000000,1840.5379639,1664.4456787
1700,2023-08-19,2024,Matchweek 1,Sat,Bundesliga,15:30,Augsburg,D,4.0000000,4.0000000,Gladbach,2.3000000,1.7000000,56.0000000,19.0000000,6.0000000,19.1000000,44.0000000,9.0000000,4.0000000,17.0000000,1587.1636963,1684.2841797
1701,2023-08-20,2024,Matchweek 1,Sun,Bundesliga,17:30,Eint Frankfurt,W,1.0000000,0.0000000,Darmstadt 98,1.5000000,0.5000000,61.0000000,9.0000000,3.0000000,14.0000000,39.0000000,10.0000000,2.0000000,19.0000000,1717.0493164,1552.3814697
1702,2023-08-20,2024,Matchweek 1,Sun,Bundesliga,15:30,Union Berlin,W,4.0000000,1.0000000,Mainz 05,1.9000000,2.3000000,47.0000000,11.0000000,6.0000000,14.8000000,53.0000000,8.0000000,1.0000000,18.5000000,1738.9406738,1682.0358887
1703,2023-08-24,2024,Play-off round,Thu,Conf Lg,20:00 (19:00),bg Levski Sofia,D,1.0000000,1.0000000,Eint Frankfurt,,,,,,,,,,,,1719.9525147
1704,2023-08-25,2024,Matchweek 2,Fri,Bundesliga,20:30,RB Leipzig,W,5.0000000,1.0000000,Stuttgart,1.8000000,1.1000000,54.0000000,20.0000000,11.0000000,20.5000000,46.0000000,9.0000000,3.0000000,17.1000000,1817.1170654,1641.5502930
1705,2023-08-26,2024,Matchweek 2,Sat,Bundesliga,15:30,Bochum,D,1.0000000,1.0000000,Dortmund,1.0000000,1.3000000,36.0000000,20.0000000,7.0000000,17.8000000,64.0000000,14.0000000,3.0000000,15.4000000,1595.7913818,1843.1285400
1706,2023-08-26,2024,Matchweek 2,Sat,Bundesliga,15:30,Köln,L,1.0000000,2.0000000,Wolfsburg,0.9000000,1.7000000,50.0000000,13.0000000,2.0000000,19.9000000,50.0000000,9.0000000,6.0000000,13.7000000,1661.7145996,1714.5825195
1707,2023-08-26,2024,Matchweek 2,Sat,Bundesliga,18:30,Gladbach,L,0.0000000,3.0000000,Leverkusen,0.9000000,2.7000000,40.0000000,12.0000000,2.0000000,19.4000000,60.0000000,24.0000000,11.0000000,15.8000000,1683.3730469,1756.3585205
1708,2023-08-26,2024,Matchweek 2,Sat,Bundesliga,15:30,Heidenheim,L,2.0000000,3.0000000,Hoffenheim,2.4000000,3.0000000,38.0000000,19.0000000,7.0000000,18.2000000,62.0000000,15.0000000,5.0000000,18.8000000,1563.7448731,1631.8380127
1709,2023-08-26,2024,Matchweek 2,Sat,Bundesliga,15:30,Freiburg,W,1.0000000,0.0000000,Werder Bremen,2.4000000,1.0000000,49.0000000,23.0000000,7.0000000,15.6000000,51.0000000,15.0000000,1.0000000,19.8000000,1739.8710938,1597.1881103
1710,2023-08-26,2024,Matchweek 2,Sat,Bundesliga,15:30,Darmstadt 98,L,1.0000000,4.0000000,Union Berlin,2.3000000,1.7000000,73.0000000,21.0000000,6.0000000,16.0000000,27.0000000,13.0000000,6.0000000,15.3000000,1549.4080810,1747.5882568
1711,2023-08-27,2024,Matchweek 2,Sun,Bundesliga,15:30,Mainz 05,D,1.0000000,1.0000000,Eint Frankfurt,1.2000000,1.1000000,40.0000000,12.0000000,6.0000000,15.9000000,60.0000000,7.0000000,1.0000000,15.1000000,1673.2478027,1719.6778565
1712,2023-08-27,2024,Matchweek 2,Sun,Bundesliga,17:30,Bayern Munich,W,3.0000000,1.0000000,Augsburg,2.8000000,0.7000000,61.0000000,18.0000000,4.0000000,19.0000000,39.0000000,10.0000000,2.0000000,26.4000000,1940.3314209,1587.9344482
1713,2023-08-31,2024,Play-off round,Thu,Conf Lg,20:30,Eint Frankfurt,W,2.0000000,0.0000000,bg Levski Sofia,,,,,,,,,,,1720.1964111,
1714,2023-09-01,2024,Matchweek 3,Fri,Bundesliga,20:30,Dortmund,D,2.0000000,2.0000000,Heidenheim,3.4000000,2.1000000,62.0000000,18.0000000,7.0000000,18.3000000,38.0000000,13.0000000,5.0000000,19.6000000,1839.0363769,1556.5277100
1715,2023-09-02,2024,Matchweek 3,Sat,Bundesliga,18:30,Gladbach,L,1.0000000,2.0000000,Bayern Munich,0.3000000,2.4000000,35.0000000,7.0000000,3.0000000,24.5000000,65.0000000,25.0000000,7.0000000,15.0000000,1670.7575684,1942.4652100
1716,2023-09-02,2024,Matchweek 3,Sat,Bundesliga,15:30,Stuttgart,W,5.0000000,0.0000000,Freiburg,1.7000000,1.0000000,48.0000000,13.0000000,6.0000000,19.1000000,52.0000000,13.0000000,7.0000000,13.7000000,1636.7786865,1743.8280029
1717,2023-09-02,2024,Matchweek 3,Sat,Bundesliga,15:30,Leverkusen,W,5.0000000,1.0000000,Darmstadt 98,2.8000000,0.4000000,72.0000000,25.0000000,13.0000000,17.3000000,28.0000000,5.0000000,1.0000000,17.8000000,1770.3394775,1541.7302246
1718,2023-09-02,2024,Matchweek 3,Sat,Bundesliga,15:30,Hoffenheim,W,3.0000000,1.0000000,Wolfsburg,2.0000000,1.2000000,40.0000000,10.0000000,5.0000000,16.9000000,60.0000000,13.0000000,7.0000000,16.7000000,1640.4206543,1723.6944580
1719,2023-09-02,2024,Matchweek 3,Sat,Bundesliga,15:30,Augsburg,D,2.0000000,2.0000000,Bochum,1.9000000,1.6000000,38.0000000,11.0000000,4.0000000,13.6000000,62.0000000,21.0000000,8.0000000,20.6000000,1587.1661377,1601.2490234
1720,2023-09-02,2024,Matchweek 3,Sat,Bundesliga,15:30,Werder Bremen,W,4.0000000,0.0000000,Mainz 05,2.7000000,0.5000000,45.0000000,12.0000000,5.0000000,14.7000000,55.0000000,13.0000000,3.0000000,18.4000000,1594.5965576,1673.4121094
1721,2023-09-03,2024,Matchweek 3,Sun,Bundesliga,17:30,Union Berlin,L,0.0000000,3.0000000,RB Leipzig,0.3000000,1.2000000,36.0000000,3.0000000,1.0000000,21.7000000,64.0000000,14.0000000,7.0000000,20.0000000,1756.6315918,1823.2541504
1722,2023-09-03,2024,Matchweek 3,Sun,Bundesliga,15:30,Eint Frankfurt,D,1.0000000,1.0000000,Köln,1.1000000,0.9000000,65.0000000,13.0000000,2.0000000,14.3000000,35.0000000,6.0000000,1.0000000,25.3000000,1722.8649902,1653.9681397
1723,2023-09-15,2024,Matchweek 4,Fri,Bundesliga,20:30,Bayern Munich,D,2.0000000,2.0000000,Leverkusen,2.1000000,2.1000000,51.0000000,16.0000000,9.0000000,13.1000000,49.0000000,12.0000000,4.0000000,20.7000000,1945.6804199,1774.5819092
1724,2023-09-16,2024,Matchweek 4,Sat,Bundesliga,15:30,Mainz 05,L,1.0000000,3.0000000,Stuttgart,0.9000000,1.6000000,40.0000000,15.0000000,3.0000000,17.1000000,60.0000000,15.0000000,6.0000000,21.5000000,1656.8867188,1657.1827393
1725,2023-09-16,2024,Matchweek 4,Sat,Bundesliga,15:30,Wolfsburg,W,2.0000000,1.0000000,Union Berlin,0.4000000,1.1000000,44.0000000,8.0000000,3.0000000,21.4000000,56.0000000,19.0000000,6.0000000,14.8000000,1711.8873291,1742.4229736
1726,2023-09-16,2024,Matchweek 4,Sat,Bundesliga,18:30,Bochum,D,1.0000000,1.0000000,Eint Frankfurt,2.0000000,0.6000000,49.0000000,21.0000000,6.0000000,21.7000000,51.0000000,8.0000000,6.0000000,21.8000000,1602.7091065,1719.0383301
1727,2023-09-16,2024,Matchweek 4,Sat,Bundesliga,15:30,RB Leipzig,W,3.0000000,0.0000000,Augsburg,1.1000000,1.7000000,54.0000000,9.0000000,6.0000000,16.3000000,46.0000000,16.0000000,5.0000000,16.5000000,1837.4627685,1585.7061768
1728,2023-09-16,2024,Matchweek 4,Sat,Bundesliga,15:30,Freiburg,L,2.0000000,4.0000000,Dortmund,1.0000000,2.3000000,50.0000000,15.0000000,4.0000000,15.8000000,50.0000000,15.0000000,7.0000000,13.8000000,1723.4239502,1831.4191894
1729,2023-09-16,2024,Matchweek 4,Sat,Bundesliga,15:30,Köln,L,1.0000000,3.0000000,Hoffenheim,1.0000000,1.0000000,56.0000000,18.0000000,6.0000000,18.0000000,44.0000000,13.0000000,5.0000000,20.6000000,1657.7947998,1652.2279053
1730,2023-09-17,2024,Matchweek 4,Sun,Bundesliga,15:30,Heidenheim,W,4.0000000,2.0000000,Werder Bremen,2.2000000,3.0000000,41.0000000,17.0000000,4.0000000,18.2000000,59.0000000,10.0000000,3.0000000,15.9000000,1564.1447754,1611.1219482
1731,2023-09-17,2024,Matchweek 4,Sun,Bundesliga,17:30,Darmstadt 98,D,3.0000000,3.0000000,Gladbach,1.2000000,3.9000000,37.0000000,15.0000000,8.0000000,21.6000000,63.0000000,21.0000000,9.0000000,16.0000000,1537.4877930,1667.5422363
1732,2023-09-19,2024,Group stage,Tue,Champions Lg,18:45,ch Young Boys,L,1.0000000,3.0000000,RB Leipzig,0.5000000,2.6000000,55.0000000,21.0000000,8.0000000,15.1000000,45.0000000,21.0000000,8.0000000,15.1000000,,1840.6171875
1733,2023-09-19,2024,Group stage,Tue,Champions Lg,21:00,fr Paris S-G,W,2.0000000,0.0000000,Dortmund,2.4000000,0.7000000,67.0000000,14.0000000,1.0000000,19.0000000,33.0000000,14.0000000,1.0000000,19.0000000,,1841.0889893
1734,2023-09-20,2024,Group stage,Wed,Champions Lg,18:45,es Real Madrid,W,1.0000000,0.0000000,Union Berlin,3.7000000,0.2000000,75.0000000,4.0000000,0.0000000,12.9000000,25.0000000,4.0000000,0.0000000,12.9000000,,1734.1807861
1735,2023-09-20,2024,Group stage,Wed,Champions Lg,21:00,Bayern Munich,W,4.0000000,3.0000000,eng Manchester Utd,2.2000000,1.7000000,59.0000000,18.0000000,8.0000000,16.6000000,41.0000000,18.0000000,8.0000000,16.6000000,1938.5806885,
1736,2023-09-21,2024,Group stage,Thu,Europa Lg,18:45,Leverkusen,W,4.0000000,0.0000000,se Häcken,3.0000000,0.4000000,56.0000000,22.0000000,10.0000000,20.2000000,44.0000000,22.0000000,10.0000000,20.2000000,1779.9425049,
1737,2023-09-21,2024,Group stage,Thu,Europa Lg,22:00 (21:00),gr Olympiacos,L,2.0000000,3.0000000,Freiburg,2.3000000,1.6000000,47.0000000,12.0000000,5.0000000,17.0000000,53.0000000,12.0000000,5.0000000,17.0000000,,1713.1422119
1738,2023-09-21,2024,Group stage,Thu,Conf Lg,18:45,Eint Frankfurt,W,2.0000000,1.0000000,sct Aberdeen,1.2000000,0.8000000,77.0000000,9.0000000,4.0000000,21.9000000,23.0000000,9.0000000,4.0000000,21.9000000,1717.0443115,
1739,2023-09-22,2024,Matchweek 5,Fri,Bundesliga,20:30,Stuttgart,W,3.0000000,1.0000000,Darmstadt 98,2.3000000,0.2000000,58.0000000,18.0000000,11.0000000,16.3000000,42.0000000,4.0000000,0.0000000,19.3000000,1673.4736328,1542.0289307
1740,2023-09-23,2024,Matchweek 5,Sat,Bundesliga,15:30,Union Berlin,L,0.0000000,2.0000000,Hoffenheim,1.6000000,2.0000000,57.0000000,22.0000000,5.0000000,15.2000000,43.0000000,10.0000000,2.0000000,19.1000000,1735.5272217,1668.7690430
1741,2023-09-23,2024,Matchweek 5,Sat,Bundesliga,15:30,Dortmund,W,1.0000000,0.0000000,Wolfsburg,1.7000000,0.5000000,63.0000000,18.0000000,4.0000000,19.4000000,37.0000000,7.0000000,1.0000000,20.1000000,1833.9954834,1721.7329102
1742,2023-09-23,2024,Matchweek 5,Sat,Bundesliga,15:30,Augsburg,W,2.0000000,1.0000000,Mainz 05,0.8000000,0.6000000,41.0000000,5.0000000,3.0000000,20.8000000,59.0000000,12.0000000,2.0000000,18.0000000,1585.2823486,1646.0570068
1743,2023-09-23,2024,Matchweek 5,Sat,Bundesliga,15:30,Gladbach,L,0.0000000,1.0000000,RB Leipzig,0.8000000,0.7000000,45.0000000,14.0000000,1.0000000,16.0000000,55.0000000,8.0000000,4.0000000,17.0000000,1668.4622803,1849.9049072
1744,2023-09-23,2024,Matchweek 5,Sat,Bundesliga,15:30,Bayern Munich,W,7.0000000,0.0000000,Bochum,4.8000000,0.1000000,62.0000000,25.0000000,14.0000000,14.7000000,38.0000000,4.0000000,1.0000000,25.4000000,1946.4509277,1606.8217773
1745,2023-09-23,2024,Matchweek 5,Sat,Bundesliga,18:30,Werder Bremen,W,2.0000000,1.0000000,Köln,2.1000000,1.3000000,47.0000000,17.0000000,6.0000000,17.2000000,53.0000000,14.0000000,4.0000000,14.7000000,1603.3995361,1646.7148438
1746,2023-09-24,2024,Matchweek 5,Sun,Bundesliga,15:30,Leverkusen,W,4.0000000,1.0000000,Heidenheim,3.4000000,0.5000000,71.0000000,20.0000000,9.0000000,16.7000000,29.0000000,2.0000000,2.0000000,13.8000000,1785.6428223,1577.3283691
1747,2023-09-24,2024,Matchweek 5,Sun,Bundesliga,17:30,Eint Frankfurt,D,0.0000000,0.0000000,Freiburg,0.6000000,0.5000000,57.0000000,12.0000000,4.0000000,16.8000000,43.0000000,7.0000000,1.0000000,17.1000000,1721.0866699,1723.2486572
1748,2023-09-26,2024,Round of 64,Tue,DFB-Pokal,20:45,Preußen Münster,L,0.0000000,4.0000000,Bayern Munich,,,28.0000000,26.0000000,9.0000000,,72.0000000,26.0000000,9.0000000,,,1946.4509277
1749,2023-09-27,2024,Round of 64,Wed,DFB-Pokal,20:45,Wehen,L,2.0000000,3.0000000,RB Leipzig,,,32.0000000,14.0000000,8.0000000,,68.0000000,14.0000000,8.0000000,,,1849.9049072
1750,2023-09-29,2024,Matchweek 6,Fri,Bundesliga,20:30,Hoffenheim,L,1.0000000,3.0000000,Dortmund,1.9000000,1.6000000,53.0000000,14.0000000,2.0000000,18.7000000,47.0000000,6.0000000,5.0000000,13.2000000,1685.0675049,1837.6397705
1751,2023-09-30,2024,Matchweek 6,Sat,Bundesliga,15:30,Köln,L,0.0000000,2.0000000,Stuttgart,0.7000000,2.5000000,40.0000000,14.0000000,5.0000000,18.7000000,60.0000000,18.0000000,4.0000000,16.2000000,1639.4753418,1678.2703857
1752,2023-09-30,2024,Matchweek 6,Sat,Bundesliga,15:30,Mainz 05,L,0.0000000,3.0000000,Leverkusen,0.5000000,1.1000000,45.0000000,10.0000000,3.0000000,18.7000000,55.0000000,6.0000000,3.0000000,20.6000000,1638.3710938,1789.5897217
1753,2023-09-30,2024,Matchweek 6,Sat,Bundesliga,15:30,Bochum,L,1.0000000,3.0000000,Gladbach,1.7000000,2.9000000,58.0000000,24.0000000,4.0000000,18.5000000,42.0000000,27.0000000,8.0000000,15.3000000,1604.0177002,1663.4315185
1754,2023-09-30,2024,Matchweek 6,Sat,Bundesliga,15:30,Heidenheim,W,1.0000000,0.0000000,Union Berlin,0.8000000,2.2000000,50.0000000,10.0000000,4.0000000,20.6000000,50.0000000,20.0000000,8.0000000,16.9000000,1573.3815918,1719.2288818
1755,2023-09-30,2024,Matchweek 6,Sat,Bundesliga,15:30,Wolfsburg,W,2.0000000,0.0000000,Eint Frankfurt,3.2000000,1.3000000,54.0000000,17.0000000,7.0000000,16.3000000,46.0000000,8.0000000,4.0000000,15.6000000,1718.0886231,1719.1451416
1756,2023-09-30,2024,Matchweek 6,Sat,Bundesliga,18:30,RB Leipzig,D,2.0000000,2.0000000,Bayern Munich,0.7000000,2.3000000,35.0000000,6.0000000,2.0000000,20.1000000,65.0000000,10.0000000,4.0000000,21.1000000,1854.9355469,1949.2550049
1757,2023-10-01,2024,Matchweek 6,Sun,Bundesliga,15:30,Darmstadt 98,W,4.0000000,2.0000000,Werder Bremen,2.4000000,1.5000000,43.0000000,13.0000000,4.0000000,17.0000000,57.0000000,11.0000000,6.0000000,16.2000000,1537.2322998,1610.6389160
1758,2023-10-01,2024,Matchweek 6,Sun,Bundesliga,17:30,Freiburg,W,2.0000000,0.0000000,Augsburg,1.0000000,0.8000000,53.0000000,6.0000000,2.0000000,20.1000000,47.0000000,13.0000000,3.0000000,17.5000000,1725.1903076,1592.9681397
1759,2023-10-03,2024,Group stage,Tue,Champions Lg,21:00,dk FC Copenhagen,L,1.0000000,2.0000000,Bayern Munich,0.9000000,0.9000000,43.0000000,15.0000000,5.0000000,17.5000000,57.0000000,15.0000000,5.0000000,17.5000000,,1948.5820312
1760,2023-10-03,2024,Group stage,Tue,Champions Lg,18:45,Union Berlin,L,2.0000000,3.0000000,pt Braga,2.0000000,1.2000000,37.0000000,13.0000000,5.0000000,16.7000000,63.0000000,13.0000000,5.0000000,16.7000000,1709.2818603,
1761,2023-10-04,2024,Group stage,Wed,Champions Lg,21:00,RB Leipzig,L,1.0000000,3.0000000,eng Manchester City,0.5000000,2.2000000,32.0000000,3.0000000,1.0000000,25.2000000,68.0000000,3.0000000,1.0000000,25.2000000,1852.7393799,
1762,2023-10-04,2024,Group stage,Wed,Champions Lg,21:00,Dortmund,D,0.0000000,0.0000000,it Milan,1.0000000,1.6000000,57.0000000,18.0000000,3.0000000,20.2000000,43.0000000,18.0000000,3.0000000,20.2000000,1842.6954346,
1763,2023-10-05,2024,Group stage,Thu,Europa Lg,21:00,no Molde,L,1.0000000,2.0000000,Leverkusen,1.3000000,1.7000000,38.0000000,12.0000000,3.0000000,16.4000000,62.0000000,12.0000000,3.0000000,16.4000000,,1793.9053955
1764,2023-10-05,2024,Group stage,Thu,Conf Lg,22:00 (21:00),gr PAOK,W,2.0000000,1.0000000,Eint Frankfurt,0.5000000,1.5000000,45.0000000,18.0000000,7.0000000,18.0000000,55.0000000,18.0000000,7.0000000,18.0000000,,1704.6318359
1765,2023-10-05,2024,Group stage,Thu,Europa Lg,18:45,Freiburg,L,1.0000000,2.0000000,eng West Ham,1.5000000,1.0000000,55.0000000,11.0000000,5.0000000,15.0000000,45.0000000,11.0000000,5.0000000,15.0000000,1724.3054199,
1766,2023-10-06,2024,Matchweek 7,Fri,Bundesliga,20:30,Gladbach,D,2.0000000,2.0000000,Mainz 05,2.3000000,0.8000000,60.0000000,21.0000000,9.0000000,14.6000000,40.0000000,14.0000000,7.0000000,20.9000000,1664.5772705,1617.8055420
1767,2023-10-07,2024,Matchweek 7,Sat,Bundesliga,15:30,Dortmund,W,4.0000000,2.0000000,Union Berlin,1.6000000,1.4000000,66.0000000,14.0000000,7.0000000,16.6000000,34.0000000,12.0000000,4.0000000,18.7000000,1833.1866455,1687.6387940
1768,2023-10-07,2024,Matchweek 7,Sat,Bundesliga,15:30,Augsburg,L,1.0000000,2.0000000,Darmstadt 98,0.9000000,1.8000000,48.0000000,18.0000000,3.0000000,19.2000000,52.0000000,16.0000000,4.0000000,19.3000000,1577.6030273,1538.0635986
1769,2023-10-07,2024,Matchweek 7,Sat,Bundesliga,15:30,Stuttgart,W,3.0000000,1.0000000,Wolfsburg,2.7000000,1.2000000,59.0000000,13.0000000,7.0000000,20.6000000,41.0000000,12.0000000,5.0000000,16.3000000,1680.3245850,1716.3520508
1770,2023-10-07,2024,Matchweek 7,Sat,Bundesliga,15:30,RB Leipzig,D,0.0000000,0.0000000,Bochum,2.5000000,0.4000000,75.0000000,15.0000000,3.0000000,21.0000000,25.0000000,9.0000000,2.0000000,19.4000000,1838.4971924,1581.8332519
1771,2023-10-07,2024,Matchweek 7,Sat,Bundesliga,18:30,Werder Bremen,L,2.0000000,3.0000000,Hoffenheim,0.8000000,1.9000000,48.0000000,13.0000000,3.0000000,21.0000000,52.0000000,10.0000000,4.0000000,17.2000000,1588.7690430,1666.6232910
1772,2023-10-08,2024,Matchweek 7,Sun,Bundesliga,17:30,Bayern Munich,W,3.0000000,0.0000000,Freiburg,2.4000000,0.1000000,69.0000000,21.0000000,6.0000000,17.7000000,31.0000000,2.0000000,0.0000000,16.4000000,1940.7573242,1711.3099365
1773,2023-10-08,2024,Matchweek 7,Sun,Bundesliga,15:30,Leverkusen,W,3.0000000,0.0000000,Köln,3.2000000,1.3000000,64.0000000,23.0000000,10.0000000,16.6000000,36.0000000,7.0000000,3.0000000,11.3000000,1793.1446533,1616.3825684
1774,2023-10-08,2024,Matchweek 7,Sun,Bundesliga,19:30,Eint Frankfurt,W,2.0000000,0.0000000,Heidenheim,1.9000000,1.2000000,49.0000000,12.0000000,6.0000000,18.7000000,51.0000000,7.0000000,2.0000000,17.9000000,1689.7652588,1572.8093262
1775,2023-10-20,2024,Matchweek 8,Fri,Bundesliga,20:30,Dortmund,W,1.0000000,0.0000000,Werder Bremen,2.6000000,0.4000000,57.0000000,23.0000000,5.0000000,16.2000000,43.0000000,5.0000000,1.0000000,14.8000000,1837.6524658,1581.1760254
1776,2023-10-21,2024,Matchweek 8,Sat,Bundesliga,15:30,Union Berlin,L,0.0000000,3.0000000,Stuttgart,0.6000000,1.4000000,43.0000000,9.0000000,1.0000000,18.2000000,57.0000000,10.0000000,5.0000000,16.9000000,1683.1729736,1690.3658447
1777,2023-10-21,2024,Matchweek 8,Sat,Bundesliga,15:30,Darmstadt 98,L,1.0000000,3.0000000,RB Leipzig,2.4000000,1.9000000,57.0000000,17.0000000,3.0000000,14.8000000,43.0000000,10.0000000,7.0000000,17.9000000,1548.8713379,1831.1337891
1778,2023-10-21,2024,Matchweek 8,Sat,Bundesliga,15:30,Wolfsburg,L,1.0000000,2.0000000,Leverkusen,1.4000000,1.9000000,42.0000000,18.0000000,6.0000000,20.1000000,58.0000000,13.0000000,7.0000000,14.1000000,1706.3107910,1797.8194580
1779,2023-10-21,2024,Matchweek 8,Sat,Bundesliga,18:30,Mainz 05,L,1.0000000,3.0000000,Bayern Munich,1.1000000,1.8000000,38.0000000,16.0000000,3.0000000,14.9000000,62.0000000,13.0000000,5.0000000,17.3000000,1621.0654297,1944.2604981
1780,2023-10-21,2024,Matchweek 8,Sat,Bundesliga,15:30,Hoffenheim,L,1.0000000,3.0000000,Eint Frankfurt,1.4000000,2.4000000,54.0000000,14.0000000,4.0000000,15.3000000,46.0000000,15.0000000,5.0000000,10.8000000,1674.2164307,1694.9891357
1781,2023-10-21,2024,Matchweek 8,Sat,Bundesliga,15:30,Freiburg,W,2.0000000,1.0000000,Bochum,2.3000000,1.5000000,58.0000000,16.0000000,4.0000000,15.7000000,42.0000000,13.0000000,3.0000000,19.1000000,1707.8067627,1589.1966553
1782,2023-10-22,2024,Matchweek 8,Sun,Bundesliga,15:30,Köln,W,3.0000000,1.0000000,Gladbach,2.7000000,0.3000000,60.0000000,21.0000000,6.0000000,19.6000000,40.0000000,5.0000000,2.0000000,21.4000000,1611.7077637,1661.3172607
1783,2023-10-22,2024,Matchweek 8,Sun,Bundesliga,17:30,Heidenheim,L,2.0000000,5.0000000,Augsburg,1.5000000,2.5000000,59.0000000,15.0000000,5.0000000,14.3000000,41.0000000,8.0000000,5.0000000,16.8000000,1567.5854492,1566.7952881
1784,2023-10-24,2024,Group stage,Tue,Champions Lg,19:45 (18:45),tr Galatasaray,L,1.0000000,3.0000000,Bayern Munich,2.7000000,1.9000000,52.0000000,14.0000000,6.0000000,14.9000000,48.0000000,14.0000000,6.0000000,14.9000000,,1947.9061279
1785,2023-10-24,2024,Group stage,Tue,Champions Lg,21:00,Union Berlin,L,0.0000000,1.0000000,it Napoli,0.4000000,0.2000000,41.0000000,11.0000000,2.0000000,19.8000000,59.0000000,11.0000000,2.0000000,19.8000000,1666.5141602,
1786,2023-10-25,2024,Group stage,Wed,Champions Lg,20:00 (21:00),eng Newcastle Utd,L,0.0000000,1.0000000,Dortmund,1.1000000,1.8000000,59.0000000,13.0000000,5.0000000,17.4000000,41.0000000,13.0000000,5.0000000,17.4000000,,1839.8861084
1787,2023-10-25,2024,Group stage,Wed,Champions Lg,21:00,RB Leipzig,W,3.0000000,1.0000000,rs Red Star,3.1000000,1.0000000,65.0000000,27.0000000,10.0000000,16.5000000,35.0000000,27.0000000,10.0000000,16.5000000,1836.2044678,
1788,2023-10-26,2024,Group stage,Thu,Conf Lg,21:00,Eint Frankfurt,W,6.0000000,0.0000000,fi HJK,3.5000000,0.5000000,59.0000000,23.0000000,9.0000000,18.3000000,41.0000000,23.0000000,9.0000000,18.3000000,1713.2410889,
1789,2023-10-26,2024,Group stage,Thu,Europa Lg,21:00,Leverkusen,W,5.0000000,1.0000000,az Qarabağ,2.5000000,0.9000000,61.0000000,21.0000000,10.0000000,16.4000000,39.0000000,21.0000000,10.0000000,16.4000000,1810.3256836,
1790,2023-10-26,2024,Group stage,Thu,Europa Lg,18:45,rs TSC,L,1.0000000,3.0000000,Freiburg,0.7000000,2.1000000,39.0000000,15.0000000,4.0000000,17.7000000,61.0000000,15.0000000,4.0000000,17.7000000,,1716.5164795
1791,2023-10-27,2024,Matchweek 9,Fri,Bundesliga,20:30,Bochum,D,2.0000000,2.0000000,Mainz 05,1.4000000,0.4000000,50.0000000,11.0000000,3.0000000,19.3000000,50.0000000,9.0000000,3.0000000,19.6000000,1593.4860840,1625.3342285
1792,2023-10-28,2024,Matchweek 9,Sat,Bundesliga,15:30,Gladbach,W,2.0000000,1.0000000,Heidenheim,1.0000000,0.4000000,53.0000000,13.0000000,5.0000000,14.0000000,47.0000000,9.0000000,4.0000000,18.0000000,1658.7481690,1558.7497559
1793,2023-10-28,2024,Matchweek 9,Sat,Bundesliga,18:30,RB Leipzig,W,6.0000000,0.0000000,Köln,4.2000000,0.9000000,62.0000000,25.0000000,12.0000000,18.5000000,38.0000000,6.0000000,1.0000000,12.4000000,1845.9028320,1630.1057129
1794,2023-10-28,2024,Matchweek 9,Sat,Bundesliga,15:30,Stuttgart,L,2.0000000,3.0000000,Hoffenheim,3.6000000,1.7000000,73.0000000,22.0000000,9.0000000,18.2000000,27.0000000,6.0000000,4.0000000,20.0000000,1714.9389648,1668.9636231
1795,2023-10-28,2024,Matchweek 9,Sat,Bundesliga,15:30,Bayern Munich,W,8.0000000,0.0000000,Darmstadt 98,5.8000000,0.7000000,54.0000000,29.0000000,16.0000000,17.1000000,46.0000000,9.0000000,4.0000000,19.8000000,1962.0217285,1552.2515869
1796,2023-10-28,2024,Matchweek 9,Sat,Bundesliga,15:30,Werder Bremen,W,2.0000000,0.0000000,Union Berlin,0.8000000,0.6000000,56.0000000,10.0000000,4.0000000,20.2000000,44.0000000,7.0000000,2.0000000,18.4000000,1587.3933106,1669.8186035
1797,2023-10-28,2024,Matchweek 9,Sat,Bundesliga,15:30,Augsburg,W,3.0000000,2.0000000,Wolfsburg,1.4000000,1.4000000,40.0000000,8.0000000,5.0000000,11.4000000,60.0000000,12.0000000,5.0000000,20.9000000,1591.4598389,1706.8037109
1798,2023-10-29,2024,Matchweek 9,Sun,Bundesliga,15:30,Eint Frankfurt,D,3.0000000,3.0000000,Dortmund,2.2000000,2.2000000,41.0000000,11.0000000,6.0000000,14.7000000,59.0000000,14.0000000,4.0000000,14.5000000,1717.8073731,1858.5028076
1799,2023-10-29,2024,Matchweek 9,Sun,Bundesliga,17:30,Leverkusen,W,2.0000000,1.0000000,Freiburg,1.4000000,0.9000000,70.0000000,18.0000000,4.0000000,20.5000000,30.0000000,10.0000000,3.0000000,15.4000000,1817.3739014,1721.8937988
1800,2023-10-31,2024,Round of 32,Tue,DFB-Pokal,20:45,Kaiserslautern,W,3.0000000,2.0000000,Köln,,,27.0000000,13.0000000,3.0000000,,73.0000000,13.0000000,3.0000000,,,1630.1057129
1801,2023-10-31,2024,Round of 32,Tue,DFB-Pokal,18:00,Stuttgart,W,1.0000000,0.0000000,Union Berlin,,,62.0000000,16.0000000,3.0000000,,38.0000000,7.0000000,0.0000000,,1704.1494141,1669.8186035
1802,2023-10-31,2024,Round of 32,Tue,DFB-Pokal,18:00,Wolfsburg,W,1.0000000,0.0000000,RB Leipzig,,,34.0000000,12.0000000,5.0000000,,66.0000000,11.0000000,1.0000000,,1706.8037109,1845.9028320
1803,2023-10-31,2024,Round of 32,Tue,DFB-Pokal,20:45,Gladbach,W,3.0000000,1.0000000,Heidenheim,,,48.0000000,14.0000000,4.0000000,,52.0000000,5.0000000,1.0000000,,1662.6643066,1558.7497559
1804,2023-11-01,2024,Round of 32,Wed,DFB-Pokal,20:45,Saarbrücken,W,2.0000000,1.0000000,Bayern Munich,,,25.0000000,18.0000000,7.0000000,,75.0000000,18.0000000,7.0000000,,,1962.0217285
1805,2023-11-01,2024,Round of 32,Wed,DFB-Pokal,20:45,Viktoria Köln,L,0.0000000,2.0000000,Eint Frankfurt,,,44.0000000,12.0000000,7.0000000,,56.0000000,12.0000000,7.0000000,,,1719.7691650
1806,2023-11-01,2024,Round of 32,Wed,DFB-Pokal,20:45,Hertha BSC,W,3.0000000,0.0000000,Mainz 05,,,43.0000000,9.0000000,1.0000000,,57.0000000,9.0000000,1.0000000,,1538.5750732,1626.3936768
1807,2023-11-01,2024,Round of 32,Wed,DFB-Pokal,18:00,Freiburg,L,1.0000000,3.0000000,Paderborn 07,,,65.0000000,20.0000000,9.0000000,,35.0000000,20.0000000,9.0000000,,1721.8937988,1514.5334473
1808,2023-11-01,2024,Round of 32,Wed,DFB-Pokal,18:00,Dortmund,W,1.0000000,0.0000000,Hoffenheim,,,54.0000000,22.0000000,7.0000000,,46.0000000,6.0000000,3.0000000,,1858.5028076,1679.7531738
1809,2023-11-01,2024,Round of 32,Wed,DFB-Pokal,18:00,Sandhausen,L,2.0000000,5.0000000,Leverkusen,,,27.0000000,30.0000000,11.0000000,,73.0000000,30.0000000,11.0000000,,,1817.3739014
1810,2023-11-03,2024,Matchweek 10,Fri,Bundesliga,20:30,Darmstadt 98,L,1.0000000,2.0000000,Bochum,0.7000000,1.2000000,58.0000000,15.0000000,4.0000000,20.7000000,42.0000000,9.0000000,4.0000000,19.7000000,1550.2807617,1592.4266357
1811,2023-11-04,2024,Matchweek 10,Sat,Bundesliga,15:30,Mainz 05,W,2.0000000,0.0000000,RB Leipzig,0.9000000,0.5000000,33.0000000,10.0000000,3.0000000,17.6000000,67.0000000,10.0000000,1.0000000,18.1000000,1626.3936768,1851.3526611
1812,2023-11-04,2024,Matchweek 10,Sat,Bundesliga,15:30,Freiburg,D,3.0000000,3.0000000,Gladbach,3.3000000,2.2000000,59.0000000,15.0000000,7.0000000,14.4000000,41.0000000,9.0000000,4.0000000,24.0000000,1717.8836670,1662.6643066
1813,2023-11-04,2024,Matchweek 10,Sat,Bundesliga,18:30,Dortmund,L,0.0000000,4.0000000,Bayern Munich,1.0000000,3.2000000,49.0000000,15.0000000,1.0000000,20.2000000,51.0000000,14.0000000,8.0000000,12.2000000,1856.5410156,1963.9925537
1814,2023-11-04,2024,Matchweek 10,Sat,Bundesliga,15:30,Hoffenheim,L,2.0000000,3.0000000,Leverkusen,1.7000000,1.0000000,47.0000000,12.0000000,7.0000000,20.8000000,53.0000000,9.0000000,5.0000000,17.8000000,1679.7531738,1821.3840332
1815,2023-11-04,2024,Matchweek 10,Sat,Bundesliga,15:30,Union Berlin,L,0.0000000,3.0000000,Eint Frankfurt,0.7000000,1.6000000,50.0000000,11.0000000,3.0000000,18.5000000,50.0000000,4.0000000,3.0000000,9.6000000,1658.0296631,1719.7691650
1816,2023-11-04,2024,Matchweek 10,Sat,Bundesliga,15:30,Köln,D,1.0000000,1.0000000,Augsburg,2.0000000,2.6000000,59.0000000,26.0000000,11.0000000,17.7000000,41.0000000,18.0000000,2.0000000,15.4000000,1624.6558838,1600.5997315
1817,2023-11-05,2024,Matchweek 10,Sun,Bundesliga,15:30,Wolfsburg,D,2.0000000,2.0000000,Werder Bremen,1.6000000,1.2000000,56.0000000,14.0000000,4.0000000,17.8000000,44.0000000,13.0000000,4.0000000,14.0000000,1697.6638184,1599.1822510
1818,2023-11-05,2024,Matchweek 10,Sun,Bundesliga,17:30,Heidenheim,W,2.0000000,0.0000000,Stuttgart,1.2000000,2.6000000,32.0000000,19.0000000,3.0000000,19.0000000,68.0000000,16.0000000,1.0000000,16.4000000,1554.8334961,1704.1494141
1819,2023-11-07,2024,Group stage,Tue,Champions Lg,21:00,rs Red Star,L,1.0000000,2.0000000,RB Leipzig,1.5000000,2.3000000,50.0000000,24.0000000,4.0000000,20.4000000,50.0000000,24.0000000,4.0000000,20.4000000,,1834.5555420
1820,2023-11-07,2024,Group stage,Tue,Champions Lg,18:45,Dortmund,W,2.0000000,0.0000000,eng Newcastle Utd,1.4000000,0.6000000,46.0000000,17.0000000,8.0000000,19.6000000,54.0000000,17.0000000,8.0000000,19.6000000,1843.1925049,
1821,2023-11-08,2024,Group stage,Wed,Champions Lg,21:00,Bayern Munich,W,2.0000000,1.0000000,tr Galatasaray,2.5000000,0.7000000,61.0000000,16.0000000,4.0000000,13.6000000,39.0000000,16.0000000,4.0000000,13.6000000,1981.8477783,
1822,2023-11-08,2024,Group stage,Wed,Champions Lg,18:45,it Napoli,D,1.0000000,1.0000000,Union Berlin,1.7000000,1.1000000,73.0000000,15.0000000,6.0000000,19.9000000,27.0000000,15.0000000,6.0000000,19.9000000,,1648.1342773
1823,2023-11-09,2024,Group stage,Thu,Conf Lg,19:45 (18:45),fi HJK,L,0.0000000,1.0000000,Eint Frankfurt,0.8000000,2.0000000,44.0000000,16.0000000,7.0000000,11.2000000,56.0000000,16.0000000,7.0000000,11.2000000,,1741.6146240
1824,2023-11-09,2024,Group stage,Thu,Europa Lg,21:00,Freiburg,W,5.0000000,0.0000000,rs TSC,3.7000000,0.2000000,63.0000000,29.0000000,10.0000000,14.5000000,37.0000000,29.0000000,10.0000000,14.5000000,1721.9238281,
1825,2023-11-09,2024,Group stage,Thu,Europa Lg,21:45 (18:45),az Qarabağ,L,0.0000000,1.0000000,Leverkusen,0.9000000,1.7000000,38.0000000,10.0000000,2.0000000,19.7000000,62.0000000,10.0000000,2.0000000,19.7000000,,1834.7187500
1826,2023-11-10,2024,Matchweek 11,Fri,Bundesliga,20:30,Gladbach,W,4.0000000,0.0000000,Wolfsburg,1.5000000,0.5000000,47.0000000,15.0000000,8.0000000,16.4000000,53.0000000,12.0000000,4.0000000,20.6000000,1675.8140869,1703.0216065
1827,2023-11-11,2024,Matchweek 11,Sat,Bundesliga,15:30,Bayern Munich,W,4.0000000,2.0000000,Heidenheim,2.0000000,0.9000000,72.0000000,19.0000000,8.0000000,13.8000000,28.0000000,8.0000000,2.0000000,12.3000000,1988.6943359,1578.8481445
1828,2023-11-11,2024,Matchweek 11,Sat,Bundesliga,15:30,Augsburg,D,1.0000000,1.0000000,Hoffenheim,1.0000000,0.8000000,34.0000000,11.0000000,6.0000000,11.7000000,66.0000000,12.0000000,6.0000000,17.0000000,1612.9335938,1683.6082764
1829,2023-11-11,2024,Matchweek 11,Sat,Bundesliga,15:30,Stuttgart,W,2.0000000,1.0000000,Dortmund,4.2000000,1.0000000,59.0000000,20.0000000,8.0000000,14.8000000,41.0000000,5.0000000,1.0000000,20.9000000,1699.6285400,1863.0650635
1830,2023-11-11,2024,Matchweek 11,Sat,Bundesliga,18:30,Bochum,D,1.0000000,1.0000000,Köln,3.7000000,0.9000000,52.0000000,25.0000000,9.0000000,16.8000000,48.0000000,11.0000000,6.0000000,14.4000000,1610.8883057,1631.8156738
1831,2023-11-11,2024,Matchweek 11,Sat,Bundesliga,15:30,Darmstadt 98,D,0.0000000,0.0000000,Mainz 05,0.5000000,0.7000000,56.0000000,10.0000000,3.0000000,20.4000000,44.0000000,11.0000000,1.0000000,18.5000000,1551.3127441,1652.9376221
1832,2023-11-12,2024,Matchweek 11,Sun,Bundesliga,19:30,RB Leipzig,W,3.0000000,1.0000000,Freiburg,1.9000000,0.5000000,61.0000000,14.0000000,5.0000000,18.1000000,39.0000000,9.0000000,3.0000000,16.1000000,1847.7132568,1725.9268799
1833,2023-11-12,2024,Matchweek 11,Sun,Bundesliga,17:30,Werder Bremen,D,2.0000000,2.0000000,Eint Frankfurt,1.5000000,2.0000000,49.0000000,12.0000000,4.0000000,21.8000000,51.0000000,14.0000000,3.0000000,17.3000000,1613.3182373,1745.3365478
1834,2023-11-12,2024,Matchweek 11,Sun,Bundesliga,15:30,Leverkusen,W,4.0000000,0.0000000,Union Berlin,2.4000000,0.0000000,69.0000000,18.0000000,10.0000000,15.6000000,31.0000000,2.0000000,2.0000000,20.4000000,1840.9133301,1660.6307373
1835,2023-11-24,2024,Matchweek 12,Fri,Bundesliga,20:30,Köln,L,0.0000000,1.0000000,Bayern Munich,0.2000000,3.5000000,32.0000000,6.0000000,1.0000000,21.8000000,68.0000000,21.0000000,4.0000000,12.7000000,1633.0788574,1989.7015381
1836,2023-11-25,2024,Matchweek 12,Sat,Bundesliga,15:30,Werder Bremen,L,0.0000000,3.0000000,Leverkusen,0.2000000,1.0000000,41.0000000,2.0000000,1.0000000,12.1000000,59.0000000,14.0000000,4.0000000,16.8000000,1615.2022705,1846.4454346
1837,2023-11-25,2024,Matchweek 12,Sat,Bundesliga,18:30,Eint Frankfurt,L,1.0000000,2.0000000,Stuttgart,0.9000000,2.3000000,57.0000000,14.0000000,1.0000000,20.3000000,43.0000000,11.0000000,4.0000000,17.3000000,1743.4523926,1710.0718994
1838,2023-11-25,2024,Matchweek 12,Sat,Bundesliga,15:30,Freiburg,D,1.0000000,1.0000000,Darmstadt 98,1.6000000,0.4000000,66.0000000,15.0000000,3.0000000,18.6000000,34.0000000,7.0000000,1.0000000,19.7000000,1720.7709961,1552.3615723
1839,2023-11-25,2024,Matchweek 12,Sat,Bundesliga,15:30,Union Berlin,D,1.0000000,1.0000000,Augsburg,2.1000000,1.7000000,61.0000000,14.0000000,5.0000000,17.3000000,39.0000000,10.0000000,1.0000000,18.6000000,1655.0987549,1613.0954590
1840,2023-11-25,2024,Matchweek 12,Sat,Bundesliga,15:30,Wolfsburg,W,2.0000000,1.0000000,RB Leipzig,0.9000000,2.7000000,36.0000000,10.0000000,4.0000000,17.9000000,64.0000000,25.0000000,9.0000000,15.3000000,1689.1800537,1852.8690185
1841,2023-11-25,2024,Matchweek 12,Sat,Bundesliga,15:30,Dortmund,W,4.0000000,2.0000000,Gladbach,3.2000000,1.0000000,51.0000000,23.0000000,13.0000000,15.2000000,49.0000000,10.0000000,3.0000000,16.1000000,1852.6217041,1689.6556397
1842,2023-11-26,2024,Matchweek 12,Sun,Bundesliga,17:30,Hoffenheim,D,1.0000000,1.0000000,Mainz 05,1.2000000,1.8000000,53.0000000,15.0000000,4.0000000,17.7000000,47.0000000,13.0000000,4.0000000,22.3000000,1683.4464111,1651.8887940
1843,2023-11-26,2024,Matchweek 12,Sun,Bundesliga,15:30,Heidenheim,D,0.0000000,0.0000000,Bochum,0.8000000,0.4000000,49.0000000,9.0000000,3.0000000,17.6000000,51.0000000,10.0000000,2.0000000,21.8000000,1577.8408203,1609.6251221
1844,2023-11-28,2024,Group stage,Tue,Champions Lg,20:00 (21:00),eng Manchester City,W,3.0000000,2.0000000,RB Leipzig,1.8000000,0.5000000,70.0000000,5.0000000,3.0000000,21.2000000,30.0000000,5.0000000,3.0000000,21.2000000,,1842.3918457
1845,2023-11-28,2024,Group stage,Tue,Champions Lg,21:00,it Milan,L,1.0000000,3.0000000,Dortmund,2.1000000,1.8000000,54.0000000,11.0000000,3.0000000,18.7000000,46.0000000,11.0000000,3.0000000,18.7000000,,1856.5947266
1846,2023-11-29,2024,Group stage,Wed,Champions Lg,21:00,Bayern Munich,D,0.0000000,0.0000000,dk FC Copenhagen,0.7000000,0.7000000,62.0000000,9.0000000,2.0000000,16.7000000,38.0000000,9.0000000,2.0000000,16.7000000,1995.5511475,
1847,2023-11-29,2024,Group stage,Wed,Champions Lg,20:00 (21:00),pt Braga,D,1.0000000,1.0000000,Union Berlin,1.8000000,0.8000000,53.0000000,6.0000000,2.0000000,12.8000000,47.0000000,6.0000000,2.0000000,12.8000000,,1655.8203125
1848,2023-11-30,2024,Group stage,Thu,Europa Lg,21:00,se Häcken,L,0.0000000,2.0000000,Leverkusen,1.3000000,1.7000000,46.0000000,10.0000000,5.0000000,16.4000000,54.0000000,10.0000000,5.0000000,16.4000000,,1855.1091309
1849,2023-11-30,2024,Group stage,Thu,Europa Lg,18:45,Freiburg,W,5.0000000,0.0000000,gr Olympiacos,1.4000000,0.7000000,54.0000000,12.0000000,6.0000000,15.8000000,46.0000000,12.0000000,6.0000000,15.8000000,1716.6496582,
1850,2023-11-30,2024,Group stage,Thu,Conf Lg,21:00,Eint Frankfurt,L,1.0000000,2.0000000,gr PAOK,1.7000000,1.8000000,62.0000000,21.0000000,7.0000000,15.3000000,38.0000000,21.0000000,7.0000000,15.3000000,1734.5874023,
1851,2023-12-01,2024,Matchweek 13,Fri,Bundesliga,20:30,Darmstadt 98,L,0.0000000,1.0000000,Köln,0.7000000,1.5000000,45.0000000,11.0000000,2.0000000,20.6000000,55.0000000,12.0000000,6.0000000,19.0000000,1558.6358643,1631.3642578
1852,2023-12-02,2024,Matchweek 13,Sat,Bundesliga,15:30,RB Leipzig,W,2.0000000,1.0000000,Heidenheim,4.0000000,1.0000000,70.0000000,22.0000000,7.0000000,15.2000000,30.0000000,7.0000000,1.0000000,17.9000000,1840.7694092,1577.2139893
1853,2023-12-02,2024,Matchweek 13,Sat,Bundesliga,18:30,Stuttgart,W,2.0000000,0.0000000,Werder Bremen,3.5000000,0.8000000,58.0000000,18.0000000,5.0000000,15.6000000,42.0000000,12.0000000,3.0000000,15.2000000,1721.0897217,1608.6914062
1854,2023-12-02,2024,Matchweek 13,Sat,Bundesliga,15:30,Gladbach,W,2.0000000,1.0000000,Hoffenheim,1.6000000,1.4000000,49.0000000,8.0000000,2.0000000,21.9000000,51.0000000,19.0000000,5.0000000,18.0000000,1686.0571289,1681.0659180
1855,2023-12-02,2024,Matchweek 13,Sat,Bundesliga,15:30,Bochum,W,3.0000000,1.0000000,Wolfsburg,1.5000000,1.3000000,44.0000000,20.0000000,8.0000000,17.4000000,56.0000000,16.0000000,6.0000000,19.0000000,1611.0010986,1700.0317383
1856,2023-12-03,2024,Matchweek 13,Sun,Bundesliga,19:30,Augsburg,W,2.0000000,1.0000000,Eint Frankfurt,1.4000000,1.0000000,36.0000000,7.0000000,3.0000000,18.1000000,64.0000000,14.0000000,6.0000000,19.0000000,1616.5087891,1719.3327637
1857,2023-12-03,2024,Matchweek 13,Sun,Bundesliga,15:30,Mainz 05,L,0.0000000,1.0000000,Freiburg,2.3000000,0.9000000,61.0000000,20.0000000,5.0000000,13.9000000,39.0000000,13.0000000,5.0000000,17.1000000,1655.0183106,1722.8693848
1858,2023-12-03,2024,Matchweek 13,Sun,Bundesliga,17:30,Leverkusen,D,1.0000000,1.0000000,Dortmund,2.1000000,0.7000000,69.0000000,23.0000000,6.0000000,20.3000000,31.0000000,6.0000000,2.0000000,15.9000000,1855.6269531,1870.3590088
1859,2023-12-05,2024,Round of 16,Tue,DFB-Pokal,20:45,Gladbach,W,1.0000000,0.0000000,Wolfsburg,,,50.0000000,11.0000000,3.0000000,,50.0000000,14.0000000,3.0000000,,1692.0219727,1687.9852295
1860,2023-12-06,2024,Round of 16,Wed,DFB-Pokal,18:00,Saarbrücken,W,2.0000000,0.0000000,Eint Frankfurt,,,39.0000000,8.0000000,2.0000000,,61.0000000,8.0000000,2.0000000,,,1719.3327637
1861,2023-12-06,2024,Round of 16,Wed,DFB-Pokal,20:45,Stuttgart,W,2.0000000,0.0000000,Dortmund,,,54.0000000,17.0000000,7.0000000,,46.0000000,11.0000000,4.0000000,,1726.4028320,1870.3590088
1862,2023-12-06,2024,Round of 16,Wed,DFB-Pokal,18:00,Leverkusen,W,3.0000000,1.0000000,Paderborn 07,,,65.0000000,15.0000000,8.0000000,,35.0000000,15.0000000,8.0000000,,1855.6269531,1499.9332275
1863,2023-12-08,2024,Matchweek 14,Fri,Bundesliga,20:30,Hoffenheim,W,3.0000000,1.0000000,Bochum,1.5000000,1.5000000,42.0000000,17.0000000,7.0000000,18.7000000,58.0000000,22.0000000,5.0000000,21.0000000,1675.1010742,1623.0477295
1864,2023-12-09,2024,Matchweek 14,Sat,Bundesliga,18:30,Dortmund,L,2.0000000,3.0000000,RB Leipzig,1.5000000,2.8000000,53.0000000,18.0000000,6.0000000,16.1000000,47.0000000,26.0000000,8.0000000,16.6000000,1871.8691406,1842.4904785
1865,2023-12-09,2024,Matchweek 14,Sat,Bundesliga,15:30,Heidenheim,W,3.0000000,2.0000000,Darmstadt 98,1.4000000,0.9000000,44.0000000,16.0000000,7.0000000,17.0000000,56.0000000,20.0000000,7.0000000,20.9000000,1575.4929199,1550.8408203
1866,2023-12-09,2024,Matchweek 14,Sat,Bundesliga,15:30,Eint Frankfurt,W,5.0000000,1.0000000,Bayern Munich,1.3000000,2.1000000,36.0000000,14.0000000,6.0000000,17.1000000,64.0000000,20.0000000,4.0000000,14.9000000,1710.3897705,1983.5899658
1867,2023-12-09,2024,Matchweek 14,Sat,Bundesliga,15:30,Werder Bremen,W,2.0000000,0.0000000,Augsburg,1.5000000,0.7000000,48.0000000,14.0000000,5.0000000,17.9000000,52.0000000,11.0000000,1.0000000,19.8000000,1603.3781738,1625.4519043
1868,2023-12-09,2024,Matchweek 14,Sat,Bundesliga,15:30,Union Berlin,W,3.0000000,1.0000000,Gladbach,2.1000000,1.1000000,38.0000000,15.0000000,5.0000000,16.8000000,62.0000000,11.0000000,3.0000000,20.7000000,1654.9747315,1692.0219727
1869,2023-12-09,2024,Matchweek 14,Sat,Bundesliga,15:30,Wolfsburg,L,0.0000000,1.0000000,Freiburg,1.2000000,1.1000000,58.0000000,10.0000000,2.0000000,15.8000000,42.0000000,4.0000000,1.0000000,13.0000000,1687.9852295,1730.8411865
1870,2023-12-10,2024,Matchweek 14,Sun,Bundesliga,15:30,Stuttgart,D,1.0000000,1.0000000,Leverkusen,2.6000000,1.3000000,52.0000000,22.0000000,10.0000000,20.1000000,48.0000000,18.0000000,5.0000000,14.9000000,1726.4028320,1854.1166992
1871,2023-12-10,2024,Matchweek 14,Sun,Bundesliga,17:30,Köln,D,0.0000000,0.0000000,Mainz 05,0.3000000,1.4000000,54.0000000,5.0000000,3.0000000,22.3000000,46.0000000,13.0000000,5.0000000,14.6000000,1639.1591797,1647.0465088
1872,2023-12-12,2024,Group stage,Tue,Champions Lg,20:00 (21:00),eng Manchester Utd,L,0.0000000,1.0000000,Bayern Munich,0.3000000,1.2000000,41.0000000,10.0000000,3.0000000,16.4000000,59.0000000,10.0000000,3.0000000,16.4000000,,1957.6665039
1873,2023-12-12,2024,Group stage,Tue,Champions Lg,21:00,Union Berlin,L,2.0000000,3.0000000,es Real Madrid,1.1000000,2.9000000,26.0000000,8.0000000,5.0000000,14.5000000,74.0000000,8.0000000,5.0000000,14.5000000,1665.1539307,
1874,2023-12-13,2024,Group stage,Wed,Champions Lg,21:00,Dortmund,D,1.0000000,1.0000000,fr Paris S-G,1.4000000,2.8000000,41.0000000,10.0000000,6.0000000,19.3000000,59.0000000,10.0000000,6.0000000,19.3000000,1862.4547119,
1875,2023-12-13,2024,Group stage,Wed,Champions Lg,18:45,RB Leipzig,W,2.0000000,1.0000000,ch Young Boys,0.7000000,1.5000000,53.0000000,10.0000000,2.0000000,20.2000000,47.0000000,10.0000000,2.0000000,20.2000000,1853.7573242,
1876,2023-12-14,2024,Group stage,Thu,Europa Lg,20:00 (21:00),eng West Ham,W,2.0000000,0.0000000,Freiburg,1.6000000,0.4000000,57.0000000,12.0000000,4.0000000,16.3000000,43.0000000,12.0000000,4.0000000,16.3000000,,1740.4283447
1877,2023-12-14,2024,Group stage,Thu,Europa Lg,18:45,Leverkusen,W,5.0000000,1.0000000,no Molde,1.6000000,0.5000000,67.0000000,20.0000000,9.0000000,19.0000000,33.0000000,20.0000000,9.0000000,19.0000000,1853.3962402,
1878,2023-12-14,2024,Group stage,Thu,Conf Lg,17:45 (18:45),sct Aberdeen,W,2.0000000,0.0000000,Eint Frankfurt,1.2000000,0.9000000,23.0000000,16.0000000,5.0000000,15.0000000,77.0000000,16.0000000,5.0000000,15.0000000,,1737.2758789
1879,2023-12-15,2024,Matchweek 15,Fri,Bundesliga,20:30,Gladbach,D,2.0000000,2.0000000,Werder Bremen,1.4000000,1.6000000,50.0000000,14.0000000,4.0000000,18.9000000,50.0000000,12.0000000,5.0000000,14.5000000,1674.0941162,1605.2031250
1880,2023-12-16,2024,Matchweek 15,Sat,Bundesliga,15:30,Mainz 05,L,0.0000000,1.0000000,Heidenheim,1.6000000,0.5000000,65.0000000,19.0000000,3.0000000,15.0000000,35.0000000,6.0000000,2.0000000,18.4000000,1641.0297852,1573.3491211
1881,2023-12-16,2024,Matchweek 15,Sat,Bundesliga,18:30,RB Leipzig,W,3.0000000,1.0000000,Hoffenheim,2.8000000,0.8000000,57.0000000,22.0000000,10.0000000,15.0000000,43.0000000,9.0000000,4.0000000,12.5000000,1847.0756836,1674.3713379
1882,2023-12-16,2024,Matchweek 15,Sat,Bundesliga,15:30,Darmstadt 98,L,0.0000000,1.0000000,Wolfsburg,0.6000000,0.6000000,63.0000000,13.0000000,4.0000000,20.9000000,37.0000000,11.0000000,2.0000000,24.2000000,1537.4873047,1671.6120606
1883,2023-12-16,2024,Matchweek 15,Sat,Bundesliga,15:30,Bochum,W,3.0000000,0.0000000,Union Berlin,2.8000000,0.7000000,49.0000000,21.0000000,6.0000000,17.9000000,51.0000000,9.0000000,1.0000000,13.0000000,1608.2801514,1654.2261963
1884,2023-12-16,2024,Matchweek 15,Sat,Bundesliga,15:30,Augsburg,D,1.0000000,1.0000000,Dortmund,1.8000000,2.6000000,37.0000000,20.0000000,3.0000000,17.0000000,63.0000000,24.0000000,7.0000000,16.4000000,1608.1295166,1851.8989258
1885,2023-12-17,2024,Matchweek 15,Sun,Bundesliga,17:30,Leverkusen,W,3.0000000,0.0000000,Eint Frankfurt,2.5000000,0.2000000,61.0000000,14.0000000,5.0000000,16.1000000,39.0000000,4.0000000,2.0000000,19.8000000,1847.0085449,1706.7796631
1886,2023-12-17,2024,Matchweek 15,Sun,Bundesliga,19:30,Bayern Munich,W,3.0000000,0.0000000,Stuttgart,2.8000000,0.4000000,38.0000000,17.0000000,8.0000000,14.3000000,62.0000000,6.0000000,2.0000000,17.0000000,1955.9362793,1720.3374023
1887,2023-12-17,2024,Matchweek 15,Sun,Bundesliga,15:30,Freiburg,W,2.0000000,0.0000000,Köln,3.0000000,1.2000000,52.0000000,22.0000000,7.0000000,15.2000000,48.0000000,7.0000000,1.0000000,18.4000000,1724.1461182,1629.6785889
1888,2023-12-19,2024,Matchweek 16,Tue,Bundesliga,18:30,Werder Bremen,D,1.0000000,1.0000000,RB Leipzig,1.5000000,1.7000000,45.0000000,11.0000000,1.0000000,15.1000000,55.0000000,17.0000000,8.0000000,16.1000000,1608.9121094,1850.9453125
1889,2023-12-19,2024,Matchweek 16,Tue,Bundesliga,20:30,Dortmund,D,1.0000000,1.0000000,Mainz 05,1.2000000,0.9000000,65.0000000,22.0000000,7.0000000,19.5000000,35.0000000,11.0000000,6.0000000,20.3000000,1847.1965332,1629.5847168
1890,2023-12-19,2024,Matchweek 16,Tue,Bundesliga,20:30,Hoffenheim,D,3.0000000,3.0000000,Darmstadt 98,3.5000000,0.8000000,45.0000000,13.0000000,3.0000000,14.1000000,55.0000000,15.0000000,3.0000000,20.2000000,1670.5018310,1531.3347168
1891,2023-12-20,2024,Matchweek 16,Wed,Bundesliga,20:30,Stuttgart,W,3.0000000,0.0000000,Augsburg,2.6000000,0.2000000,66.0000000,17.0000000,8.0000000,17.7000000,34.0000000,6.0000000,4.0000000,16.8000000,1716.8654785,1612.8319092
1892,2023-12-20,2024,Matchweek 16,Wed,Bundesliga,20:30,Eint Frankfurt,W,2.0000000,1.0000000,Gladbach,1.4000000,0.3000000,63.0000000,14.0000000,6.0000000,16.1000000,37.0000000,7.0000000,2.0000000,22.4000000,1701.0122070,1670.3851318
1893,2023-12-20,2024,Matchweek 16,Wed,Bundesliga,18:30,Union Berlin,W,2.0000000,0.0000000,Köln,1.5000000,0.8000000,40.0000000,11.0000000,6.0000000,13.2000000,60.0000000,16.0000000,7.0000000,19.4000000,1641.3006592,1623.7344971
1894,2023-12-20,2024,Matchweek 16,Wed,Bundesliga,20:30,Leverkusen,W,4.0000000,0.0000000,Bochum,3.3000000,0.4000000,69.0000000,15.0000000,7.0000000,13.9000000,31.0000000,6.0000000,1.0000000,15.5000000,1852.7760010,1621.2055664
1895,2023-12-20,2024,Matchweek 16,Wed,Bundesliga,20:30,Heidenheim,W,3.0000000,2.0000000,Freiburg,1.9000000,1.8000000,53.0000000,15.0000000,3.0000000,14.5000000,47.0000000,10.0000000,3.0000000,16.2000000,1584.7940674,1730.0903320
1896,2023-12-20,2024,Matchweek 16,Wed,Bundesliga,20:30,Wolfsburg,L,1.0000000,2.0000000,Bayern Munich,0.3000000,2.5000000,39.0000000,5.0000000,4.0000000,21.0000000,61.0000000,21.0000000,7.0000000,17.9000000,1677.7647705,1959.4082031
1897,2024-01-12,2024,Matchweek 17,Fri,Bundesliga,20:30,Bayern Munich,W,3.0000000,0.0000000,Hoffenheim,2.8000000,1.2000000,61.0000000,27.0000000,11.0000000,17.6000000,39.0000000,11.0000000,4.0000000,18.2000000,1962.5438232,1665.1732178
1898,2024-01-13,2024,Matchweek 17,Sat,Bundesliga,18:30,Darmstadt 98,L,0.0000000,3.0000000,Dortmund,1.0000000,3.1000000,48.0000000,11.0000000,2.0000000,20.4000000,52.0000000,17.0000000,8.0000000,18.4000000,1536.6633301,1840.4464111
1899,2024-01-13,2024,Matchweek 17,Sat,Bundesliga,15:30,RB Leipzig,L,0.0000000,1.0000000,Eint Frankfurt,3.5000000,1.1000000,62.0000000,31.0000000,8.0000000,13.3000000,38.0000000,5.0000000,1.0000000,12.9000000,1846.3001709,1706.4377441
1900,2024-01-13,2024,Matchweek 17,Sat,Bundesliga,15:30,Freiburg,D,0.0000000,0.0000000,Union Berlin,1.8000000,0.5000000,57.0000000,13.0000000,3.0000000,12.0000000,43.0000000,9.0000000,4.0000000,18.4000000,1720.0668945,1649.7034912
1901,2024-01-13,2024,Matchweek 17,Sat,Bundesliga,15:30,Mainz 05,D,1.0000000,1.0000000,Wolfsburg,0.4000000,0.6000000,52.0000000,11.0000000,2.0000000,18.3000000,48.0000000,9.0000000,4.0000000,16.2000000,1636.3349609,1674.6291504
1902,2024-01-13,2024,Matchweek 17,Sat,Bundesliga,15:30,Köln,D,1.0000000,1.0000000,Heidenheim,0.9000000,0.9000000,51.0000000,14.0000000,5.0000000,15.3000000,49.0000000,9.0000000,2.0000000,16.2000000,1615.3316650,1594.8175049
1903,2024-01-13,2024,Matchweek 17,Sat,Bundesliga,15:30,Augsburg,L,0.0000000,1.0000000,Leverkusen,0.4000000,2.0000000,24.0000000,3.0000000,0.0000000,20.1000000,76.0000000,24.0000000,6.0000000,17.9000000,1605.9749756,1856.8989258
1904,2024-01-14,2024,Matchweek 17,Sun,Bundesliga,15:30,Bochum,D,1.0000000,1.0000000,Werder Bremen,0.7000000,0.8000000,49.0000000,14.0000000,4.0000000,18.2000000,51.0000000,16.0000000,3.0000000,16.0000000,1617.0826416,1613.5572510
1905,2024-01-14,2024,Matchweek 17,Sun,Bundesliga,17:30,Gladbach,W,3.0000000,1.0000000,Stuttgart,1.9000000,0.9000000,29.0000000,8.0000000,4.0000000,12.5000000,71.0000000,15.0000000,2.0000000,21.0000000,1664.9597168,1723.7222900
1906,2024-01-20,2024,Matchweek 18,Sat,Bundesliga,15:30,Darmstadt 98,D,2.0000000,2.0000000,Eint Frankfurt,1.1000000,1.2000000,50.0000000,12.0000000,3.0000000,18.3000000,50.0000000,8.0000000,4.0000000,16.4000000,1531.8306885,1719.4669190
1907,2024-01-20,2024,Matchweek 18,Sat,Bundesliga,18:30,RB Leipzig,L,2.0000000,3.0000000,Leverkusen,1.6000000,2.0000000,40.0000000,10.0000000,6.0000000,15.7000000,60.0000000,18.0000000,5.0000000,15.8000000,1833.2709961,1860.6240234
1908,2024-01-20,2024,Matchweek 18,Sat,Bundesliga,15:30,Köln,L,0.0000000,4.0000000,Dortmund,1.3000000,3.4000000,39.0000000,19.0000000,5.0000000,17.4000000,61.0000000,10.0000000,6.0000000,16.9000000,1612.8039551,1845.2789307
1909,2024-01-20,2024,Matchweek 18,Sat,Bundesliga,15:30,Bochum,W,1.0000000,0.0000000,Stuttgart,0.9000000,1.4000000,38.0000000,6.0000000,1.0000000,16.0000000,62.0000000,19.0000000,5.0000000,14.2000000,1615.0777588,1712.9199219
1910,2024-01-20,2024,Matchweek 18,Sat,Bundesliga,15:30,Freiburg,W,3.0000000,2.0000000,Hoffenheim,2.7000000,1.4000000,44.0000000,18.0000000,9.0000000,15.6000000,56.0000000,16.0000000,4.0000000,18.2000000,1716.2515869,1662.8312988
1911,2024-01-20,2024,Matchweek 18,Sat,Bundesliga,15:30,Heidenheim,D,1.0000000,1.0000000,Wolfsburg,1.1000000,1.1000000,53.0000000,12.0000000,3.0000000,15.2000000,47.0000000,13.0000000,3.0000000,16.6000000,1597.3452148,1675.5178223
1912,2024-01-21,2024,Matchweek 18,Sun,Bundesliga,15:30,Bayern Munich,L,0.0000000,1.0000000,Werder Bremen,1.9000000,0.4000000,68.0000000,22.0000000,7.0000000,15.6000000,32.0000000,8.0000000,3.0000000,17.3000000,1964.8857422,1615.5621338
1913,2024-01-21,2024,Matchweek 18,Sun,Bundesliga,17:30,Gladbach,L,1.0000000,2.0000000,Augsburg,1.7000000,1.3000000,55.0000000,18.0000000,4.0000000,17.3000000,45.0000000,15.0000000,7.0000000,16.8000000,1675.7620850,1602.2498779
1914,2024-01-24,2024,Matchweek 13,Wed,Bundesliga,20:30,Bayern Munich,W,1.0000000,0.0000000,Union Berlin,2.1000000,0.2000000,72.0000000,22.0000000,10.0000000,16.6000000,28.0000000,4.0000000,1.0000000,19.3000000,1948.5596924,1653.5187988
1915,2024-01-26,2024,Matchweek 19,Fri,Bundesliga,20:30,Eint Frankfurt,W,1.0000000,0.0000000,Mainz 05,1.3000000,0.8000000,55.0000000,11.0000000,3.0000000,17.8000000,45.0000000,7.0000000,0.0000000,17.5000000,1716.1274414,1635.4462891
1916,2024-01-27,2024,Matchweek 19,Sat,Bundesliga,15:30,Hoffenheim,D,1.0000000,1.0000000,Heidenheim,2.8000000,1.1000000,67.0000000,22.0000000,6.0000000,17.1000000,33.0000000,14.0000000,3.0000000,21.4000000,1657.8436279,1597.6671143
1917,2024-01-27,2024,Matchweek 19,Sat,Bundesliga,15:30,Werder Bremen,W,3.0000000,1.0000000,Freiburg,2.5000000,1.2000000,42.0000000,13.0000000,2.0000000,20.4000000,58.0000000,6.0000000,3.0000000,16.0000000,1631.8881836,1721.2392578
1918,2024-01-27,2024,Matchweek 19,Sat,Bundesliga,15:30,Augsburg,L,2.0000000,3.0000000,Bayern Munich,2.6000000,2.3000000,42.0000000,13.0000000,5.0000000,18.4000000,58.0000000,13.0000000,4.0000000,14.2000000,1613.7546387,1950.0432129
1919,2024-01-27,2024,Matchweek 19,Sat,Bundesliga,18:30,Leverkusen,D,0.0000000,0.0000000,Gladbach,2.9000000,0.3000000,75.0000000,28.0000000,9.0000000,18.8000000,25.0000000,4.0000000,3.0000000,19.4000000,1869.6024170,1664.2572022
1920,2024-01-27,2024,Matchweek 19,Sat,Bundesliga,15:30,Wolfsburg,D,1.0000000,1.0000000,Köln,1.5000000,0.6000000,52.0000000,14.0000000,4.0000000,11.1000000,48.0000000,6.0000000,2.0000000,17.4000000,1675.1959228,1604.7604981
1921,2024-01-27,2024,Matchweek 19,Sat,Bundesliga,15:30,Stuttgart,W,5.0000000,2.0000000,RB Leipzig,2.2000000,0.4000000,54.0000000,17.0000000,8.0000000,19.1000000,46.0000000,4.0000000,2.0000000,20.2000000,1704.1301269,1824.2924805
1922,2024-01-28,2024,Matchweek 19,Sun,Bundesliga,17:30,Dortmund,W,3.0000000,1.0000000,Bochum,2.9000000,0.5000000,63.0000000,17.0000000,4.0000000,14.8000000,37.0000000,11.0000000,4.0000000,20.8000000,1853.3223877,1623.8676758
1923,2024-01-28,2024,Matchweek 19,Sun,Bundesliga,15:30,Union Berlin,W,1.0000000,0.0000000,Darmstadt 98,2.5000000,1.1000000,50.0000000,21.0000000,6.0000000,14.9000000,50.0000000,16.0000000,1.0000000,17.6000000,1652.0352783,1535.1701660
1924,2024-02-02,2024,Matchweek 20,Fri,Bundesliga,20:30,Heidenheim,D,0.0000000,0.0000000,Dortmund,1.2000000,0.6000000,31.0000000,12.0000000,0.0000000,14.5000000,69.0000000,14.0000000,5.0000000,18.1000000,1601.1704102,1856.2009277
1925,2024-02-03,2024,Matchweek 20,Sat,Bundesliga,15:30,Mainz 05,L,0.0000000,1.0000000,Werder Bremen,0.8000000,0.6000000,59.0000000,23.0000000,5.0000000,21.9000000,41.0000000,6.0000000,1.0000000,16.4000000,1630.9532471,1643.9528809
1926,2024-02-03,2024,Matchweek 20,Sat,Bundesliga,15:30,Freiburg,L,1.0000000,3.0000000,Stuttgart,0.7000000,1.7000000,35.0000000,6.0000000,3.0000000,11.4000000,65.0000000,17.0000000,9.0000000,17.7000000,1709.1745606,1720.0112305
1927,2024-02-03,2024,Matchweek 20,Sat,Bundesliga,15:30,Darmstadt 98,L,0.0000000,2.0000000,Leverkusen,0.6000000,1.9000000,33.0000000,8.0000000,6.0000000,16.9000000,67.0000000,20.0000000,7.0000000,18.1000000,1531.4158935,1863.0544434
1928,2024-02-03,2024,Matchweek 20,Sat,Bundesliga,15:30,Bochum,D,1.0000000,1.0000000,Augsburg,0.9000000,1.6000000,49.0000000,10.0000000,4.0000000,18.4000000,51.0000000,13.0000000,2.0000000,16.7000000,1620.9890137,1611.3585205
1929,2024-02-03,2024,Matchweek 20,Sat,Bundesliga,18:30,Köln,W,2.0000000,0.0000000,Eint Frankfurt,1.3000000,0.8000000,41.0000000,15.0000000,4.0000000,17.2000000,59.0000000,11.0000000,4.0000000,16.9000000,1608.5201416,1720.6204834
1930,2024-02-03,2024,Matchweek 20,Sat,Bundesliga,15:30,Bayern Munich,W,3.0000000,1.0000000,Gladbach,2.1000000,1.0000000,55.0000000,20.0000000,6.0000000,17.9000000,45.0000000,11.0000000,2.0000000,22.4000000,1952.4393310,1670.8051758
1931,2024-02-04,2024,Matchweek 20,Sun,Bundesliga,17:30,RB Leipzig,W,2.0000000,0.0000000,Union Berlin,1.1000000,0.5000000,66.0000000,16.0000000,6.0000000,15.9000000,34.0000000,10.0000000,2.0000000,19.3000000,1808.4112549,1655.7895508
1932,2024-02-04,2024,Matchweek 20,Sun,Bundesliga,15:30,Wolfsburg,D,2.0000000,2.0000000,Hoffenheim,1.7000000,1.7000000,45.0000000,13.0000000,6.0000000,16.4000000,55.0000000,17.0000000,7.0000000,18.3000000,1671.4362793,1654.3403320
1933,2024-02-06,2024,Quarter-finals,Tue,DFB-Pokal,20:45,Leverkusen,W,3.0000000,2.0000000,Stuttgart,,,56.0000000,16.0000000,6.0000000,,44.0000000,11.0000000,5.0000000,,1863.0544434,1720.0112305
1934,2024-02-07,2024,Matchweek 18,Wed,Bundesliga,18:30,Mainz 05,D,1.0000000,1.0000000,Union Berlin,1.3000000,1.0000000,46.0000000,16.0000000,6.0000000,14.6000000,54.0000000,16.0000000,4.0000000,16.7000000,1621.4636231,1651.3624268
1935,2024-02-09,2024,Matchweek 21,Fri,Bundesliga,20:30,Dortmund,W,3.0000000,0.0000000,Freiburg,1.9000000,0.3000000,66.0000000,17.0000000,8.0000000,14.6000000,34.0000000,6.0000000,3.0000000,19.0000000,1851.3197022,1695.7379150
1936,2024-02-10,2024,Matchweek 21,Sat,Bundesliga,18:30,Leverkusen,W,3.0000000,0.0000000,Bayern Munich,1.3000000,0.6000000,39.0000000,14.0000000,8.0000000,16.4000000,61.0000000,9.0000000,1.0000000,17.2000000,1866.5795898,1954.5395508
1937,2024-02-10,2024,Matchweek 21,Sat,Bundesliga,15:30,Augsburg,D,2.0000000,2.0000000,RB Leipzig,0.7000000,1.3000000,42.0000000,11.0000000,4.0000000,16.3000000,58.0000000,8.0000000,6.0000000,15.6000000,1613.6032715,1812.8383789
1938,2024-02-10,2024,Matchweek 21,Sat,Bundesliga,15:30,Gladbach,D,0.0000000,0.0000000,Darmstadt 98,1.5000000,0.7000000,58.0000000,24.0000000,8.0000000,19.1000000,42.0000000,10.0000000,1.0000000,21.5000000,1668.7049560,1527.8907471
1939,2024-02-10,2024,Matchweek 21,Sat,Bundesliga,15:30,Werder Bremen,L,1.0000000,2.0000000,Heidenheim,1.7000000,1.8000000,65.0000000,15.0000000,3.0000000,17.1000000,35.0000000,11.0000000,3.0000000,13.4000000,1653.4425049,1606.0516357
1940,2024-02-10,2024,Matchweek 21,Sat,Bundesliga,15:30,Eint Frankfurt,D,1.0000000,1.0000000,Bochum,2.4000000,1.5000000,53.0000000,9.0000000,2.0000000,12.6000000,47.0000000,14.0000000,5.0000000,22.1000000,1707.6433106,1618.7442627
1941,2024-02-10,2024,Matchweek 21,Sat,Bundesliga,15:30,Union Berlin,W,1.0000000,0.0000000,Wolfsburg,0.5000000,1.3000000,42.0000000,8.0000000,1.0000000,15.7000000,58.0000000,17.0000000,4.0000000,16.5000000,1652.5063477,1669.0263672
1942,2024-02-11,2024,Matchweek 21,Sun,Bundesliga,17:30,Hoffenheim,D,1.0000000,1.0000000,Köln,1.2000000,0.1000000,57.0000000,10.0000000,3.0000000,14.6000000,43.0000000,6.0000000,1.0000000,24.6000000,1656.7502441,1621.4973144
1943,2024-02-11,2024,Matchweek 21,Sun,Bundesliga,15:30,Stuttgart,W,3.0000000,1.0000000,Mainz 05,1.9000000,1.4000000,61.0000000,11.0000000,7.0000000,14.9000000,39.0000000,17.0000000,6.0000000,17.2000000,1733.4478760,1620.3197022
1944,2024-02-13,2024,Round of 16,Tue,Champions Lg,21:00,RB Leipzig,L,0.0000000,1.0000000,es Real Madrid,1.4000000,1.4000000,50.0000000,14.0000000,9.0000000,17.2000000,50.0000000,14.0000000,9.0000000,17.2000000,1809.2584228,
1945,2024-02-14,2024,Round of 16,Wed,Champions Lg,21:00,it Lazio,W,1.0000000,0.0000000,Bayern Munich,1.6000000,1.1000000,39.0000000,17.0000000,0.0000000,17.6000000,61.0000000,17.0000000,0.0000000,17.6000000,,1938.9691162
1946,2024-02-15,2024,Knockout round play-offs,Thu,Europa Lg,21:00,fr Lens,D,0.0000000,0.0000000,Freiburg,0.6000000,1.6000000,57.0000000,17.0000000,4.0000000,15.0000000,43.0000000,17.0000000,4.0000000,15.0000000,,1688.1542969
1947,2024-02-15,2024,Knockout round play-offs,Thu,Conf Lg,18:45,be Union SG,D,2.0000000,2.0000000,Eint Frankfurt,1.6000000,1.6000000,50.0000000,12.0000000,6.0000000,14.8000000,50.0000000,12.0000000,6.0000000,14.8000000,,1700.9586182
1948,2024-02-16,2024,Matchweek 22,Fri,Bundesliga,20:30,Köln,L,0.0000000,1.0000000,Werder Bremen,0.8000000,1.8000000,57.0000000,13.0000000,2.0000000,17.0000000,43.0000000,13.0000000,4.0000000,16.7000000,1623.7712402,1641.8638916
1949,2024-02-17,2024,Matchweek 22,Sat,Bundesliga,15:30,Darmstadt 98,L,1.0000000,2.0000000,Stuttgart,1.7000000,1.6000000,57.0000000,20.0000000,7.0000000,15.7000000,43.0000000,14.0000000,4.0000000,17.1000000,1532.6184082,1738.0989990
1950,2024-02-17,2024,Matchweek 22,Sat,Bundesliga,15:30,Wolfsburg,D,1.0000000,1.0000000,Dortmund,1.8000000,1.4000000,37.0000000,11.0000000,4.0000000,15.3000000,63.0000000,12.0000000,5.0000000,21.4000000,1661.5983887,1855.8040772
1951,2024-02-17,2024,Matchweek 22,Sat,Bundesliga,15:30,Mainz 05,W,1.0000000,0.0000000,Augsburg,2.1000000,1.0000000,46.0000000,17.0000000,4.0000000,16.7000000,54.0000000,10.0000000,3.0000000,15.5000000,1614.3237305,1616.5107422
1952,2024-02-17,2024,Matchweek 22,Sat,Bundesliga,15:30,Heidenheim,L,1.0000000,2.0000000,Leverkusen,0.4000000,1.9000000,39.0000000,6.0000000,3.0000000,20.5000000,61.0000000,18.0000000,3.0000000,15.7000000,1616.2855225,1880.4328613
1953,2024-02-17,2024,Matchweek 22,Sat,Bundesliga,18:30,RB Leipzig,W,2.0000000,0.0000000,Gladbach,1.7000000,0.7000000,49.0000000,16.0000000,9.0000000,16.3000000,51.0000000,15.0000000,0.0000000,17.3000000,1805.4310303,1662.6325684
1954,2024-02-17,2024,Matchweek 22,Sat,Bundesliga,15:30,Hoffenheim,L,0.0000000,1.0000000,Union Berlin,1.0000000,1.4000000,66.0000000,18.0000000,4.0000000,19.5000000,34.0000000,10.0000000,3.0000000,17.0000000,1653.1315918,1658.5895996
1955,2024-02-18,2024,Matchweek 22,Sun,Bundesliga,17:30,Bochum,W,3.0000000,2.0000000,Bayern Munich,1.7000000,3.3000000,32.0000000,12.0000000,3.0000000,19.5000000,68.0000000,27.0000000,9.0000000,14.6000000,1622.3298340,1935.1591797
1956,2024-02-18,2024,Matchweek 22,Sun,Bundesliga,15:30,Freiburg,D,3.0000000,3.0000000,Eint Frankfurt,2.2000000,1.0000000,54.0000000,12.0000000,6.0000000,18.0000000,46.0000000,10.0000000,5.0000000,15.7000000,1692.9530029,1705.0047607
1957,2024-02-20,2024,Round of 16,Tue,Champions Lg,21:00,nl PSV Eindhoven,D,1.0000000,1.0000000,Dortmund,1.6000000,0.9000000,55.0000000,8.0000000,5.0000000,13.3000000,45.0000000,8.0000000,5.0000000,13.3000000,,1852.3790283
1958,2024-02-22,2024,Knockout round play-offs,Thu,Conf Lg,21:00,Eint Frankfurt,L,1.0000000,2.0000000,be Union SG,1.2000000,0.8000000,53.0000000,10.0000000,3.0000000,13.4000000,47.0000000,10.0000000,3.0000000,13.4000000,1707.3206787,
1959,2024-02-22,2024,Knockout round play-offs,Thu,Europa Lg,18:45,Freiburg,W,3.0000000,2.0000000,fr Lens,3.2000000,0.8000000,49.0000000,24.0000000,8.0000000,14.5000000,51.0000000,24.0000000,8.0000000,14.5000000,1692.0181885,
1960,2024-02-23,2024,Matchweek 23,Fri,Bundesliga,20:30,Leverkusen,W,2.0000000,1.0000000,Mainz 05,1.1000000,1.1000000,67.0000000,17.0000000,7.0000000,19.8000000,33.0000000,13.0000000,4.0000000,20.3000000,1884.0411377,1620.7236328
1961,2024-02-24,2024,Matchweek 23,Sat,Bundesliga,15:30,Gladbach,W,5.0000000,2.0000000,Bochum,3.5000000,1.6000000,48.0000000,21.0000000,5.0000000,16.9000000,52.0000000,16.0000000,4.0000000,16.2000000,1658.2833252,1636.1900635
1962,2024-02-24,2024,Matchweek 23,Sat,Bundesliga,15:30,Werder Bremen,D,1.0000000,1.0000000,Darmstadt 98,1.8000000,1.0000000,55.0000000,15.0000000,4.0000000,16.7000000,45.0000000,12.0000000,3.0000000,15.9000000,1651.3509522,1528.0626221
1963,2024-02-24,2024,Matchweek 23,Sat,Bundesliga,15:30,Union Berlin,D,2.0000000,2.0000000,Heidenheim,1.1000000,1.1000000,58.0000000,12.0000000,3.0000000,16.7000000,42.0000000,10.0000000,4.0000000,20.2000000,1668.3627930,1612.8035889
1964,2024-02-24,2024,Matchweek 23,Sat,Bundesliga,15:30,Stuttgart,D,1.0000000,1.0000000,Köln,2.2000000,0.7000000,74.0000000,13.0000000,5.0000000,14.0000000,26.0000000,12.0000000,6.0000000,19.3000000,1742.7811279,1614.4104004
1965,2024-02-24,2024,Matchweek 23,Sat,Bundesliga,18:30,Bayern Munich,W,2.0000000,1.0000000,RB Leipzig,1.5000000,0.9000000,57.0000000,16.0000000,4.0000000,16.3000000,43.0000000,11.0000000,6.0000000,20.5000000,1921.4251709,1809.9066162
1966,2024-02-25,2024,Matchweek 23,Sun,Bundesliga,17:30,Dortmund,L,2.0000000,3.0000000,Hoffenheim,1.9000000,1.3000000,69.0000000,21.0000000,7.0000000,15.9000000,31.0000000,9.0000000,5.0000000,16.6000000,1854.5427246,1643.4846191
1967,2024-02-25,2024,Matchweek 23,Sun,Bundesliga,19:30,Augsburg,W,2.0000000,1.0000000,Freiburg,1.6000000,1.6000000,63.0000000,19.0000000,8.0000000,15.6000000,37.0000000,4.0000000,0.0000000,19.7000000,1610.2371826,1701.6746826
1968,2024-02-25,2024,Matchweek 23,Sun,Bundesliga,15:30,Eint Frankfurt,D,2.0000000,2.0000000,Wolfsburg,0.9000000,1.0000000,57.0000000,12.0000000,5.0000000,14.9000000,43.0000000,14.0000000,8.0000000,17.7000000,1694.4924316,1665.0866699
1969,2024-03-01,2024,Matchweek 24,Fri,Bundesliga,20:30,Freiburg,D,2.0000000,2.0000000,Bayern Munich,1.5000000,1.8000000,38.0000000,17.0000000,6.0000000,20.0000000,62.0000000,20.0000000,7.0000000,14.6000000,1693.1566162,1925.1544190
1970,2024-03-02,2024,Matchweek 24,Sat,Bundesliga,15:30,Union Berlin,L,0.0000000,2.0000000,Dortmund,1.2000000,1.6000000,39.0000000,14.0000000,3.0000000,16.7000000,61.0000000,13.0000000,7.0000000,16.2000000,1664.9155273,1840.2355957
1971,2024-03-02,2024,Matchweek 24,Sat,Bundesliga,15:30,Darmstadt 98,L,0.0000000,6.0000000,Augsburg,0.8000000,2.9000000,46.0000000,10.0000000,5.0000000,20.7000000,54.0000000,22.0000000,7.0000000,16.8000000,1533.1005859,1618.7552490
1972,2024-03-02,2024,Matchweek 24,Sat,Bundesliga,18:30,Wolfsburg,L,2.0000000,3.0000000,Stuttgart,0.8000000,1.1000000,42.0000000,12.0000000,2.0000000,15.8000000,58.0000000,6.0000000,2.0000000,22.3000000,1667.8751221,1737.6347656
1973,2024-03-02,2024,Matchweek 24,Sat,Bundesliga,15:30,Heidenheim,L,1.0000000,2.0000000,Eint Frankfurt,1.0000000,1.2000000,58.0000000,15.0000000,3.0000000,15.7000000,42.0000000,10.0000000,5.0000000,13.4000000,1616.2508545,1691.7039795
1974,2024-03-02,2024,Matchweek 24,Sat,Bundesliga,15:30,Mainz 05,D,1.0000000,1.0000000,Gladbach,1.0000000,1.0000000,43.0000000,19.0000000,3.0000000,18.9000000,57.0000000,14.0000000,5.0000000,16.1000000,1618.9967041,1668.0080566
1975,2024-03-02,2024,Matchweek 24,Sat,Bundesliga,15:30,Bochum,L,1.0000000,4.0000000,RB Leipzig,0.8000000,2.1000000,44.0000000,14.0000000,3.0000000,23.7000000,56.0000000,12.0000000,4.0000000,16.4000000,1626.4652100,1806.1773682
1976,2024-03-03,2024,Matchweek 24,Sun,Bundesliga,15:30,Köln,L,0.0000000,2.0000000,Leverkusen,1.0000000,1.5000000,23.0000000,6.0000000,0.0000000,11.0000000,77.0000000,17.0000000,5.0000000,16.9000000,1619.5567627,1885.7679443
1977,2024-03-03,2024,Matchweek 24,Sun,Bundesliga,17:30,Hoffenheim,W,2.0000000,1.0000000,Werder Bremen,1.7000000,1.3000000,47.0000000,14.0000000,7.0000000,18.2000000,53.0000000,18.0000000,7.0000000,17.3000000,1657.7917481,1646.3129883
1978,2024-03-05,2024,Round of 16,Tue,Champions Lg,21:00,Bayern Munich,W,3.0000000,0.0000000,it Lazio,3.5000000,0.4000000,60.0000000,24.0000000,7.0000000,16.0000000,40.0000000,24.0000000,7.0000000,16.0000000,1920.8109131,
1979,2024-03-06,2024,Round of 16,Wed,Champions Lg,21:00,es Real Madrid,D,1.0000000,1.0000000,RB Leipzig,0.8000000,1.0000000,53.0000000,20.0000000,4.0000000,17.8000000,47.0000000,20.0000000,4.0000000,17.8000000,,1818.5169678
1980,2024-03-07,2024,Round of 16,Thu,Europa Lg,21:00,Freiburg,W,1.0000000,0.0000000,eng West Ham,1.5000000,1.4000000,58.0000000,15.0000000,4.0000000,19.4000000,42.0000000,15.0000000,4.0000000,19.4000000,1700.4509277,
1981,2024-03-07,2024,Round of 16,Thu,Europa Lg,21:45 (18:45),az Qarabağ,D,2.0000000,2.0000000,Leverkusen,1.8000000,1.3000000,34.0000000,10.0000000,4.0000000,15.5000000,66.0000000,10.0000000,4.0000000,15.5000000,,1893.6926269
1982,2024-03-08,2024,Matchweek 25,Fri,Bundesliga,20:30,Stuttgart,W,2.0000000,0.0000000,Union Berlin,1.0000000,0.9000000,70.0000000,14.0000000,5.0000000,21.1000000,30.0000000,9.0000000,4.0000000,16.3000000,1749.8425293,1661.3840332
1983,2024-03-09,2024,Matchweek 25,Sat,Bundesliga,15:30,Gladbach,D,3.0000000,3.0000000,Köln,1.8000000,0.6000000,58.0000000,17.0000000,5.0000000,13.9000000,42.0000000,12.0000000,5.0000000,15.9000000,1672.8056641,1618.7348633
1984,2024-03-09,2024,Matchweek 25,Sat,Bundesliga,15:30,RB Leipzig,W,2.0000000,0.0000000,Darmstadt 98,3.2000000,0.5000000,64.0000000,29.0000000,8.0000000,15.9000000,36.0000000,9.0000000,4.0000000,18.8000000,1818.3463135,1518.5550537
1985,2024-03-09,2024,Matchweek 25,Sat,Bundesliga,18:30,Werder Bremen,L,1.0000000,2.0000000,Dortmund,1.8000000,1.2000000,46.0000000,16.0000000,5.0000000,17.8000000,54.0000000,13.0000000,6.0000000,17.5000000,1644.5704346,1852.0708008
1986,2024-03-09,2024,Matchweek 25,Sat,Bundesliga,15:30,Augsburg,W,1.0000000,0.0000000,Heidenheim,0.5000000,0.4000000,58.0000000,7.0000000,3.0000000,16.7000000,42.0000000,6.0000000,1.0000000,18.9000000,1641.6044922,1612.4996338
1987,2024-03-09,2024,Matchweek 25,Sat,Bundesliga,15:30,Bayern Munich,W,8.0000000,1.0000000,Mainz 05,6.2000000,0.8000000,59.0000000,24.0000000,11.0000000,11.6000000,41.0000000,14.0000000,2.0000000,20.2000000,1934.9797363,1622.5028076
1988,2024-03-10,2024,Matchweek 25,Sun,Bundesliga,17:30,Eint Frankfurt,W,3.0000000,1.0000000,Hoffenheim,2.4000000,0.6000000,64.0000000,17.0000000,7.0000000,14.7000000,36.0000000,6.0000000,2.0000000,15.9000000,1703.7589111,1667.8378906
1989,2024-03-10,2024,Matchweek 25,Sun,Bundesliga,19:30,Leverkusen,W,2.0000000,0.0000000,Wolfsburg,2.1000000,0.2000000,76.0000000,19.0000000,8.0000000,19.5000000,24.0000000,2.0000000,1.0000000,19.2000000,1894.7122803,1663.9709473
1990,2024-03-10,2024,Matchweek 25,Sun,Bundesliga,15:30,Bochum,L,1.0000000,2.0000000,Freiburg,1.2000000,1.4000000,60.0000000,24.0000000,7.0000000,16.7000000,40.0000000,9.0000000,4.0000000,16.5000000,1621.5668945,1705.5163574
1991,2024-03-12,2024,Quarter-finals,Tue,DFB-Pokal,20:30,Saarbrücken,W,2.0000000,1.0000000,Gladbach,,,27.0000000,21.0000000,5.0000000,,73.0000000,21.0000000,5.0000000,,,1672.8056641
1992,2024-03-13,2024,Round of 16,Wed,Champions Lg,21:00,Dortmund,W,2.0000000,0.0000000,nl PSV Eindhoven,1.5000000,1.5000000,48.0000000,15.0000000,7.0000000,13.0000000,52.0000000,15.0000000,7.0000000,13.0000000,1856.5292969,
1993,2024-03-14,2024,Round of 16,Thu,Europa Lg,17:45 (18:45),eng West Ham,W,5.0000000,0.0000000,Freiburg,2.1000000,0.3000000,40.0000000,10.0000000,3.0000000,22.3000000,60.0000000,10.0000000,3.0000000,22.3000000,,1716.0806885
1994,2024-03-14,2024,Round of 16,Thu,Europa Lg,21:00,Leverkusen,W,3.0000000,2.0000000,az Qarabağ,4.1000000,1.1000000,72.0000000,33.0000000,8.0000000,14.2000000,28.0000000,33.0000000,8.0000000,14.2000000,1900.7906494,
1995,2024-03-15,2024,Matchweek 26,Fri,Bundesliga,20:30,Köln,L,1.0000000,5.0000000,RB Leipzig,1.2000000,3.3000000,34.0000000,10.0000000,2.0000000,17.4000000,66.0000000,22.0000000,8.0000000,15.8000000,1619.6221924,1817.9152832
1996,2024-03-16,2024,Matchweek 26,Sat,Bundesliga,15:30,Mainz 05,W,2.0000000,0.0000000,Bochum,2.5000000,0.7000000,50.0000000,14.0000000,3.0000000,19.0000000,50.0000000,11.0000000,1.0000000,16.1000000,1616.5665283,1611.6783447
1997,2024-03-16,2024,Matchweek 26,Sat,Bundesliga,15:30,Union Berlin,W,2.0000000,1.0000000,Werder Bremen,1.1000000,1.1000000,50.0000000,11.0000000,6.0000000,15.5000000,50.0000000,11.0000000,2.0000000,16.4000000,1652.8149414,1637.6909180
1998,2024-03-16,2024,Matchweek 26,Sat,Bundesliga,15:30,Darmstadt 98,L,2.0000000,5.0000000,Bayern Munich,1.2000000,3.6000000,24.0000000,7.0000000,3.0000000,16.2000000,76.0000000,27.0000000,6.0000000,14.6000000,1514.1440430,1936.0740967
1999,2024-03-16,2024,Matchweek 26,Sat,Bundesliga,15:30,Heidenheim,D,1.0000000,1.0000000,Gladbach,1.1000000,0.5000000,53.0000000,19.0000000,3.0000000,13.7000000,47.0000000,7.0000000,2.0000000,20.5000000,1604.4848633,1667.0762940
2000,2024-03-16,2024,Matchweek 26,Sat,Bundesliga,15:30,Wolfsburg,L,1.0000000,3.0000000,Augsburg,1.3000000,0.7000000,50.0000000,15.0000000,4.0000000,14.6000000,50.0000000,15.0000000,5.0000000,27.9000000,1658.5684815,1644.7772217
2001,2024-03-16,2024,Matchweek 26,Sat,Bundesliga,18:30,Hoffenheim,L,0.0000000,3.0000000,Stuttgart,0.5000000,3.7000000,43.0000000,7.0000000,1.0000000,21.3000000,57.0000000,25.0000000,11.0000000,17.5000000,1657.8070068,1753.5697022
2002,2024-03-17,2024,Matchweek 26,Sun,Bundesliga,15:30,Freiburg,L,2.0000000,3.0000000,Leverkusen,0.9000000,2.3000000,33.0000000,11.0000000,3.0000000,14.6000000,67.0000000,19.0000000,7.0000000,16.6000000,1691.9112549,1896.9267578
2003,2024-03-17,2024,Matchweek 26,Sun,Bundesliga,17:30,Dortmund,W,3.0000000,1.0000000,Eint Frankfurt,2.3000000,0.9000000,66.0000000,15.0000000,4.0000000,20.1000000,34.0000000,9.0000000,6.0000000,17.9000000,1863.6024170,1708.9478760
2004,2024-03-30,2024,Matchweek 27,Sat,Bundesliga,15:30,RB Leipzig,D,0.0000000,0.0000000,Mainz 05,2.5000000,0.9000000,66.0000000,20.0000000,9.0000000,15.9000000,34.0000000,8.0000000,2.0000000,15.4000000,1827.3334961,1625.5308838
2005,2024-03-30,2024,Matchweek 27,Sat,Bundesliga,15:30,Eint Frankfurt,D,0.0000000,0.0000000,Union Berlin,1.0000000,1.5000000,65.0000000,16.0000000,3.0000000,18.2000000,35.0000000,11.0000000,2.0000000,15.2000000,1704.5009766,1658.9593506
2006,2024-03-30,2024,Matchweek 27,Sat,Bundesliga,18:30,Bayern Munich,L,0.0000000,2.0000000,Dortmund,1.5000000,0.9000000,61.0000000,17.0000000,1.0000000,13.9000000,39.0000000,11.0000000,5.0000000,17.7000000,1938.5205078,1868.0493164
2007,2024-03-30,2024,Matchweek 27,Sat,Bundesliga,15:30,Leverkusen,W,2.0000000,1.0000000,Hoffenheim,3.1000000,0.8000000,67.0000000,34.0000000,11.0000000,17.0000000,33.0000000,6.0000000,2.0000000,21.4000000,1901.3707275,1645.7886963
2008,2024-03-30,2024,Matchweek 27,Sat,Bundesliga,15:30,Werder Bremen,L,0.0000000,2.0000000,Wolfsburg,0.5000000,2.3000000,49.0000000,6.0000000,1.0000000,18.5000000,51.0000000,16.0000000,5.0000000,13.1000000,1631.5466309,1644.4906006
2009,2024-03-30,2024,Matchweek 27,Sat,Bundesliga,15:30,Gladbach,L,0.0000000,3.0000000,Freiburg,1.5000000,1.7000000,54.0000000,19.0000000,3.0000000,13.4000000,46.0000000,14.0000000,8.0000000,18.1000000,1667.0699463,1687.4671631
2010,2024-03-31,2024,Matchweek 27,Sun,Bundesliga,15:30,Augsburg,D,1.0000000,1.0000000,Köln,2.2000000,1.3000000,57.0000000,25.0000000,5.0000000,16.2000000,43.0000000,12.0000000,2.0000000,19.4000000,1658.8551025,1610.2039795
2011,2024-03-31,2024,Matchweek 27,Sun,Bundesliga,19:30,Bochum,D,2.0000000,2.0000000,Darmstadt 98,1.8000000,0.9000000,57.0000000,21.0000000,7.0000000,15.3000000,43.0000000,12.0000000,3.0000000,19.3000000,1602.7139893,1511.6975098
2012,2024-03-31,2024,Matchweek 27,Sun,Bundesliga,17:30,Stuttgart,D,3.0000000,3.0000000,Heidenheim,3.0000000,1.3000000,72.0000000,20.0000000,6.0000000,16.8000000,28.0000000,6.0000000,3.0000000,9.5000000,1765.5878906,1604.4912109
2013,2024-04-03,2024,Semi-finals,Wed,DFB-Pokal,20:45,Leverkusen,W,4.0000000,0.0000000,Düsseldorf,,,72.0000000,22.0000000,8.0000000,,28.0000000,22.0000000,8.0000000,,1901.3707275,1560.8186035
2014,2024-04-05,2024,Matchweek 28,Fri,Bundesliga,20:30,Eint Frankfurt,D,1.0000000,1.0000000,Werder Bremen,2.1000000,1.6000000,66.0000000,24.0000000,5.0000000,14.5000000,34.0000000,11.0000000,7.0000000,18.1000000,1701.4831543,1618.3540039
2015,2024-04-06,2024,Matchweek 28,Sat,Bundesliga,15:30,Union Berlin,L,0.0000000,1.0000000,Leverkusen,0.3000000,2.8000000,35.0000000,9.0000000,0.0000000,16.6000000,65.0000000,19.0000000,7.0000000,18.1000000,1661.9771728,1903.1851807
2016,2024-04-06,2024,Matchweek 28,Sat,Bundesliga,18:30,Dortmund,L,0.0000000,1.0000000,Stuttgart,2.5000000,1.6000000,51.0000000,16.0000000,7.0000000,13.9000000,49.0000000,10.0000000,2.0000000,16.7000000,1883.8917236,1759.9768066
2017,2024-04-06,2024,Matchweek 28,Sat,Bundesliga,15:30,Freiburg,L,1.0000000,4.0000000,RB Leipzig,1.6000000,2.3000000,47.0000000,12.0000000,2.0000000,16.6000000,53.0000000,14.0000000,6.0000000,18.0000000,1703.0411377,1820.9154053
2018,2024-04-06,2024,Matchweek 28,Sat,Bundesliga,15:30,Mainz 05,W,4.0000000,0.0000000,Darmstadt 98,3.6000000,0.5000000,59.0000000,18.0000000,9.0000000,14.9000000,41.0000000,14.0000000,2.0000000,23.5000000,1631.9488525,1515.7736816
2019,2024-04-06,2024,Matchweek 28,Sat,Bundesliga,15:30,Heidenheim,W,3.0000000,2.0000000,Bayern Munich,1.4000000,1.9000000,33.0000000,9.0000000,4.0000000,15.9000000,67.0000000,15.0000000,7.0000000,14.4000000,1610.1022949,1922.6781006
2020,2024-04-06,2024,Matchweek 28,Sat,Bundesliga,15:30,Köln,W,2.0000000,1.0000000,Bochum,1.0000000,0.6000000,56.0000000,20.0000000,7.0000000,16.3000000,44.0000000,11.0000000,2.0000000,13.5000000,1613.2158203,1598.6378174
2021,2024-04-07,2024,Matchweek 28,Sun,Bundesliga,15:30,Hoffenheim,W,3.0000000,1.0000000,Augsburg,1.8000000,1.2000000,54.0000000,18.0000000,6.0000000,17.4000000,46.0000000,15.0000000,6.0000000,18.9000000,1643.9742432,1655.8433838
2022,2024-04-07,2024,Matchweek 28,Sun,Bundesliga,17:30,Wolfsburg,L,1.0000000,3.0000000,Gladbach,1.2000000,1.1000000,61.0000000,13.0000000,4.0000000,15.4000000,39.0000000,10.0000000,6.0000000,14.7000000,1657.6832275,1651.4960938
2023,2024-04-09,2024,Quarter-finals,Tue,Champions Lg,20:00 (21:00),eng Arsenal,D,2.0000000,2.0000000,Bayern Munich,1.0000000,1.9000000,59.0000000,7.0000000,1.0000000,20.5000000,41.0000000,7.0000000,1.0000000,20.5000000,,1908.8254394
2024,2024-04-10,2024,Quarter-finals,Wed,Champions Lg,21:00,es Atlético Madrid,W,2.0000000,1.0000000,Dortmund,2.2000000,0.9000000,34.0000000,12.0000000,4.0000000,18.8000000,66.0000000,12.0000000,4.0000000,18.8000000,,1872.5234375
2025,2024-04-11,2024,Quarter-finals,Thu,Europa Lg,21:00,Leverkusen,W,2.0000000,0.0000000,eng West Ham,2.3000000,0.2000000,72.0000000,33.0000000,11.0000000,17.4000000,28.0000000,33.0000000,11.0000000,17.4000000,1906.9475098,
2026,2024-04-12,2024,Matchweek 29,Fri,Bundesliga,20:30,Augsburg,W,2.0000000,0.0000000,Union Berlin,1.6000000,1.6000000,47.0000000,10.0000000,4.0000000,17.1000000,53.0000000,17.0000000,3.0000000,13.0000000,1647.8740234,1659.7429199
2027,2024-04-13,2024,Matchweek 29,Sat,Bundesliga,15:30,RB Leipzig,W,3.0000000,0.0000000,Wolfsburg,1.3000000,0.4000000,50.0000000,16.0000000,6.0000000,15.0000000,50.0000000,10.0000000,3.0000000,23.5000000,1833.4205322,1645.8515625
2028,2024-04-13,2024,Matchweek 29,Sat,Bundesliga,15:30,Mainz 05,W,4.0000000,1.0000000,Hoffenheim,2.1000000,0.5000000,47.0000000,25.0000000,8.0000000,17.5000000,53.0000000,5.0000000,1.0000000,20.5000000,1641.4726562,1655.0711670
2029,2024-04-13,2024,Matchweek 29,Sat,Bundesliga,18:30,Stuttgart,W,3.0000000,0.0000000,Eint Frankfurt,1.2000000,0.6000000,54.0000000,9.0000000,6.0000000,16.3000000,46.0000000,10.0000000,3.0000000,19.1000000,1773.9859619,1699.2255859
2030,2024-04-13,2024,Matchweek 29,Sat,Bundesliga,15:30,Gladbach,L,1.0000000,2.0000000,Dortmund,1.1000000,1.3000000,46.0000000,18.0000000,4.0000000,17.1000000,54.0000000,11.0000000,3.0000000,21.9000000,1666.4552002,1869.6092529
2031,2024-04-13,2024,Matchweek 29,Sat,Bundesliga,15:30,Bochum,D,1.0000000,1.0000000,Heidenheim,1.2000000,1.1000000,61.0000000,23.0000000,5.0000000,20.0000000,39.0000000,11.0000000,3.0000000,18.2000000,1593.9527588,1625.5186768
2032,2024-04-13,2024,Matchweek 29,Sat,Bundesliga,15:30,Bayern Munich,W,2.0000000,0.0000000,Köln,2.2000000,0.9000000,69.0000000,16.0000000,6.0000000,14.9000000,31.0000000,11.0000000,5.0000000,18.5000000,1913.6735840,1621.0284424
2033,2024-04-14,2024,Matchweek 29,Sun,Bundesliga,15:30,Darmstadt 98,L,0.0000000,1.0000000,Freiburg,1.1000000,0.9000000,53.0000000,17.0000000,4.0000000,20.5000000,47.0000000,9.0000000,3.0000000,16.0000000,1509.3774414,1693.6635742
2034,2024-04-14,2024,Matchweek 29,Sun,Bundesliga,17:30,Leverkusen,W,5.0000000,0.0000000,Werder Bremen,3.2000000,0.7000000,56.0000000,19.0000000,9.0000000,16.2000000,44.0000000,7.0000000,3.0000000,17.6000000,1913.4449463,1623.7391357
2035,2024-04-16,2024,Quarter-finals,Tue,Champions Lg,21:00,Dortmund,W,4.0000000,2.0000000,es Atlético Madrid,1.5000000,1.9000000,52.0000000,19.0000000,9.0000000,16.9000000,48.0000000,19.0000000,9.0000000,16.9000000,1873.9642334,
2036,2024-04-17,2024,Quarter-finals,Wed,Champions Lg,21:00,Bayern Munich,W,1.0000000,0.0000000,eng Arsenal,1.3000000,0.4000000,51.0000000,15.0000000,3.0000000,14.9000000,49.0000000,15.0000000,3.0000000,14.9000000,1919.8717041,
2037,2024-04-18,2024,Quarter-finals,Thu,Europa Lg,20:00 (21:00),eng West Ham,D,1.0000000,1.0000000,Leverkusen,1.5000000,1.1000000,43.0000000,9.0000000,2.0000000,18.1000000,57.0000000,9.0000000,2.0000000,18.1000000,,1923.7397461
2038,2024-04-19,2024,Matchweek 30,Fri,Bundesliga,20:30,Eint Frankfurt,W,3.0000000,1.0000000,Augsburg,1.8000000,0.5000000,63.0000000,12.0000000,7.0000000,18.1000000,37.0000000,6.0000000,1.0000000,19.0000000,1698.5269775,1665.1390381
2039,2024-04-20,2024,Matchweek 30,Sat,Bundesliga,15:30,Hoffenheim,W,4.0000000,3.0000000,Gladbach,2.3000000,1.0000000,59.0000000,28.0000000,9.0000000,19.2000000,41.0000000,13.0000000,7.0000000,12.8000000,1650.7855225,1669.5529785
2040,2024-04-20,2024,Matchweek 30,Sat,Bundesliga,15:30,Wolfsburg,W,1.0000000,0.0000000,Bochum,0.8000000,1.3000000,46.0000000,9.0000000,5.0000000,17.0000000,54.0000000,13.0000000,1.0000000,17.8000000,1648.6259766,1600.6163330
2041,2024-04-20,2024,Matchweek 30,Sat,Bundesliga,15:30,Köln,L,0.0000000,2.0000000,Darmstadt 98,1.0000000,1.8000000,58.0000000,19.0000000,4.0000000,17.2000000,42.0000000,12.0000000,6.0000000,19.9000000,1626.3146973,1512.0352783
2042,2024-04-20,2024,Matchweek 30,Sat,Bundesliga,15:30,Heidenheim,L,1.0000000,2.0000000,RB Leipzig,1.0000000,1.8000000,39.0000000,10.0000000,4.0000000,14.9000000,61.0000000,12.0000000,4.0000000,14.9000000,1633.7603760,1845.5513916
2043,2024-04-20,2024,Matchweek 30,Sat,Bundesliga,18:30,Union Berlin,L,1.0000000,5.0000000,Bayern Munich,1.4000000,1.4000000,37.0000000,15.0000000,4.0000000,14.5000000,63.0000000,19.0000000,9.0000000,16.5000000,1657.3830566,1931.8873291
2044,2024-04-21,2024,Matchweek 30,Sun,Bundesliga,15:30,Werder Bremen,W,2.0000000,1.0000000,Stuttgart,1.5000000,2.2000000,31.0000000,8.0000000,1.0000000,24.6000000,69.0000000,15.0000000,5.0000000,15.7000000,1627.7288818,1789.5897217
2045,2024-04-21,2024,Matchweek 30,Sun,Bundesliga,17:30,Dortmund,D,1.0000000,1.0000000,Leverkusen,0.5000000,1.1000000,48.0000000,8.0000000,2.0000000,19.1000000,52.0000000,13.0000000,3.0000000,19.4000000,1893.7650147,1926.2695312
2046,2024-04-21,2024,Matchweek 30,Sun,Bundesliga,19:30,Freiburg,D,1.0000000,1.0000000,Mainz 05,1.1000000,1.0000000,40.0000000,6.0000000,3.0000000,14.2000000,60.0000000,16.0000000,3.0000000,18.9000000,1705.9108887,1660.6635742
2047,2024-04-26,2024,Matchweek 31,Fri,Bundesliga,20:30,Bochum,W,3.0000000,2.0000000,Hoffenheim,3.2000000,1.0000000,46.0000000,36.0000000,12.0000000,15.9000000,54.0000000,10.0000000,4.0000000,15.6000000,1595.3353272,1657.5202637
2048,2024-04-27,2024,Matchweek 31,Sat,Bundesliga,15:30,Freiburg,L,1.0000000,2.0000000,Wolfsburg,2.2000000,0.5000000,51.0000000,14.0000000,3.0000000,16.5000000,49.0000000,12.0000000,4.0000000,23.1000000,1703.0499268,1653.9069824
2049,2024-04-27,2024,Matchweek 31,Sat,Bundesliga,15:30,Bayern Munich,W,2.0000000,1.0000000,Eint Frankfurt,3.3000000,0.5000000,62.0000000,19.0000000,7.0000000,17.8000000,38.0000000,10.0000000,3.0000000,22.6000000,1938.3996582,1706.5214844
2050,2024-04-27,2024,Matchweek 31,Sat,Bundesliga,15:30,Augsburg,L,0.0000000,3.0000000,Werder Bremen,0.6000000,2.0000000,54.0000000,13.0000000,1.0000000,19.8000000,46.0000000,14.0000000,5.0000000,19.6000000,1657.1445312,1638.4090576
2051,2024-04-27,2024,Matchweek 31,Sat,Bundesliga,18:30,Leverkusen,D,2.0000000,2.0000000,Stuttgart,1.4000000,1.7000000,49.0000000,14.0000000,6.0000000,20.1000000,51.0000000,11.0000000,4.0000000,17.1000000,1926.9733887,1778.9095459
2052,2024-04-27,2024,Matchweek 31,Sat,Bundesliga,15:30,RB Leipzig,W,4.0000000,1.0000000,Dortmund,2.6000000,1.6000000,39.0000000,21.0000000,7.0000000,18.6000000,61.0000000,12.0000000,5.0000000,15.4000000,1849.8312988,1893.0610352
2053,2024-04-28,2024,Matchweek 31,Sun,Bundesliga,15:30,Gladbach,D,0.0000000,0.0000000,Union Berlin,0.9000000,1.0000000,52.0000000,13.0000000,4.0000000,15.4000000,48.0000000,14.0000000,7.0000000,21.5000000,1662.8181152,1650.8707275
2054,2024-04-28,2024,Matchweek 31,Sun,Bundesliga,19:30,Darmstadt 98,L,0.0000000,1.0000000,Heidenheim,0.7000000,1.6000000,45.0000000,11.0000000,3.0000000,20.2000000,55.0000000,17.0000000,5.0000000,16.2000000,1529.6387940,1629.4804688
2055,2024-04-28,2024,Matchweek 31,Sun,Bundesliga,17:30,Mainz 05,D,1.0000000,1.0000000,Köln,1.6000000,2.5000000,39.0000000,16.0000000,4.0000000,14.7000000,61.0000000,15.0000000,5.0000000,20.2000000,1663.5244141,1608.7110596
2056,2024-04-30,2024,Semi-finals,Tue,Champions Lg,21:00,Bayern Munich,D,2.0000000,2.0000000,es Real Madrid,1.6000000,1.9000000,51.0000000,13.0000000,4.0000000,20.2000000,49.0000000,13.0000000,4.0000000,20.2000000,1940.5555420,
2057,2024-05-01,2024,Semi-finals,Wed,Champions Lg,21:00,Dortmund,W,1.0000000,0.0000000,fr Paris S-G,1.7000000,1.7000000,43.0000000,13.0000000,4.0000000,14.7000000,57.0000000,13.0000000,4.0000000,14.7000000,1879.2899170,
2058,2024-05-02,2024,Semi-finals,Thu,Europa Lg,21:00,it Roma,L,0.0000000,2.0000000,Leverkusen,1.5000000,2.0000000,54.0000000,19.0000000,4.0000000,20.4000000,46.0000000,19.0000000,4.0000000,20.4000000,,1922.0415039
2059,2024-05-03,2024,Matchweek 32,Fri,Bundesliga,20:30,Hoffenheim,D,1.0000000,1.0000000,RB Leipzig,1.6000000,0.8000000,55.0000000,20.0000000,8.0000000,20.0000000,45.0000000,8.0000000,4.0000000,17.5000000,1652.4816894,1865.8676758
2060,2024-05-04,2024,Matchweek 32,Sat,Bundesliga,15:30,Stuttgart,W,3.0000000,1.0000000,Bayern Munich,1.8000000,1.7000000,61.0000000,24.0000000,9.0000000,20.4000000,39.0000000,9.0000000,2.0000000,17.1000000,1787.1488037,1941.4367676
2061,2024-05-04,2024,Matchweek 32,Sat,Bundesliga,15:30,Wolfsburg,W,3.0000000,0.0000000,Darmstadt 98,2.2000000,0.4000000,53.0000000,21.0000000,7.0000000,18.5000000,47.0000000,6.0000000,1.0000000,19.6000000,1667.6267090,1525.7894287
2062,2024-05-04,2024,Matchweek 32,Sat,Bundesliga,18:30,Köln,D,0.0000000,0.0000000,Freiburg,0.9000000,0.8000000,56.0000000,19.0000000,7.0000000,21.8000000,44.0000000,4.0000000,0.0000000,12.1000000,1614.6805420,1695.2005615
2063,2024-05-04,2024,Matchweek 32,Sat,Bundesliga,15:30,Dortmund,W,5.0000000,1.0000000,Augsburg,4.0000000,2.5000000,61.0000000,21.0000000,10.0000000,15.5000000,39.0000000,22.0000000,3.0000000,14.3000000,1886.0969238,1642.8845215
2064,2024-05-04,2024,Matchweek 32,Sat,Bundesliga,15:30,Werder Bremen,D,2.0000000,2.0000000,Gladbach,1.4000000,1.9000000,56.0000000,18.0000000,6.0000000,14.6000000,44.0000000,16.0000000,5.0000000,19.3000000,1658.5394287,1663.8768310
2065,2024-05-05,2024,Matchweek 32,Sun,Bundesliga,15:30,Union Berlin,L,3.0000000,4.0000000,Bochum,0.9000000,1.4000000,48.0000000,12.0000000,5.0000000,15.9000000,52.0000000,18.0000000,5.0000000,18.5000000,1655.6824951,1606.2443848
2066,2024-05-05,2024,Matchweek 32,Sun,Bundesliga,17:30,Eint Frankfurt,L,1.0000000,5.0000000,Leverkusen,1.9000000,2.7000000,55.0000000,17.0000000,5.0000000,19.4000000,45.0000000,7.0000000,4.0000000,22.0000000,1707.3007812,1932.4958496
2067,2024-05-05,2024,Matchweek 32,Sun,Bundesliga,19:30,Heidenheim,D,1.0000000,1.0000000,Mainz 05,0.9000000,1.4000000,46.0000000,15.0000000,5.0000000,19.4000000,54.0000000,10.0000000,3.0000000,14.8000000,1639.2003174,1663.4254150
2068,2024-05-07,2024,Semi-finals,Tue,Champions Lg,21:00,fr Paris S-G,L,0.0000000,1.0000000,Dortmund,3.0000000,0.7000000,69.0000000,7.0000000,3.0000000,13.7000000,31.0000000,7.0000000,3.0000000,13.7000000,,1890.2639160
2069,2024-05-08,2024,Semi-finals,Wed,Champions Lg,21:00,es Real Madrid,W,2.0000000,1.0000000,Bayern Munich,2.8000000,0.4000000,57.0000000,8.0000000,5.0000000,17.4000000,43.0000000,8.0000000,5.0000000,17.4000000,,1930.4714356
2070,2024-05-09,2024,Semi-finals,Thu,Europa Lg,21:00,Leverkusen,D,2.0000000,2.0000000,it Roma,2.8000000,2.1000000,59.0000000,32.0000000,13.0000000,19.2000000,41.0000000,32.0000000,13.0000000,19.2000000,1942.4945068,
2071,2024-05-10,2024,Matchweek 33,Fri,Bundesliga,20:30,Augsburg,L,0.0000000,1.0000000,Stuttgart,0.6000000,1.9000000,24.0000000,9.0000000,1.0000000,18.7000000,76.0000000,19.0000000,7.0000000,16.6000000,1641.0544434,1804.3714600
2072,2024-05-11,2024,Matchweek 33,Sat,Bundesliga,15:30,Gladbach,D,1.0000000,1.0000000,Eint Frankfurt,0.4000000,1.5000000,44.0000000,6.0000000,3.0000000,20.6000000,56.0000000,17.0000000,2.0000000,13.1000000,1667.5701904,1701.6791992
2073,2024-05-11,2024,Matchweek 33,Sat,Bundesliga,15:30,RB Leipzig,D,1.0000000,1.0000000,Werder Bremen,1.4000000,1.1000000,45.0000000,13.0000000,5.0000000,17.3000000,55.0000000,11.0000000,2.0000000,19.7000000,1863.8569336,1659.5195312
2074,2024-05-11,2024,Matchweek 33,Sat,Bundesliga,15:30,Freiburg,D,1.0000000,1.0000000,Heidenheim,1.5000000,0.7000000,56.0000000,20.0000000,4.0000000,17.2000000,44.0000000,8.0000000,3.0000000,18.3000000,1696.7402344,1640.6558838
2075,2024-05-11,2024,Matchweek 33,Sat,Bundesliga,18:30,Mainz 05,W,3.0000000,0.0000000,Dortmund,2.1000000,0.4000000,32.0000000,14.0000000,6.0000000,15.8000000,68.0000000,9.0000000,2.0000000,21.7000000,1666.6433106,1904.6735840
2076,2024-05-11,2024,Matchweek 33,Sat,Bundesliga,15:30,Köln,W,3.0000000,2.0000000,Union Berlin,3.1000000,1.6000000,62.0000000,17.0000000,4.0000000,16.3000000,38.0000000,12.0000000,5.0000000,16.7000000,1617.8144531,1647.1395264
2077,2024-05-12,2024,Matchweek 33,Sun,Bundesliga,19:30,Bochum,L,0.0000000,5.0000000,Leverkusen,0.3000000,4.2000000,33.0000000,3.0000000,0.0000000,11.0000000,67.0000000,28.0000000,9.0000000,19.4000000,1619.4608154,1943.7080078
2078,2024-05-12,2024,Matchweek 33,Sun,Bundesliga,15:30,Darmstadt 98,L,0.0000000,6.0000000,Hoffenheim,0.6000000,3.3000000,41.0000000,10.0000000,0.0000000,19.7000000,59.0000000,12.0000000,7.0000000,16.6000000,1521.9781494,1659.1658935
2079,2024-05-12,2024,Matchweek 33,Sun,Bundesliga,17:30,Bayern Munich,W,2.0000000,0.0000000,Wolfsburg,0.3000000,0.2000000,59.0000000,6.0000000,3.0000000,17.7000000,41.0000000,5.0000000,2.0000000,32.6000000,1923.0850830,1676.1115723
2080,2024-05-18,2024,Matchweek 34,Sat,Bundesliga,15:30,Hoffenheim,W,4.0000000,2.0000000,Bayern Munich,1.8000000,1.5000000,48.0000000,17.0000000,9.0000000,16.3000000,52.0000000,11.0000000,4.0000000,15.7000000,1673.3231201,1925.8963623
2081,2024-05-18,2024,Matchweek 34,Sat,Bundesliga,15:30,Dortmund,W,4.0000000,0.0000000,Darmstadt 98,2.6000000,0.3000000,72.0000000,21.0000000,9.0000000,17.5000000,28.0000000,6.0000000,0.0000000,17.3000000,1882.7829590,1507.8209228
2082,2024-05-18,2024,Matchweek 34,Sat,Bundesliga,15:30,Eint Frankfurt,D,2.0000000,2.0000000,RB Leipzig,2.1000000,1.6000000,47.0000000,21.0000000,5.0000000,17.2000000,53.0000000,8.0000000,4.0000000,16.6000000,1702.2525635,1857.5432129
2083,2024-05-18,2024,Matchweek 34,Sat,Bundesliga,15:30,Wolfsburg,L,1.0000000,3.0000000,Mainz 05,0.8000000,1.8000000,63.0000000,13.0000000,3.0000000,19.7000000,37.0000000,12.0000000,6.0000000,16.7000000,1673.3002930,1688.5339356
2084,2024-05-18,2024,Matchweek 34,Sat,Bundesliga,15:30,Stuttgart,W,4.0000000,0.0000000,Gladbach,1.6000000,1.3000000,60.0000000,21.0000000,11.0000000,18.7000000,40.0000000,14.0000000,5.0000000,16.4000000,1809.5480957,1666.9969482
2085,2024-05-18,2024,Matchweek 34,Sat,Bundesliga,15:30,Heidenheim,W,4.0000000,1.0000000,Köln,1.0000000,2.3000000,49.0000000,16.0000000,7.0000000,19.9000000,51.0000000,22.0000000,9.0000000,16.1000000,1643.7237549,1625.3450928
2086,2024-05-18,2024,Matchweek 34,Sat,Bundesliga,15:30,Union Berlin,W,2.0000000,1.0000000,Freiburg,2.3000000,1.0000000,38.0000000,11.0000000,3.0000000,18.5000000,62.0000000,13.0000000,4.0000000,13.9000000,1639.6090088,1693.6723633
2087,2024-05-18,2024,Matchweek 34,Sat,Bundesliga,15:30,Leverkusen,W,2.0000000,1.0000000,Augsburg,2.4000000,1.2000000,65.0000000,20.0000000,8.0000000,17.3000000,35.0000000,10.0000000,2.0000000,16.5000000,1949.0925293,1635.8778076
2088,2024-05-18,2024,Matchweek 34,Sat,Bundesliga,15:30,Werder Bremen,W,4.0000000,1.0000000,Bochum,3.0000000,2.1000000,46.0000000,26.0000000,13.0000000,15.8000000,54.0000000,27.0000000,7.0000000,15.5000000,1665.8333740,1614.0762940
2089,2024-05-22,2024,Final,Wed,Europa Lg,20:00 (21:00),it Atalanta,W,3.0000000,0.0000000,Leverkusen,0.7000000,0.8000000,34.0000000,10.0000000,3.0000000,19.8000000,66.0000000,10.0000000,3.0000000,19.8000000,,1950.4749756
2090,2024-05-23,2024,German 1/2 Relegation/Promotion play-offs,Thu,Rel/Pro play-offs,20:30,Bochum,L,0.0000000,3.0000000,Düsseldorf,,,60.0000000,17.0000000,3.0000000,,40.0000000,17.0000000,3.0000000,,1605.0421143,1604.4351807
2091,2024-05-25,2024,Final,Sat,DFB-Pokal,20:00,Leverkusen,W,1.0000000,0.0000000,Kaiserslautern,,,61.0000000,14.0000000,4.0000000,,39.0000000,14.0000000,4.0000000,,1950.4749756,
2092,2024-05-27,2024,German 1/2 Relegation/Promotion play-offs,Mon,Rel/Pro play-offs,20:30,Düsseldorf,L,0.0000000,3.0000000,Bochum,,,36.0000000,23.0000000,8.0000000,,64.0000000,23.0000000,8.0000000,,1604.4351807,1605.0421143
2093,2024-06-01,2024,Final,Sat,Champions Lg,20:00 (21:00),Dortmund,L,0.0000000,2.0000000,es Real Madrid,2.1000000,1.1000000,43.0000000,13.0000000,3.0000000,16.2000000,57.0000000,13.0000000,3.0000000,16.2000000,1879.0343018,
2094,2024-08-16,2025,Round of 64,Fri,DFB-Pokal,18:00,Wehen,L,1.0000000,3.0000000,Mainz 05,,,36.0000000,20.0000000,9.0000000,,64.0000000,20.0000000,9.0000000,,,1693.4454346
2095,2024-08-16,2025,Round of 64,Fri,DFB-Pokal,20:45,Ulm,L,0.0000000,4.0000000,Bayern Munich,,,23.0000000,16.0000000,7.0000000,,77.0000000,16.0000000,7.0000000,,,1902.4832764
2096,2024-08-16,2025,Round of 64,Fri,DFB-Pokal,18:00,Hallescher,L,2.0000000,3.0000000,St. Pauli,,,32.0000000,15.0000000,8.0000000,,68.0000000,15.0000000,8.0000000,,,1598.6381836
2097,2024-08-16,2025,Round of 64,Fri,DFB-Pokal,18:00,W'burg Kickers,D,2.0000000,2.0000000,Hoffenheim,,,30.0000000,20.0000000,11.0000000,,70.0000000,20.0000000,11.0000000,,,1683.0382080
2098,2024-08-17,2025,Round of 64,Sat,DFB-Pokal,15:30,Greifswalder SV 04,L,0.0000000,1.0000000,Union Berlin,,,35.0000000,30.0000000,4.0000000,,65.0000000,30.0000000,4.0000000,,,1639.5941162
2099,2024-08-17,2025,Round of 64,Sat,DFB-Pokal,15:30,Osnabrück,L,0.0000000,4.0000000,Freiburg,,,49.0000000,16.0000000,6.0000000,,51.0000000,16.0000000,6.0000000,,,1677.5723877
2100,2024-08-17,2025,Round of 64,Sat,DFB-Pokal,15:30,Rot-Weiss Essen,L,1.0000000,4.0000000,RB Leipzig,,,42.0000000,17.0000000,11.0000000,,58.0000000,17.0000000,11.0000000,,,1849.1110840
2101,2024-08-17,2025,Round of 64,Sat,DFB-Pokal,18:00,1. FC Phönix Lübeck,L,1.0000000,4.0000000,Dortmund,,,15.0000000,11.0000000,8.0000000,,85.0000000,11.0000000,8.0000000,,,1879.0343018
2102,2024-08-17,2025,DFL-Supercup,Sat,DFL-Supercup,20:30,Leverkusen,D,2.0000000,2.0000000,Stuttgart,,,34.0000000,12.0000000,4.0000000,,66.0000000,12.0000000,4.0000000,,1927.4584961,1808.2393799
2103,2024-08-17,2025,Round of 64,Sat,DFB-Pokal,18:00,Aachen,L,2.0000000,3.0000000,Holstein Kiel,,,30.0000000,18.0000000,9.0000000,,70.0000000,18.0000000,9.0000000,,,1573.5172119
2104,2024-08-17,2025,Round of 64,Sat,DFB-Pokal,15:30,Villingen,L,0.0000000,4.0000000,Heidenheim,,,33.0000000,21.0000000,10.0000000,,67.0000000,21.0000000,10.0000000,,,1646.3991699
2105,2024-08-17,2025,Round of 64,Sat,DFB-Pokal,13:00,Erzgebirge Aue,L,1.0000000,3.0000000,Gladbach,,,44.0000000,25.0000000,11.0000000,,56.0000000,25.0000000,11.0000000,,,1652.1906738
2106,2024-08-18,2025,Round of 64,Sun,DFB-Pokal,13:00,Viktoria 1889,L,1.0000000,4.0000000,Augsburg,,,24.0000000,16.0000000,8.0000000,,76.0000000,16.0000000,8.0000000,,,1626.4378662
2107,2024-08-18,2025,Round of 64,Sun,DFB-Pokal,15:30,Jahn R'burg,W,1.0000000,0.0000000,Bochum,,,35.0000000,18.0000000,7.0000000,,65.0000000,18.0000000,7.0000000,,,1599.4016113
2108,2024-08-19,2025,Round of 64,Mon,DFB-Pokal,18:00,Koblenz,L,0.0000000,1.0000000,Wolfsburg,,,22.0000000,17.0000000,1.0000000,,78.0000000,17.0000000,1.0000000,,,1652.2738037
2109,2024-08-19,2025,Round of 64,Mon,DFB-Pokal,20:45,BTSV,L,1.0000000,4.0000000,Eint Frankfurt,,,42.0000000,14.0000000,8.0000000,,58.0000000,14.0000000,8.0000000,,,1696.9866943
2110,2024-08-19,2025,Round of 64,Mon,DFB-Pokal,18:00,Energie Cottbus,L,1.0000000,3.0000000,Werder Bremen,,,39.0000000,27.0000000,10.0000000,,61.0000000,27.0000000,10.0000000,,,1666.8099365
2111,2024-08-22,2025,Play-off round,Thu,Conf Lg,19:00,se Häcken,L,1.0000000,2.0000000,Heidenheim,,,,,,,,,,,,1646.3991699
2112,2024-08-23,2025,Matchweek 1,Fri,Bundesliga,20:30,Gladbach,L,2.0000000,3.0000000,Leverkusen,1.6000000,2.7000000,43.0000000,14.0000000,7.0000000,15.3000000,57.0000000,24.0000000,9.0000000,18.3000000,1652.8529053,1925.7037353
2113,2024-08-24,2025,Matchweek 1,Sat,Bundesliga,15:30,RB Leipzig,W,1.0000000,0.0000000,Bochum,1.3000000,1.0000000,62.0000000,13.0000000,3.0000000,14.7000000,38.0000000,10.0000000,3.0000000,19.3000000,1847.3562012,1597.6468506
2114,2024-08-24,2025,Matchweek 1,Sat,Bundesliga,15:30,Freiburg,W,3.0000000,1.0000000,Stuttgart,2.1000000,0.4000000,33.0000000,16.0000000,5.0000000,16.4000000,67.0000000,9.0000000,2.0000000,23.7000000,1678.2346191,1808.9014893
2115,2024-08-24,2025,Matchweek 1,Sat,Bundesliga,15:30,Augsburg,D,2.0000000,2.0000000,Werder Bremen,1.0000000,1.4000000,46.0000000,11.0000000,3.0000000,15.9000000,54.0000000,11.0000000,5.0000000,13.0000000,1627.1000977,1667.4721680
2116,2024-08-24,2025,Matchweek 1,Sat,Bundesliga,18:30,Dortmund,W,2.0000000,0.0000000,Eint Frankfurt,1.7000000,1.4000000,69.0000000,20.0000000,5.0000000,17.2000000,31.0000000,7.0000000,2.0000000,17.0000000,1869.8511963,1697.6489258
2117,2024-08-24,2025,Matchweek 1,Sat,Bundesliga,15:30,Hoffenheim,W,3.0000000,2.0000000,Holstein Kiel,3.5000000,1.7000000,54.0000000,20.0000000,7.0000000,17.0000000,46.0000000,17.0000000,6.0000000,16.9000000,1683.7004394,1574.1793213
2118,2024-08-24,2025,Matchweek 1,Sat,Bundesliga,15:30,Mainz 05,D,1.0000000,1.0000000,Union Berlin,1.2000000,0.6000000,53.0000000,14.0000000,3.0000000,15.4000000,47.0000000,15.0000000,5.0000000,19.8000000,1694.1076660,1640.2562256
2119,2024-08-25,2025,Matchweek 1,Sun,Bundesliga,15:30,Wolfsburg,L,2.0000000,3.0000000,Bayern Munich,1.9000000,2.4000000,30.0000000,9.0000000,1.0000000,19.7000000,70.0000000,15.0000000,8.0000000,11.1000000,1652.9359131,1900.7285156
2120,2024-08-25,2025,Matchweek 1,Sun,Bundesliga,17:30,St. Pauli,L,0.0000000,2.0000000,Heidenheim,1.2000000,1.1000000,60.0000000,11.0000000,3.0000000,18.5000000,40.0000000,5.0000000,3.0000000,17.0000000,1599.3004150,1649.0203857
2121,2024-08-27,2025,Round of 64,Tue,DFB-Pokal,20:45,Preußen Münster,L,0.0000000,5.0000000,Stuttgart,,,24.0000000,17.0000000,8.0000000,,76.0000000,17.0000000,8.0000000,,,1795.2730713
2122,2024-08-28,2025,Round of 64,Wed,DFB-Pokal,18:00,Carl Zeiss Jena,L,0.0000000,1.0000000,Leverkusen,,,26.0000000,16.0000000,3.0000000,,74.0000000,16.0000000,3.0000000,,,1925.7037353
2123,2024-08-29,2025,Play-off round,Thu,Conf Lg,20:30,Heidenheim,W,3.0000000,2.0000000,se Häcken,,,,,,,,,,,1660.9199219,
2124,2024-08-30,2025,Matchweek 2,Fri,Bundesliga,20:30,Union Berlin,W,1.0000000,0.0000000,St. Pauli,1.1000000,0.5000000,39.0000000,11.0000000,5.0000000,21.5000000,61.0000000,8.0000000,1.0000000,16.0000000,1643.8420410,1587.8065185
2125,2024-08-31,2025,Matchweek 2,Sat,Bundesliga,15:30,Holstein Kiel,L,0.0000000,2.0000000,Wolfsburg,1.1000000,1.3000000,54.0000000,13.0000000,5.0000000,19.2000000,46.0000000,13.0000000,4.0000000,18.3000000,1570.7719727,1649.6949463
2126,2024-08-31,2025,Matchweek 2,Sat,Bundesliga,15:30,Stuttgart,D,3.0000000,3.0000000,Mainz 05,3.8000000,2.3000000,63.0000000,28.0000000,11.0000000,14.9000000,37.0000000,10.0000000,6.0000000,21.6000000,1795.6787109,1691.3331299
2127,2024-08-31,2025,Matchweek 2,Sat,Bundesliga,15:30,Werder Bremen,D,0.0000000,0.0000000,Dortmund,0.3000000,0.6000000,47.0000000,5.0000000,1.0000000,19.8000000,53.0000000,9.0000000,4.0000000,20.2000000,1668.4595947,1874.3450928
2128,2024-08-31,2025,Matchweek 2,Sat,Bundesliga,15:30,Bochum,L,0.0000000,2.0000000,Gladbach,0.7000000,2.9000000,39.0000000,15.0000000,4.0000000,21.3000000,61.0000000,15.0000000,5.0000000,14.8000000,1596.1561279,1650.1319580
2129,2024-08-31,2025,Matchweek 2,Sat,Bundesliga,15:30,Eint Frankfurt,W,3.0000000,1.0000000,Hoffenheim,2.4000000,1.0000000,50.0000000,18.0000000,7.0000000,15.5000000,50.0000000,11.0000000,3.0000000,21.8000000,1693.9663086,1687.9190674
2130,2024-08-31,2025,Matchweek 2,Sat,Bundesliga,18:30,Leverkusen,L,2.0000000,3.0000000,RB Leipzig,2.2000000,1.1000000,62.0000000,26.0000000,10.0000000,15.6000000,38.0000000,8.0000000,4.0000000,18.2000000,1929.2358398,1849.6582031
2131,2024-09-01,2025,Matchweek 2,Sun,Bundesliga,15:30,Heidenheim,W,4.0000000,0.0000000,Augsburg,3.1000000,0.7000000,36.0000000,14.0000000,7.0000000,17.2000000,64.0000000,15.0000000,0.0000000,19.6000000,1662.5246582,1626.9239502
2132,2024-09-01,2025,Matchweek 2,Sun,Bundesliga,17:30,Bayern Munich,W,2.0000000,0.0000000,Freiburg,1.5000000,1.0000000,66.0000000,11.0000000,2.0000000,16.0000000,34.0000000,8.0000000,3.0000000,26.8000000,1904.7807617,1692.2686768
2133,2024-09-13,2025,Matchweek 3,Fri,Bundesliga,20:30,Dortmund,W,4.0000000,2.0000000,Heidenheim,2.6000000,1.8000000,60.0000000,12.0000000,5.0000000,17.0000000,40.0000000,10.0000000,3.0000000,18.2000000,1870.3803711,1673.7164307
2134,2024-09-14,2025,Matchweek 3,Sat,Bundesliga,15:30,Freiburg,W,2.0000000,1.0000000,Bochum,3.7000000,0.9000000,54.0000000,26.0000000,8.0000000,14.4000000,46.0000000,13.0000000,3.0000000,19.8000000,1688.9321289,1584.6779785
2135,2024-09-14,2025,Matchweek 3,Sat,Bundesliga,15:30,Wolfsburg,L,1.0000000,2.0000000,Eint Frankfurt,1.5000000,2.5000000,60.0000000,18.0000000,4.0000000,17.9000000,40.0000000,13.0000000,5.0000000,16.4000000,1660.1932373,1702.8104248
2136,2024-09-14,2025,Matchweek 3,Sat,Bundesliga,15:30,Hoffenheim,L,1.0000000,4.0000000,Leverkusen,0.9000000,3.5000000,40.0000000,15.0000000,5.0000000,18.4000000,60.0000000,19.0000000,6.0000000,15.8000000,1679.0748291,1917.8393555
2137,2024-09-14,2025,Matchweek 3,Sat,Bundesliga,15:30,Gladbach,L,1.0000000,3.0000000,Stuttgart,1.6000000,2.2000000,44.0000000,15.0000000,7.0000000,15.5000000,56.0000000,12.0000000,7.0000000,14.3000000,1661.6101074,1791.2687988
2138,2024-09-14,2025,Matchweek 3,Sat,Bundesliga,18:30,Holstein Kiel,L,1.0000000,6.0000000,Bayern Munich,0.3000000,3.2000000,30.0000000,5.0000000,1.0000000,16.9000000,70.0000000,22.0000000,11.0000000,15.9000000,1560.2736816,1908.1171875
2139,2024-09-14,2025,Matchweek 3,Sat,Bundesliga,15:30,RB Leipzig,D,0.0000000,0.0000000,Union Berlin,1.3000000,0.6000000,67.0000000,14.0000000,2.0000000,21.5000000,33.0000000,10.0000000,3.0000000,12.9000000,1861.0546875,1649.0645752
2140,2024-09-15,2025,Matchweek 3,Sun,Bundesliga,15:30,Augsburg,W,3.0000000,1.0000000,St. Pauli,2.7000000,0.5000000,44.0000000,18.0000000,8.0000000,15.0000000,56.0000000,11.0000000,3.0000000,19.9000000,1615.7322998,1582.5839844
2141,2024-09-15,2025,Matchweek 3,Sun,Bundesliga,17:30,Mainz 05,L,1.0000000,2.0000000,Werder Bremen,1.1000000,1.6000000,58.0000000,16.0000000,5.0000000,16.9000000,42.0000000,13.0000000,3.0000000,16.1000000,1695.7430420,1672.4243164
2142,2024-09-17,2025,League phase,Tue,Champions Lg,21:00,es Real Madrid,W,3.0000000,1.0000000,Stuttgart,2.6000000,1.9000000,46.0000000,17.0000000,7.0000000,16.3000000,54.0000000,17.0000000,7.0000000,16.3000000,,1799.6804199
2143,2024-09-17,2025,League phase,Tue,Champions Lg,21:00,Bayern Munich,W,9.0000000,2.0000000,hr Dinamo Zagreb,5.9000000,0.7000000,70.0000000,26.0000000,16.0000000,18.2000000,30.0000000,26.0000000,16.0000000,18.2000000,1912.7222900,
2144,2024-09-18,2025,League phase,Wed,Champions Lg,21:00,be Club Brugge,L,0.0000000,3.0000000,Dortmund,1.2000000,1.9000000,37.0000000,16.0000000,5.0000000,21.1000000,63.0000000,16.0000000,5.0000000,21.1000000,,1873.8537598
2145,2024-09-19,2025,League phase,Thu,Champions Lg,18:45,nl Feyenoord,L,0.0000000,4.0000000,Leverkusen,0.8000000,1.7000000,51.0000000,11.0000000,4.0000000,23.5000000,49.0000000,11.0000000,4.0000000,23.5000000,,1927.4337158
2146,2024-09-19,2025,League phase,Thu,Champions Lg,21:00,es Atlético Madrid,W,2.0000000,1.0000000,RB Leipzig,1.7000000,0.7000000,52.0000000,7.0000000,3.0000000,17.1000000,48.0000000,7.0000000,3.0000000,17.1000000,,1857.8059082
2147,2024-09-20,2025,Matchweek 4,Fri,Bundesliga,20:30,Augsburg,L,2.0000000,3.0000000,Mainz 05,2.4000000,1.0000000,73.0000000,29.0000000,7.0000000,15.5000000,27.0000000,5.0000000,3.0000000,11.4000000,1628.5859375,1690.4724121
2148,2024-09-21,2025,Matchweek 4,Sat,Bundesliga,18:30,Eint Frankfurt,W,2.0000000,0.0000000,Gladbach,2.7000000,1.7000000,37.0000000,18.0000000,4.0000000,16.2000000,63.0000000,25.0000000,7.0000000,17.6000000,1716.0240478,1657.9248047
2149,2024-09-21,2025,Matchweek 4,Sat,Bundesliga,15:30,Heidenheim,L,0.0000000,3.0000000,Freiburg,0.7000000,1.4000000,42.0000000,7.0000000,1.0000000,16.7000000,58.0000000,15.0000000,5.0000000,16.8000000,1674.7430420,1697.7384033
2150,2024-09-21,2025,Matchweek 4,Sat,Bundesliga,15:30,Bochum,D,2.0000000,2.0000000,Holstein Kiel,0.8000000,1.9000000,44.0000000,14.0000000,3.0000000,17.0000000,56.0000000,14.0000000,4.0000000,16.5000000,1585.3244629,1560.3948975
2151,2024-09-21,2025,Matchweek 4,Sat,Bundesliga,15:30,Union Berlin,W,2.0000000,1.0000000,Hoffenheim,1.2000000,0.4000000,51.0000000,12.0000000,2.0000000,18.3000000,49.0000000,7.0000000,3.0000000,20.5000000,1660.3092041,1677.4764404
2152,2024-09-21,2025,Matchweek 4,Sat,Bundesliga,15:30,Werder Bremen,L,0.0000000,5.0000000,Bayern Munich,0.0000000,3.0000000,31.0000000,0.0000000,0.0000000,,69.0000000,25.0000000,7.0000000,17.3000000,1687.1475830,1920.0302734
2153,2024-09-22,2025,Matchweek 4,Sun,Bundesliga,15:30,Leverkusen,W,4.0000000,3.0000000,Wolfsburg,1.9000000,0.7000000,78.0000000,20.0000000,7.0000000,16.3000000,22.0000000,9.0000000,4.0000000,22.1000000,1939.4666748,1656.4323731
2154,2024-09-22,2025,Matchweek 4,Sun,Bundesliga,19:30,St. Pauli,D,0.0000000,0.0000000,RB Leipzig,1.4000000,0.7000000,31.0000000,17.0000000,4.0000000,14.0000000,69.0000000,10.0000000,5.0000000,15.4000000,1579.1829834,1853.0101318
2155,2024-09-22,2025,Matchweek 4,Sun,Bundesliga,17:30,Stuttgart,W,5.0000000,1.0000000,Dortmund,3.4000000,0.7000000,52.0000000,17.0000000,9.0000000,14.8000000,48.0000000,7.0000000,3.0000000,12.9000000,1801.1586914,1889.1275635
2156,2024-09-25,2025,League phase,Wed,Europa Lg,21:00,dk Midtjylland,D,1.0000000,1.0000000,Hoffenheim,2.1000000,1.4000000,50.0000000,14.0000000,2.0000000,16.8000000,50.0000000,14.0000000,2.0000000,16.8000000,,1670.4257812
2157,2024-09-26,2025,League phase,Thu,Europa Lg,21:00,Eint Frankfurt,D,3.0000000,3.0000000,cz Viktoria Plzeň,1.4000000,1.2000000,67.0000000,19.0000000,6.0000000,15.8000000,33.0000000,19.0000000,6.0000000,15.8000000,1723.5367432,
2158,2024-09-27,2025,Matchweek 5,Fri,Bundesliga,20:30,Dortmund,W,4.0000000,2.0000000,Bochum,3.2000000,1.3000000,66.0000000,22.0000000,7.0000000,16.4000000,34.0000000,10.0000000,5.0000000,20.0000000,1869.7747803,1581.7188721
2159,2024-09-28,2025,Matchweek 5,Sat,Bundesliga,15:30,Mainz 05,L,0.0000000,2.0000000,Heidenheim,0.6000000,1.2000000,50.0000000,7.0000000,1.0000000,17.9000000,50.0000000,14.0000000,6.0000000,14.5000000,1696.8978272,1658.1014404
2160,2024-09-28,2025,Matchweek 5,Sat,Bundesliga,18:30,Bayern Munich,D,1.0000000,1.0000000,Leverkusen,1.4000000,0.1000000,69.0000000,18.0000000,3.0000000,19.3000000,31.0000000,3.0000000,2.0000000,40.5000000,1926.8831787,1939.7425537
2161,2024-09-28,2025,Matchweek 5,Sat,Bundesliga,15:30,Freiburg,L,0.0000000,3.0000000,St. Pauli,1.2000000,1.1000000,73.0000000,8.0000000,1.0000000,16.9000000,27.0000000,10.0000000,4.0000000,17.6000000,1711.5740967,1583.4113769
2162,2024-09-28,2025,Matchweek 5,Sat,Bundesliga,15:30,Wolfsburg,D,2.0000000,2.0000000,Stuttgart,1.1000000,1.8000000,31.0000000,5.0000000,2.0000000,14.3000000,69.0000000,17.0000000,3.0000000,18.9000000,1653.3505859,1817.7056885
2163,2024-09-28,2025,Matchweek 5,Sat,Bundesliga,15:30,Gladbach,W,1.0000000,0.0000000,Union Berlin,0.9000000,0.7000000,62.0000000,8.0000000,2.0000000,14.6000000,38.0000000,9.0000000,2.0000000,19.9000000,1649.2769775,1665.9569092
2164,2024-09-28,2025,Matchweek 5,Sat,Bundesliga,15:30,RB Leipzig,W,4.0000000,0.0000000,Augsburg,3.0000000,1.1000000,59.0000000,17.0000000,6.0000000,14.0000000,41.0000000,6.0000000,0.0000000,17.2000000,1845.9757080,1619.3546143
2165,2024-09-29,2025,Matchweek 5,Sun,Bundesliga,15:30,Holstein Kiel,L,2.0000000,4.0000000,Eint Frankfurt,1.1000000,2.1000000,47.0000000,9.0000000,4.0000000,23.4000000,53.0000000,20.0000000,10.0000000,14.6000000,1561.1945801,1716.8963623
2166,2024-09-29,2025,Matchweek 5,Sun,Bundesliga,17:30,Hoffenheim,L,3.0000000,4.0000000,Werder Bremen,1.2000000,2.9000000,37.0000000,10.0000000,4.0000000,17.2000000,64.0000000,23.0000000,10.0000000,14.2000000,1669.8177490,1677.4888916
2167,2024-10-01,2025,League phase,Tue,Champions Lg,21:00,Leverkusen,W,1.0000000,0.0000000,it Milan,1.8000000,1.0000000,50.0000000,16.0000000,9.0000000,17.2000000,50.0000000,16.0000000,9.0000000,17.2000000,1940.8781738,
2168,2024-10-01,2025,League phase,Tue,Champions Lg,21:00,Dortmund,W,7.0000000,1.0000000,sct Celtic,2.6000000,2.1000000,52.0000000,14.0000000,11.0000000,18.2000000,48.0000000,14.0000000,11.0000000,18.2000000,1872.0529785,
2169,2024-10-01,2025,League phase,Tue,Champions Lg,18:45,Stuttgart,D,1.0000000,1.0000000,cz Sparta Prague,1.7000000,1.0000000,76.0000000,26.0000000,10.0000000,18.9000000,24.0000000,26.0000000,10.0000000,18.9000000,1814.5926514,
2170,2024-10-02,2025,League phase,Wed,Champions Lg,21:00,RB Leipzig,L,2.0000000,3.0000000,it Juventus,3.3000000,1.2000000,45.0000000,23.0000000,6.0000000,17.4000000,55.0000000,23.0000000,6.0000000,17.4000000,1851.8978272,
2171,2024-10-02,2025,League phase,Wed,Champions Lg,20:00 (21:00),eng Aston Villa,W,1.0000000,0.0000000,Bayern Munich,0.4000000,1.5000000,30.0000000,17.0000000,7.0000000,19.9000000,70.0000000,17.0000000,7.0000000,19.9000000,,1927.1195068
2172,2024-10-03,2025,League phase,Thu,Europa Lg,18:45,Hoffenheim,W,2.0000000,0.0000000,ua Dynamo Kyiv,1.5000000,0.2000000,48.0000000,19.0000000,6.0000000,19.4000000,52.0000000,19.0000000,6.0000000,19.4000000,1655.7076416,
2173,2024-10-03,2025,League phase,Thu,Conf Lg,18:45,Heidenheim,W,2.0000000,1.0000000,si Olimpija,1.8000000,1.3000000,66.0000000,17.0000000,7.0000000,19.9000000,34.0000000,17.0000000,7.0000000,19.9000000,1667.7298584,
2174,2024-10-03,2025,League phase,Thu,Europa Lg,22:00 (21:00),tr Beşiktaş,L,1.0000000,3.0000000,Eint Frankfurt,2.3000000,2.3000000,65.0000000,10.0000000,4.0000000,15.0000000,35.0000000,10.0000000,4.0000000,15.0000000,,1719.1459961
2175,2024-10-04,2025,Matchweek 6,Fri,Bundesliga,20:30,Augsburg,W,2.0000000,1.0000000,Gladbach,1.3000000,0.5000000,35.0000000,15.0000000,5.0000000,16.0000000,65.0000000,11.0000000,4.0000000,15.1000000,1614.1379394,1655.7037353
2176,2024-10-05,2025,Matchweek 6,Sat,Bundesliga,15:30,Union Berlin,W,2.0000000,1.0000000,Dortmund,1.5000000,0.7000000,33.0000000,13.0000000,4.0000000,19.1000000,67.0000000,8.0000000,4.0000000,18.3000000,1658.1967773,1876.6495361
2177,2024-10-05,2025,Matchweek 6,Sat,Bundesliga,15:30,Bochum,L,1.0000000,3.0000000,Wolfsburg,1.7000000,2.4000000,58.0000000,18.0000000,5.0000000,18.9000000,42.0000000,16.0000000,4.0000000,18.2000000,1578.7739258,1655.7968750
2178,2024-10-05,2025,Matchweek 6,Sat,Bundesliga,15:30,Leverkusen,D,2.0000000,2.0000000,Holstein Kiel,2.1000000,1.6000000,74.0000000,23.0000000,7.0000000,18.3000000,26.0000000,7.0000000,3.0000000,13.6000000,1943.6085205,1553.1040039
2179,2024-10-05,2025,Matchweek 6,Sat,Bundesliga,18:30,St. Pauli,L,0.0000000,3.0000000,Mainz 05,1.0000000,1.1000000,56.0000000,19.0000000,4.0000000,16.5000000,44.0000000,8.0000000,4.0000000,21.4000000,1604.5440674,1681.4284668
2180,2024-10-05,2025,Matchweek 6,Sat,Bundesliga,15:30,Werder Bremen,L,0.0000000,1.0000000,Freiburg,1.0000000,1.0000000,58.0000000,12.0000000,3.0000000,19.6000000,42.0000000,15.0000000,3.0000000,20.6000000,1685.7579346,1689.1081543
2181,2024-10-06,2025,Matchweek 6,Sun,Bundesliga,15:30,Heidenheim,L,0.0000000,1.0000000,RB Leipzig,1.0000000,1.4000000,45.0000000,14.0000000,4.0000000,18.8000000,55.0000000,13.0000000,2.0000000,18.6000000,1673.9641113,1839.1640625
2182,2024-10-06,2025,Matchweek 6,Sun,Bundesliga,17:30,Eint Frankfurt,D,3.0000000,3.0000000,Bayern Munich,1.2000000,2.2000000,26.0000000,6.0000000,4.0000000,16.9000000,74.0000000,24.0000000,13.0000000,17.5000000,1730.8457031,1916.0891113
2183,2024-10-06,2025,Matchweek 6,Sun,Bundesliga,19:30,Stuttgart,D,1.0000000,1.0000000,Hoffenheim,1.9000000,0.9000000,67.0000000,19.0000000,5.0000000,15.1000000,33.0000000,7.0000000,4.0000000,15.5000000,1809.3710938,1664.9573975
2184,2024-10-18,2025,Matchweek 7,Fri,Bundesliga,20:30,Dortmund,W,2.0000000,1.0000000,St. Pauli,2.6000000,0.6000000,74.0000000,20.0000000,7.0000000,13.4000000,26.0000000,10.0000000,3.0000000,19.7000000,1864.2408447,1591.9801025
2185,2024-10-19,2025,Matchweek 7,Sat,Bundesliga,18:30,Bayern Munich,W,4.0000000,0.0000000,Stuttgart,3.2000000,0.5000000,65.0000000,22.0000000,10.0000000,15.9000000,35.0000000,4.0000000,1.0000000,17.7000000,1912.2993164,1804.3662109
2186,2024-10-19,2025,Matchweek 7,Sat,Bundesliga,15:30,Mainz 05,L,0.0000000,2.0000000,RB Leipzig,0.6000000,1.9000000,53.0000000,17.0000000,2.0000000,18.1000000,47.0000000,11.0000000,5.0000000,16.1000000,1693.9925537,1844.1062012
2187,2024-10-19,2025,Matchweek 7,Sat,Bundesliga,15:30,Freiburg,W,3.0000000,1.0000000,Augsburg,0.8000000,0.6000000,57.0000000,15.0000000,6.0000000,19.8000000,43.0000000,9.0000000,3.0000000,20.7000000,1698.2508545,1621.8261719
2188,2024-10-19,2025,Matchweek 7,Sat,Bundesliga,15:30,Gladbach,W,3.0000000,2.0000000,Heidenheim,3.6000000,2.0000000,66.0000000,19.0000000,9.0000000,16.0000000,34.0000000,18.0000000,5.0000000,15.9000000,1648.0155029,1669.0219727
2189,2024-10-19,2025,Matchweek 7,Sat,Bundesliga,15:30,Leverkusen,W,2.0000000,1.0000000,Eint Frankfurt,3.8000000,1.9000000,54.0000000,26.0000000,8.0000000,17.4000000,46.0000000,8.0000000,0.0000000,18.8000000,1935.0963135,1734.6354981
2190,2024-10-19,2025,Matchweek 7,Sat,Bundesliga,15:30,Hoffenheim,W,3.0000000,1.0000000,Bochum,2.5000000,2.7000000,50.0000000,12.0000000,7.0000000,15.9000000,50.0000000,12.0000000,3.0000000,19.8000000,1669.9622803,1568.7023926
2191,2024-10-20,2025,Matchweek 7,Sun,Bundesliga,17:30,Wolfsburg,L,2.0000000,4.0000000,Werder Bremen,1.8000000,2.0000000,43.0000000,14.0000000,5.0000000,16.3000000,57.0000000,15.0000000,7.0000000,16.8000000,1665.8684082,1676.6152344
2192,2024-10-20,2025,Matchweek 7,Sun,Bundesliga,15:30,Holstein Kiel,L,0.0000000,2.0000000,Union Berlin,1.3000000,1.1000000,48.0000000,12.0000000,4.0000000,14.7000000,52.0000000,14.0000000,4.0000000,14.8000000,1561.6163330,1670.6054688
2193,2024-10-22,2025,League phase,Tue,Champions Lg,21:00,es Real Madrid,W,5.0000000,2.0000000,Dortmund,3.5000000,1.6000000,52.0000000,8.0000000,7.0000000,16.7000000,48.0000000,8.0000000,7.0000000,16.7000000,,1866.0876465
2194,2024-10-22,2025,League phase,Tue,Champions Lg,21:00,it Juventus,L,0.0000000,1.0000000,Stuttgart,0.2000000,2.5000000,50.0000000,21.0000000,9.0000000,19.2000000,50.0000000,21.0000000,9.0000000,19.2000000,,1796.1867676
2195,2024-10-23,2025,League phase,Wed,Champions Lg,18:45,fr Brest,D,1.0000000,1.0000000,Leverkusen,0.5000000,1.0000000,41.0000000,8.0000000,3.0000000,16.4000000,59.0000000,8.0000000,3.0000000,16.4000000,,1939.5753174
2196,2024-10-23,2025,League phase,Wed,Champions Lg,21:00,es Barcelona,W,4.0000000,1.0000000,Bayern Munich,2.2000000,1.0000000,40.0000000,11.0000000,3.0000000,21.9000000,60.0000000,11.0000000,3.0000000,21.9000000,,1922.3046875
2197,2024-10-23,2025,League phase,Wed,Champions Lg,21:00,RB Leipzig,L,0.0000000,1.0000000,eng Liverpool,0.8000000,2.3000000,43.0000000,13.0000000,6.0000000,21.1000000,57.0000000,13.0000000,6.0000000,21.1000000,1853.5996094,
2198,2024-10-24,2025,League phase,Thu,Europa Lg,18:45,Eint Frankfurt,W,1.0000000,0.0000000,lv FK Rīgas FS,0.9000000,0.5000000,59.0000000,20.0000000,4.0000000,19.2000000,41.0000000,20.0000000,4.0000000,19.2000000,1726.3669434,
2199,2024-10-24,2025,League phase,Thu,Conf Lg,22:00 (21:00),cy Pafos FC,L,0.0000000,1.0000000,Heidenheim,1.1000000,1.3000000,61.0000000,9.0000000,3.0000000,15.1000000,39.0000000,9.0000000,3.0000000,15.1000000,,1656.1845703
2200,2024-10-24,2025,League phase,Thu,Europa Lg,20:00 (21:00),pt Porto,W,2.0000000,0.0000000,Hoffenheim,0.6000000,1.3000000,45.0000000,15.0000000,1.0000000,19.0000000,55.0000000,15.0000000,1.0000000,19.0000000,,1670.3015137
2201,2024-10-25,2025,Matchweek 8,Fri,Bundesliga,20:30,Mainz 05,D,1.0000000,1.0000000,Gladbach,1.7000000,0.7000000,52.0000000,23.0000000,6.0000000,19.2000000,48.0000000,9.0000000,5.0000000,18.3000000,1680.8881836,1649.8005371
2202,2024-10-26,2025,Matchweek 8,Sat,Bundesliga,15:30,RB Leipzig,W,3.0000000,1.0000000,Freiburg,1.8000000,1.7000000,43.0000000,12.0000000,9.0000000,13.4000000,57.0000000,15.0000000,5.0000000,18.0000000,1838.6806641,1699.8229981
2203,2024-10-26,2025,Matchweek 8,Sat,Bundesliga,15:30,Augsburg,W,2.0000000,1.0000000,Dortmund,0.6000000,1.0000000,25.0000000,12.0000000,4.0000000,22.4000000,75.0000000,11.0000000,4.0000000,20.1000000,1609.3803711,1854.4165039
2204,2024-10-26,2025,Matchweek 8,Sat,Bundesliga,18:30,Werder Bremen,D,2.0000000,2.0000000,Leverkusen,1.6000000,1.3000000,43.0000000,13.0000000,8.0000000,16.6000000,57.0000000,14.0000000,5.0000000,15.2000000,1683.9481201,1928.3950195
2205,2024-10-26,2025,Matchweek 8,Sat,Bundesliga,15:30,St. Pauli,D,0.0000000,0.0000000,Wolfsburg,0.8000000,1.1000000,54.0000000,14.0000000,5.0000000,18.7000000,46.0000000,9.0000000,4.0000000,17.1000000,1584.6964111,1647.6618652
2206,2024-10-26,2025,Matchweek 8,Sat,Bundesliga,15:30,Stuttgart,W,2.0000000,1.0000000,Holstein Kiel,1.6000000,0.5000000,58.0000000,16.0000000,6.0000000,17.8000000,42.0000000,9.0000000,3.0000000,18.0000000,1802.4959717,1546.9602051
2207,2024-10-27,2025,Matchweek 8,Sun,Bundesliga,17:30,Union Berlin,D,1.0000000,1.0000000,Eint Frankfurt,1.4000000,1.5000000,48.0000000,13.0000000,4.0000000,14.8000000,52.0000000,17.0000000,5.0000000,17.4000000,1674.3878174,1727.0017090
2208,2024-10-27,2025,Matchweek 8,Sun,Bundesliga,19:30,Heidenheim,D,0.0000000,0.0000000,Hoffenheim,1.5000000,0.7000000,47.0000000,17.0000000,3.0000000,18.4000000,53.0000000,12.0000000,4.0000000,21.9000000,1661.3608398,1665.5740967
2209,2024-10-27,2025,Matchweek 8,Sun,Bundesliga,15:30,Bochum,L,0.0000000,5.0000000,Bayern Munich,0.6000000,2.2000000,28.0000000,6.0000000,1.0000000,24.2000000,72.0000000,19.0000000,10.0000000,17.0000000,1557.3107910,1903.9796143
2210,2024-10-29,2025,Round of 32,Tue,DFB-Pokal,20:45,Stuttgart,W,2.0000000,1.0000000,Kaiserslautern,,,69.0000000,17.0000000,7.0000000,,31.0000000,17.0000000,7.0000000,,1804.4530029,
2211,2024-10-29,2025,Round of 32,Tue,DFB-Pokal,18:00,RB Leipzig,W,4.0000000,2.0000000,St. Pauli,,,47.0000000,9.0000000,7.0000000,,53.0000000,17.0000000,4.0000000,,1843.9063721,1584.6964111
2212,2024-10-29,2025,Round of 32,Tue,DFB-Pokal,18:00,Augsburg,W,3.0000000,0.0000000,Schalke 04,,,53.0000000,12.0000000,3.0000000,,47.0000000,12.0000000,3.0000000,,1622.0849609,1466.7304688
2213,2024-10-29,2025,Round of 32,Tue,DFB-Pokal,20:45,Köln,W,3.0000000,0.0000000,Holstein Kiel,,,41.0000000,14.0000000,3.0000000,,59.0000000,14.0000000,3.0000000,,1575.7542725,1546.9602051
2214,2024-10-29,2025,Round of 32,Tue,DFB-Pokal,20:45,Wolfsburg,W,1.0000000,0.0000000,Dortmund,,,42.0000000,16.0000000,3.0000000,,58.0000000,18.0000000,4.0000000,,1647.6618652,1841.7119141
2215,2024-10-29,2025,Round of 32,Tue,DFB-Pokal,18:00,Leverkusen,W,3.0000000,0.0000000,Elversberg,,,66.0000000,10.0000000,7.0000000,,34.0000000,10.0000000,7.0000000,,1928.3950195,
2216,2024-10-30,2025,Round of 32,Wed,DFB-Pokal,20:45,Arminia,W,2.0000000,0.0000000,Union Berlin,,,29.0000000,21.0000000,5.0000000,,71.0000000,21.0000000,5.0000000,,1451.9635010,1674.5270996
2217,2024-10-30,2025,Round of 32,Wed,DFB-Pokal,20:45,Hoffenheim,W,2.0000000,1.0000000,Nürnberg,,,50.0000000,23.0000000,10.0000000,,50.0000000,23.0000000,10.0000000,,1666.8212891,
2218,2024-10-30,2025,Round of 32,Wed,DFB-Pokal,18:00,Paderborn 07,L,0.0000000,1.0000000,Werder Bremen,,,48.0000000,11.0000000,3.0000000,,52.0000000,11.0000000,3.0000000,,1517.2155762,1689.0787353
2219,2024-10-30,2025,Round of 32,Wed,DFB-Pokal,18:00,Hertha BSC,W,2.0000000,1.0000000,Heidenheim,,,45.0000000,10.0000000,1.0000000,,55.0000000,10.0000000,1.0000000,,1511.7233887,1661.3608398
2220,2024-10-30,2025,Round of 32,Wed,DFB-Pokal,18:00,Freiburg,W,2.0000000,1.0000000,Hamburger SV,,,48.0000000,13.0000000,5.0000000,,52.0000000,13.0000000,5.0000000,,1694.5972900,1596.9584961
2221,2024-10-30,2025,Round of 32,Wed,DFB-Pokal,18:00,Eint Frankfurt,W,2.0000000,1.0000000,Gladbach,,,40.0000000,14.0000000,7.0000000,,60.0000000,19.0000000,3.0000000,,1727.0017090,1652.0288086
2222,2024-10-30,2025,Round of 32,Wed,DFB-Pokal,20:45,Mainz 05,L,0.0000000,4.0000000,Bayern Munich,,,20.0000000,6.0000000,4.0000000,,80.0000000,15.0000000,10.0000000,,1680.8881836,1903.9796143
2223,2024-11-01,2025,Matchweek 9,Fri,Bundesliga,20:30,Leverkusen,D,0.0000000,0.0000000,Stuttgart,2.2000000,0.3000000,53.0000000,19.0000000,5.0000000,13.4000000,47.0000000,4.0000000,1.0000000,20.5000000,1923.2644043,1804.4530029
2224,2024-11-02,2025,Matchweek 9,Sat,Bundesliga,15:30,Wolfsburg,D,1.0000000,1.0000000,Augsburg,1.2000000,0.5000000,69.0000000,18.0000000,5.0000000,17.7000000,31.0000000,3.0000000,1.0000000,17.8000000,1647.2167969,1622.0849609
2225,2024-11-02,2025,Matchweek 9,Sat,Bundesliga,15:30,Holstein Kiel,W,1.0000000,0.0000000,Heidenheim,1.1000000,1.2000000,45.0000000,11.0000000,6.0000000,17.2000000,55.0000000,17.0000000,4.0000000,15.0000000,1545.0032959,1660.1136475
2226,2024-11-02,2025,Matchweek 9,Sat,Bundesliga,15:30,Eint Frankfurt,W,7.0000000,2.0000000,Bochum,3.5000000,1.8000000,64.0000000,18.0000000,9.0000000,17.0000000,36.0000000,11.0000000,8.0000000,17.5000000,1726.8624268,1553.0399170
2227,2024-11-02,2025,Matchweek 9,Sat,Bundesliga,15:30,Hoffenheim,L,0.0000000,2.0000000,St. Pauli,0.7000000,0.9000000,67.0000000,12.0000000,6.0000000,17.7000000,33.0000000,7.0000000,3.0000000,15.7000000,1666.8212891,1585.1414795
2228,2024-11-02,2025,Matchweek 9,Sat,Bundesliga,15:30,Bayern Munich,W,3.0000000,0.0000000,Union Berlin,2.5000000,0.5000000,77.0000000,15.0000000,6.0000000,16.6000000,23.0000000,8.0000000,1.0000000,12.7000000,1908.2506103,1674.5270996
2229,2024-11-02,2025,Matchweek 9,Sat,Bundesliga,18:30,Dortmund,W,2.0000000,1.0000000,RB Leipzig,2.0000000,0.5000000,57.0000000,20.0000000,7.0000000,14.3000000,43.0000000,7.0000000,2.0000000,18.8000000,1841.7119141,1843.9063721
2230,2024-11-03,2025,Matchweek 9,Sun,Bundesliga,17:30,Gladbach,W,4.0000000,1.0000000,Werder Bremen,2.5000000,1.4000000,47.0000000,16.0000000,7.0000000,14.5000000,53.0000000,15.0000000,5.0000000,15.2000000,1652.0288086,1689.0787353
2231,2024-11-03,2025,Matchweek 9,Sun,Bundesliga,15:30,Freiburg,D,0.0000000,0.0000000,Mainz 05,0.8000000,0.5000000,51.0000000,10.0000000,2.0000000,19.7000000,49.0000000,9.0000000,2.0000000,17.0000000,1694.5972900,1678.6599121
2232,2024-11-05,2025,League phase,Tue,Champions Lg,20:00 (21:00),eng Liverpool,W,4.0000000,0.0000000,Leverkusen,3.7000000,0.9000000,47.0000000,12.0000000,4.0000000,20.1000000,53.0000000,12.0000000,4.0000000,20.1000000,,1918.8500977
2233,2024-11-05,2025,League phase,Tue,Champions Lg,20:00 (21:00),sct Celtic,W,3.0000000,1.0000000,RB Leipzig,1.8000000,1.3000000,60.0000000,10.0000000,3.0000000,18.0000000,40.0000000,10.0000000,3.0000000,18.0000000,,1837.1660156
2234,2024-11-05,2025,League phase,Tue,Champions Lg,21:00,Dortmund,W,1.0000000,0.0000000,at Sturm Graz,2.0000000,0.4000000,66.0000000,21.0000000,7.0000000,14.8000000,34.0000000,21.0000000,7.0000000,14.8000000,1848.4522705,
2235,2024-11-06,2025,League phase,Wed,Champions Lg,21:00,Stuttgart,L,0.0000000,2.0000000,it Atalanta,1.0000000,2.3000000,55.0000000,10.0000000,0.0000000,20.8000000,45.0000000,10.0000000,0.0000000,20.8000000,1801.6362305,
2236,2024-11-06,2025,League phase,Wed,Champions Lg,21:00,Bayern Munich,W,1.0000000,0.0000000,pt Benfica,1.4000000,0.1000000,73.0000000,24.0000000,10.0000000,17.9000000,27.0000000,24.0000000,10.0000000,17.9000000,1904.9902344,
2237,2024-11-07,2025,League phase,Thu,Europa Lg,21:00,Hoffenheim,D,2.0000000,2.0000000,fr Lyon,1.4000000,0.9000000,44.0000000,18.0000000,11.0000000,17.9000000,56.0000000,18.0000000,11.0000000,17.9000000,1641.2854004,
2238,2024-11-07,2025,League phase,Thu,Conf Lg,20:00 (21:00),sct Hearts,L,0.0000000,2.0000000,Heidenheim,1.8000000,0.9000000,48.0000000,10.0000000,2.0000000,16.1000000,52.0000000,10.0000000,2.0000000,16.1000000,,1640.8095703
2239,2024-11-07,2025,League phase,Thu,Europa Lg,18:45,Eint Frankfurt,W,1.0000000,0.0000000,cz Slavia Prague,0.9000000,1.1000000,47.0000000,10.0000000,5.0000000,17.7000000,53.0000000,10.0000000,5.0000000,17.7000000,1723.9124756,
2240,2024-11-08,2025,Matchweek 10,Fri,Bundesliga,20:30,Union Berlin,D,0.0000000,0.0000000,Freiburg,0.7000000,1.7000000,41.0000000,12.0000000,6.0000000,20.2000000,59.0000000,13.0000000,3.0000000,19.8000000,1664.8253174,1687.0860596
2241,2024-11-09,2025,Matchweek 10,Sat,Bundesliga,15:30,Bochum,D,1.0000000,1.0000000,Leverkusen,0.7000000,1.2000000,30.0000000,15.0000000,3.0000000,20.1000000,70.0000000,11.0000000,3.0000000,16.4000000,1540.5058594,1903.5029297
2242,2024-11-09,2025,Matchweek 10,Sat,Bundesliga,15:30,St. Pauli,L,0.0000000,1.0000000,Bayern Munich,0.1000000,0.8000000,25.0000000,3.0000000,0.0000000,21.8000000,75.0000000,13.0000000,6.0000000,19.0000000,1595.1934815,1909.7933350
2243,2024-11-09,2025,Matchweek 10,Sat,Bundesliga,15:30,Werder Bremen,W,2.0000000,1.0000000,Holstein Kiel,1.7000000,0.7000000,60.0000000,16.0000000,5.0000000,15.2000000,40.0000000,12.0000000,5.0000000,17.0000000,1670.1782227,1548.8233643
2244,2024-11-09,2025,Matchweek 10,Sat,Bundesliga,15:30,Mainz 05,W,3.0000000,1.0000000,Dortmund,2.0000000,0.9000000,53.0000000,13.0000000,9.0000000,13.4000000,47.0000000,1.0000000,0.0000000,23.0000000,1674.7092285,1844.1624756
2245,2024-11-09,2025,Matchweek 10,Sat,Bundesliga,18:30,RB Leipzig,D,0.0000000,0.0000000,Gladbach,1.0000000,0.9000000,61.0000000,12.0000000,5.0000000,16.2000000,39.0000000,14.0000000,4.0000000,19.2000000,1817.4028320,1659.4672852
2246,2024-11-10,2025,Matchweek 10,Sun,Bundesliga,15:30,Augsburg,D,0.0000000,0.0000000,Hoffenheim,0.9000000,0.5000000,44.0000000,16.0000000,4.0000000,20.4000000,56.0000000,11.0000000,2.0000000,20.5000000,1618.3874512,1645.4964600
2247,2024-11-10,2025,Matchweek 10,Sun,Bundesliga,17:30,Stuttgart,L,2.0000000,3.0000000,Eint Frankfurt,2.5000000,1.3000000,60.0000000,21.0000000,9.0000000,16.6000000,40.0000000,8.0000000,5.0000000,16.6000000,1792.0515137,1734.3695068
2248,2024-11-10,2025,Matchweek 10,Sun,Bundesliga,19:30,Heidenheim,L,1.0000000,3.0000000,Wolfsburg,2.4000000,1.5000000,65.0000000,19.0000000,4.0000000,14.6000000,35.0000000,13.0000000,6.0000000,14.1000000,1650.7093506,1639.4522705
2249,2024-11-22,2025,Matchweek 11,Fri,Bundesliga,20:30,Bayern Munich,W,3.0000000,0.0000000,Augsburg,3.7000000,0.1000000,80.0000000,31.0000000,12.0000000,18.1000000,20.0000000,2.0000000,1.0000000,10.2000000,1912.2087402,1617.7388916
2250,2024-11-23,2025,Matchweek 11,Sat,Bundesliga,15:30,Stuttgart,W,2.0000000,0.0000000,Bochum,1.7000000,0.7000000,58.0000000,15.0000000,4.0000000,15.7000000,42.0000000,9.0000000,2.0000000,19.4000000,1781.3035889,1547.7056885
2251,2024-11-23,2025,Matchweek 11,Sat,Bundesliga,15:30,Hoffenheim,W,4.0000000,3.0000000,RB Leipzig,2.0000000,1.6000000,59.0000000,20.0000000,7.0000000,15.3000000,41.0000000,14.0000000,6.0000000,15.5000000,1646.1450195,1812.0913086
2252,2024-11-23,2025,Matchweek 11,Sat,Bundesliga,15:30,Wolfsburg,W,1.0000000,0.0000000,Union Berlin,0.6000000,0.5000000,55.0000000,10.0000000,5.0000000,18.9000000,45.0000000,11.0000000,4.0000000,17.3000000,1653.0690918,1664.1268310
2253,2024-11-23,2025,Matchweek 11,Sat,Bundesliga,18:30,Eint Frankfurt,W,1.0000000,0.0000000,Werder Bremen,1.1000000,0.4000000,50.0000000,15.0000000,5.0000000,19.6000000,50.0000000,8.0000000,1.0000000,20.3000000,1745.1174316,1674.1058350
2254,2024-11-23,2025,Matchweek 11,Sat,Bundesliga,15:30,Dortmund,W,4.0000000,0.0000000,Freiburg,1.3000000,0.8000000,59.0000000,19.0000000,7.0000000,18.7000000,41.0000000,7.0000000,2.0000000,18.1000000,1828.5391846,1687.7844238
2255,2024-11-23,2025,Matchweek 11,Sat,Bundesliga,15:30,Leverkusen,W,5.0000000,2.0000000,Heidenheim,2.2000000,1.1000000,78.0000000,20.0000000,10.0000000,17.8000000,22.0000000,6.0000000,3.0000000,16.7000000,1896.3031006,1637.0926514
2256,2024-11-24,2025,Matchweek 11,Sun,Bundesliga,17:30,Gladbach,W,2.0000000,0.0000000,St. Pauli,2.3000000,1.1000000,48.0000000,15.0000000,3.0000000,14.6000000,52.0000000,15.0000000,3.0000000,16.2000000,1664.7789307,1592.7780762
2257,2024-11-24,2025,Matchweek 11,Sun,Bundesliga,15:30,Holstein Kiel,L,0.0000000,3.0000000,Mainz 05,0.4000000,2.2000000,38.0000000,7.0000000,2.0000000,16.8000000,62.0000000,17.0000000,6.0000000,18.0000000,1544.8957519,1690.3325195
2258,2024-11-26,2025,League phase,Tue,Champions Lg,21:00,it Inter,W,1.0000000,0.0000000,RB Leipzig,1.4000000,0.1000000,50.0000000,7.0000000,1.0000000,23.8000000,50.0000000,7.0000000,1.0000000,23.8000000,,1801.1922607
2259,2024-11-26,2025,League phase,Tue,Champions Lg,21:00,Leverkusen,W,5.0000000,0.0000000,at RB Salzburg,4.3000000,0.3000000,62.0000000,28.0000000,12.0000000,15.4000000,38.0000000,28.0000000,12.0000000,15.4000000,1899.7167969,
2260,2024-11-26,2025,League phase,Tue,Champions Lg,21:00,Bayern Munich,W,1.0000000,0.0000000,fr Paris S-G,2.4000000,0.8000000,57.0000000,18.0000000,7.0000000,16.2000000,43.0000000,18.0000000,7.0000000,16.2000000,1914.9277344,
2261,2024-11-27,2025,League phase,Wed,Champions Lg,21:00,hr Dinamo Zagreb,L,0.0000000,3.0000000,Dortmund,0.2000000,1.7000000,30.0000000,17.0000000,6.0000000,15.0000000,70.0000000,17.0000000,6.0000000,15.0000000,,1837.4276123
2262,2024-11-27,2025,League phase,Wed,Champions Lg,18:45,rs Red Star,W,5.0000000,1.0000000,Stuttgart,1.8000000,0.6000000,29.0000000,13.0000000,2.0000000,16.6000000,71.0000000,13.0000000,2.0000000,16.6000000,,1786.0861816
2263,2024-11-28,2025,League phase,Thu,Europa Lg,21:00,dk Midtjylland,L,1.0000000,2.0000000,Eint Frankfurt,0.8000000,2.5000000,43.0000000,16.0000000,5.0000000,17.4000000,57.0000000,16.0000000,5.0000000,17.4000000,,1746.5499268
2264,2024-11-28,2025,League phase,Thu,Conf Lg,18:45,Heidenheim,L,0.0000000,2.0000000,eng Chelsea,1.7000000,3.2000000,34.0000000,16.0000000,11.0000000,18.2000000,66.0000000,16.0000000,11.0000000,18.2000000,1630.1228027,
2265,2024-11-28,2025,League phase,Thu,Europa Lg,20:00 (21:00),pt Braga,W,3.0000000,0.0000000,Hoffenheim,0.5000000,0.8000000,45.0000000,15.0000000,3.0000000,21.5000000,55.0000000,15.0000000,3.0000000,21.5000000,,1653.4880371
2266,2024-11-29,2025,Matchweek 12,Fri,Bundesliga,20:30,St. Pauli,W,3.0000000,1.0000000,Holstein Kiel,1.3000000,1.2000000,49.0000000,11.0000000,3.0000000,14.4000000,51.0000000,9.0000000,2.0000000,20.3000000,1578.4954834,1528.2451172
2267,2024-11-30,2025,Matchweek 12,Sat,Bundesliga,15:30,Union Berlin,L,1.0000000,2.0000000,Leverkusen,0.7000000,0.9000000,38.0000000,8.0000000,2.0000000,15.1000000,62.0000000,8.0000000,3.0000000,16.2000000,1649.8537598,1894.8894043
2268,2024-11-30,2025,Matchweek 12,Sat,Bundesliga,15:30,Freiburg,W,3.0000000,1.0000000,Gladbach,1.6000000,1.5000000,48.0000000,17.0000000,7.0000000,16.5000000,52.0000000,15.0000000,3.0000000,17.1000000,1673.4240723,1664.7644043
2269,2024-11-30,2025,Matchweek 12,Sat,Bundesliga,18:30,Dortmund,D,1.0000000,1.0000000,Bayern Munich,0.6000000,1.5000000,33.0000000,7.0000000,2.0000000,18.3000000,67.0000000,14.0000000,5.0000000,19.4000000,1834.8651123,1913.1881103
2270,2024-11-30,2025,Matchweek 12,Sat,Bundesliga,15:30,Augsburg,W,1.0000000,0.0000000,Bochum,1.9000000,0.3000000,52.0000000,15.0000000,3.0000000,17.3000000,48.0000000,7.0000000,1.0000000,22.0000000,1607.8713379,1537.4511719
2271,2024-11-30,2025,Matchweek 12,Sat,Bundesliga,15:30,Werder Bremen,D,2.0000000,2.0000000,Stuttgart,1.6000000,1.8000000,43.0000000,20.0000000,6.0000000,15.4000000,57.0000000,10.0000000,4.0000000,17.7000000,1661.9686279,1754.6839600
2272,2024-11-30,2025,Matchweek 12,Sat,Bundesliga,15:30,RB Leipzig,L,1.0000000,5.0000000,Wolfsburg,1.0000000,2.2000000,63.0000000,9.0000000,4.0000000,18.6000000,37.0000000,13.0000000,8.0000000,16.3000000,1791.5166016,1653.0450440
2273,2024-12-01,2025,Matchweek 12,Sun,Bundesliga,15:30,Mainz 05,W,2.0000000,0.0000000,Hoffenheim,2.2000000,0.4000000,52.0000000,18.0000000,8.0000000,14.8000000,48.0000000,10.0000000,2.0000000,21.1000000,1692.6861572,1639.1395264
2274,2024-12-01,2025,Matchweek 12,Sun,Bundesliga,17:30,Heidenheim,L,0.0000000,4.0000000,Eint Frankfurt,0.7000000,2.6000000,46.0000000,8.0000000,1.0000000,17.0000000,54.0000000,14.0000000,8.0000000,17.2000000,1620.4036865,1748.5588379
2275,2024-12-03,2025,Round of 16,Tue,DFB-Pokal,18:00,Arminia,W,3.0000000,1.0000000,Freiburg,,,46.0000000,17.0000000,8.0000000,,54.0000000,17.0000000,8.0000000,,1451.9635010,1673.4240723
2276,2024-12-03,2025,Round of 16,Tue,DFB-Pokal,20:45,Werder Bremen,W,1.0000000,0.0000000,Darmstadt 98,,,66.0000000,20.0000000,5.0000000,,34.0000000,20.0000000,5.0000000,,1663.2799072,1503.3513184
2277,2024-12-03,2025,Round of 16,Tue,DFB-Pokal,20:45,Bayern Munich,L,0.0000000,1.0000000,Leverkusen,,,58.0000000,14.0000000,2.0000000,,42.0000000,11.0000000,4.0000000,,1912.2860107,1894.8894043
2278,2024-12-03,2025,Round of 16,Tue,DFB-Pokal,18:00,Jahn R'burg,L,0.0000000,3.0000000,Stuttgart,,,29.0000000,14.0000000,8.0000000,,71.0000000,14.0000000,8.0000000,,,1753.3726807
2279,2024-12-04,2025,Round of 16,Wed,DFB-Pokal,20:45,Karlsruher,D,2.0000000,2.0000000,Augsburg,,,47.0000000,15.0000000,3.0000000,,53.0000000,15.0000000,3.0000000,,,1612.9105225
2280,2024-12-04,2025,Round of 16,Wed,DFB-Pokal,20:45,RB Leipzig,W,3.0000000,0.0000000,Eint Frankfurt,,,36.0000000,15.0000000,6.0000000,,64.0000000,7.0000000,1.0000000,,1766.2199707,1748.5588379
2281,2024-12-04,2025,Round of 16,Wed,DFB-Pokal,18:00,Wolfsburg,W,3.0000000,0.0000000,Hoffenheim,,,44.0000000,16.0000000,5.0000000,,56.0000000,11.0000000,0.0000000,,1678.3416748,1631.4156494
2282,2024-12-06,2025,Matchweek 13,Fri,Bundesliga,20:30,Stuttgart,W,3.0000000,2.0000000,Union Berlin,2.1000000,1.4000000,64.0000000,7.0000000,5.0000000,17.7000000,36.0000000,14.0000000,3.0000000,15.3000000,1753.3726807,1646.2856445
2283,2024-12-07,2025,Matchweek 13,Sat,Bundesliga,18:30,Gladbach,D,1.0000000,1.0000000,Dortmund,1.1000000,1.5000000,40.0000000,8.0000000,2.0000000,22.2000000,60.0000000,16.0000000,3.0000000,14.6000000,1655.5552978,1835.7672119
2284,2024-12-07,2025,Matchweek 13,Sat,Bundesliga,15:30,Bochum,L,0.0000000,1.0000000,Werder Bremen,1.2000000,0.8000000,52.0000000,12.0000000,2.0000000,21.3000000,48.0000000,9.0000000,1.0000000,16.3000000,1532.4119873,1663.2799072
2285,2024-12-07,2025,Matchweek 13,Sat,Bundesliga,15:30,Eint Frankfurt,D,2.0000000,2.0000000,Augsburg,1.7000000,0.6000000,66.0000000,16.0000000,4.0000000,16.0000000,34.0000000,8.0000000,3.0000000,16.8000000,1760.1185303,1612.9105225
2286,2024-12-07,2025,Matchweek 13,Sat,Bundesliga,15:30,Holstein Kiel,L,0.0000000,2.0000000,RB Leipzig,1.2000000,1.6000000,56.0000000,17.0000000,5.0000000,16.0000000,44.0000000,8.0000000,4.0000000,16.7000000,1520.4473877,1766.2199707
2287,2024-12-07,2025,Matchweek 13,Sat,Bundesliga,15:30,Bayern Munich,W,4.0000000,2.0000000,Heidenheim,2.4000000,1.3000000,82.0000000,21.0000000,10.0000000,15.8000000,18.0000000,2.0000000,2.0000000,9.5000000,1912.2860107,1608.8439941
2288,2024-12-07,2025,Matchweek 13,Sat,Bundesliga,15:30,Leverkusen,W,2.0000000,1.0000000,St. Pauli,0.9000000,1.8000000,62.0000000,6.0000000,2.0000000,18.6000000,38.0000000,12.0000000,4.0000000,15.3000000,1898.4575195,1586.2932129
2289,2024-12-08,2025,Matchweek 13,Sun,Bundesliga,15:30,Wolfsburg,W,4.0000000,3.0000000,Mainz 05,1.2000000,2.6000000,44.0000000,10.0000000,5.0000000,19.9000000,56.0000000,12.0000000,5.0000000,13.1000000,1678.3416748,1700.4100342
2290,2024-12-08,2025,Matchweek 13,Sun,Bundesliga,17:30,Hoffenheim,D,1.0000000,1.0000000,Freiburg,1.4000000,1.0000000,50.0000000,15.0000000,5.0000000,17.2000000,50.0000000,11.0000000,4.0000000,15.1000000,1631.4156494,1682.6331787
2291,2024-12-10,2025,League phase,Tue,Champions Lg,22:00 (21:00),ua Shakhtar,L,1.0000000,5.0000000,Bayern Munich,1.2000000,3.6000000,34.0000000,20.0000000,7.0000000,17.1000000,66.0000000,20.0000000,7.0000000,17.1000000,,1914.4968262
2292,2024-12-10,2025,League phase,Tue,Champions Lg,21:00,RB Leipzig,L,2.0000000,3.0000000,eng Aston Villa,2.2000000,2.1000000,47.0000000,17.0000000,6.0000000,16.8000000,53.0000000,17.0000000,6.0000000,16.8000000,1770.9158935,
2293,2024-12-10,2025,League phase,Tue,Champions Lg,21:00,Leverkusen,W,1.0000000,0.0000000,it Inter,1.1000000,0.3000000,60.0000000,17.0000000,5.0000000,18.3000000,40.0000000,17.0000000,5.0000000,18.3000000,1899.9799805,
2294,2024-12-11,2025,League phase,Wed,Champions Lg,21:00,Stuttgart,W,5.0000000,1.0000000,ch Young Boys,2.3000000,0.2000000,64.0000000,20.0000000,6.0000000,16.0000000,36.0000000,20.0000000,6.0000000,16.0000000,1758.8479004,
2295,2024-12-11,2025,League phase,Wed,Champions Lg,21:00,Dortmund,L,2.0000000,3.0000000,es Barcelona,2.7000000,2.0000000,46.0000000,11.0000000,1.0000000,17.4000000,54.0000000,11.0000000,1.0000000,17.4000000,1833.0524902,
2296,2024-12-12,2025,League phase,Thu,Europa Lg,21:00,fr Lyon,W,3.0000000,2.0000000,Eint Frankfurt,2.1000000,1.1000000,43.0000000,7.0000000,5.0000000,14.8000000,57.0000000,7.0000000,5.0000000,14.8000000,,1754.6126709
2297,2024-12-12,2025,League phase,Thu,Europa Lg,18:45,Hoffenheim,D,0.0000000,0.0000000,ro FCSB,0.9000000,0.6000000,68.0000000,14.0000000,3.0000000,18.5000000,32.0000000,14.0000000,3.0000000,18.5000000,1631.1137695,
2298,2024-12-12,2025,League phase,Thu,Conf Lg,20:45 (18:45),tr Başakşehir,W,3.0000000,1.0000000,Heidenheim,1.3000000,1.8000000,41.0000000,16.0000000,4.0000000,16.2000000,59.0000000,16.0000000,4.0000000,16.2000000,,1606.1115723
2299,2024-12-13,2025,Matchweek 14,Fri,Bundesliga,20:30,Freiburg,W,3.0000000,2.0000000,Wolfsburg,2.1000000,1.8000000,53.0000000,18.0000000,9.0000000,14.9000000,47.0000000,20.0000000,5.0000000,18.5000000,1673.8457031,1677.2155762
2300,2024-12-14,2025,Matchweek 14,Sat,Bundesliga,15:30,Augsburg,L,0.0000000,2.0000000,Leverkusen,0.6000000,0.8000000,35.0000000,8.0000000,4.0000000,16.1000000,65.0000000,14.0000000,3.0000000,22.1000000,1609.3270264,1899.3883057
2301,2024-12-14,2025,Matchweek 14,Sat,Bundesliga,15:30,Gladbach,W,4.0000000,1.0000000,Holstein Kiel,2.4000000,0.6000000,56.0000000,17.0000000,6.0000000,13.4000000,44.0000000,12.0000000,3.0000000,23.3000000,1650.7454834,1507.1835938
2302,2024-12-14,2025,Matchweek 14,Sat,Bundesliga,15:30,Union Berlin,L,0.0000000,2.0000000,Bochum,2.5000000,1.0000000,69.0000000,22.0000000,4.0000000,14.5000000,31.0000000,13.0000000,3.0000000,15.1000000,1633.2860107,1518.2431641
2303,2024-12-14,2025,Matchweek 14,Sat,Bundesliga,15:30,Mainz 05,W,2.0000000,1.0000000,Bayern Munich,1.0000000,1.4000000,32.0000000,8.0000000,4.0000000,15.1000000,68.0000000,13.0000000,1.0000000,16.2000000,1684.4003906,1910.5870361
2304,2024-12-14,2025,Matchweek 14,Sat,Bundesliga,18:30,St. Pauli,L,0.0000000,2.0000000,Werder Bremen,0.6000000,1.0000000,56.0000000,15.0000000,4.0000000,23.9000000,44.0000000,8.0000000,4.0000000,17.5000000,1576.2028809,1660.3131103
2305,2024-12-15,2025,Matchweek 14,Sun,Bundesliga,17:30,Dortmund,D,1.0000000,1.0000000,Hoffenheim,0.5000000,1.0000000,54.0000000,6.0000000,2.0000000,16.9000000,46.0000000,12.0000000,1.0000000,13.4000000,1815.2658691,1617.2589111
2306,2024-12-15,2025,Matchweek 14,Sun,Bundesliga,19:30,RB Leipzig,W,2.0000000,1.0000000,Eint Frankfurt,1.9000000,0.9000000,44.0000000,19.0000000,9.0000000,16.2000000,56.0000000,16.0000000,3.0000000,16.9000000,1752.9958496,1740.6115723
2307,2024-12-15,2025,Matchweek 14,Sun,Bundesliga,15:30,Heidenheim,L,1.0000000,3.0000000,Stuttgart,1.0000000,2.3000000,34.0000000,9.0000000,2.0000000,18.0000000,66.0000000,17.0000000,6.0000000,18.1000000,1584.2272949,1752.4674072
2308,2024-12-19,2025,League phase,Thu,Conf Lg,21:00,Heidenheim,D,1.0000000,1.0000000,ch St. Gallen,1.7000000,0.7000000,61.0000000,20.0000000,4.0000000,18.5000000,39.0000000,20.0000000,4.0000000,18.5000000,1577.4422607,
2309,2024-12-20,2025,Matchweek 15,Fri,Bundesliga,20:30,Bayern Munich,W,5.0000000,1.0000000,RB Leipzig,3.3000000,0.4000000,71.0000000,22.0000000,9.0000000,14.6000000,29.0000000,4.0000000,1.0000000,11.4000000,1896.2664795,1757.6407471
2310,2024-12-21,2025,Matchweek 15,Sat,Bundesliga,15:30,Eint Frankfurt,L,1.0000000,3.0000000,Mainz 05,2.4000000,0.6000000,70.0000000,34.0000000,8.0000000,16.3000000,30.0000000,9.0000000,3.0000000,18.2000000,1732.3551025,1695.1094971
2311,2024-12-21,2025,Matchweek 15,Sat,Bundesliga,15:30,Stuttgart,L,0.0000000,1.0000000,St. Pauli,2.1000000,2.2000000,72.0000000,25.0000000,5.0000000,14.2000000,28.0000000,10.0000000,4.0000000,19.5000000,1757.4465332,1564.5515137
2312,2024-12-21,2025,Matchweek 15,Sat,Bundesliga,15:30,Werder Bremen,W,4.0000000,1.0000000,Union Berlin,2.3000000,1.3000000,54.0000000,10.0000000,5.0000000,11.9000000,46.0000000,16.0000000,4.0000000,17.5000000,1668.3529053,1627.1937256
2313,2024-12-21,2025,Matchweek 15,Sat,Bundesliga,15:30,Holstein Kiel,W,5.0000000,1.0000000,Augsburg,1.7000000,1.5000000,37.0000000,8.0000000,6.0000000,12.4000000,63.0000000,17.0000000,4.0000000,14.7000000,1499.2272949,1603.6910400
2314,2024-12-21,2025,Matchweek 15,Sat,Bundesliga,15:30,Hoffenheim,L,1.0000000,2.0000000,Gladbach,3.5000000,0.7000000,65.0000000,17.0000000,7.0000000,14.7000000,35.0000000,5.0000000,3.0000000,11.5000000,1621.5040283,1655.0903320
2315,2024-12-21,2025,Matchweek 15,Sat,Bundesliga,18:30,Leverkusen,W,5.0000000,1.0000000,Freiburg,2.8000000,0.7000000,67.0000000,19.0000000,11.0000000,15.6000000,33.0000000,8.0000000,2.0000000,17.7000000,1901.4127197,1678.9295654
2316,2024-12-22,2025,Matchweek 15,Sun,Bundesliga,17:30,Wolfsburg,L,1.0000000,3.0000000,Dortmund,1.5000000,2.7000000,50.0000000,14.0000000,5.0000000,15.8000000,50.0000000,12.0000000,4.0000000,13.7000000,1668.5202637,1807.4090576
2317,2024-12-22,2025,Matchweek 15,Sun,Bundesliga,15:30,Bochum,W,2.0000000,0.0000000,Heidenheim,1.6000000,0.6000000,52.0000000,14.0000000,4.0000000,16.9000000,48.0000000,10.0000000,2.0000000,19.5000000,1520.7237549,1569.8968506
2318,2025-01-10,2025,Matchweek 16,Fri,Bundesliga,20:45,Dortmund,L,2.0000000,3.0000000,Leverkusen,1.3000000,1.6000000,70.0000000,11.0000000,4.0000000,19.3000000,30.0000000,7.0000000,5.0000000,13.4000000,1815.0716553,1906.3535156
2319,2025-01-11,2025,Matchweek 16,Sat,Bundesliga,15:30,St. Pauli,L,0.0000000,1.0000000,Eint Frankfurt,2.2000000,1.5000000,43.0000000,18.0000000,4.0000000,16.8000000,57.0000000,14.0000000,6.0000000,14.5000000,1578.0169678,1718.1687012
2320,2025-01-11,2025,Matchweek 16,Sat,Bundesliga,18:30,Gladbach,L,0.0000000,1.0000000,Bayern Munich,0.4000000,4.3000000,33.0000000,5.0000000,0.0000000,15.3000000,67.0000000,22.0000000,9.0000000,16.8000000,1663.3166504,1903.5362549
2321,2025-01-11,2025,Matchweek 16,Sat,Bundesliga,15:30,Hoffenheim,L,0.0000000,1.0000000,Wolfsburg,0.9000000,0.7000000,55.0000000,15.0000000,2.0000000,17.4000000,45.0000000,12.0000000,3.0000000,17.2000000,1613.2777100,1660.8576660
2322,2025-01-11,2025,Matchweek 16,Sat,Bundesliga,15:30,Freiburg,W,3.0000000,2.0000000,Holstein Kiel,0.7000000,1.8000000,51.0000000,14.0000000,5.0000000,18.0000000,49.0000000,14.0000000,7.0000000,15.7000000,1673.9887695,1517.8574219
2323,2025-01-11,2025,Matchweek 16,Sat,Bundesliga,15:30,Mainz 05,W,2.0000000,0.0000000,Bochum,1.9000000,0.6000000,58.0000000,10.0000000,5.0000000,12.1000000,42.0000000,11.0000000,2.0000000,14.8000000,1709.2958984,1532.2177734
2324,2025-01-11,2025,Matchweek 16,Sat,Bundesliga,15:30,Heidenheim,W,2.0000000,0.0000000,Union Berlin,1.4000000,1.1000000,58.0000000,16.0000000,8.0000000,15.9000000,42.0000000,10.0000000,6.0000000,16.4000000,1558.4029541,1616.8325195
2325,2025-01-12,2025,Matchweek 16,Sun,Bundesliga,15:30,RB Leipzig,W,4.0000000,2.0000000,Werder Bremen,2.1000000,1.5000000,49.0000000,18.0000000,7.0000000,16.6000000,51.0000000,7.0000000,2.0000000,15.2000000,1750.3708496,1678.7141113
2326,2025-01-12,2025,Matchweek 16,Sun,Bundesliga,17:30,Augsburg,L,0.0000000,1.0000000,Stuttgart,0.3000000,2.4000000,43.0000000,8.0000000,2.0000000,21.0000000,57.0000000,13.0000000,5.0000000,12.8000000,1585.0609131,1743.9812012
2327,2025-01-14,2025,Matchweek 17,Tue,Bundesliga,20:30,Wolfsburg,W,5.0000000,1.0000000,Gladbach,3.9000000,1.1000000,35.0000000,15.0000000,4.0000000,17.7000000,65.0000000,9.0000000,5.0000000,21.6000000,1668.6685791,1659.9594727
2328,2025-01-14,2025,Matchweek 17,Tue,Bundesliga,20:30,Eint Frankfurt,W,4.0000000,1.0000000,Freiburg,2.4000000,0.5000000,64.0000000,23.0000000,8.0000000,16.1000000,36.0000000,7.0000000,5.0000000,25.0000000,1723.7021484,1677.3763428
2329,2025-01-14,2025,Matchweek 17,Tue,Bundesliga,18:30,Holstein Kiel,W,4.0000000,2.0000000,Dortmund,1.6000000,1.0000000,25.0000000,11.0000000,7.0000000,19.3000000,75.0000000,16.0000000,4.0000000,18.0000000,1514.4698486,1808.3854981
2330,2025-01-14,2025,Matchweek 17,Tue,Bundesliga,20:30,Leverkusen,W,1.0000000,0.0000000,Mainz 05,1.8000000,0.7000000,66.0000000,20.0000000,8.0000000,18.2000000,34.0000000,7.0000000,4.0000000,15.0000000,1913.0395508,1713.6589356
2331,2025-01-15,2025,Matchweek 17,Wed,Bundesliga,20:30,Union Berlin,L,0.0000000,2.0000000,Augsburg,0.8000000,1.2000000,55.0000000,13.0000000,2.0000000,17.1000000,45.0000000,11.0000000,5.0000000,16.0000000,1604.6920166,1580.0726318
2332,2025-01-15,2025,Matchweek 17,Wed,Bundesliga,20:30,Bayern Munich,W,5.0000000,0.0000000,Hoffenheim,3.4000000,0.2000000,65.0000000,24.0000000,9.0000000,15.7000000,35.0000000,5.0000000,2.0000000,28.0000000,1906.8934326,1605.4667969
2333,2025-01-15,2025,Matchweek 17,Wed,Bundesliga,18:30,Bochum,W,1.0000000,0.0000000,St. Pauli,1.4000000,0.7000000,51.0000000,13.0000000,5.0000000,15.2000000,49.0000000,12.0000000,1.0000000,18.3000000,1527.8547363,1572.4833984
2334,2025-01-15,2025,Matchweek 17,Wed,Bundesliga,20:30,Stuttgart,W,2.0000000,1.0000000,RB Leipzig,2.5000000,1.0000000,58.0000000,14.0000000,6.0000000,16.3000000,42.0000000,6.0000000,3.0000000,19.9000000,1748.9694824,1757.5820312
2335,2025-01-15,2025,Matchweek 17,Wed,Bundesliga,20:30,Werder Bremen,D,3.0000000,3.0000000,Heidenheim,1.5000000,1.4000000,52.0000000,12.0000000,5.0000000,17.2000000,48.0000000,14.0000000,5.0000000,17.6000000,1671.5029297,1570.5433350
2336,2025-01-17,2025,Matchweek 18,Fri,Bundesliga,20:30,Eint Frankfurt,W,2.0000000,0.0000000,Dortmund,1.7000000,0.8000000,33.0000000,13.0000000,5.0000000,16.3000000,67.0000000,12.0000000,3.0000000,15.0000000,1733.5576172,1788.8978272
2337,2025-01-18,2025,Matchweek 18,Sat,Bundesliga,15:30,Bochum,D,3.0000000,3.0000000,RB Leipzig,2.7000000,2.2000000,45.0000000,13.0000000,2.0000000,19.3000000,55.0000000,11.0000000,3.0000000,13.5000000,1535.8366699,1750.7049560
2338,2025-01-18,2025,Matchweek 18,Sat,Bundesliga,15:30,Bayern Munich,W,3.0000000,2.0000000,Wolfsburg,3.0000000,0.5000000,71.0000000,25.0000000,10.0000000,15.3000000,29.0000000,7.0000000,3.0000000,17.3000000,1910.2666016,1681.7131348
2339,2025-01-18,2025,Matchweek 18,Sat,Bundesliga,15:30,Stuttgart,W,4.0000000,0.0000000,Freiburg,1.9000000,0.2000000,56.0000000,11.0000000,6.0000000,16.2000000,44.0000000,4.0000000,0.0000000,17.7000000,1755.8465576,1667.5208740
2340,2025-01-18,2025,Matchweek 18,Sat,Bundesliga,18:30,Leverkusen,W,3.0000000,1.0000000,Gladbach,2.1000000,0.6000000,55.0000000,9.0000000,4.0000000,17.1000000,45.0000000,7.0000000,4.0000000,17.7000000,1915.8054199,1646.9150391
2341,2025-01-18,2025,Matchweek 18,Sat,Bundesliga,15:30,Heidenheim,L,0.0000000,2.0000000,St. Pauli,0.7000000,1.9000000,60.0000000,8.0000000,1.0000000,14.1000000,40.0000000,6.0000000,3.0000000,17.7000000,1574.5639648,1564.5014648
2342,2025-01-18,2025,Matchweek 18,Sat,Bundesliga,15:30,Holstein Kiel,L,1.0000000,3.0000000,Hoffenheim,1.0000000,0.8000000,53.0000000,12.0000000,3.0000000,16.3000000,47.0000000,11.0000000,6.0000000,13.7000000,1533.9575195,1602.0936279
2343,2025-01-19,2025,Matchweek 18,Sun,Bundesliga,17:30,Werder Bremen,L,0.0000000,2.0000000,Augsburg,1.3000000,1.2000000,71.0000000,20.0000000,2.0000000,14.3000000,29.0000000,9.0000000,4.0000000,16.2000000,1667.4824219,1594.1428223
2344,2025-01-19,2025,Matchweek 18,Sun,Bundesliga,15:30,Union Berlin,W,2.0000000,1.0000000,Mainz 05,2.1000000,1.7000000,34.0000000,11.0000000,3.0000000,18.9000000,66.0000000,8.0000000,0.0000000,20.7000000,1590.6218262,1710.8930664
2345,2025-01-21,2025,League phase,Tue,Champions Lg,21:00,es Atlético Madrid,W,2.0000000,1.0000000,Leverkusen,0.8000000,0.8000000,30.0000000,13.0000000,4.0000000,19.1000000,70.0000000,13.0000000,4.0000000,19.1000000,,1918.4018555
2346,2025-01-21,2025,League phase,Tue,Champions Lg,21:00,sk Slovan Bratislava,L,1.0000000,3.0000000,Stuttgart,0.6000000,3.4000000,41.0000000,21.0000000,7.0000000,16.5000000,59.0000000,21.0000000,7.0000000,16.5000000,,1765.0328369
2347,2025-01-21,2025,League phase,Tue,Champions Lg,21:00,it Bologna,W,2.0000000,1.0000000,Dortmund,2.1000000,1.0000000,53.0000000,2.0000000,1.0000000,23.8000000,47.0000000,2.0000000,1.0000000,23.8000000,,1777.4017334
2348,2025-01-22,2025,League phase,Wed,Champions Lg,18:45,RB Leipzig,W,2.0000000,1.0000000,pt Sporting CP,2.3000000,0.9000000,47.0000000,10.0000000,6.0000000,16.5000000,53.0000000,10.0000000,6.0000000,16.5000000,1743.1181641,
2349,2025-01-22,2025,League phase,Wed,Champions Lg,21:00,nl Feyenoord,W,3.0000000,0.0000000,Bayern Munich,1.7000000,2.4000000,20.0000000,30.0000000,6.0000000,15.7000000,80.0000000,30.0000000,6.0000000,15.7000000,,1909.4146728
2350,2025-01-23,2025,League phase,Thu,Europa Lg,21:00,Eint Frankfurt,W,2.0000000,0.0000000,hu Ferencváros,1.4000000,0.0000000,68.0000000,14.0000000,8.0000000,18.7000000,32.0000000,14.0000000,8.0000000,18.7000000,1738.7872315,
2351,2025-01-23,2025,League phase,Thu,Europa Lg,18:45,Hoffenheim,L,2.0000000,3.0000000,eng Tottenham,2.5000000,1.8000000,56.0000000,22.0000000,5.0000000,19.1000000,44.0000000,22.0000000,5.0000000,19.1000000,1606.0407715,
2352,2025-01-24,2025,Matchweek 19,Fri,Bundesliga,20:30,Wolfsburg,D,2.0000000,2.0000000,Holstein Kiel,2.0000000,0.2000000,69.0000000,22.0000000,5.0000000,14.7000000,31.0000000,5.0000000,2.0000000,12.4000000,1672.1727295,1516.4600830
2353,2025-01-25,2025,Matchweek 19,Sat,Bundesliga,15:30,RB Leipzig,D,2.0000000,2.0000000,Leverkusen,0.7000000,2.4000000,65.0000000,7.0000000,3.0000000,14.7000000,35.0000000,13.0000000,6.0000000,15.5000000,1746.7106934,1903.6801758
2354,2025-01-25,2025,Matchweek 19,Sat,Bundesliga,15:30,Freiburg,L,1.0000000,2.0000000,Bayern Munich,0.3000000,1.0000000,35.0000000,7.0000000,2.0000000,14.8000000,65.0000000,7.0000000,3.0000000,16.8000000,1651.0507812,1887.4730225
2355,2025-01-25,2025,Matchweek 19,Sat,Bundesliga,15:30,Dortmund,D,2.0000000,2.0000000,Werder Bremen,1.0000000,1.3000000,46.0000000,8.0000000,4.0000000,15.8000000,54.0000000,13.0000000,4.0000000,18.9000000,1764.3356934,1644.6021728
2356,2025-01-25,2025,Matchweek 19,Sat,Bundesliga,15:30,Mainz 05,W,2.0000000,0.0000000,Stuttgart,1.9000000,1.1000000,44.0000000,11.0000000,4.0000000,15.3000000,56.0000000,10.0000000,4.0000000,15.7000000,1693.6198731,1761.1713867
2357,2025-01-25,2025,Matchweek 19,Sat,Bundesliga,15:30,Augsburg,W,2.0000000,1.0000000,Heidenheim,1.1000000,1.2000000,60.0000000,11.0000000,7.0000000,14.7000000,40.0000000,11.0000000,6.0000000,19.2000000,1602.4554443,1553.7119141
2358,2025-01-25,2025,Matchweek 19,Sat,Bundesliga,18:30,Gladbach,W,3.0000000,0.0000000,Bochum,2.3000000,0.5000000,57.0000000,15.0000000,5.0000000,16.9000000,43.0000000,10.0000000,4.0000000,14.6000000,1637.0347900,1533.0312500
2359,2025-01-26,2025,Matchweek 19,Sun,Bundesliga,15:30,Hoffenheim,D,2.0000000,2.0000000,Eint Frankfurt,2.4000000,2.4000000,51.0000000,24.0000000,8.0000000,18.0000000,49.0000000,11.0000000,6.0000000,15.3000000,1599.3364258,1740.2218018
2360,2025-01-26,2025,Matchweek 19,Sun,Bundesliga,17:30,St. Pauli,W,3.0000000,0.0000000,Union Berlin,1.2000000,1.1000000,44.0000000,16.0000000,5.0000000,14.9000000,56.0000000,14.0000000,2.0000000,15.2000000,1570.7857666,1593.3273926
2361,2025-01-29,2025,League phase,Wed,Champions Lg,21:00,Leverkusen,W,2.0000000,0.0000000,cz Sparta Prague,1.7000000,0.7000000,70.0000000,26.0000000,10.0000000,18.6000000,30.0000000,26.0000000,10.0000000,18.6000000,1900.5770264,
2362,2025-01-29,2025,League phase,Wed,Champions Lg,21:00,at Sturm Graz,W,1.0000000,0.0000000,RB Leipzig,1.3000000,1.5000000,40.0000000,15.0000000,5.0000000,14.5000000,60.0000000,15.0000000,5.0000000,14.5000000,,1749.8137207
2363,2025-01-29,2025,League phase,Wed,Champions Lg,21:00,Dortmund,W,3.0000000,1.0000000,ua Shakhtar,2.4000000,0.4000000,45.0000000,15.0000000,7.0000000,13.4000000,55.0000000,15.0000000,7.0000000,13.4000000,1759.9091797,
2364,2025-01-29,2025,League phase,Wed,Champions Lg,21:00,Stuttgart,L,1.0000000,4.0000000,fr Paris S-G,0.8000000,2.4000000,42.0000000,10.0000000,2.0000000,15.9000000,58.0000000,10.0000000,2.0000000,15.9000000,1749.0097656,
2365,2025-01-29,2025,League phase,Wed,Champions Lg,21:00,Bayern Munich,W,3.0000000,1.0000000,sk Slovan Bratislava,3.7000000,0.9000000,75.0000000,35.0000000,9.0000000,15.6000000,25.0000000,35.0000000,9.0000000,15.6000000,1890.9960938,
2366,2025-01-30,2025,League phase,Thu,Europa Lg,21:00,it Roma,W,2.0000000,0.0000000,Eint Frankfurt,1.9000000,0.7000000,47.0000000,6.0000000,2.0000000,17.4000000,53.0000000,6.0000000,2.0000000,17.4000000,,1732.8391113
2367,2025-01-30,2025,League phase,Thu,Europa Lg,21:00,be Anderlecht,L,3.0000000,4.0000000,Hoffenheim,1.4000000,1.7000000,50.0000000,10.0000000,5.0000000,13.6000000,50.0000000,10.0000000,5.0000000,13.6000000,,1597.2453613
2368,2025-01-31,2025,Matchweek 20,Fri,Bundesliga,20:30,Werder Bremen,W,1.0000000,0.0000000,Mainz 05,2.5000000,1.2000000,38.0000000,11.0000000,4.0000000,13.7000000,62.0000000,13.0000000,2.0000000,15.8000000,1645.7332764,1702.4860840
2369,2025-02-01,2025,Matchweek 20,Sat,Bundesliga,15:30,St. Pauli,D,1.0000000,1.0000000,Augsburg,0.8000000,0.3000000,45.0000000,6.0000000,1.0000000,13.0000000,55.0000000,2.0000000,1.0000000,11.1000000,1580.6333008,1604.7893066
2370,2025-02-01,2025,Matchweek 20,Sat,Bundesliga,15:30,Bayern Munich,W,4.0000000,3.0000000,Holstein Kiel,3.4000000,1.8000000,71.0000000,29.0000000,11.0000000,16.9000000,29.0000000,10.0000000,5.0000000,15.3000000,1888.2530518,1518.4176025
2371,2025-02-01,2025,Matchweek 20,Sat,Bundesliga,15:30,Heidenheim,L,1.0000000,2.0000000,Dortmund,0.6000000,2.2000000,37.0000000,11.0000000,5.0000000,20.0000000,63.0000000,16.0000000,5.0000000,15.0000000,1544.7872315,1759.6685791
2372,2025-02-01,2025,Matchweek 20,Sat,Bundesliga,15:30,Bochum,L,0.0000000,1.0000000,Freiburg,1.0000000,1.7000000,58.0000000,22.0000000,4.0000000,20.0000000,42.0000000,13.0000000,4.0000000,14.1000000,1522.3641357,1644.2321777
2373,2025-02-01,2025,Matchweek 20,Sat,Bundesliga,18:30,Union Berlin,D,0.0000000,0.0000000,RB Leipzig,1.3000000,0.3000000,47.0000000,21.0000000,5.0000000,21.0000000,53.0000000,6.0000000,2.0000000,20.8000000,1576.8890381,1736.5698242
2374,2025-02-01,2025,Matchweek 20,Sat,Bundesliga,15:30,Stuttgart,L,1.0000000,2.0000000,Gladbach,1.2000000,2.1000000,54.0000000,10.0000000,3.0000000,12.1000000,46.0000000,13.0000000,6.0000000,17.9000000,1734.9583740,1641.1110840
2375,2025-02-02,2025,Matchweek 20,Sun,Bundesliga,15:30,Eint Frankfurt,D,1.0000000,1.0000000,Wolfsburg,1.2000000,1.2000000,61.0000000,16.0000000,4.0000000,17.2000000,39.0000000,11.0000000,2.0000000,18.9000000,1727.5616455,1663.6242676
2376,2025-02-02,2025,Matchweek 20,Sun,Bundesliga,17:30,Leverkusen,W,3.0000000,1.0000000,Hoffenheim,1.4000000,1.9000000,48.0000000,9.0000000,5.0000000,17.0000000,52.0000000,16.0000000,7.0000000,14.7000000,1899.1735840,1610.0527344
2377,2025-02-04,2025,Quarter-finals,Tue,DFB-Pokal,20:45,Stuttgart,W,1.0000000,0.0000000,Augsburg,,,60.0000000,12.0000000,2.0000000,,40.0000000,6.0000000,3.0000000,,1723.6226807,1605.5047607
2378,2025-02-05,2025,Quarter-finals,Wed,DFB-Pokal,20:45,Leverkusen,W,3.0000000,2.0000000,Köln,,,79.0000000,23.0000000,7.0000000,,21.0000000,23.0000000,7.0000000,,1899.1735840,1555.5252685
2379,2025-02-07,2025,Matchweek 21,Fri,Bundesliga,20:30,Bayern Munich,W,3.0000000,0.0000000,Werder Bremen,4.1000000,0.1000000,75.0000000,19.0000000,10.0000000,17.0000000,25.0000000,2.0000000,0.0000000,14.8000000,1889.2270508,1653.9973144
2380,2025-02-08,2025,Matchweek 21,Sat,Bundesliga,15:30,Freiburg,W,1.0000000,0.0000000,Heidenheim,1.0000000,0.5000000,53.0000000,9.0000000,3.0000000,13.7000000,47.0000000,11.0000000,5.0000000,20.1000000,1650.2338867,1540.8094482
2381,2025-02-08,2025,Matchweek 21,Sat,Bundesliga,15:30,Hoffenheim,L,0.0000000,4.0000000,Union Berlin,1.1000000,2.8000000,64.0000000,16.0000000,4.0000000,19.6000000,36.0000000,22.0000000,7.0000000,15.3000000,1607.7480469,1579.9697266
2382,2025-02-08,2025,Matchweek 21,Sat,Bundesliga,15:30,Dortmund,L,1.0000000,2.0000000,Stuttgart,1.4000000,0.3000000,68.0000000,16.0000000,5.0000000,18.2000000,32.0000000,4.0000000,2.0000000,15.3000000,1763.6462402,1723.6226807
2383,2025-02-08,2025,Matchweek 21,Sat,Bundesliga,18:30,Gladbach,D,1.0000000,1.0000000,Eint Frankfurt,0.4000000,2.2000000,53.0000000,8.0000000,3.0000000,19.2000000,47.0000000,15.0000000,7.0000000,16.0000000,1652.4467773,1724.4566650
2384,2025-02-08,2025,Matchweek 21,Sat,Bundesliga,15:30,Wolfsburg,D,0.0000000,0.0000000,Leverkusen,0.7000000,1.4000000,41.0000000,13.0000000,8.0000000,20.4000000,59.0000000,15.0000000,1.0000000,13.7000000,1666.7292481,1901.4783935
2385,2025-02-08,2025,Matchweek 21,Sat,Bundesliga,15:30,Mainz 05,D,0.0000000,0.0000000,Augsburg,1.3000000,0.3000000,66.0000000,9.0000000,5.0000000,14.5000000,34.0000000,9.0000000,2.0000000,21.8000000,1694.2220459,1605.5047607
2386,2025-02-09,2025,Matchweek 21,Sun,Bundesliga,15:30,Holstein Kiel,D,2.0000000,2.0000000,Bochum,1.9000000,2.3000000,48.0000000,9.0000000,2.0000000,16.5000000,52.0000000,20.0000000,4.0000000,13.1000000,1517.4436035,1516.3625488
2387,2025-02-09,2025,Matchweek 21,Sun,Bundesliga,17:30,RB Leipzig,W,2.0000000,0.0000000,St. Pauli,1.5000000,0.6000000,56.0000000,11.0000000,5.0000000,12.0000000,44.0000000,7.0000000,3.0000000,15.7000000,1733.4890137,1579.9179688
2388,2025-02-11,2025,Knockout phase play-offs,Tue,Champions Lg,20:00 (21:00),pt Sporting CP,L,0.0000000,3.0000000,Dortmund,0.7000000,1.8000000,46.0000000,16.0000000,7.0000000,16.4000000,54.0000000,16.0000000,7.0000000,16.4000000,,1753.4725342
2389,2025-02-12,2025,Knockout phase play-offs,Wed,Champions Lg,20:00 (21:00),sct Celtic,L,1.0000000,2.0000000,Bayern Munich,1.3000000,0.7000000,43.0000000,10.0000000,5.0000000,15.5000000,57.0000000,10.0000000,5.0000000,15.5000000,,1898.7937012
2390,2025-02-13,2025,Knockout phase play-offs,Thu,Conf Lg,21:00,dk FC Copenhagen,L,1.0000000,2.0000000,Heidenheim,1.9000000,2.1000000,60.0000000,11.0000000,7.0000000,15.2000000,40.0000000,11.0000000,7.0000000,15.2000000,,1543.0975342
2391,2025-02-14,2025,Matchweek 22,Fri,Bundesliga,20:30,Augsburg,D,0.0000000,0.0000000,RB Leipzig,1.0000000,1.2000000,39.0000000,11.0000000,2.0000000,16.3000000,61.0000000,14.0000000,4.0000000,17.5000000,1618.5101318,1747.8270264
2392,2025-02-15,2025,Matchweek 22,Sat,Bundesliga,15:30,Bochum,W,2.0000000,0.0000000,Dortmund,2.7000000,2.6000000,31.0000000,18.0000000,9.0000000,15.2000000,69.0000000,17.0000000,2.0000000,16.5000000,1526.8734131,1781.3082275
2393,2025-02-15,2025,Matchweek 22,Sat,Bundesliga,15:30,Stuttgart,L,1.0000000,2.0000000,Wolfsburg,0.8000000,1.6000000,57.0000000,10.0000000,4.0000000,13.1000000,43.0000000,6.0000000,2.0000000,19.2000000,1743.0809326,1680.9448242
2394,2025-02-15,2025,Matchweek 22,Sat,Bundesliga,15:30,St. Pauli,L,0.0000000,1.0000000,Freiburg,0.2000000,1.3000000,54.0000000,5.0000000,1.0000000,20.9000000,46.0000000,4.0000000,2.0000000,26.6000000,1584.1490478,1663.7270508
2395,2025-02-15,2025,Matchweek 22,Sat,Bundesliga,18:30,Leverkusen,D,0.0000000,0.0000000,Bayern Munich,2.0000000,0.0000000,57.0000000,15.0000000,2.0000000,15.8000000,43.0000000,2.0000000,0.0000000,14.7000000,1905.8316650,1904.6273193
2396,2025-02-15,2025,Matchweek 22,Sat,Bundesliga,15:30,Union Berlin,L,1.0000000,2.0000000,Gladbach,2.0000000,2.1000000,52.0000000,17.0000000,2.0000000,15.6000000,48.0000000,9.0000000,5.0000000,12.8000000,1609.1610107,1662.4477539
2397,2025-02-16,2025,Matchweek 22,Sun,Bundesliga,19:30,Heidenheim,L,0.0000000,2.0000000,Mainz 05,0.6000000,2.0000000,56.0000000,12.0000000,3.0000000,20.2000000,44.0000000,6.0000000,5.0000000,13.4000000,1554.8747559,1699.7856445
2398,2025-02-16,2025,Matchweek 22,Sun,Bundesliga,15:30,Werder Bremen,L,1.0000000,3.0000000,Hoffenheim,1.1000000,1.4000000,63.0000000,14.0000000,2.0000000,17.1000000,37.0000000,15.0000000,6.0000000,15.8000000,1659.4899902,1597.1257324
2399,2025-02-16,2025,Matchweek 22,Sun,Bundesliga,17:30,Eint Frankfurt,W,3.0000000,1.0000000,Holstein Kiel,2.5000000,1.4000000,51.0000000,19.0000000,8.0000000,19.1000000,49.0000000,10.0000000,4.0000000,18.0000000,1733.0246582,1525.5018310
2400,2025-02-18,2025,Knockout phase play-offs,Tue,Champions Lg,21:00,Bayern Munich,D,1.0000000,1.0000000,sct Celtic,2.3000000,1.3000000,67.0000000,23.0000000,9.0000000,18.4000000,33.0000000,23.0000000,9.0000000,18.4000000,1905.8906250,
2401,2025-02-19,2025,Knockout phase play-offs,Wed,Champions Lg,18:45,Dortmund,D,0.0000000,0.0000000,pt Sporting CP,1.9000000,0.4000000,55.0000000,18.0000000,4.0000000,19.5000000,45.0000000,18.0000000,4.0000000,19.5000000,1763.0203857,
2402,2025-02-20,2025,Knockout phase play-offs,Thu,Conf Lg,18:45,Heidenheim,L,1.0000000,3.0000000,dk FC Copenhagen,1.8000000,2.5000000,59.0000000,22.0000000,6.0000000,17.8000000,41.0000000,22.0000000,6.0000000,17.8000000,1547.8187256,
2403,2025-02-21,2025,Matchweek 23,Fri,Bundesliga,20:30,Freiburg,W,5.0000000,0.0000000,Werder Bremen,1.8000000,1.2000000,37.0000000,13.0000000,6.0000000,15.2000000,63.0000000,8.0000000,2.0000000,20.7000000,1666.2344971,1639.8111572
2404,2025-02-22,2025,Matchweek 23,Sat,Bundesliga,15:30,Mainz 05,W,2.0000000,0.0000000,St. Pauli,1.2000000,0.8000000,53.0000000,10.0000000,5.0000000,17.2000000,47.0000000,12.0000000,0.0000000,17.0000000,1702.9632568,1572.4085693
2405,2025-02-22,2025,Matchweek 23,Sat,Bundesliga,15:30,Gladbach,L,0.0000000,3.0000000,Augsburg,1.0000000,1.5000000,49.0000000,8.0000000,4.0000000,11.6000000,51.0000000,17.0000000,4.0000000,19.9000000,1665.6386719,1616.3814697
2406,2025-02-22,2025,Matchweek 23,Sat,Bundesliga,15:30,Wolfsburg,D,1.0000000,1.0000000,Bochum,1.6000000,0.8000000,54.0000000,13.0000000,6.0000000,14.7000000,46.0000000,11.0000000,5.0000000,15.0000000,1687.0173340,1540.6343994
2407,2025-02-22,2025,Matchweek 23,Sat,Bundesliga,18:30,Dortmund,W,6.0000000,0.0000000,Union Berlin,4.8000000,0.3000000,64.0000000,24.0000000,8.0000000,12.8000000,36.0000000,6.0000000,1.0000000,10.7000000,1760.4083252,1596.7371826
2408,2025-02-22,2025,Matchweek 23,Sat,Bundesliga,15:30,Holstein Kiel,L,0.0000000,2.0000000,Leverkusen,0.3000000,1.8000000,38.0000000,4.0000000,3.0000000,25.0000000,62.0000000,18.0000000,7.0000000,13.9000000,1517.2336426,1899.9520264
2409,2025-02-23,2025,Matchweek 23,Sun,Bundesliga,19:30,Hoffenheim,D,1.0000000,1.0000000,Stuttgart,1.0000000,2.1000000,45.0000000,9.0000000,2.0000000,17.7000000,55.0000000,14.0000000,7.0000000,13.5000000,1607.5716553,1727.7755127
2410,2025-02-23,2025,Matchweek 23,Sun,Bundesliga,15:30,RB Leipzig,D,2.0000000,2.0000000,Heidenheim,1.9000000,0.8000000,74.0000000,16.0000000,5.0000000,18.1000000,26.0000000,3.0000000,1.0000000,28.5000000,1740.7227783,1525.1335449
2411,2025-02-23,2025,Matchweek 23,Sun,Bundesliga,17:30,Bayern Munich,W,4.0000000,0.0000000,Eint Frankfurt,3.8000000,0.5000000,63.0000000,19.0000000,10.0000000,13.1000000,37.0000000,7.0000000,2.0000000,16.3000000,1901.5633545,1732.0599365
2412,2025-02-25,2025,Quarter-finals,Tue,DFB-Pokal,20:45,Arminia,W,2.0000000,1.0000000,Werder Bremen,,,44.0000000,11.0000000,2.0000000,,56.0000000,11.0000000,2.0000000,,1451.9635010,1625.9819336
2413,2025-02-26,2025,Quarter-finals,Wed,DFB-Pokal,20:45,RB Leipzig,W,1.0000000,0.0000000,Wolfsburg,,,51.0000000,16.0000000,4.0000000,,49.0000000,11.0000000,5.0000000,,1740.7227783,1681.9936523
2414,2025-02-28,2025,Matchweek 24,Fri,Bundesliga,20:30,Stuttgart,L,1.0000000,3.0000000,Bayern Munich,0.9000000,2.2000000,53.0000000,12.0000000,3.0000000,16.0000000,47.0000000,17.0000000,8.0000000,19.3000000,1725.6724853,1907.7729492
2415,2025-03-01,2025,Matchweek 24,Sat,Bundesliga,15:30,Heidenheim,L,0.0000000,3.0000000,Gladbach,1.6000000,1.8000000,45.0000000,20.0000000,4.0000000,18.3000000,55.0000000,13.0000000,5.0000000,17.8000000,1531.5029297,1647.3444824
2416,2025-03-01,2025,Matchweek 24,Sat,Bundesliga,15:30,St. Pauli,L,0.0000000,2.0000000,Dortmund,0.4000000,1.5000000,43.0000000,7.0000000,1.0000000,18.1000000,57.0000000,14.0000000,3.0000000,14.3000000,1566.7381592,1768.5971680
2417,2025-03-01,2025,Matchweek 24,Sat,Bundesliga,15:30,Werder Bremen,L,1.0000000,2.0000000,Wolfsburg,1.9000000,0.9000000,56.0000000,15.0000000,7.0000000,16.8000000,44.0000000,9.0000000,3.0000000,17.3000000,1625.9819336,1681.9936523
2418,2025-03-01,2025,Matchweek 24,Sat,Bundesliga,15:30,Bochum,L,0.0000000,1.0000000,Hoffenheim,0.9000000,0.6000000,58.0000000,12.0000000,3.0000000,15.4000000,42.0000000,10.0000000,2.0000000,19.7000000,1545.6580810,1609.6745606
2419,2025-03-01,2025,Matchweek 24,Sat,Bundesliga,18:30,Eint Frankfurt,L,1.0000000,4.0000000,Leverkusen,1.1000000,2.0000000,41.0000000,7.0000000,3.0000000,16.1000000,59.0000000,20.0000000,9.0000000,15.1000000,1725.8502197,1902.1945801
2420,2025-03-01,2025,Matchweek 24,Sat,Bundesliga,15:30,RB Leipzig,L,1.0000000,2.0000000,Mainz 05,1.4000000,1.5000000,49.0000000,13.0000000,3.0000000,14.9000000,51.0000000,15.0000000,3.0000000,15.9000000,1734.3533935,1708.6336670
2421,2025-03-02,2025,Matchweek 24,Sun,Bundesliga,17:30,Augsburg,D,0.0000000,0.0000000,Freiburg,1.5000000,0.8000000,51.0000000,13.0000000,5.0000000,16.9000000,49.0000000,7.0000000,3.0000000,21.3000000,1634.6756592,1680.0637207
2422,2025-03-02,2025,Matchweek 24,Sun,Bundesliga,15:30,Union Berlin,L,0.0000000,1.0000000,Holstein Kiel,1.2000000,1.0000000,52.0000000,14.0000000,3.0000000,10.1000000,48.0000000,10.0000000,3.0000000,15.6000000,1588.5483398,1514.9909668
2423,2025-03-04,2025,Round of 16,Tue,Champions Lg,21:00,Dortmund,D,1.0000000,1.0000000,fr Lille,0.3000000,0.9000000,44.0000000,7.0000000,1.0000000,17.4000000,56.0000000,7.0000000,1.0000000,17.4000000,1774.6512451,
2424,2025-03-05,2025,Round of 16,Wed,Champions Lg,21:00,de Bayern Munich,W,3.0000000,0.0000000,Leverkusen,2.7000000,0.4000000,64.0000000,3.0000000,1.0000000,13.3000000,36.0000000,3.0000000,1.0000000,13.3000000,,1909.7126465
2425,2025-03-05,2025,Round of 16,Wed,Champions Lg,21:00,Bayern Munich,W,3.0000000,0.0000000,de Leverkusen,2.7000000,0.4000000,64.0000000,16.0000000,4.0000000,18.7000000,36.0000000,16.0000000,4.0000000,18.7000000,1913.5345459,
2426,2025-03-06,2025,Round of 16,Thu,Europa Lg,21:00,nl Ajax,L,1.0000000,2.0000000,Eint Frankfurt,1.5000000,1.5000000,52.0000000,17.0000000,5.0000000,18.0000000,48.0000000,17.0000000,5.0000000,18.0000000,,1716.8931885
2427,2025-03-07,2025,Matchweek 25,Fri,Bundesliga,20:30,Gladbach,L,1.0000000,3.0000000,Mainz 05,1.4000000,1.5000000,57.0000000,12.0000000,4.0000000,17.0000000,43.0000000,15.0000000,7.0000000,18.9000000,1659.5667725,1720.2126465
2428,2025-03-08,2025,Matchweek 25,Sat,Bundesliga,15:30,Holstein Kiel,D,2.0000000,2.0000000,Stuttgart,1.4000000,0.8000000,52.0000000,17.0000000,5.0000000,19.5000000,48.0000000,6.0000000,2.0000000,12.4000000,1527.7481690,1720.8946533
2429,2025-03-08,2025,Matchweek 25,Sat,Bundesliga,15:30,Leverkusen,L,0.0000000,2.0000000,Werder Bremen,1.6000000,1.1000000,72.0000000,18.0000000,4.0000000,16.8000000,28.0000000,11.0000000,7.0000000,16.0000000,1900.6843262,1620.0019531
2430,2025-03-08,2025,Matchweek 25,Sat,Bundesliga,18:30,Freiburg,D,0.0000000,0.0000000,RB Leipzig,0.5000000,1.5000000,53.0000000,10.0000000,2.0000000,25.2000000,47.0000000,18.0000000,3.0000000,14.4000000,1681.7039795,1726.1807861
2431,2025-03-08,2025,Matchweek 25,Sat,Bundesliga,15:30,Wolfsburg,D,1.0000000,1.0000000,St. Pauli,2.0000000,1.5000000,57.0000000,15.0000000,3.0000000,15.6000000,43.0000000,14.0000000,4.0000000,16.2000000,1691.3801269,1562.3873291
2432,2025-03-08,2025,Matchweek 25,Sat,Bundesliga,15:30,Bayern Munich,L,2.0000000,3.0000000,Bochum,2.4000000,1.1000000,73.0000000,13.0000000,5.0000000,16.2000000,27.0000000,8.0000000,5.0000000,12.4000000,1927.4083252,1539.9631348
2433,2025-03-08,2025,Matchweek 25,Sat,Bundesliga,15:30,Dortmund,L,0.0000000,1.0000000,Augsburg,1.2000000,0.2000000,71.0000000,15.0000000,1.0000000,15.1000000,29.0000000,6.0000000,1.0000000,12.2000000,1774.0338135,1636.4417725
2434,2025-03-09,2025,Matchweek 25,Sun,Bundesliga,15:30,Eint Frankfurt,L,1.0000000,2.0000000,Union Berlin,1.8000000,0.9000000,66.0000000,13.0000000,2.0000000,16.5000000,34.0000000,11.0000000,3.0000000,13.9000000,1727.1779785,1579.1975098
2435,2025-03-09,2025,Matchweek 25,Sun,Bundesliga,17:30,Hoffenheim,D,1.0000000,1.0000000,Heidenheim,1.3000000,1.2000000,55.0000000,16.0000000,3.0000000,20.0000000,45.0000000,23.0000000,5.0000000,16.0000000,1618.7760010,1522.6871338
2436,2025-03-11,2025,Round of 16,Tue,Champions Lg,21:00,de Leverkusen,L,0.0000000,2.0000000,Bayern Munich,1.4000000,2.3000000,54.0000000,12.0000000,5.0000000,14.4000000,46.0000000,12.0000000,5.0000000,14.4000000,,1910.8538818
2437,2025-03-11,2025,Round of 16,Tue,Champions Lg,21:00,Leverkusen,L,0.0000000,2.0000000,de Bayern Munich,1.4000000,2.3000000,54.0000000,17.0000000,3.0000000,15.7000000,46.0000000,17.0000000,3.0000000,15.7000000,1878.8686523,
2438,2025-03-12,2025,Round of 16,Wed,Champions Lg,18:45,fr Lille,L,1.0000000,2.0000000,Dortmund,1.2000000,3.0000000,49.0000000,16.0000000,5.0000000,14.2000000,51.0000000,16.0000000,5.0000000,14.2000000,,1761.5203857
2439,2025-03-13,2025,Round of 16,Thu,Europa Lg,18:45,Eint Frankfurt,W,4.0000000,1.0000000,nl Ajax,2.5000000,0.6000000,53.0000000,16.0000000,9.0000000,18.2000000,47.0000000,16.0000000,9.0000000,18.2000000,1718.5241699,
2440,2025-03-14,2025,Matchweek 26,Fri,Bundesliga,20:30,St. Pauli,W,1.0000000,0.0000000,Hoffenheim,2.0000000,0.2000000,44.0000000,10.0000000,5.0000000,14.0000000,56.0000000,4.0000000,0.0000000,18.6000000,1574.9445801,1622.9442139
2441,2025-03-15,2025,Matchweek 26,Sat,Bundesliga,15:30,Union Berlin,D,1.0000000,1.0000000,Bayern Munich,0.7000000,1.6000000,20.0000000,7.0000000,3.0000000,17.6000000,80.0000000,18.0000000,4.0000000,21.1000000,1599.9085693,1928.1328125
2442,2025-03-15,2025,Matchweek 26,Sat,Bundesliga,15:30,Mainz 05,D,2.0000000,2.0000000,Freiburg,1.3000000,3.1000000,44.0000000,9.0000000,4.0000000,20.2000000,56.0000000,24.0000000,8.0000000,13.4000000,1738.8707275,1689.6080322
2443,2025-03-15,2025,Matchweek 26,Sat,Bundesliga,15:30,Augsburg,W,1.0000000,0.0000000,Wolfsburg,0.7000000,0.8000000,42.0000000,10.0000000,2.0000000,19.5000000,58.0000000,13.0000000,2.0000000,20.5000000,1656.8803711,1694.6732178
2444,2025-03-15,2025,Matchweek 26,Sat,Bundesliga,18:30,RB Leipzig,W,2.0000000,0.0000000,Dortmund,1.8000000,3.0000000,34.0000000,15.0000000,5.0000000,17.0000000,66.0000000,25.0000000,9.0000000,15.0000000,1734.1270752,1782.9097900
2445,2025-03-15,2025,Matchweek 26,Sat,Bundesliga,15:30,Werder Bremen,L,2.0000000,4.0000000,Gladbach,2.5000000,2.4000000,53.0000000,22.0000000,1.0000000,15.1000000,47.0000000,12.0000000,6.0000000,18.0000000,1649.7427978,1656.7590332
2446,2025-03-16,2025,Matchweek 26,Sun,Bundesliga,15:30,Bochum,L,1.0000000,3.0000000,Eint Frankfurt,1.4000000,2.5000000,51.0000000,17.0000000,7.0000000,13.7000000,49.0000000,18.0000000,7.0000000,15.4000000,1564.4427490,1734.6993408
2447,2025-03-16,2025,Matchweek 26,Sun,Bundesliga,19:30,Stuttgart,L,3.0000000,4.0000000,Leverkusen,2.3000000,1.7000000,43.0000000,11.0000000,6.0000000,11.9000000,57.0000000,16.0000000,4.0000000,14.2000000,1724.8017578,1877.4400635
2448,2025-03-16,2025,Matchweek 26,Sun,Bundesliga,17:30,Heidenheim,W,3.0000000,1.0000000,Holstein Kiel,1.5000000,1.5000000,39.0000000,14.0000000,5.0000000,16.3000000,61.0000000,16.0000000,4.0000000,19.4000000,1534.3691406,1539.6914062
2449,2025-03-28,2025,Matchweek 27,Fri,Bundesliga,20:30,Leverkusen,W,3.0000000,1.0000000,Bochum,2.0000000,0.5000000,66.0000000,14.0000000,5.0000000,19.0000000,34.0000000,8.0000000,3.0000000,22.5000000,1882.5618897,1557.7760010
2450,2025-03-29,2025,Matchweek 27,Sat,Bundesliga,15:30,Holstein Kiel,L,0.0000000,3.0000000,Werder Bremen,0.5000000,1.8000000,55.0000000,11.0000000,0.0000000,20.3000000,45.0000000,14.0000000,7.0000000,16.8000000,1529.7529297,1637.5180664
2451,2025-03-29,2025,Matchweek 27,Sat,Bundesliga,15:30,Gladbach,W,1.0000000,0.0000000,RB Leipzig,1.8000000,1.3000000,40.0000000,16.0000000,3.0000000,15.0000000,60.0000000,19.0000000,3.0000000,17.0000000,1668.9837647,1745.8475342
2452,2025-03-29,2025,Matchweek 27,Sat,Bundesliga,18:30,Eint Frankfurt,W,1.0000000,0.0000000,Stuttgart,3.7000000,1.2000000,46.0000000,19.0000000,5.0000000,14.9000000,54.0000000,8.0000000,2.0000000,13.9000000,1741.3659668,1719.6798096
2453,2025-03-29,2025,Matchweek 27,Sat,Bundesliga,15:30,Bayern Munich,W,3.0000000,2.0000000,St. Pauli,3.5000000,1.0000000,65.0000000,19.0000000,8.0000000,13.3000000,35.0000000,10.0000000,4.0000000,19.2000000,1921.3066406,1583.2718506
2454,2025-03-29,2025,Matchweek 27,Sat,Bundesliga,15:30,Wolfsburg,L,0.0000000,1.0000000,Heidenheim,1.3000000,1.3000000,61.0000000,11.0000000,2.0000000,17.5000000,39.0000000,10.0000000,3.0000000,17.0000000,1686.6157227,1544.3076172
2455,2025-03-29,2025,Matchweek 27,Sat,Bundesliga,15:30,Hoffenheim,D,1.0000000,1.0000000,Augsburg,1.4000000,0.6000000,56.0000000,12.0000000,3.0000000,19.7000000,44.0000000,11.0000000,4.0000000,24.6000000,1614.6169434,1664.9377441
2456,2025-03-30,2025,Matchweek 27,Sun,Bundesliga,17:30,Dortmund,W,3.0000000,1.0000000,Mainz 05,2.8000000,0.8000000,44.0000000,18.0000000,7.0000000,17.6000000,56.0000000,12.0000000,2.0000000,14.5000000,1771.1893310,1736.3983154
2457,2025-03-30,2025,Matchweek 27,Sun,Bundesliga,15:30,Freiburg,L,1.0000000,2.0000000,Union Berlin,1.4000000,1.0000000,72.0000000,9.0000000,3.0000000,19.5000000,28.0000000,10.0000000,6.0000000,16.7000000,1692.0805664,1606.7348633
2458,2025-04-01,2025,Semi-finals,Tue,DFB-Pokal,20:45,Arminia,W,2.0000000,1.0000000,Leverkusen,,,48.0000000,13.0000000,4.0000000,,52.0000000,13.0000000,4.0000000,,1451.9635010,1882.5618897
2459,2025-04-02,2025,Semi-finals,Wed,DFB-Pokal,20:45,Stuttgart,W,3.0000000,1.0000000,RB Leipzig,,,32.0000000,9.0000000,6.0000000,,68.0000000,25.0000000,5.0000000,,1719.6798096,1736.8710938
2460,2025-04-04,2025,Matchweek 28,Fri,Bundesliga,20:30,Augsburg,L,1.0000000,3.0000000,Bayern Munich,0.4000000,2.4000000,31.0000000,6.0000000,3.0000000,15.5000000,69.0000000,19.0000000,7.0000000,16.8000000,1664.6263428,1922.6555176
2461,2025-04-05,2025,Matchweek 28,Sat,Bundesliga,15:30,Heidenheim,L,0.0000000,1.0000000,Leverkusen,1.0000000,0.4000000,49.0000000,10.0000000,2.0000000,13.8000000,51.0000000,6.0000000,2.0000000,21.6000000,1556.8121338,1884.5943603
2462,2025-04-05,2025,Matchweek 28,Sat,Bundesliga,15:30,Bochum,L,0.0000000,4.0000000,Stuttgart,0.8000000,2.8000000,54.0000000,11.0000000,2.0000000,16.7000000,46.0000000,14.0000000,6.0000000,15.4000000,1555.7435303,1713.3537598
2463,2025-04-05,2025,Matchweek 28,Sat,Bundesliga,15:30,Mainz 05,D,1.0000000,1.0000000,Holstein Kiel,1.8000000,0.9000000,58.0000000,13.0000000,3.0000000,14.5000000,42.0000000,10.0000000,5.0000000,13.4000000,1727.7233887,1519.3691406
2464,2025-04-05,2025,Matchweek 28,Sat,Bundesliga,15:30,Freiburg,L,1.0000000,4.0000000,Dortmund,1.8000000,3.3000000,54.0000000,12.0000000,2.0000000,14.5000000,46.0000000,18.0000000,7.0000000,12.7000000,1680.6844482,1779.8642578
2465,2025-04-05,2025,Matchweek 28,Sat,Bundesliga,18:30,Werder Bremen,W,2.0000000,0.0000000,Eint Frankfurt,1.0000000,0.5000000,38.0000000,12.0000000,4.0000000,17.2000000,62.0000000,9.0000000,0.0000000,18.0000000,1647.9018555,1747.6921387
2466,2025-04-05,2025,Matchweek 28,Sat,Bundesliga,15:30,RB Leipzig,W,3.0000000,1.0000000,Hoffenheim,1.6000000,0.9000000,66.0000000,16.0000000,5.0000000,18.0000000,34.0000000,9.0000000,5.0000000,16.9000000,1736.8710938,1614.9283447
2467,2025-04-06,2025,Matchweek 28,Sun,Bundesliga,17:30,Union Berlin,W,1.0000000,0.0000000,Wolfsburg,1.2000000,1.9000000,46.0000000,13.0000000,3.0000000,19.2000000,54.0000000,12.0000000,3.0000000,13.2000000,1618.1309815,1674.1112060
2468,2025-04-06,2025,Matchweek 28,Sun,Bundesliga,15:30,St. Pauli,D,1.0000000,1.0000000,Gladbach,1.9000000,0.6000000,63.0000000,26.0000000,9.0000000,19.8000000,37.0000000,5.0000000,3.0000000,17.3000000,1581.9229736,1677.9600830
2469,2025-04-08,2025,Quarter-finals,Tue,Champions Lg,21:00,Bayern Munich,L,1.0000000,2.0000000,it Inter,2.3000000,0.8000000,58.0000000,20.0000000,7.0000000,14.9000000,42.0000000,20.0000000,7.0000000,14.9000000,1927.0983887,
2470,2025-04-09,2025,Quarter-finals,Wed,Champions Lg,21:00,es Barcelona,W,4.0000000,0.0000000,Dortmund,3.5000000,1.4000000,60.0000000,13.0000000,3.0000000,14.5000000,40.0000000,13.0000000,3.0000000,14.5000000,,1788.8415527
2471,2025-04-10,2025,Quarter-finals,Thu,Europa Lg,20:00 (21:00),eng Tottenham,D,1.0000000,1.0000000,Eint Frankfurt,0.9000000,0.3000000,56.0000000,4.0000000,2.0000000,18.3000000,44.0000000,4.0000000,2.0000000,18.3000000,,1730.7166748
2472,2025-04-11,2025,Matchweek 29,Fri,Bundesliga,20:30,Wolfsburg,L,2.0000000,3.0000000,RB Leipzig,1.6000000,1.3000000,47.0000000,17.0000000,6.0000000,12.6000000,53.0000000,16.0000000,5.0000000,19.2000000,1662.6994629,1739.7701416
2473,2025-04-12,2025,Matchweek 29,Sat,Bundesliga,15:30,Gladbach,L,1.0000000,2.0000000,Freiburg,0.7000000,1.6000000,42.0000000,10.0000000,1.0000000,17.0000000,58.0000000,19.0000000,7.0000000,13.1000000,1673.5318603,1666.6940918
2474,2025-04-12,2025,Matchweek 29,Sat,Bundesliga,15:30,Hoffenheim,W,2.0000000,0.0000000,Mainz 05,1.7000000,1.2000000,36.0000000,8.0000000,5.0000000,14.4000000,64.0000000,14.0000000,1.0000000,15.2000000,1606.3767090,1718.7324219
2475,2025-04-12,2025,Matchweek 29,Sat,Bundesliga,15:30,Holstein Kiel,L,1.0000000,2.0000000,St. Pauli,0.5000000,1.2000000,51.0000000,6.0000000,2.0000000,19.9000000,49.0000000,14.0000000,6.0000000,15.8000000,1522.7075195,1580.6987305
2476,2025-04-12,2025,Matchweek 29,Sat,Bundesliga,18:30,Bayern Munich,D,2.0000000,2.0000000,Dortmund,2.3000000,1.6000000,62.0000000,28.0000000,11.0000000,17.8000000,38.0000000,11.0000000,3.0000000,14.8000000,1917.2088623,1782.5334473
2477,2025-04-12,2025,Matchweek 29,Sat,Bundesliga,15:30,Bochum,L,1.0000000,2.0000000,Augsburg,2.8000000,1.1000000,53.0000000,25.0000000,9.0000000,16.1000000,47.0000000,12.0000000,4.0000000,19.6000000,1542.9165039,1657.3572998
2478,2025-04-12,2025,Matchweek 29,Sat,Bundesliga,15:30,Leverkusen,D,0.0000000,0.0000000,Union Berlin,0.8000000,0.5000000,74.0000000,17.0000000,4.0000000,18.5000000,26.0000000,7.0000000,3.0000000,16.9000000,1883.9675293,1623.8902588
2479,2025-04-13,2025,Matchweek 29,Sun,Bundesliga,15:30,Stuttgart,L,1.0000000,2.0000000,Werder Bremen,1.7000000,1.5000000,48.0000000,12.0000000,4.0000000,17.0000000,52.0000000,14.0000000,5.0000000,18.0000000,1720.5281982,1658.1126709
2480,2025-04-13,2025,Matchweek 29,Sun,Bundesliga,17:30,Eint Frankfurt,W,3.0000000,0.0000000,Heidenheim,3.7000000,1.7000000,44.0000000,19.0000000,8.0000000,19.8000000,56.0000000,14.0000000,3.0000000,19.4000000,1735.4343262,1551.7864990
2481,2025-04-15,2025,Quarter-finals,Tue,Champions Lg,21:00,Dortmund,W,3.0000000,1.0000000,es Barcelona,3.6000000,0.5000000,47.0000000,17.0000000,10.0000000,13.4000000,53.0000000,17.0000000,10.0000000,13.4000000,1787.1917725,
2482,2025-04-16,2025,Quarter-finals,Wed,Champions Lg,21:00,it Inter,D,2.0000000,2.0000000,Bayern Munich,1.4000000,1.5000000,37.0000000,20.0000000,6.0000000,15.3000000,63.0000000,20.0000000,6.0000000,15.3000000,,1912.7144775
2483,2025-04-17,2025,Quarter-finals,Thu,Europa Lg,21:00,Eint Frankfurt,L,0.0000000,1.0000000,eng Tottenham,0.9000000,1.5000000,61.0000000,14.0000000,5.0000000,18.5000000,39.0000000,14.0000000,5.0000000,18.5000000,1740.5957031,
2484,2025-04-19,2025,Matchweek 30,Sat,Bundesliga,15:30,Heidenheim,L,0.0000000,4.0000000,Bayern Munich,0.6000000,3.2000000,32.0000000,4.0000000,1.0000000,13.4000000,68.0000000,18.0000000,11.0000000,15.2000000,1542.8432617,1907.8601074
2485,2025-04-19,2025,Matchweek 30,Sat,Bundesliga,15:30,Mainz 05,D,2.0000000,2.0000000,Wolfsburg,2.7000000,1.6000000,52.0000000,18.0000000,7.0000000,14.7000000,48.0000000,16.0000000,4.0000000,17.4000000,1701.3344727,1651.9948731
2486,2025-04-19,2025,Matchweek 30,Sat,Bundesliga,18:30,Union Berlin,D,4.0000000,4.0000000,Stuttgart,1.3000000,0.9000000,23.0000000,12.0000000,5.0000000,16.2000000,77.0000000,12.0000000,6.0000000,18.7000000,1627.2677002,1706.3502197
2487,2025-04-19,2025,Matchweek 30,Sat,Bundesliga,15:30,Freiburg,W,3.0000000,2.0000000,Hoffenheim,1.3000000,1.5000000,40.0000000,12.0000000,6.0000000,14.9000000,60.0000000,19.0000000,6.0000000,18.4000000,1672.2886963,1616.5463867
2488,2025-04-19,2025,Matchweek 30,Sat,Bundesliga,15:30,Werder Bremen,W,1.0000000,0.0000000,Bochum,1.8000000,0.7000000,48.0000000,14.0000000,4.0000000,15.1000000,52.0000000,12.0000000,1.0000000,19.5000000,1665.0623779,1533.2130127
2489,2025-04-19,2025,Matchweek 30,Sat,Bundesliga,15:30,RB Leipzig,D,1.0000000,1.0000000,Holstein Kiel,1.9000000,0.8000000,61.0000000,9.0000000,3.0000000,15.0000000,39.0000000,14.0000000,3.0000000,17.5000000,1743.2462158,1511.5247803
2490,2025-04-20,2025,Matchweek 30,Sun,Bundesliga,17:30,Dortmund,W,3.0000000,2.0000000,Gladbach,1.4000000,1.4000000,59.0000000,14.0000000,6.0000000,16.8000000,41.0000000,5.0000000,2.0000000,22.3000000,1784.1085205,1660.7088623
2491,2025-04-20,2025,Matchweek 30,Sun,Bundesliga,15:30,Augsburg,D,0.0000000,0.0000000,Eint Frankfurt,0.9000000,1.1000000,46.0000000,13.0000000,2.0000000,18.1000000,54.0000000,8.0000000,4.0000000,10.8000000,1659.8325195,1725.9342041
2492,2025-04-20,2025,Matchweek 30,Sun,Bundesliga,19:30,St. Pauli,D,1.0000000,1.0000000,Leverkusen,1.1000000,0.8000000,43.0000000,10.0000000,5.0000000,16.8000000,57.0000000,6.0000000,4.0000000,15.5000000,1584.6531982,1873.3616943
2493,2025-04-25,2025,Matchweek 31,Fri,Bundesliga,20:30,Stuttgart,L,0.0000000,1.0000000,Heidenheim,1.8000000,0.3000000,69.0000000,19.0000000,3.0000000,18.9000000,31.0000000,6.0000000,2.0000000,21.4000000,1705.1804199,1539.4300537
2494,2025-04-26,2025,Matchweek 31,Sat,Bundesliga,15:30,Hoffenheim,L,2.0000000,3.0000000,Dortmund,1.1000000,2.6000000,39.0000000,11.0000000,3.0000000,15.7000000,61.0000000,15.0000000,7.0000000,16.8000000,1610.9407959,1788.1245117
2495,2025-04-26,2025,Matchweek 31,Sat,Bundesliga,15:30,Leverkusen,W,2.0000000,0.0000000,Augsburg,0.9000000,0.7000000,53.0000000,14.0000000,5.0000000,18.4000000,47.0000000,11.0000000,2.0000000,18.9000000,1867.1948242,1660.6202393
2496,2025-04-26,2025,Matchweek 31,Sat,Bundesliga,15:30,Wolfsburg,L,0.0000000,1.0000000,Freiburg,0.3000000,1.6000000,44.0000000,7.0000000,1.0000000,21.2000000,56.0000000,15.0000000,2.0000000,17.1000000,1654.4639893,1677.8942871
2497,2025-04-26,2025,Matchweek 31,Sat,Bundesliga,18:30,Eint Frankfurt,W,4.0000000,0.0000000,RB Leipzig,2.1000000,0.4000000,46.0000000,9.0000000,5.0000000,13.1000000,54.0000000,7.0000000,3.0000000,21.9000000,1725.1466065,1736.7362060
2498,2025-04-26,2025,Matchweek 31,Sat,Bundesliga,15:30,Holstein Kiel,W,4.0000000,3.0000000,Gladbach,3.5000000,1.6000000,38.0000000,22.0000000,11.0000000,17.1000000,62.0000000,16.0000000,7.0000000,12.5000000,1518.0349121,1656.6928711
2499,2025-04-26,2025,Matchweek 31,Sat,Bundesliga,15:30,Bayern Munich,W,3.0000000,0.0000000,Mainz 05,1.1000000,0.7000000,59.0000000,14.0000000,6.0000000,16.4000000,41.0000000,8.0000000,3.0000000,18.8000000,1911.2733154,1698.8654785
2500,2025-04-27,2025,Matchweek 31,Sun,Bundesliga,15:30,Bochum,D,1.0000000,1.0000000,Union Berlin,1.5000000,0.3000000,66.0000000,9.0000000,3.0000000,20.1000000,34.0000000,5.0000000,1.0000000,15.7000000,1529.2905273,1628.4375000
2501,2025-04-27,2025,Matchweek 31,Sun,Bundesliga,17:30,Werder Bremen,D,0.0000000,0.0000000,St. Pauli,1.1000000,0.6000000,51.0000000,11.0000000,2.0000000,16.5000000,49.0000000,10.0000000,4.0000000,16.9000000,1668.9848633,1590.8200684
2502,2025-05-02,2025,Matchweek 32,Fri,Bundesliga,20:30,Heidenheim,D,0.0000000,0.0000000,Bochum,0.7000000,1.3000000,46.0000000,12.0000000,3.0000000,20.4000000,54.0000000,14.0000000,3.0000000,16.3000000,1552.2867432,1530.9592285
2503,2025-05-03,2025,Matchweek 32,Sat,Bundesliga,15:30,RB Leipzig,D,3.0000000,3.0000000,Bayern Munich,1.2000000,1.6000000,38.0000000,8.0000000,6.0000000,19.3000000,62.0000000,20.0000000,6.0000000,16.6000000,1722.1442871,1915.8503418
2504,2025-05-03,2025,Matchweek 32,Sat,Bundesliga,18:30,Dortmund,W,4.0000000,0.0000000,Wolfsburg,2.4000000,0.7000000,54.0000000,11.0000000,5.0000000,12.8000000,46.0000000,11.0000000,2.0000000,15.7000000,1792.6534424,1646.0075684
2505,2025-05-03,2025,Matchweek 32,Sat,Bundesliga,15:30,St. Pauli,L,0.0000000,1.0000000,Stuttgart,0.4000000,2.7000000,30.0000000,6.0000000,1.0000000,20.3000000,70.0000000,20.0000000,7.0000000,16.5000000,1594.1118164,1692.3238525
2506,2025-05-03,2025,Matchweek 32,Sat,Bundesliga,15:30,Gladbach,D,4.0000000,4.0000000,Hoffenheim,1.4000000,1.8000000,44.0000000,12.0000000,7.0000000,16.7000000,56.0000000,26.0000000,8.0000000,18.4000000,1646.2753906,1606.4118652
2507,2025-05-03,2025,Matchweek 32,Sat,Bundesliga,15:30,Union Berlin,D,2.0000000,2.0000000,Werder Bremen,1.5000000,1.6000000,41.0000000,18.0000000,8.0000000,17.5000000,59.0000000,13.0000000,6.0000000,17.6000000,1626.7687988,1665.6931152
2508,2025-05-04,2025,Matchweek 32,Sun,Bundesliga,17:30,Freiburg,D,2.0000000,2.0000000,Leverkusen,0.9000000,0.3000000,33.0000000,7.0000000,3.0000000,15.6000000,67.0000000,5.0000000,2.0000000,19.2000000,1686.3505859,1871.1549072
2509,2025-05-04,2025,Matchweek 32,Sun,Bundesliga,19:30,Mainz 05,D,1.0000000,1.0000000,Eint Frankfurt,1.4000000,1.3000000,64.0000000,12.0000000,3.0000000,13.9000000,36.0000000,8.0000000,2.0000000,18.1000000,1694.2884522,1739.7384033
2510,2025-05-04,2025,Matchweek 32,Sun,Bundesliga,15:30,Augsburg,L,1.0000000,3.0000000,Holstein Kiel,3.2000000,1.7000000,72.0000000,27.0000000,10.0000000,15.9000000,28.0000000,6.0000000,3.0000000,17.3000000,1656.6601562,1528.4523926
2511,2025-05-09,2025,Matchweek 33,Fri,Bundesliga,20:30,Wolfsburg,D,2.0000000,2.0000000,Hoffenheim,1.0000000,1.4000000,54.0000000,14.0000000,5.0000000,16.8000000,46.0000000,17.0000000,7.0000000,17.1000000,1638.7098389,1608.6149902
2512,2025-05-10,2025,Matchweek 33,Sat,Bundesliga,15:30,Bochum,L,1.0000000,4.0000000,Mainz 05,0.9000000,1.5000000,44.0000000,11.0000000,6.0000000,20.0000000,56.0000000,22.0000000,7.0000000,16.6000000,1532.7307129,1694.5501709
2513,2025-05-10,2025,Matchweek 33,Sat,Bundesliga,18:30,Bayern Munich,W,2.0000000,0.0000000,Gladbach,2.5000000,1.6000000,62.0000000,24.0000000,9.0000000,17.7000000,38.0000000,16.0000000,6.0000000,15.6000000,1911.6456299,1644.0721435
2514,2025-05-10,2025,Matchweek 33,Sat,Bundesliga,15:30,Union Berlin,L,0.0000000,3.0000000,Heidenheim,0.5000000,1.1000000,49.0000000,10.0000000,1.0000000,17.6000000,51.0000000,8.0000000,4.0000000,15.0000000,1626.7965088,1550.5151367
2515,2025-05-10,2025,Matchweek 33,Sat,Bundesliga,15:30,Werder Bremen,D,0.0000000,0.0000000,RB Leipzig,2.0000000,1.7000000,55.0000000,21.0000000,5.0000000,13.0000000,45.0000000,16.0000000,4.0000000,19.3000000,1665.6654053,1726.3491211
2516,2025-05-10,2025,Matchweek 33,Sat,Bundesliga,15:30,Holstein Kiel,L,1.0000000,2.0000000,Freiburg,1.0000000,1.4000000,60.0000000,15.0000000,3.0000000,25.6000000,40.0000000,9.0000000,3.0000000,10.3000000,1545.5167236,1690.3811035
2517,2025-05-11,2025,Matchweek 33,Sun,Bundesliga,19:30,Stuttgart,W,4.0000000,0.0000000,Augsburg,3.9000000,0.5000000,70.0000000,29.0000000,11.0000000,13.8000000,30.0000000,7.0000000,0.0000000,16.3000000,1698.7720947,1639.5958252
2518,2025-05-11,2025,Matchweek 33,Sun,Bundesliga,17:30,Eint Frankfurt,D,2.0000000,2.0000000,St. Pauli,1.7000000,0.8000000,72.0000000,13.0000000,5.0000000,14.9000000,28.0000000,5.0000000,2.0000000,14.8000000,1739.4766846,1587.6635742
2519,2025-05-11,2025,Matchweek 33,Sun,Bundesliga,15:30,Leverkusen,L,2.0000000,4.0000000,Dortmund,2.2000000,1.2000000,62.0000000,19.0000000,10.0000000,16.8000000,38.0000000,9.0000000,5.0000000,19.5000000,1867.1245117,1799.9511719
2520,2025-05-17,2025,Matchweek 34,Sat,Bundesliga,15:30,Mainz 05,D,2.0000000,2.0000000,Leverkusen,3.1000000,1.2000000,48.0000000,19.0000000,5.0000000,15.5000000,52.0000000,6.0000000,3.0000000,16.9000000,1703.0158691,1851.9534912
2521,2025-05-17,2025,Matchweek 34,Sat,Bundesliga,15:30,Hoffenheim,L,0.0000000,4.0000000,Bayern Munich,0.4000000,1.4000000,34.0000000,6.0000000,2.0000000,17.9000000,66.0000000,14.0000000,5.0000000,19.1000000,1610.4622803,1914.3763428
2522,2025-05-17,2025,Matchweek 34,Sat,Bundesliga,15:30,RB Leipzig,L,2.0000000,3.0000000,Stuttgart,1.1000000,2.6000000,49.0000000,8.0000000,5.0000000,15.0000000,51.0000000,15.0000000,7.0000000,10.9000000,1725.6171875,1710.0722656
2523,2025-05-17,2025,Matchweek 34,Sat,Bundesliga,15:30,Dortmund,W,3.0000000,0.0000000,Holstein Kiel,2.4000000,0.8000000,73.0000000,18.0000000,5.0000000,19.0000000,27.0000000,4.0000000,2.0000000,11.3000000,1815.1221924,1540.3607178
2524,2025-05-17,2025,Matchweek 34,Sat,Bundesliga,15:30,Heidenheim,L,1.0000000,4.0000000,Werder Bremen,1.6000000,2.2000000,51.0000000,21.0000000,8.0000000,17.3000000,49.0000000,12.0000000,5.0000000,15.5000000,1569.7822266,1666.3973389
2525,2025-05-17,2025,Matchweek 34,Sat,Bundesliga,15:30,Gladbach,L,0.0000000,1.0000000,Wolfsburg,1.0000000,1.7000000,59.0000000,16.0000000,3.0000000,19.1000000,41.0000000,17.0000000,6.0000000,20.2000000,1641.3414307,1636.8626709
2526,2025-05-17,2025,Matchweek 34,Sat,Bundesliga,15:30,Augsburg,L,1.0000000,2.0000000,Union Berlin,1.7000000,0.8000000,62.0000000,19.0000000,4.0000000,15.9000000,38.0000000,5.0000000,3.0000000,16.9000000,1628.2956543,1607.5294190
2527,2025-05-17,2025,Matchweek 34,Sat,Bundesliga,15:30,St. Pauli,L,0.0000000,2.0000000,Bochum,0.8000000,1.3000000,57.0000000,10.0000000,2.0000000,18.6000000,43.0000000,9.0000000,6.0000000,17.5000000,1592.5786133,1524.2651367
2528,2025-05-17,2025,Matchweek 34,Sat,Bundesliga,15:30,Freiburg,L,1.0000000,3.0000000,Eint Frankfurt,0.7000000,2.0000000,59.0000000,8.0000000,1.0000000,13.0000000,41.0000000,11.0000000,6.0000000,13.4000000,1695.5369873,1734.5615234
2529,2025-05-22,2025,German 1/2 Relegation/Promotion play-offs,Thu,Rel/Pro play-offs,20:30,Heidenheim,D,2.0000000,2.0000000,Elversberg,,,56.0000000,22.0000000,8.0000000,,44.0000000,22.0000000,8.0000000,,1569.7822266,
2530,2025-05-24,2025,Final,Sat,DFB-Pokal,20:00,Arminia,L,2.0000000,4.0000000,Stuttgart,,,59.0000000,14.0000000,7.0000000,,41.0000000,14.0000000,7.0000000,,1451.9635010,1710.0722656
2531,2025-05-26,2025,German 1/2 Relegation/Promotion play-offs,Mon,Rel/Pro play-offs,20:30,Elversberg,L,1.0000000,2.0000000,Heidenheim,,,65.0000000,11.0000000,4.0000000,,35.0000000,11.0000000,4.0000000,,,1569.7822266
2532,2025-08-15,2026,Round of 64,Fri,DFB-Pokal,20:45,Arminia,W,1.0000000,0.0000000,Werder Bremen,,,51.0000000,10.0000000,0.0000000,,49.0000000,10.0000000,0.0000000,,1363.2004394,1677.4544678
2533,2025-08-15,2026,Round of 64,Fri,DFB-Pokal,18:00,FC Gütersloh 2000,L,0.0000000,5.0000000,Union Berlin,,,51.0000000,15.0000000,8.0000000,,49.0000000,15.0000000,8.0000000,,,1617.1652832
2534,2025-08-15,2026,Round of 64,Fri,DFB-Pokal,18:00,Großaspach,L,0.0000000,4.0000000,Leverkusen,,,31.0000000,20.0000000,9.0000000,,69.0000000,20.0000000,9.0000000,,,1851.9534912
2535,2025-08-16,2026,Round of 64,Sat,DFB-Pokal,18:00,Sportfreunde Lotte,L,0.0000000,2.0000000,Freiburg,,,16.0000000,17.0000000,3.0000000,,84.0000000,17.0000000,3.0000000,,,1684.3405762
2536,2025-08-16,2026,Round of 64,Sat,DFB-Pokal,15:30,Sandhausen,L,2.0000000,4.0000000,RB Leipzig,,,25.0000000,26.0000000,6.0000000,,75.0000000,26.0000000,6.0000000,,,1716.3746338
2537,2025-08-16,2026,Round of 64,Sat,DFB-Pokal,15:30,SV Hemelingen,L,0.0000000,9.0000000,Wolfsburg,,,28.0000000,38.0000000,17.0000000,,72.0000000,38.0000000,17.0000000,,,1645.7242432
2538,2025-08-16,2026,Round of 64,Sat,DFB-Pokal,15:30,Hansa Rostock,L,0.0000000,4.0000000,Hoffenheim,,,37.0000000,13.0000000,7.0000000,,63.0000000,13.0000000,7.0000000,,,1605.8406982
2539,2025-08-16,2026,Round of 64,Sat,DFB-Pokal,15:30,Bahlinger SC,L,0.0000000,5.0000000,Heidenheim,,,43.0000000,15.0000000,10.0000000,,57.0000000,15.0000000,10.0000000,,,1569.7822266
2540,2025-08-16,2026,Round of 64,Sat,DFB-Pokal,15:30,Eintracht Norderstedt,D,0.0000000,0.0000000,St. Pauli,,,22.0000000,41.0000000,16.0000000,,78.0000000,41.0000000,16.0000000,,,1592.5786133
2541,2025-08-16,2026,Round of 64,Sat,DFB-Pokal,13:00,FK Pirmasens,L,1.0000000,2.0000000,Hamburger SV,,,25.0000000,17.0000000,7.0000000,,75.0000000,17.0000000,7.0000000,,,1554.5455322
2542,2025-08-16,2026,Franz Beckenbauer Supercup,Sat,DFL-Supercup,20:30,Stuttgart,L,1.0000000,2.0000000,Bayern Munich,,,47.0000000,14.0000000,5.0000000,,53.0000000,17.0000000,3.0000000,,1719.3148193,1914.3763428
2543,2025-08-17,2026,Round of 64,Sun,DFB-Pokal,13:00,FV Engers 07,L,0.0000000,5.0000000,Eint Frankfurt,,,17.0000000,31.0000000,10.0000000,,83.0000000,31.0000000,10.0000000,,,1745.7580566
2544,2025-08-17,2026,Round of 64,Sun,DFB-Pokal,15:30,Jahn R'burg,L,1.0000000,2.0000000,Köln,,,23.0000000,17.0000000,2.0000000,,77.0000000,17.0000000,2.0000000,,,1552.1945801
2545,2025-08-17,2026,Round of 64,Sun,DFB-Pokal,18:00,Hallescher,L,0.0000000,2.0000000,Augsburg,,,43.0000000,16.0000000,6.0000000,,57.0000000,16.0000000,6.0000000,,,1618.6599121
2546,2025-08-17,2026,Round of 64,Sun,DFB-Pokal,15:30,SV Atlas,L,2.0000000,3.0000000,Gladbach,,,36.0000000,26.0000000,10.0000000,,64.0000000,26.0000000,10.0000000,,,1632.4797363
2547,2025-08-18,2026,Round of 64,Mon,DFB-Pokal,18:00,Dresden,L,0.0000000,1.0000000,Mainz 05,,,52.0000000,12.0000000,6.0000000,,48.0000000,12.0000000,6.0000000,,,1706.1828613
2548,2025-08-18,2026,Round of 64,Mon,DFB-Pokal,20:45,Rot-Weiss Essen,L,0.0000000,1.0000000,Dortmund,,,33.0000000,13.0000000,4.0000000,,67.0000000,13.0000000,4.0000000,,,1818.3502197
2549,2025-08-21,2026,Play-off round,Thu,Conf Lg,18:00,no Rosenborg,D,,,Mainz 05,,,,,,,,,,,,1706.1828613
2550,2025-08-22,2026,Matchweek 1,Fri,Bundesliga,20:30,Bayern Munich,,,,RB Leipzig,,,,,,,,,,,1918.9978027,1716.3746338
2551,2025-08-23,2026,Matchweek 1,Sat,Bundesliga,15:30,Freiburg,,,,Augsburg,,,,,,,,,,,1684.3405762,1618.6599121
2552,2025-08-23,2026,Matchweek 1,Sat,Bundesliga,15:30,Leverkusen,,,,Hoffenheim,,,,,,,,,,,1848.7864990,1605.8406982
2553,2025-08-23,2026,Matchweek 1,Sat,Bundesliga,15:30,Union Berlin,,,,Stuttgart,,,,,,,,,,,1617.1652832,1719.3148193
2554,2025-08-23,2026,Matchweek 1,Sat,Bundesliga,15:30,Eint Frankfurt,,,,Werder Bremen,,,,,,,,,,,1745.7580566,1677.4544678
2555,2025-08-23,2026,Matchweek 1,Sat,Bundesliga,18:30,St. Pauli,,,,Dortmund,,,,,,,,,,,1577.1074219,1818.3502197
2556,2025-08-23,2026,Matchweek 1,Sat,Bundesliga,15:30,Heidenheim,,,,Wolfsburg,,,,,,,,,,,1558.7250977,1645.7242432
2557,2025-08-24,2026,Matchweek 1,Sun,Bundesliga,17:30,Gladbach,,,,Hamburger SV,,,,,,,,,,,1632.4797363,1554.5455322
2558,2025-08-24,2026,Matchweek 1,Sun,Bundesliga,15:30,Mainz 05,,,,Köln,,,,,,,,,,,1706.1828613,1552.1945801
