date,time,comp,round,day,venue,result,gf,ga,opponent,xg,xga,poss,attendance,captain,formation,opp formation,referee,match report,notes,sh,sot,dist,fk,pk,pkatt,season,team
2019-07-25,20:00 (19:00),Europa Lg,Second qualifying round,Thu,Away,W,2,1,ee Flora,,,,8500.0,David Abraham,4-4-2,4-4-1-1,Ali Palabıyık,Match Report,Leg 1 of 2,,,,,0.0,0.0,2020,Eint Frankfurt
2019-08-01,20:30,Europa Lg,Second qualifying round,Thu,Home,W,2,1,ee Flora,,,,48000.0,Makoto Hasebe,4-4-2,4-4-1-1,Jørgen Burchardt,Match Report,Leg 2 of 2; Eint Frankfurt won,,,,,1.0,1.0,2020,Eint Frankfurt
2019-08-03,20:30,DFL-Supercup,DFL-Supercup,Sat,Neutral,W,2,0,Bayern Munich,,,35.0,81365.0,Marco Reus,4-4-2,4-2-3-1,Daniel Siebert,Match Report,,5.0,4.0,,,0.0,0.0,2020,Dortmund
2019-08-03,20:30,DFL-Supercup,DFL-Supercup,Sat,Neutral,L,0,2,Dortmund,,,65.0,81365.0,Manuel Neuer,4-2-3-1,4-4-2,Daniel Siebert,Match Report,,16.0,7.0,,,0.0,0.0,2020,Bayern Munich
2019-08-08,20:30,Europa Lg,Third qualifying round,Thu,Away,W,5,0,li Vaduz,,,,5908.0,David Abraham,3-5-2,3-4-3,Paul Tierney,Match Report,Leg 1 of 2,,,,,0.0,0.0,2020,Eint Frankfurt
2019-08-09,20:45,DFB-Pokal,First round,Fri,Away,W,2,0,Uerdingen,,,74.0,32110.0,Marco Reus,4-2-3-1,4-4-1-1,Sascha Stegemann,Match Report,,27.0,11.0,,,0.0,0.0,2020,Dortmund
2019-08-09,20:45,DFB-Pokal,First round,Fri,Away,W,1,0,Sandhausen,,,50.0,13695.0,Yann Sommer,4-4-2◆,4-2-3-1,Robert Hartmann,Match Report,,7.0,3.0,,,0.0,0.0,2020,Gladbach
2019-08-10,15:30,DFB-Pokal,First round,Sat,Away,W,5,0,Drochtersen/A,,,72.0,8000.0,Alexander Nübel,4-1-4-1,5-4-1,Michael Bacher,Match Report,,24.0,10.0,,,1.0,1.0,2020,Schalke 04
2019-08-10,20:45,DFB-Pokal,First round,Sat,Away,W,6,1,SV Atlas,,,79.0,41500.0,Niklas Moisander,4-3-3,5-4-1,Patrick Ittrich,Match Report,,29.0,13.0,,,0.0,0.0,2020,Werder Bremen
2019-08-10,15:30,DFB-Pokal,First round,Sat,Away,L,1,2,Verl,,,69.0,4198.0,Daniel Baier,4-2-3-1,4-3-3,Martin Thomsen,Match Report,,13.0,9.0,,,1.0,1.0,2020,Augsburg
2019-08-10,18:30,DFB-Pokal,First round,Sat,Away,D,3 (5),3 (4),W'burg Kickers,,,72.0,9000.0,Kevin Vogt,3-4-1-2,4-2-3-1,Guido Winkmann,Match Report,Hoffenheim won on penalty kicks following extra time,20.0,7.0,,,0.0,0.0,2020,Hoffenheim
2019-08-10,15:30,DFB-Pokal,First round,Sat,Away,W,3,1,Villingen,,,75.0,8300.0,Oliver Fink,4-2-3-1,4-2-3-1,Florian Heft,Match Report,Required Extra Time,28.0,10.0,,,0.0,0.0,2020,Düsseldorf
2019-08-10,15:30,DFB-Pokal,First round,Sat,Away,L,0,2,Kaiserslautern,,,67.0,40694.0,Danny Latza,4-3-1-2,4-1-4-1,Felix Zwayer,Match Report,,26.0,7.0,,,0.0,0.0,2020,Mainz 05
2019-08-10,15:30,DFB-Pokal,First round,Sat,Away,W,4,1,Aachen,,,83.0,30861.0,Kevin Volland,3-4-3,5-4-1,Martin Petersen,Match Report,,10.0,5.0,,,0.0,0.0,2020,Leverkusen
2019-08-10,15:30,DFB-Pokal,First round,Sat,Away,W,1,0,Magdeburg,,,56.0,14093.0,Mike Frantz,4-4-1-1,4-2-3-1,Harm Osmers,Match Report,Required Extra Time,11.0,2.0,,,0.0,0.0,2020,Freiburg
2019-08-11,15:30,DFB-Pokal,First round,Sun,Away,W,6,0,Halberstadt,,,56.0,6000.0,Christopher Trimmel,4-4-2,4-4-2,Tobias Reichel,Match Report,,24.0,12.0,,,0.0,0.0,2020,Union Berlin
2019-08-11,15:30,DFB-Pokal,First round,Sun,Away,W,5,1,Eichstätt,,,75.0,7030.0,Vedad Ibišević,3-4-1-2,4-3-3,Timo Gerach,Match Report,,12.0,5.0,,,0.0,0.0,2020,Hertha BSC
2019-08-11,15:30,DFB-Pokal,First round,Sun,Away,W,5,3,SV Waldhof,,,61.0,24302.0,David Abraham,3-4-1-2,4-2-3-1,Felix Brych,Match Report,,24.0,11.0,,,0.0,0.0,2020,Eint Frankfurt
2019-08-11,15:30,DFB-Pokal,First round,Sun,Away,W,3,2,Osnabrück,,,51.0,16667.0,Willi Orban,5-3-2,3-4-3,Tobias Stieler,Match Report,,12.0,8.0,,,0.0,0.0,2020,RB Leipzig
2019-08-11,15:30,DFB-Pokal,First round,Sun,Away,D,3 (4),3 (2),Rödinghausen,,,61.0,2236.0,Christian Strohdiek,4-1-3-2,3-4-3,Aarne Aarnink,Match Report,Paderborn 07 won on penalty kicks following extra time,35.0,10.0,,,0.0,0.0,2020,Paderborn 07
2019-08-11,18:30,DFB-Pokal,First round,Sun,Away,D,3 (3),3 (2),Wehen,,,63.0,8000.0,Jonas Hector,4-4-2,4-1-4-1,Robert Schröder,Match Report,Köln won on penalty kicks following extra time,25.0,8.0,,,0.0,0.0,2020,Köln
2019-08-12,20:45,DFB-Pokal,First round,Mon,Away,W,3,1,Energie Cottbus,,,80.0,20602.0,Manuel Neuer,4-3-3,4-4-2,Patrick Ittrich,Match Report,,27.0,9.0,,,0.0,0.0,2020,Bayern Munich
2019-08-12,18:30,DFB-Pokal,First round,Mon,Away,W,5,3,Hallescher,,,51.0,13500.0,Josuha Guilavogui,3-4-3,3-4-1-2,Markus Schmidt,Match Report,Required Extra Time,21.0,12.0,,,0.0,0.0,2020,Wolfsburg
2019-08-15,20:30,Europa Lg,Third qualifying round,Thu,Home,W,1,0,li Vaduz,,,,48000.0,Marco Russ,3-4-3,3-4-3,Nikola Dabanović,Match Report,Leg 2 of 2; Eint Frankfurt won,,,,,0.0,0.0,2020,Eint Frankfurt
2019-08-16,20:30,Bundesliga,Matchweek 1,Fri,Away,D,2,2,Bayern Munich,1.1,2.5,30.0,75000.0,Vedad Ibišević,3-4-1-2,4-3-3,Harm Osmers,Match Report,,6.0,3.0,18.9,1.0,0.0,0.0,2020,Hertha BSC
2019-08-16,20:30,Bundesliga,Matchweek 1,Fri,Home,D,2,2,Hertha BSC,2.5,1.1,70.0,75000.0,Manuel Neuer,4-3-3,3-4-1-2,Harm Osmers,Match Report,,16.0,6.0,17.0,1.0,1.0,1.0,2020,Bayern Munich
2019-08-17,15:30,Bundesliga,Matchweek 1,Sat,Home,W,5,1,Augsburg,3.2,0.9,78.0,81365.0,Marco Reus,4-2-3-1,4-2-3-1,Frank Willenborg,Match Report,,22.0,9.0,16.5,0.0,0.0,0.0,2020,Dortmund
2019-08-17,15:30,Bundesliga,Matchweek 1,Sat,Home,W,2,1,Köln,1.0,1.2,47.0,25099.0,Josuha Guilavogui,3-4-3,4-2-3-1,Sven Jablonski,Match Report,,15.0,5.0,22.6,1.0,0.0,0.0,2020,Wolfsburg
2019-08-17,15:30,Bundesliga,Matchweek 1,Sat,Home,W,3,0,Mainz 05,2.3,1.0,53.0,24000.0,Christian Günter,3-4-1-2,4-3-1-2,Robert Hartmann,Match Report,,18.0,7.0,18.5,1.0,1.0,1.0,2020,Freiburg
2019-08-17,15:30,Bundesliga,Matchweek 1,Sat,Away,L,1,2,Wolfsburg,1.2,1.0,53.0,25099.0,Jonas Hector,4-2-3-1,3-4-3,Sven Jablonski,Match Report,,11.0,2.0,17.7,0.0,0.0,0.0,2020,Köln
2019-08-17,15:30,Bundesliga,Matchweek 1,Sat,Home,W,3,2,Paderborn 07,2.5,1.2,73.0,26208.0,Lars Bender,3-4-3,4-4-2,Tobias Stieler,Match Report,,13.0,4.0,15.9,0.0,0.0,0.0,2020,Leverkusen
2019-08-17,15:30,Bundesliga,Matchweek 1,Sat,Away,W,3,1,Werder Bremen,1.0,1.9,33.0,42100.0,Rouwen Hennings,4-2-3-1,4-3-3,Felix Zwayer,Match Report,,12.0,7.0,19.4,0.0,0.0,0.0,2020,Düsseldorf
2019-08-17,18:30,Bundesliga,Matchweek 1,Sat,Away,D,0,0,Gladbach,0.8,1.5,40.0,54022.0,Alexander Nübel,4-2-3-1,4-1-2-1-2,Felix Brych,Match Report,,8.0,1.0,16.8,0.0,0.0,0.0,2020,Schalke 04
2019-08-17,15:30,Bundesliga,Matchweek 1,Sat,Home,L,1,3,Düsseldorf,1.9,1.0,67.0,42100.0,Niklas Moisander,4-3-3,4-2-3-1,Felix Zwayer,Match Report,,24.0,10.0,16.0,0.0,0.0,0.0,2020,Werder Bremen
2019-08-17,15:30,Bundesliga,Matchweek 1,Sat,Away,L,0,3,Freiburg,1.0,2.3,47.0,24000.0,Danny Latza,4-3-1-2,3-4-1-2,Robert Hartmann,Match Report,,19.0,5.0,20.8,0.0,0.0,0.0,2020,Mainz 05
2019-08-17,15:30,Bundesliga,Matchweek 1,Sat,Away,L,2,3,Leverkusen,1.2,2.5,27.0,26208.0,Christian Strohdiek,4-4-2,3-4-3,Tobias Stieler,Match Report,,9.0,5.0,15.8,0.0,0.0,0.0,2020,Paderborn 07
2019-08-17,18:30,Bundesliga,Matchweek 1,Sat,Home,D,0,0,Schalke 04,1.5,0.8,60.0,54022.0,Yann Sommer,4-1-2-1-2◆,4-2-3-1,Felix Brych,Match Report,,16.0,4.0,18.9,1.0,0.0,0.0,2020,Gladbach
2019-08-17,15:30,Bundesliga,Matchweek 1,Sat,Away,L,1,5,Dortmund,0.9,3.2,22.0,81365.0,Daniel Baier,4-2-3-1,4-2-3-1,Frank Willenborg,Match Report,,5.0,1.0,11.9,0.0,0.0,0.0,2020,Augsburg
2019-08-18,15:30,Bundesliga,Matchweek 1,Sun,Away,L,0,1,Eint Frankfurt,0.8,1.8,67.0,50200.0,Kevin Vogt,3-4-3,3-4-3,Daniel Siebert,Match Report,,9.0,1.0,16.8,1.0,0.0,0.0,2020,Hoffenheim
2019-08-18,18:00,Bundesliga,Matchweek 1,Sun,Away,W,4,0,Union Berlin,3.4,1.0,64.0,22467.0,Willi Orban,3-4-3,4-2-3-1,Markus Schmidt,Match Report,,14.0,8.0,11.8,0.0,0.0,0.0,2020,RB Leipzig
2019-08-18,15:30,Bundesliga,Matchweek 1,Sun,Home,W,1,0,Hoffenheim,1.8,0.8,33.0,50200.0,David Abraham,3-4-3,3-4-3,Daniel Siebert,Match Report,,15.0,7.0,17.1,1.0,0.0,0.0,2020,Eint Frankfurt
2019-08-18,18:00,Bundesliga,Matchweek 1,Sun,Home,L,0,4,RB Leipzig,1.0,3.4,36.0,22467.0,Christopher Trimmel,4-2-3-1,3-4-3,Markus Schmidt,Match Report,,13.0,2.0,20.1,1.0,0.0,0.0,2020,Union Berlin
2019-08-22,20:30,Europa Lg,Play-off round,Thu,Away,L,0,1,fr Strasbourg,,,54.0,21708.0,David Abraham,3-5-2,4-4-2,Ivan Kružliak,Match Report,Leg 1 of 2,9.0,4.0,,,0.0,0.0,2020,Eint Frankfurt
2019-08-23,20:30,Bundesliga,Matchweek 2,Fri,Home,L,1,3,Dortmund,0.9,2.2,27.0,50000.0,Jonas Hector,4-4-2,4-2-3-1,Christian Dingert,Match Report,,13.0,1.0,14.7,0.0,0.0,0.0,2020,Köln
2019-08-23,20:30,Bundesliga,Matchweek 2,Fri,Away,W,3,1,Köln,2.2,0.9,73.0,50000.0,Marco Reus,4-2-3-1,4-4-2,Christian Dingert,Match Report,,14.0,6.0,18.3,1.0,0.0,0.0,2020,Dortmund
2019-08-24,15:30,Bundesliga,Matchweek 2,Sat,Home,L,1,3,Freiburg,2.3,2.3,54.0,14322.0,Christian Strohdiek,4-4-2,3-4-1-2,Tobias Welz,Match Report,,16.0,2.0,18.0,1.0,0.0,0.0,2020,Paderborn 07
2019-08-24,15:30,Bundesliga,Matchweek 2,Sat,Away,L,2,3,Hoffenheim,1.2,0.9,46.0,27333.0,Niklas Moisander,3-4-3,3-4-3,Sascha Stegemann,Match Report,,18.0,5.0,17.7,0.0,0.0,0.0,2020,Werder Bremen
2019-08-24,15:30,Bundesliga,Matchweek 2,Sat,Away,W,3,1,Paderborn 07,2.3,2.3,46.0,14322.0,Christian Günter,3-4-1-2,4-4-2,Tobias Welz,Match Report,,8.0,3.0,18.5,1.0,1.0,1.0,2020,Freiburg
2019-08-24,18:30,Bundesliga,Matchweek 2,Sat,Away,W,3,0,Schalke 04,1.5,0.8,66.0,62271.0,Manuel Neuer,4-3-3,4-3-3,Marco Fritz,Match Report,,9.0,5.0,17.4,1.0,1.0,1.0,2020,Bayern Munich
2019-08-24,15:30,Bundesliga,Matchweek 2,Sat,Home,L,1,3,Gladbach,1.7,1.9,48.0,28005.0,Danny Latza,4-3-1-2,4-3-1-2,Martin Petersen,Match Report,,20.0,4.0,17.2,1.0,0.0,0.0,2020,Mainz 05
2019-08-24,15:30,Bundesliga,Matchweek 2,Sat,Away,W,3,1,Düsseldorf,1.6,1.0,68.0,44538.0,Lars Bender,4-1-4-1,4-2-2-2,Patrick Ittrich,Match Report,,12.0,6.0,14.9,1.0,0.0,0.0,2020,Leverkusen
2019-08-24,15:30,Bundesliga,Matchweek 2,Sat,Home,D,1,1,Union Berlin,1.5,1.1,54.0,27703.0,Daniel Baier,4-2-3-1,4-4-2,Robert Schröder,Match Report,,12.0,4.0,17.6,1.0,0.0,0.0,2020,Augsburg
2019-08-24,15:30,Bundesliga,Matchweek 2,Sat,Away,D,1,1,Augsburg,1.1,1.5,46.0,27703.0,Christopher Trimmel,4-4-2,4-2-3-1,Robert Schröder,Match Report,,11.0,2.0,19.6,0.0,0.0,0.0,2020,Union Berlin
2019-08-24,15:30,Bundesliga,Matchweek 2,Sat,Home,W,3,2,Werder Bremen,0.9,1.2,54.0,27333.0,Kevin Vogt,3-4-3,3-4-3,Sascha Stegemann,Match Report,,10.0,3.0,15.6,0.0,0.0,0.0,2020,Hoffenheim
2019-08-24,18:30,Bundesliga,Matchweek 2,Sat,Home,L,0,3,Bayern Munich,0.8,1.5,34.0,62271.0,Alexander Nübel,4-3-3,4-3-3,Marco Fritz,Match Report,,11.0,2.0,17.0,1.0,0.0,0.0,2020,Schalke 04
2019-08-24,15:30,Bundesliga,Matchweek 2,Sat,Home,L,1,3,Leverkusen,1.0,1.6,32.0,44538.0,Rouwen Hennings,4-2-2-2,4-1-4-1,Patrick Ittrich,Match Report,,12.0,6.0,20.2,2.0,0.0,0.0,2020,Düsseldorf
2019-08-24,15:30,Bundesliga,Matchweek 2,Sat,Away,W,3,1,Mainz 05,1.9,1.7,52.0,28005.0,Yann Sommer,4-3-1-2,4-3-1-2,Martin Petersen,Match Report,,15.0,6.0,14.6,1.0,0.0,0.0,2020,Gladbach
2019-08-25,18:00,Bundesliga,Matchweek 2,Sun,Home,L,0,3,Wolfsburg,0.9,1.3,56.0,42738.0,Vedad Ibišević,4-3-3,3-4-3,Guido Winkmann,Match Report,,9.0,2.0,12.7,0.0,0.0,0.0,2020,Hertha BSC
2019-08-25,18:00,Bundesliga,Matchweek 2,Sun,Away,W,3,0,Hertha BSC,1.3,0.9,44.0,42738.0,Josuha Guilavogui,3-4-3,4-3-3,Guido Winkmann,Match Report,,9.0,3.0,22.1,0.0,1.0,1.0,2020,Wolfsburg
2019-08-25,15:30,Bundesliga,Matchweek 2,Sun,Home,W,2,1,Eint Frankfurt,1.4,1.0,44.0,40108.0,Willi Orban,3-4-3,3-4-1-2,Benjamin Cortus,Match Report,,12.0,5.0,17.1,0.0,0.0,0.0,2020,RB Leipzig
2019-08-25,15:30,Bundesliga,Matchweek 2,Sun,Away,L,1,2,RB Leipzig,1.0,1.4,56.0,40108.0,David Abraham,3-4-1-2,3-4-3,Benjamin Cortus,Match Report,,10.0,5.0,20.9,1.0,0.0,0.0,2020,Eint Frankfurt
2019-08-29,20:30,Europa Lg,Play-off round,Thu,Home,W,3,0,fr Strasbourg,,,46.0,47000.0,Makoto Hasebe,3-4-1-2,3-4-3,Orel Grinfeeld,Match Report,Leg 2 of 2; Eint Frankfurt won,20.0,6.0,,,0.0,0.0,2020,Eint Frankfurt
2019-08-30,20:30,Bundesliga,Matchweek 3,Fri,Away,W,3,1,Gladbach,2.9,1.6,51.0,47327.0,Willi Orban,4-4-2,4-2-3-1,Sven Jablonski,Match Report,,14.0,6.0,14.8,0.0,0.0,0.0,2020,RB Leipzig
2019-08-30,20:30,Bundesliga,Matchweek 3,Fri,Home,L,1,3,RB Leipzig,1.6,2.9,49.0,47327.0,Yann Sommer,4-2-3-1,4-4-2,Sven Jablonski,Match Report,,12.0,3.0,17.0,2.0,0.0,0.0,2020,Gladbach
2019-08-31,15:30,Bundesliga,Matchweek 3,Sat,Away,L,0,3,Schalke 04,0.8,1.3,43.0,58875.0,Vedad Ibišević,4-2-3-1,4-2-3-1,Tobias Stieler,Match Report,,10.0,3.0,17.4,1.0,0.0,0.0,2020,Hertha BSC
2019-08-31,15:30,Bundesliga,Matchweek 3,Sat,Away,L,1,6,Bayern Munich,0.8,2.9,33.0,75000.0,Danny Latza,4-2-3-1,4-2-3-1,Markus Schmidt,Match Report,,7.0,4.0,21.2,1.0,0.0,0.0,2020,Mainz 05
2019-08-31,15:30,Bundesliga,Matchweek 3,Sat,Away,D,0,0,Leverkusen,0.6,0.9,26.0,26506.0,Kevin Vogt,4-2-3-1,4-1-4-1,Felix Zwayer,Match Report,,6.0,1.0,14.7,0.0,0.0,0.0,2020,Hoffenheim
2019-08-31,15:30,Bundesliga,Matchweek 3,Sat,Home,W,6,1,Mainz 05,2.9,0.8,67.0,75000.0,Manuel Neuer,4-2-3-1,4-2-3-1,Markus Schmidt,Match Report,,18.0,9.0,15.6,2.0,0.0,0.0,2020,Bayern Munich
2019-08-31,15:30,Bundesliga,Matchweek 3,Sat,Home,L,1,2,Köln,1.1,1.7,53.0,24000.0,Christian Günter,4-2-2-2,4-1-3-2,Robert Kampka,Match Report,,15.0,1.0,23.6,2.0,0.0,0.0,2020,Freiburg
2019-08-31,18:30,Bundesliga,Matchweek 3,Sat,Away,L,1,3,Union Berlin,1.7,1.4,73.0,22012.0,Marco Reus,4-2-3-1,4-4-2,Felix Brych,Match Report,,13.0,2.0,20.6,1.0,0.0,0.0,2020,Dortmund
2019-08-31,18:30,Bundesliga,Matchweek 3,Sat,Home,W,3,1,Dortmund,1.4,1.7,27.0,22012.0,Christopher Trimmel,4-4-2,4-2-3-1,Felix Brych,Match Report,,15.0,7.0,17.6,0.0,0.0,0.0,2020,Union Berlin
2019-08-31,15:30,Bundesliga,Matchweek 3,Sat,Home,D,1,1,Paderborn 07,1.1,0.5,62.0,23750.0,Josuha Guilavogui,3-4-3,4-4-2,Daniel Schlager,Match Report,,16.0,4.0,22.4,0.0,0.0,0.0,2020,Wolfsburg
2019-08-31,15:30,Bundesliga,Matchweek 3,Sat,Home,D,0,0,Hoffenheim,0.9,0.6,74.0,26506.0,Lars Bender,4-1-4-1,4-2-3-1,Felix Zwayer,Match Report,,20.0,2.0,18.7,0.0,0.0,0.0,2020,Leverkusen
2019-08-31,15:30,Bundesliga,Matchweek 3,Sat,Away,W,2,1,Freiburg,1.7,1.1,47.0,24000.0,Jonas Hector,4-1-3-2,4-2-2-2,Robert Kampka,Match Report,,10.0,3.0,12.8,0.0,0.0,0.0,2020,Köln
2019-08-31,15:30,Bundesliga,Matchweek 3,Sat,Home,W,3,0,Hertha BSC,1.3,0.8,57.0,58875.0,Alexander Nübel,4-2-3-1,4-2-3-1,Tobias Stieler,Match Report,,9.0,2.0,21.6,0.0,0.0,0.0,2020,Schalke 04
2019-08-31,15:30,Bundesliga,Matchweek 3,Sat,Away,D,1,1,Wolfsburg,0.5,1.1,38.0,23750.0,Christian Strohdiek,4-4-2,3-4-3,Daniel Schlager,Match Report,,8.0,3.0,19.6,0.0,0.0,0.0,2020,Paderborn 07
2019-09-01,15:30,Bundesliga,Matchweek 3,Sun,Away,L,2,3,Werder Bremen,1.4,2.3,34.0,40041.0,Daniel Baier,4-4-2,4-1-2-1-2,Sören Storks,Match Report,,12.0,6.0,19.2,1.0,0.0,0.0,2020,Augsburg
2019-09-01,18:00,Bundesliga,Matchweek 3,Sun,Home,W,2,1,Düsseldorf,1.7,0.9,58.0,49800.0,David Abraham,3-4-1-2,4-3-3,Frank Willenborg,Match Report,,14.0,8.0,17.6,1.0,0.0,0.0,2020,Eint Frankfurt
2019-09-01,18:00,Bundesliga,Matchweek 3,Sun,Away,L,1,2,Eint Frankfurt,0.9,1.7,42.0,49800.0,Oliver Fink,4-3-3,3-4-1-2,Frank Willenborg,Match Report,,14.0,4.0,22.4,1.0,0.0,0.0,2020,Düsseldorf
2019-09-01,15:30,Bundesliga,Matchweek 3,Sun,Home,W,3,2,Augsburg,2.3,1.4,66.0,40041.0,Niklas Moisander,4-1-2-1-2◆,4-4-2,Sören Storks,Match Report,,15.0,5.0,16.9,0.0,0.0,0.0,2020,Werder Bremen
2019-09-13,20:30,Bundesliga,Matchweek 4,Fri,Home,D,1,1,Wolfsburg,0.7,2.1,42.0,36758.0,Oliver Fink,4-4-2,3-4-3,Manuel Gräfe,Match Report,,12.0,3.0,23.7,2.0,0.0,0.0,2020,Düsseldorf
2019-09-13,20:30,Bundesliga,Matchweek 4,Fri,Away,D,1,1,Düsseldorf,2.1,0.7,58.0,36758.0,Josuha Guilavogui,3-4-3,4-4-2,Manuel Gräfe,Match Report,,15.0,6.0,15.8,0.0,0.0,0.0,2020,Wolfsburg
2019-09-14,18:30,Bundesliga,Matchweek 4,Sat,Home,D,1,1,Bayern Munich,1.5,1.4,32.0,42146.0,Willi Orban,3-4-3,4-2-3-1,Sascha Stegemann,Match Report,,11.0,4.0,19.0,0.0,1.0,1.0,2020,RB Leipzig
2019-09-14,15:30,Bundesliga,Matchweek 4,Sat,Home,W,2,1,Eint Frankfurt,1.3,1.1,31.0,28513.0,Alfreð Finnbogason,4-4-2,3-1-4-2,Harm Osmers,Match Report,,8.0,5.0,17.2,0.0,0.0,0.0,2020,Augsburg
2019-09-14,15:30,Bundesliga,Matchweek 4,Sat,Home,W,2,1,Hertha BSC,1.2,2.2,52.0,22798.0,Danny Latza,4-1-2-1-2◆,3-4-1-2,Marco Fritz,Match Report,,12.0,5.0,19.1,0.0,0.0,0.0,2020,Mainz 05
2019-09-14,15:30,Bundesliga,Matchweek 4,Sat,Home,L,1,2,Werder Bremen,1.7,2.2,47.0,22012.0,Christopher Trimmel,4-4-2,4-1-3-2,Tobias Welz,Match Report,,12.0,4.0,13.4,0.0,1.0,1.0,2020,Union Berlin
2019-09-14,15:30,Bundesliga,Matchweek 4,Sat,Away,L,1,2,Mainz 05,2.2,1.2,48.0,22798.0,Niklas Stark,3-4-1-2,4-1-2-1-2,Marco Fritz,Match Report,,16.0,8.0,16.0,2.0,0.0,0.0,2020,Hertha BSC
2019-09-14,15:30,Bundesliga,Matchweek 4,Sat,Home,L,0,1,Gladbach,0.9,1.4,51.0,50000.0,Jonas Hector,4-2-2-2,4-3-1-2,Deniz Aytekin,Match Report,,14.0,7.0,17.8,0.0,0.0,0.0,2020,Köln
2019-09-14,18:30,Bundesliga,Matchweek 4,Sat,Away,D,1,1,RB Leipzig,1.4,1.5,68.0,42146.0,Manuel Neuer,4-2-3-1,3-4-3,Sascha Stegemann,Match Report,,14.0,7.0,16.8,0.0,0.0,0.0,2020,Bayern Munich
2019-09-14,15:30,Bundesliga,Matchweek 4,Sat,Away,W,1,0,Köln,1.4,0.9,49.0,50000.0,Yann Sommer,4-3-1-2,4-2-2-2,Deniz Aytekin,Match Report,,15.0,3.0,19.8,1.0,0.0,0.0,2020,Gladbach
2019-09-14,15:30,Bundesliga,Matchweek 4,Sat,Away,W,2,1,Union Berlin,2.2,1.7,53.0,22012.0,Davy Klaassen,4-1-3-2,4-4-2,Tobias Welz,Match Report,,14.0,5.0,20.8,1.0,1.0,2.0,2020,Werder Bremen
2019-09-14,15:30,Bundesliga,Matchweek 4,Sat,Home,W,4,0,Leverkusen,2.9,0.9,33.0,81365.0,Marco Reus,4-2-3-1,4-2-3-1,Daniel Siebert,Match Report,,9.0,7.0,10.4,0.0,0.0,0.0,2020,Dortmund
2019-09-14,15:30,Bundesliga,Matchweek 4,Sat,Away,L,1,2,Augsburg,1.1,1.3,69.0,28513.0,David Abraham,3-1-4-2,4-4-2,Harm Osmers,Match Report,,22.0,3.0,19.6,0.0,0.0,0.0,2020,Eint Frankfurt
2019-09-14,15:30,Bundesliga,Matchweek 4,Sat,Away,L,0,4,Dortmund,0.9,2.9,67.0,81365.0,Lars Bender,4-2-3-1,4-2-3-1,Daniel Siebert,Match Report,,12.0,2.0,24.1,0.0,0.0,0.0,2020,Leverkusen
2019-09-15,15:30,Bundesliga,Matchweek 4,Sun,Home,L,0,3,Freiburg,1.4,1.6,68.0,29395.0,Kevin Vogt,3-4-1-2,3-4-1-2,Guido Winkmann,Match Report,,24.0,5.0,16.6,1.0,0.0,0.0,2020,Hoffenheim
2019-09-15,18:00,Bundesliga,Matchweek 4,Sun,Away,W,5,1,Paderborn 07,2.2,0.9,54.0,15000.0,Alexander Nübel,4-4-2,4-2-2-2,Robert Schröder,Match Report,,17.0,11.0,16.4,1.0,0.0,0.0,2020,Schalke 04
2019-09-15,15:30,Bundesliga,Matchweek 4,Sun,Away,W,3,0,Hoffenheim,1.6,1.4,32.0,29395.0,Mike Frantz,3-4-1-2,3-4-1-2,Guido Winkmann,Match Report,,18.0,8.0,15.7,0.0,0.0,0.0,2020,Freiburg
2019-09-15,18:00,Bundesliga,Matchweek 4,Sun,Home,L,1,5,Schalke 04,0.9,2.2,46.0,15000.0,Christian Strohdiek,4-2-2-2,4-4-2,Robert Schröder,Match Report,,11.0,1.0,17.0,0.0,0.0,0.0,2020,Paderborn 07
2019-09-17,20:00 (21:00),Champions Lg,Group stage,Tue,Away,W,2,1,pt Benfica,1.0,1.8,52.0,46460.0,Willi Orban,4-4-2,4-4-2,Tasos Sidiropoulos,Match Report,,12.0,3.0,18.8,0.0,0.0,0.0,2020,RB Leipzig
2019-09-17,21:00,Champions Lg,Group stage,Tue,Home,D,0,0,es Barcelona,3.4,0.4,41.0,66099.0,Marco Reus,4-2-3-1,4-3-3,Ovidiu Hațegan,Match Report,,12.0,3.0,14.5,1.0,0.0,1.0,2020,Dortmund
2019-09-18,21:00,Champions Lg,Group stage,Wed,Home,W,3,0,rs Red Star,4.3,0.3,73.0,70000.0,Manuel Neuer,4-2-3-1,4-2-3-1,Bobby Madden,Match Report,,34.0,9.0,18.6,1.0,0.0,0.0,2020,Bayern Munich
2019-09-18,21:00,Champions Lg,Group stage,Wed,Home,L,1,2,ru Loko Moscow,1.5,0.9,77.0,26592.0,Lars Bender,4-2-3-1,4-5-1,Paweł Raczkowski,Match Report,,17.0,5.0,15.7,2.0,0.0,0.0,2020,Leverkusen
2019-09-19,21:00,Europa Lg,Group stage,Thu,Home,W,3,1,ua FC Oleksandriya,1.3,0.7,62.0,10112.0,Josuha Guilavogui,3-4-3,4-3-3,Halis Özkahya,Match Report,,16.0,6.0,21.4,1.0,0.0,0.0,2020,Wolfsburg
2019-09-19,18:55,Europa Lg,Group stage,Thu,Home,L,0,3,eng Arsenal,1.8,3.2,56.0,47000.0,David Abraham,3-4-1-2,4-2-3-1,Davide Massa,Match Report,,24.0,7.0,17.5,0.0,0.0,0.0,2020,Eint Frankfurt
2019-09-19,21:00,Europa Lg,Group stage,Thu,Home,L,0,4,at Wolfsberger AC,1.7,1.9,69.0,34846.0,Christoph Kramer,4-3-1-2,4-3-1-2,Tamás Bognár,Match Report,,15.0,4.0,19.7,0.0,0.0,0.0,2020,Gladbach
2019-09-20,20:30,Bundesliga,Matchweek 5,Fri,Away,L,1,2,Schalke 04,0.8,1.0,48.0,58687.0,Danny Latza,4-3-1-2,4-2-3-1,Daniel Schlager,Match Report,,14.0,3.0,18.5,0.0,0.0,0.0,2020,Mainz 05
2019-09-20,20:30,Bundesliga,Matchweek 5,Fri,Home,W,2,1,Mainz 05,1.0,0.8,52.0,58687.0,Alexander Nübel,4-2-3-1,4-3-1-2,Daniel Schlager,Match Report,,18.0,6.0,19.6,0.0,0.0,0.0,2020,Schalke 04
2019-09-21,15:30,Bundesliga,Matchweek 5,Sat,Home,W,2,1,Paderborn 07,1.2,1.9,39.0,43588.0,Niklas Stark,4-2-3-1,4-4-2,Frank Willenborg,Match Report,,6.0,4.0,11.8,0.0,0.0,0.0,2020,Hertha BSC
2019-09-21,15:30,Bundesliga,Matchweek 5,Sat,Away,L,0,2,Leverkusen,0.2,1.4,33.0,27430.0,Christopher Trimmel,4-4-2,4-2-3-1,Robert Hartmann,Match Report,,4.0,0.0,19.7,0.0,0.0,0.0,2020,Union Berlin
2019-09-21,15:30,Bundesliga,Matchweek 5,Sat,Away,L,1,2,Hertha BSC,1.9,1.2,61.0,43588.0,Christian Strohdiek,4-4-2,4-2-3-1,Frank Willenborg,Match Report,,18.0,8.0,16.4,0.0,0.0,0.0,2020,Paderborn 07
2019-09-21,15:30,Bundesliga,Matchweek 5,Sat,Home,D,1,1,Augsburg,1.3,1.0,62.0,23800.0,Mike Frantz,3-4-1-2,4-4-2,Bastian Dankert,Match Report,,17.0,5.0,16.7,1.0,0.0,0.0,2020,Freiburg
2019-09-21,15:30,Bundesliga,Matchweek 5,Sat,Home,W,4,0,Köln,2.7,1.2,60.0,75000.0,Manuel Neuer,4-2-3-1,4-2-3-1,Patrick Ittrich,Match Report,,24.0,4.0,18.1,1.0,1.0,1.0,2020,Bayern Munich
2019-09-21,15:30,Bundesliga,Matchweek 5,Sat,Home,W,2,0,Union Berlin,1.4,0.2,67.0,27430.0,Lars Bender,4-2-3-1,4-4-2,Robert Hartmann,Match Report,,20.0,7.0,19.9,0.0,0.0,0.0,2020,Leverkusen
2019-09-21,15:30,Bundesliga,Matchweek 5,Sat,Away,D,1,1,Freiburg,1.0,1.3,38.0,23800.0,Alfreð Finnbogason,4-4-2,3-4-1-2,Bastian Dankert,Match Report,,13.0,2.0,19.4,0.0,0.0,0.0,2020,Augsburg
2019-09-21,15:30,Bundesliga,Matchweek 5,Sat,Away,L,0,4,Bayern Munich,1.2,2.7,40.0,75000.0,Jonas Hector,4-2-3-1,4-2-3-1,Patrick Ittrich,Match Report,,14.0,2.0,20.0,2.0,0.0,0.0,2020,Köln
2019-09-21,18:30,Bundesliga,Matchweek 5,Sat,Home,L,0,3,RB Leipzig,0.7,1.5,47.0,40550.0,Davy Klaassen,3-5-2,3-1-4-2,Tobias Stieler,Match Report,,8.0,0.0,18.3,0.0,0.0,0.0,2020,Werder Bremen
2019-09-21,18:30,Bundesliga,Matchweek 5,Sat,Away,W,3,0,Werder Bremen,1.5,0.7,53.0,40550.0,Willi Orban,3-1-4-2,3-5-2,Tobias Stieler,Match Report,,14.0,7.0,19.3,1.0,0.0,0.0,2020,RB Leipzig
2019-09-22,15:30,Bundesliga,Matchweek 5,Sun,Home,W,2,1,Düsseldorf,3.5,1.2,58.0,52413.0,Yann Sommer,4-3-1-2,3-4-3,Christian Dingert,Match Report,,23.0,11.0,14.4,2.0,0.0,0.0,2020,Gladbach
2019-09-22,18:00,Bundesliga,Matchweek 5,Sun,Away,D,2,2,Eint Frankfurt,1.9,1.3,62.0,51500.0,Marco Reus,4-2-3-1,3-1-4-2,Markus Schmidt,Match Report,,16.0,7.0,14.7,1.0,0.0,0.0,2020,Dortmund
2019-09-22,15:30,Bundesliga,Matchweek 5,Sun,Away,L,1,2,Gladbach,1.2,3.5,42.0,52413.0,Adam Bodzek,3-4-3,4-3-1-2,Christian Dingert,Match Report,,18.0,4.0,23.6,0.0,0.0,0.0,2020,Düsseldorf
2019-09-22,18:00,Bundesliga,Matchweek 5,Sun,Home,D,2,2,Dortmund,1.3,1.9,38.0,51500.0,Makoto Hasebe,3-1-4-2,4-2-3-1,Markus Schmidt,Match Report,,18.0,3.0,18.1,2.0,0.0,0.0,2020,Eint Frankfurt
2019-09-23,20:30,Bundesliga,Matchweek 5,Mon,Home,D,1,1,Hoffenheim,0.9,0.7,52.0,21120.0,Josuha Guilavogui,3-4-3,4-1-4-1,Benjamin Cortus,Match Report,,12.0,4.0,20.2,0.0,0.0,0.0,2020,Wolfsburg
2019-09-23,20:30,Bundesliga,Matchweek 5,Mon,Away,D,1,1,Wolfsburg,0.7,0.9,48.0,21120.0,Kevin Vogt,4-1-4-1,3-4-3,Benjamin Cortus,Match Report,,9.0,5.0,16.7,0.0,0.0,0.0,2020,Hoffenheim
2019-09-27,20:30,Bundesliga,Matchweek 6,Fri,Home,L,1,2,Eint Frankfurt,0.9,2.0,53.0,22012.0,Christopher Trimmel,4-2-3-1,3-4-1-2,Sascha Stegemann,Match Report,,11.0,5.0,18.2,0.0,0.0,0.0,2020,Union Berlin
2019-09-27,20:30,Bundesliga,Matchweek 6,Fri,Away,W,2,1,Union Berlin,2.0,0.9,47.0,22012.0,Makoto Hasebe,3-4-1-2,4-2-3-1,Sascha Stegemann,Match Report,,17.0,6.0,19.7,1.0,0.0,0.0,2020,Eint Frankfurt
2019-09-28,15:30,Bundesliga,Matchweek 6,Sat,Home,L,2,3,Bayern Munich,0.3,3.1,36.0,15000.0,Uwe Hünemeier,4-4-2,4-2-3-1,Felix Zwayer,Match Report,,10.0,5.0,22.4,0.0,0.0,0.0,2020,Paderborn 07
2019-09-28,15:30,Bundesliga,Matchweek 6,Sat,Away,W,3,2,Paderborn 07,3.1,0.3,64.0,15000.0,Manuel Neuer,4-2-3-1,4-4-2,Felix Zwayer,Match Report,,18.0,6.0,16.1,1.0,0.0,0.0,2020,Bayern Munich
2019-09-28,15:30,Bundesliga,Matchweek 6,Sat,Home,L,0,1,Wolfsburg,1.3,0.8,53.0,24303.0,Daniel Brosinski,4-3-1-2,3-4-3,Felix Brych,Match Report,,15.0,4.0,16.9,0.0,0.0,0.0,2020,Mainz 05
2019-09-28,15:30,Bundesliga,Matchweek 6,Sat,Away,W,3,0,Augsburg,0.9,0.3,74.0,27113.0,Kevin Volland,4-2-3-1,4-4-2,Robert Kampka,Match Report,,11.0,5.0,21.2,1.0,0.0,0.0,2020,Leverkusen
2019-09-28,18:30,Bundesliga,Matchweek 6,Sat,Home,D,2,2,Werder Bremen,1.5,0.8,65.0,81365.0,Marco Reus,4-2-3-1,4-2-3-1,Deniz Aytekin,Match Report,,18.0,7.0,16.7,0.0,0.0,0.0,2020,Dortmund
2019-09-28,15:30,Bundesliga,Matchweek 6,Sat,Home,L,1,3,Schalke 04,1.3,3.2,65.0,42146.0,Willi Orban,4-2-2-2,4-4-2,Manuel Gräfe,Match Report,,16.0,6.0,19.3,0.0,0.0,0.0,2020,RB Leipzig
2019-09-28,15:30,Bundesliga,Matchweek 6,Sat,Home,L,0,3,Leverkusen,0.3,0.9,26.0,27113.0,Alfreð Finnbogason,4-4-2,4-2-3-1,Robert Kampka,Match Report,,7.0,1.0,23.0,0.0,0.0,0.0,2020,Augsburg
2019-09-28,15:30,Bundesliga,Matchweek 6,Sat,Home,L,0,3,Gladbach,1.3,2.8,52.0,29030.0,Benjamin Hübner,3-5-2,4-3-1-2,Harm Osmers,Match Report,,17.0,4.0,19.0,1.0,0.0,0.0,2020,Hoffenheim
2019-09-28,18:30,Bundesliga,Matchweek 6,Sat,Away,D,2,2,Dortmund,0.8,1.5,35.0,81365.0,Davy Klaassen,4-2-3-1,4-2-3-1,Deniz Aytekin,Match Report,,11.0,5.0,17.9,0.0,0.0,0.0,2020,Werder Bremen
2019-09-28,15:30,Bundesliga,Matchweek 6,Sat,Away,W,3,0,Hoffenheim,2.8,1.3,48.0,29030.0,Yann Sommer,4-3-1-2,3-5-2,Harm Osmers,Match Report,,12.0,5.0,14.8,1.0,0.0,0.0,2020,Gladbach
2019-09-28,15:30,Bundesliga,Matchweek 6,Sat,Away,W,3,1,RB Leipzig,3.2,1.3,35.0,42146.0,Alexander Nübel,4-4-2,4-2-2-2,Manuel Gräfe,Match Report,,12.0,7.0,14.1,0.0,1.0,1.0,2020,Schalke 04
2019-09-28,15:30,Bundesliga,Matchweek 6,Sat,Away,W,1,0,Mainz 05,0.8,1.3,47.0,24303.0,Josuha Guilavogui,3-4-3,4-3-1-2,Felix Brych,Match Report,,4.0,3.0,13.9,0.0,0.0,0.0,2020,Wolfsburg
2019-09-29,18:00,Bundesliga,Matchweek 6,Sun,Away,W,4,0,Köln,1.8,0.8,46.0,49700.0,Niklas Stark,4-2-3-1,4-2-2-2,Sören Storks,Match Report,,10.0,6.0,15.4,0.0,0.0,0.0,2020,Hertha BSC
2019-09-29,15:30,Bundesliga,Matchweek 6,Sun,Home,L,1,2,Freiburg,1.5,1.7,55.0,39244.0,Adam Bodzek,4-2-2-2,3-4-3,Daniel Siebert,Match Report,,18.0,7.0,18.1,1.0,0.0,0.0,2020,Düsseldorf
2019-09-29,18:00,Bundesliga,Matchweek 6,Sun,Home,L,0,4,Hertha BSC,0.8,1.8,54.0,49700.0,Jonas Hector,4-2-2-2,4-2-3-1,Sören Storks,Match Report,,9.0,3.0,17.3,1.0,0.0,0.0,2020,Köln
2019-09-29,15:30,Bundesliga,Matchweek 6,Sun,Away,W,2,1,Düsseldorf,1.7,1.5,45.0,39244.0,Christian Günter,3-4-3,4-2-2-2,Daniel Siebert,Match Report,,8.0,2.0,19.8,1.0,0.0,1.0,2020,Freiburg
2019-10-01,20:00 (21:00),Champions Lg,Group stage,Tue,Away,W,7,2,eng Tottenham,1.3,1.9,59.0,60127.0,Manuel Neuer,4-2-3-1,4-1-2-1-2,Clément Turpin,Match Report,,19.0,10.0,21.4,1.0,0.0,0.0,2020,Bayern Munich
2019-10-01,21:00,Champions Lg,Group stage,Tue,Away,L,0,3,it Juventus,0.5,1.2,54.0,34525.0,Kevin Volland,4-2-3-1,4-3-1-2,William Collum,Match Report,,9.0,0.0,20.3,0.0,0.0,0.0,2020,Leverkusen
2019-10-02,21:00,Champions Lg,Group stage,Wed,Home,L,0,2,fr Lyon,1.9,1.5,58.0,40194.0,Willi Orban,3-4-1-2,3-5-2,Antonio Matéu Lahoz,Match Report,,17.0,4.0,18.5,0.0,0.0,0.0,2020,RB Leipzig
2019-10-02,18:55,Champions Lg,Group stage,Wed,Away,W,2,0,cz Slavia Prague,0.8,1.4,51.0,19370.0,Marco Reus,4-2-3-1,4-2-3-1,Björn Kuipers,Match Report,,9.0,4.0,14.6,0.0,0.0,0.0,2020,Dortmund
2019-10-03,19:55 (18:55),Europa Lg,Group stage,Thu,Away,D,1,1,tr Başakşehir,1.2,1.3,56.0,6000.0,Yann Sommer,4-3-1-2,4-3-3,Stuart Attwell,Match Report,,13.0,4.0,19.6,1.0,0.0,0.0,2020,Gladbach
2019-10-03,20:00 (21:00),Europa Lg,Group stage,Thu,Away,W,1,0,pt Vitória,1.7,0.8,54.0,27000.0,Gelson Fernandes,3-1-4-2,4-3-3,Radu Petrescu,Match Report,,6.0,5.0,10.7,0.0,0.0,0.0,2020,Eint Frankfurt
2019-10-03,18:55,Europa Lg,Group stage,Thu,Away,D,1,1,fr Saint-Étienne,0.6,0.5,47.0,27000.0,Josuha Guilavogui,3-4-3,4-2-3-1,Craig Pawson,Match Report,,5.0,2.0,19.4,1.0,0.0,0.0,2020,Wolfsburg
2019-10-04,20:30,Bundesliga,Matchweek 7,Fri,Home,W,3,1,Düsseldorf,2.0,1.3,52.0,37128.0,Vedad Ibišević,4-2-3-1,4-2-3-1,Martin Petersen,Match Report,,17.0,3.0,15.2,0.0,0.0,0.0,2020,Hertha BSC
2019-10-04,20:30,Bundesliga,Matchweek 7,Fri,Away,L,1,3,Hertha BSC,1.3,2.0,48.0,37128.0,Oliver Fink,4-2-3-1,4-2-3-1,Martin Petersen,Match Report,,9.0,2.0,22.1,1.0,1.0,1.0,2020,Düsseldorf
2019-10-05,15:30,Bundesliga,Matchweek 7,Sat,Away,D,1,1,Leverkusen,2.7,1.8,36.0,26355.0,Willi Orban,4-4-2,3-4-3,Marco Fritz,Match Report,,11.0,5.0,14.6,0.0,0.0,0.0,2020,RB Leipzig
2019-10-05,15:30,Bundesliga,Matchweek 7,Sat,Away,W,2,1,Paderborn 07,2.9,1.6,35.0,14217.0,Daniel Brosinski,4-4-2,4-2-3-1,Patrick Ittrich,Match Report,,15.0,6.0,17.2,0.0,1.0,1.0,2020,Mainz 05
2019-10-05,15:30,Bundesliga,Matchweek 7,Sat,Home,D,1,1,RB Leipzig,1.8,2.7,64.0,26355.0,Kevin Volland,3-4-3,4-4-2,Marco Fritz,Match Report,,11.0,8.0,14.0,1.0,0.0,0.0,2020,Leverkusen
2019-10-05,15:30,Bundesliga,Matchweek 7,Sat,Home,L,1,2,Hoffenheim,2.1,0.8,64.0,75000.0,Manuel Neuer,4-2-3-1,4-1-4-1,Tobias Stieler,Match Report,,20.0,4.0,17.4,0.0,0.0,0.0,2020,Bayern Munich
2019-10-05,15:30,Bundesliga,Matchweek 7,Sat,Away,W,2,1,Bayern Munich,0.8,2.1,36.0,75000.0,Benjamin Hübner,4-1-4-1,4-2-3-1,Tobias Stieler,Match Report,,8.0,5.0,18.1,0.0,0.0,0.0,2020,Hoffenheim
2019-10-05,15:30,Bundesliga,Matchweek 7,Sat,Home,L,1,2,Mainz 05,1.6,2.9,65.0,14217.0,Klaus Gjasula,4-2-3-1,4-4-2,Patrick Ittrich,Match Report,,15.0,6.0,21.9,2.0,0.0,1.0,2020,Paderborn 07
2019-10-05,18:30,Bundesliga,Matchweek 7,Sat,Away,D,1,1,Schalke 04,0.9,1.6,45.0,61883.0,Jonas Hector,4-2-3-1,4-1-2-1-2,Tobias Welz,Match Report,,9.0,5.0,17.8,0.0,0.0,0.0,2020,Köln
2019-10-05,15:30,Bundesliga,Matchweek 7,Sat,Away,D,2,2,Freiburg,0.8,0.3,65.0,24000.0,Marco Reus,4-2-3-1,3-4-3,Sven Jablonski,Match Report,,8.0,4.0,16.4,0.0,0.0,0.0,2020,Dortmund
2019-10-05,18:30,Bundesliga,Matchweek 7,Sat,Home,D,1,1,Köln,1.6,0.9,55.0,61883.0,Alexander Nübel,4-1-2-1-2◆,4-2-3-1,Tobias Welz,Match Report,,15.0,3.0,19.3,0.0,0.0,0.0,2020,Schalke 04
2019-10-05,15:30,Bundesliga,Matchweek 7,Sat,Home,D,2,2,Dortmund,0.3,0.8,35.0,24000.0,Christian Günter,3-4-3,4-2-3-1,Sven Jablonski,Match Report,,6.0,1.0,18.2,0.0,0.0,0.0,2020,Freiburg
2019-10-06,15:30,Bundesliga,Matchweek 7,Sun,Home,W,1,0,Union Berlin,1.8,0.7,52.0,27012.0,Josuha Guilavogui,3-4-3,3-4-3,Bastian Dankert,Match Report,,13.0,4.0,15.4,0.0,0.0,0.0,2020,Wolfsburg
2019-10-06,15:30,Bundesliga,Matchweek 7,Sun,Away,L,0,1,Wolfsburg,0.7,1.8,48.0,27012.0,Christopher Trimmel,3-4-3,3-4-3,Bastian Dankert,Match Report,,14.0,3.0,21.0,1.0,0.0,0.0,2020,Union Berlin
2019-10-06,13:30,Bundesliga,Matchweek 7,Sun,Away,L,1,5,Gladbach,1.4,3.0,37.0,50352.0,Rani Khedira,4-4-2,4-2-3-1,Robert Schröder,Match Report,,14.0,3.0,19.9,0.0,0.0,0.0,2020,Augsburg
2019-10-06,18:00,Bundesliga,Matchweek 7,Sun,Away,D,2,2,Eint Frankfurt,1.8,2.9,37.0,51500.0,Davy Klaassen,4-3-3,3-1-4-2,Guido Winkmann,Match Report,,10.0,4.0,20.1,0.0,1.0,1.0,2020,Werder Bremen
2019-10-06,18:00,Bundesliga,Matchweek 7,Sun,Home,D,2,2,Werder Bremen,2.9,1.8,63.0,51500.0,Makoto Hasebe,3-1-4-2,4-3-3,Guido Winkmann,Match Report,,25.0,7.0,15.3,0.0,0.0,0.0,2020,Eint Frankfurt
2019-10-06,13:30,Bundesliga,Matchweek 7,Sun,Home,W,5,1,Augsburg,3.0,1.4,63.0,50352.0,Yann Sommer,4-2-3-1,4-4-2,Robert Schröder,Match Report,,12.0,8.0,13.4,1.0,0.0,0.0,2020,Gladbach
2019-10-18,20:30,Bundesliga,Matchweek 8,Fri,Home,W,3,0,Leverkusen,2.7,1.7,35.0,50800.0,Makoto Hasebe,3-1-4-2,3-4-3,Christian Dingert,Match Report,,9.0,4.0,12.1,0.0,1.0,1.0,2020,Eint Frankfurt
2019-10-18,20:30,Bundesliga,Matchweek 8,Fri,Away,L,0,3,Eint Frankfurt,1.7,2.7,65.0,50800.0,Kevin Volland,3-4-3,3-1-4-2,Christian Dingert,Match Report,,19.0,10.0,15.8,0.0,0.0,0.0,2020,Leverkusen
2019-10-19,15:30,Bundesliga,Matchweek 8,Sat,Home,W,1,0,Mainz 05,1.6,0.3,55.0,40660.0,Adam Bodzek,5-4-1,4-2-2-2,Felix Zwayer,Match Report,,20.0,4.0,20.7,0.0,0.0,0.0,2020,Düsseldorf
2019-10-19,15:30,Bundesliga,Matchweek 8,Sat,Away,D,2,2,Augsburg,3.1,2.3,77.0,30660.0,Manuel Neuer,4-2-3-1,4-1-4-1,Daniel Siebert,Match Report,,24.0,8.0,17.0,0.0,0.0,0.0,2020,Bayern Munich
2019-10-19,15:30,Bundesliga,Matchweek 8,Sat,Away,L,0,1,Düsseldorf,0.3,1.6,45.0,40660.0,Daniel Brosinski,4-2-2-2,5-4-1,Felix Zwayer,Match Report,,7.0,1.0,27.5,0.0,0.0,0.0,2020,Mainz 05
2019-10-19,15:30,Bundesliga,Matchweek 8,Sat,Home,D,2,2,Bayern Munich,2.3,3.1,23.0,30660.0,Rani Khedira,4-1-4-1,4-2-3-1,Daniel Siebert,Match Report,,9.0,7.0,14.6,1.0,0.0,0.0,2020,Augsburg
2019-10-19,15:30,Bundesliga,Matchweek 8,Sat,Home,D,1,1,Wolfsburg,1.2,1.3,56.0,39182.0,Willi Orban,4-4-2,3-4-3,Deniz Aytekin,Match Report,,15.0,5.0,19.3,0.0,0.0,0.0,2020,RB Leipzig
2019-10-19,15:30,Bundesliga,Matchweek 8,Sat,Away,D,1,1,Werder Bremen,0.5,0.9,46.0,41447.0,Vedad Ibišević,4-2-3-1,4-3-3,Felix Brych,Match Report,,12.0,2.0,19.4,0.0,0.0,0.0,2020,Hertha BSC
2019-10-19,18:30,Bundesliga,Matchweek 8,Sat,Away,L,0,1,Dortmund,2.6,1.5,46.0,81365.0,Yann Sommer,4-2-3-1,4-4-2,Sascha Stegemann,Match Report,,14.0,2.0,11.7,0.0,0.0,0.0,2020,Gladbach
2019-10-19,15:30,Bundesliga,Matchweek 8,Sat,Home,W,2,0,Freiburg,1.5,0.7,40.0,22012.0,Christopher Trimmel,3-4-3,3-4-3,Benjamin Cortus,Match Report,,16.0,5.0,19.8,0.0,0.0,0.0,2020,Union Berlin
2019-10-19,15:30,Bundesliga,Matchweek 8,Sat,Away,D,1,1,RB Leipzig,1.3,1.2,44.0,39182.0,Josuha Guilavogui,3-4-3,4-4-2,Deniz Aytekin,Match Report,,13.0,6.0,15.4,0.0,0.0,0.0,2020,Wolfsburg
2019-10-19,15:30,Bundesliga,Matchweek 8,Sat,Home,D,1,1,Hertha BSC,0.9,0.5,54.0,41447.0,Davy Klaassen,4-3-3,4-2-3-1,Felix Brych,Match Report,,16.0,5.0,17.9,0.0,0.0,0.0,2020,Werder Bremen
2019-10-19,18:30,Bundesliga,Matchweek 8,Sat,Home,W,1,0,Gladbach,1.5,2.6,54.0,81365.0,Marco Reus,4-4-2,4-2-3-1,Sascha Stegemann,Match Report,,16.0,7.0,14.5,0.0,0.0,0.0,2020,Dortmund
2019-10-19,15:30,Bundesliga,Matchweek 8,Sat,Away,L,0,2,Union Berlin,0.7,1.5,60.0,22012.0,Christian Günter,3-4-3,3-4-3,Benjamin Cortus,Match Report,,12.0,4.0,18.2,0.0,0.0,0.0,2020,Freiburg
2019-10-20,15:30,Bundesliga,Matchweek 8,Sun,Away,L,0,3,Köln,0.4,2.4,57.0,50000.0,Klaus Gjasula,4-2-2-2,4-2-3-1,Manuel Gräfe,Match Report,,9.0,1.0,20.6,1.0,0.0,0.0,2020,Paderborn 07
2019-10-20,15:30,Bundesliga,Matchweek 8,Sun,Home,W,3,0,Paderborn 07,2.4,0.4,43.0,50000.0,Jonas Hector,4-2-3-1,4-2-2-2,Manuel Gräfe,Match Report,,17.0,6.0,12.0,0.0,0.0,0.0,2020,Köln
2019-10-20,18:00,Bundesliga,Matchweek 8,Sun,Away,L,0,2,Hoffenheim,0.8,0.9,58.0,29477.0,Alexander Nübel,4-1-3-2,4-1-4-1,Robert Hartmann,Match Report,,11.0,1.0,17.6,1.0,0.0,0.0,2020,Schalke 04
2019-10-20,18:00,Bundesliga,Matchweek 8,Sun,Home,W,2,0,Schalke 04,0.9,0.8,42.0,29477.0,Kevin Vogt,4-1-4-1,4-1-3-2,Robert Hartmann,Match Report,,9.0,3.0,18.1,1.0,0.0,0.0,2020,Hoffenheim
2019-10-22,22:00 (21:00),Champions Lg,Group stage,Tue,Away,W,3,2,gr Olympiacos,2.6,0.5,59.0,31670.0,Manuel Neuer,4-2-3-1,4-1-4-1,Danny Makkelie,Match Report,,17.0,6.0,16.8,0.0,0.0,0.0,2020,Bayern Munich
2019-10-22,18:55,Champions Lg,Group stage,Tue,Away,L,0,1,es Atlético Madrid,0.5,0.8,60.0,56776.0,Lars Bender,4-2-3-1,4-1-2-1-2,Artur Soares Dias,Match Report,,12.0,1.0,21.4,0.0,0.0,0.0,2020,Leverkusen
2019-10-23,21:00,Champions Lg,Group stage,Wed,Away,L,0,2,it Inter,0.4,2.1,58.0,65673.0,Mats Hummels,3-4-3,3-1-4-2,Anthony Taylor,Match Report,,5.0,2.0,17.9,0.0,0.0,0.0,2020,Dortmund
2019-10-23,18:55,Champions Lg,Group stage,Wed,Home,W,2,1,ru Zenit,2.2,0.7,64.0,41058.0,Willi Orban,4-4-2,4-4-2,Ali Palabıyık,Match Report,,17.0,6.0,17.4,0.0,0.0,0.0,2020,RB Leipzig
2019-10-24,18:55,Europa Lg,Group stage,Thu,Away,D,1,1,it Roma,2.5,1.4,56.0,29037.0,Yann Sommer,4-2-3-1,4-1-4-1,William Collum,Match Report,,14.0,2.0,19.1,1.0,1.0,1.0,2020,Gladbach
2019-10-24,18:55,Europa Lg,Group stage,Thu,Away,D,2,2,be Gent,2.4,1.6,44.0,14000.0,Josuha Guilavogui,3-4-3,4-3-1-2,Sergey Ivanov,Match Report,,16.0,5.0,15.3,1.0,0.0,0.0,2020,Wolfsburg
2019-10-24,21:00,Europa Lg,Group stage,Thu,Home,W,2,1,be Standard Liège,1.6,1.0,62.0,47000.0,David Abraham,3-4-3,4-2-3-1,Daniel Stefański,Match Report,,14.0,5.0,16.7,0.0,0.0,0.0,2020,Eint Frankfurt
2019-10-25,20:30,Bundesliga,Matchweek 9,Fri,Home,W,3,1,Köln,1.8,1.3,47.0,31999.0,Daniel Brosinski,4-4-2,4-2-3-1,Frank Willenborg,Match Report,,18.0,6.0,20.9,0.0,0.0,0.0,2020,Mainz 05
2019-10-25,20:30,Bundesliga,Matchweek 9,Fri,Away,L,1,3,Mainz 05,1.3,1.8,53.0,31999.0,Jonas Hector,4-2-3-1,4-4-2,Frank Willenborg,Match Report,,17.0,8.0,19.0,3.0,0.0,0.0,2020,Köln
2019-10-26,15:30,Bundesliga,Matchweek 9,Sat,Home,D,0,0,Dortmund,1.1,0.3,44.0,61873.0,Alexander Nübel,4-1-3-2,4-2-3-1,Felix Brych,Match Report,,14.0,2.0,18.8,0.0,0.0,0.0,2020,Schalke 04
2019-10-26,15:30,Bundesliga,Matchweek 9,Sat,Away,L,0,2,Paderborn 07,1.4,0.8,51.0,14182.0,Adam Bodzek,5-4-1,4-2-3-1,Bastian Dankert,Match Report,,18.0,4.0,19.8,1.0,0.0,0.0,2020,Düsseldorf
2019-10-26,15:30,Bundesliga,Matchweek 9,Sat,Home,W,2,1,Union Berlin,2.7,1.7,65.0,75000.0,Manuel Neuer,4-1-4-1,4-2-3-1,Marco Fritz,Match Report,,20.0,10.0,18.6,0.0,0.0,0.0,2020,Bayern Munich
2019-10-26,18:30,Bundesliga,Matchweek 9,Sat,Away,D,2,2,Leverkusen,0.9,2.9,38.0,30210.0,Davy Klaassen,4-1-2-1-2◆,3-4-1-2,Martin Petersen,Match Report,,11.0,3.0,21.2,0.0,0.0,0.0,2020,Werder Bremen
2019-10-26,15:30,Bundesliga,Matchweek 9,Sat,Away,L,1,2,Bayern Munich,1.7,2.7,35.0,75000.0,Christopher Trimmel,4-2-3-1,4-1-4-1,Marco Fritz,Match Report,,4.0,2.0,27.8,0.0,1.0,2.0,2020,Union Berlin
2019-10-26,15:30,Bundesliga,Matchweek 9,Sat,Away,L,1,2,Freiburg,2.5,2.1,59.0,24000.0,Willi Orban,3-5-2,3-4-3,Harm Osmers,Match Report,,24.0,6.0,20.8,1.0,0.0,0.0,2020,RB Leipzig
2019-10-26,15:30,Bundesliga,Matchweek 9,Sat,Home,L,2,3,Hoffenheim,2.5,2.2,43.0,44702.0,Vedad Ibišević,4-2-3-1,3-1-4-2,Markus Schmidt,Match Report,,13.0,4.0,18.8,0.0,0.0,0.0,2020,Hertha BSC
2019-10-26,15:30,Bundesliga,Matchweek 9,Sat,Home,W,2,1,RB Leipzig,2.1,2.5,41.0,24000.0,Christian Günter,3-4-3,3-5-2,Harm Osmers,Match Report,,14.0,3.0,17.6,0.0,0.0,0.0,2020,Freiburg
2019-10-26,15:30,Bundesliga,Matchweek 9,Sat,Away,D,0,0,Schalke 04,0.3,1.1,56.0,61873.0,Marco Reus,4-2-3-1,4-1-3-2,Felix Brych,Match Report,,8.0,3.0,20.8,0.0,0.0,0.0,2020,Dortmund
2019-10-26,15:30,Bundesliga,Matchweek 9,Sat,Home,W,2,0,Düsseldorf,0.8,1.4,49.0,14182.0,Klaus Gjasula,4-2-3-1,5-4-1,Bastian Dankert,Match Report,,14.0,6.0,20.2,2.0,0.0,0.0,2020,Paderborn 07
2019-10-26,15:30,Bundesliga,Matchweek 9,Sat,Away,W,3,2,Hertha BSC,2.2,2.5,57.0,44702.0,Kevin Vogt,3-1-4-2,4-2-3-1,Markus Schmidt,Match Report,,17.0,8.0,17.0,0.0,0.0,0.0,2020,Hoffenheim
2019-10-26,18:30,Bundesliga,Matchweek 9,Sat,Home,D,2,2,Werder Bremen,2.9,0.9,62.0,30210.0,Lars Bender,3-4-1-2,4-1-2-1-2,Martin Petersen,Match Report,,24.0,4.0,14.8,0.0,0.0,0.0,2020,Leverkusen
2019-10-27,15:30,Bundesliga,Matchweek 9,Sun,Home,D,0,0,Augsburg,1.1,1.0,57.0,22630.0,Josuha Guilavogui,3-4-3,4-4-2,Tobias Stieler,Match Report,,14.0,3.0,18.3,1.0,0.0,0.0,2020,Wolfsburg
2019-10-27,18:00,Bundesliga,Matchweek 9,Sun,Home,W,4,2,Eint Frankfurt,1.7,1.2,49.0,52300.0,Yann Sommer,4-3-3,3-1-4-2,Daniel Schlager,Match Report,,13.0,6.0,15.0,1.0,0.0,0.0,2020,Gladbach
2019-10-27,15:30,Bundesliga,Matchweek 9,Sun,Away,D,0,0,Wolfsburg,1.0,1.1,43.0,22630.0,Daniel Baier,4-4-2,3-4-3,Tobias Stieler,Match Report,,10.0,5.0,20.4,1.0,0.0,0.0,2020,Augsburg
2019-10-27,18:00,Bundesliga,Matchweek 9,Sun,Away,L,2,4,Gladbach,1.2,1.7,51.0,52300.0,David Abraham,3-1-4-2,4-3-3,Daniel Schlager,Match Report,,15.0,3.0,16.2,0.0,0.0,0.0,2020,Eint Frankfurt
2019-10-29,18:30,DFB-Pokal,Second round,Tue,Away,W,2,0,MSV Duisburg,,,69.0,14306.0,Sebastian Rudy,4-3-3,4-3-3,Sören Storks,Match Report,,15.0,5.0,,,0.0,0.0,2020,Hoffenheim
2019-10-29,18:30,DFB-Pokal,Second round,Tue,Away,L,2,3,Saarbrücken,,,63.0,6800.0,Jonas Hector,4-4-2◆,5-3-2,Martin Petersen,Match Report,,20.0,9.0,,,0.0,0.0,2020,Köln
2019-10-29,18:30,DFB-Pokal,Second round,Tue,Home,L,1,3,Union Berlin,,,61.0,24000.0,Mike Frantz,3-4-3,3-4-3,Robert Kampka,Match Report,,11.0,1.0,,,0.0,0.0,2020,Freiburg
2019-10-29,20:45,DFB-Pokal,Second round,Tue,Away,L,0,1,Leverkusen,,,38.0,15410.0,Klaus Gjasula,4-2-3-1,4-3-3,Sven Jablonski,Match Report,,12.0,4.0,,,0.0,0.0,2020,Paderborn 07
2019-10-29,20:45,DFB-Pokal,Second round,Tue,Away,W,3,2,Arminia,,,65.0,26203.0,Alexander Nübel,3-1-4-2,4-4-2,Manuel Gräfe,Match Report,,18.0,8.0,,,0.0,0.0,2020,Schalke 04
2019-10-29,20:00,DFB-Pokal,Second round,Tue,Away,W,2,1,Bochum,,,65.0,26600.0,Manuel Neuer,4-3-3,4-2-3-1,Robert Schröder,Match Report,,16.0,7.0,,,0.0,0.0,2020,Bayern Munich
2019-10-29,18:30,DFB-Pokal,Second round,Tue,Away,W,3,1,Freiburg,,,39.0,24000.0,Marvin Friedrich,3-4-3,3-4-3,Robert Kampka,Match Report,,16.0,7.0,,,0.0,0.0,2020,Union Berlin
2019-10-29,20:45,DFB-Pokal,Second round,Tue,Home,W,1,0,Paderborn 07,,,62.0,15410.0,Lars Bender,4-3-3,4-2-3-1,Sven Jablonski,Match Report,,15.0,5.0,,,0.0,0.0,2020,Leverkusen
2019-10-30,18:30,DFB-Pokal,Second round,Wed,Home,W,4,1,Heidenheim,,,71.0,38663.0,Davy Klaassen,4-3-1-2,4-2-3-1,Daniel Schlager,Match Report,,20.0,7.0,,,0.0,0.0,2020,Werder Bremen
2019-10-30,18:30,DFB-Pokal,Second round,Wed,Away,W,6,1,Wolfsburg,,,55.0,17705.0,Willi Orban,4-4-2,3-4-3,Felix Zwayer,Match Report,,16.0,11.0,,,0.0,0.0,2020,RB Leipzig
2019-10-30,20:45,DFB-Pokal,Second round,Wed,Away,W,2,1,St. Pauli,,,60.0,29500.0,Makoto Hasebe,3-1-4-2,3-5-1-1,Matthias Jöllenbeck,Match Report,,7.0,2.0,,,0.0,0.0,2020,Eint Frankfurt
2019-10-30,18:30,DFB-Pokal,Second round,Wed,Home,L,1,6,RB Leipzig,,,45.0,17705.0,Wout Weghorst,3-4-3,4-4-2,Felix Zwayer,Match Report,,13.0,2.0,,,0.0,0.0,2020,Wolfsburg
2019-10-30,20:45,DFB-Pokal,Second round,Wed,Home,W,2,1,Gladbach,,,52.0,80000.0,Łukasz Piszczek,4-3-3,3-5-2,Benjamin Cortus,Match Report,,14.0,5.0,,,0.0,0.0,2020,Dortmund
2019-10-30,20:45,DFB-Pokal,Second round,Wed,Home,W,2,1,Erzgebirge Aue,,,60.0,20141.0,Oliver Fink,4-3-3,5-4-1,Tobias Reichel,Match Report,,18.0,6.0,,,1.0,1.0,2020,Düsseldorf
2019-10-30,20:45,DFB-Pokal,Second round,Wed,Away,L,1,2,Dortmund,,,48.0,80000.0,Lars Stindl,3-5-2,4-3-3,Benjamin Cortus,Match Report,,6.0,5.0,,,0.0,0.0,2020,Gladbach
2019-10-30,20:45,DFB-Pokal,Second round,Wed,Home,D,3 (5),3 (4),Dresden,,,63.0,70429.0,Niklas Stark,4-3-3,3-4-1-2,Tobias Stieler,Match Report,Hertha BSC won on penalty kicks following extra time,28.0,12.0,,,1.0,1.0,2020,Hertha BSC
2019-11-01,20:30,Bundesliga,Matchweek 10,Fri,Away,L,0,3,Hoffenheim,0.6,2.1,37.0,23629.0,Sebastian Schonlau,4-1-4-1,3-1-4-2,Robert Schröder,Match Report,,9.0,2.0,21.4,1.0,0.0,0.0,2020,Paderborn 07
2019-11-01,20:30,Bundesliga,Matchweek 10,Fri,Home,W,3,0,Paderborn 07,2.1,0.6,63.0,23629.0,Kevin Vogt,3-1-4-2,4-1-4-1,Robert Schröder,Match Report,,12.0,7.0,15.4,2.0,0.0,0.0,2020,Hoffenheim
2019-11-02,15:30,Bundesliga,Matchweek 10,Sat,Home,W,8,0,Mainz 05,3.3,0.6,67.0,38517.0,Diego Demme,4-4-2,4-1-2-1-2,Guido Winkmann,Match Report,,18.0,12.0,14.8,1.0,0.0,0.0,2020,RB Leipzig
2019-11-02,15:30,Bundesliga,Matchweek 10,Sat,Away,W,2,1,Leverkusen,2.6,2.3,40.0,30210.0,Yann Sommer,3-5-2,4-2-3-1,Daniel Siebert,Match Report,,10.0,6.0,14.7,1.0,0.0,0.0,2020,Gladbach
2019-11-02,15:30,Bundesliga,Matchweek 10,Sat,Away,L,1,5,Eint Frankfurt,1.7,3.3,60.0,51500.0,Manuel Neuer,4-2-3-1,3-1-4-2,Markus Schmidt,Match Report,,8.0,3.0,15.4,0.0,0.0,0.0,2020,Bayern Munich
2019-11-02,15:30,Bundesliga,Matchweek 10,Sat,Away,L,0,3,Dortmund,1.5,2.2,36.0,80200.0,Josuha Guilavogui,3-4-3,4-2-3-1,Tobias Welz,Match Report,,12.0,3.0,16.0,0.0,0.0,0.0,2020,Wolfsburg
2019-11-02,18:30,Bundesliga,Matchweek 10,Sat,Away,L,0,1,Union Berlin,0.4,1.6,46.0,22012.0,Vedad Ibišević,4-2-3-1,3-4-3,Deniz Aytekin,Match Report,,7.0,3.0,20.0,1.0,0.0,0.0,2020,Hertha BSC
2019-11-02,15:30,Bundesliga,Matchweek 10,Sat,Home,W,5,1,Bayern Munich,3.3,1.7,40.0,51500.0,David Abraham,3-1-4-2,4-2-3-1,Markus Schmidt,Match Report,,17.0,10.0,14.6,1.0,0.0,0.0,2020,Eint Frankfurt
2019-11-02,15:30,Bundesliga,Matchweek 10,Sat,Away,D,2,2,Werder Bremen,1.2,1.5,54.0,41000.0,Christian Günter,4-4-2,4-3-3,Christian Dingert,Match Report,,13.0,3.0,17.5,1.0,0.0,0.0,2020,Freiburg
2019-11-02,15:30,Bundesliga,Matchweek 10,Sat,Home,W,3,0,Wolfsburg,2.2,1.5,64.0,80200.0,Marco Reus,4-2-3-1,3-4-3,Tobias Welz,Match Report,,16.0,7.0,19.7,1.0,1.0,1.0,2020,Dortmund
2019-11-02,15:30,Bundesliga,Matchweek 10,Sat,Home,L,1,2,Gladbach,2.3,2.6,60.0,30210.0,Kevin Volland,4-2-3-1,3-5-2,Daniel Siebert,Match Report,,25.0,7.0,16.8,0.0,0.0,0.0,2020,Leverkusen
2019-11-02,15:30,Bundesliga,Matchweek 10,Sat,Away,L,0,8,RB Leipzig,0.6,3.3,33.0,38517.0,Jean-Paul Boëtius,4-1-2-1-2◆,4-4-2,Guido Winkmann,Match Report,,9.0,2.0,18.7,0.0,0.0,0.0,2020,Mainz 05
2019-11-02,15:30,Bundesliga,Matchweek 10,Sat,Home,D,2,2,Freiburg,1.5,1.2,46.0,41000.0,Davy Klaassen,4-3-3,4-4-2,Christian Dingert,Match Report,,21.0,10.0,18.0,0.0,0.0,0.0,2020,Werder Bremen
2019-11-02,18:30,Bundesliga,Matchweek 10,Sat,Home,W,1,0,Hertha BSC,1.6,0.4,54.0,22012.0,Christopher Trimmel,3-4-3,4-2-3-1,Deniz Aytekin,Match Report,,13.0,5.0,24.2,0.0,1.0,1.0,2020,Union Berlin
2019-11-03,18:00,Bundesliga,Matchweek 10,Sun,Away,W,3,2,Augsburg,0.5,1.6,66.0,30361.0,Alexander Nübel,4-1-2-1-2◆,4-2-3-1,Patrick Ittrich,Match Report,,10.0,3.0,17.0,0.0,0.0,0.0,2020,Schalke 04
2019-11-03,18:00,Bundesliga,Matchweek 10,Sun,Home,L,2,3,Schalke 04,1.6,0.5,34.0,30361.0,Daniel Baier,4-2-3-1,4-1-2-1-2,Patrick Ittrich,Match Report,,11.0,3.0,20.5,0.0,1.0,1.0,2020,Augsburg
2019-11-03,15:30,Bundesliga,Matchweek 10,Sun,Away,L,0,2,Düsseldorf,1.3,2.0,60.0,51155.0,Jonas Hector,4-2-3-1,4-4-1-1,Sven Jablonski,Match Report,,8.0,1.0,17.4,0.0,0.0,0.0,2020,Köln
2019-11-03,15:30,Bundesliga,Matchweek 10,Sun,Home,W,2,0,Köln,2.0,1.3,40.0,51155.0,Oliver Fink,4-4-1-1,4-2-3-1,Sven Jablonski,Match Report,,8.0,2.0,19.8,0.0,1.0,1.0,2020,Düsseldorf
2019-11-05,21:00,Champions Lg,Group stage,Tue,Home,W,3,2,it Inter,3.5,1.4,61.0,66099.0,Mats Hummels,4-2-3-1,3-1-4-2,Danny Makkelie,Match Report,,21.0,6.0,14.9,0.0,0.0,0.0,2020,Dortmund
2019-11-05,20:55 (18:55),Champions Lg,Group stage,Tue,Away,W,2,0,ru Zenit,1.4,1.2,68.0,50452.0,Diego Demme,4-2-3-1,5-3-2,Orel Grinfeeld,Match Report,,21.0,7.0,21.7,1.0,0.0,0.0,2020,RB Leipzig
2019-11-06,21:00,Champions Lg,Group stage,Wed,Home,W,2,1,es Atlético Madrid,1.3,2.0,52.0,28160.0,Kevin Volland,4-2-3-1,4-1-2-1-2,Damir Skomina,Match Report,,15.0,3.0,22.1,0.0,0.0,0.0,2020,Leverkusen
2019-11-06,18:55,Champions Lg,Group stage,Wed,Home,W,2,0,gr Olympiacos,3.3,0.2,69.0,63646.0,Manuel Neuer,4-2-3-1,4-3-3,Paweł Raczkowski,Match Report,,27.0,11.0,16.9,0.0,0.0,0.0,2020,Bayern Munich
2019-11-07,21:00,Europa Lg,Group stage,Thu,Home,L,1,3,be Gent,1.6,0.6,58.0,12000.0,Josuha Guilavogui,3-4-3,4-1-2-1-2,Massimiliano Irrati,Match Report,,15.0,3.0,16.6,1.0,0.0,0.0,2020,Wolfsburg
2019-11-07,18:55,Europa Lg,Group stage,Thu,Away,L,1,2,be Standard Liège,2.2,1.9,57.0,20000.0,David Abraham,3-5-2,4-5-1,Matej Jug,Match Report,,13.0,4.0,16.6,2.0,0.0,0.0,2020,Eint Frankfurt
2019-11-07,21:00,Europa Lg,Group stage,Thu,Home,W,2,1,it Roma,1.2,1.1,59.0,44500.0,Lars Stindl,3-5-2,4-2-3-1,Jesús Gil,Match Report,,12.0,4.0,21.7,1.0,0.0,0.0,2020,Gladbach
2019-11-08,20:30,Bundesliga,Matchweek 11,Fri,Home,L,1,2,Hoffenheim,0.9,2.1,45.0,49100.0,Jonas Hector,3-4-1-2,3-1-4-2,Robert Kampka,Match Report,,11.0,3.0,20.0,0.0,0.0,0.0,2020,Köln
2019-11-08,20:30,Bundesliga,Matchweek 11,Fri,Away,W,2,1,Köln,2.1,0.9,55.0,49100.0,Kevin Vogt,3-1-4-2,3-4-1-2,Robert Kampka,Match Report,,14.0,4.0,23.4,1.0,1.0,1.0,2020,Hoffenheim
2019-11-09,15:30,Bundesliga,Matchweek 11,Sat,Home,L,2,4,RB Leipzig,0.6,2.0,39.0,48532.0,Niklas Stark,3-4-3,4-2-2-2,Sören Storks,Match Report,,7.0,3.0,24.4,0.0,0.0,0.0,2020,Hertha BSC
2019-11-09,15:30,Bundesliga,Matchweek 11,Sat,Away,W,4,2,Hertha BSC,2.0,0.6,61.0,48532.0,Diego Demme,4-2-2-2,3-4-3,Sören Storks,Match Report,,9.0,6.0,15.5,0.0,1.0,1.0,2020,RB Leipzig
2019-11-09,18:30,Bundesliga,Matchweek 11,Sat,Home,W,4,0,Dortmund,3.7,0.7,60.0,75000.0,Manuel Neuer,4-1-4-1,4-2-3-1,Felix Zwayer,Match Report,,18.0,5.0,15.5,0.0,0.0,0.0,2020,Bayern Munich
2019-11-09,15:30,Bundesliga,Matchweek 11,Sat,Away,W,1,0,Paderborn 07,1.0,1.2,40.0,13758.0,Daniel Baier,4-2-3-1,4-4-1-1,Marco Fritz,Match Report,,13.0,5.0,20.5,1.0,0.0,0.0,2020,Augsburg
2019-11-09,15:30,Bundesliga,Matchweek 11,Sat,Home,D,3,3,Düsseldorf,1.3,2.1,57.0,61831.0,Alexander Nübel,4-2-3-1,5-3-2,Robert Hartmann,Match Report,,12.0,4.0,16.0,0.0,0.0,0.0,2020,Schalke 04
2019-11-09,15:30,Bundesliga,Matchweek 11,Sat,Away,W,3,2,Mainz 05,1.1,2.3,44.0,24349.0,Christopher Trimmel,3-4-1-2,4-3-1-2,Harm Osmers,Match Report,,14.0,4.0,19.2,0.0,0.0,0.0,2020,Union Berlin
2019-11-09,18:30,Bundesliga,Matchweek 11,Sat,Away,L,0,4,Bayern Munich,0.7,3.7,40.0,75000.0,Mats Hummels,4-2-3-1,4-1-4-1,Felix Zwayer,Match Report,,2.0,0.0,6.0,0.0,0.0,0.0,2020,Dortmund
2019-11-09,15:30,Bundesliga,Matchweek 11,Sat,Home,L,0,1,Augsburg,1.2,1.0,60.0,13758.0,Klaus Gjasula,4-4-1-1,4-2-3-1,Marco Fritz,Match Report,,10.0,3.0,27.3,3.0,0.0,1.0,2020,Paderborn 07
2019-11-09,15:30,Bundesliga,Matchweek 11,Sat,Home,L,2,3,Union Berlin,2.3,1.1,56.0,24349.0,Daniel Brosinski,4-3-1-2,3-4-1-2,Harm Osmers,Match Report,,16.0,5.0,20.2,0.0,0.0,0.0,2020,Mainz 05
2019-11-09,15:30,Bundesliga,Matchweek 11,Sat,Away,D,3,3,Schalke 04,2.1,1.3,43.0,61831.0,Adam Bodzek,5-3-2,4-2-3-1,Robert Hartmann,Match Report,,8.0,4.0,16.3,0.0,1.0,1.0,2020,Düsseldorf
2019-11-10,15:30,Bundesliga,Matchweek 11,Sun,Away,W,2,0,Wolfsburg,1.0,0.9,53.0,24112.0,Kevin Volland,4-2-3-1,3-4-3,Manuel Gräfe,Match Report,,9.0,4.0,13.9,0.0,0.0,0.0,2020,Leverkusen
2019-11-10,15:30,Bundesliga,Matchweek 11,Sun,Home,L,0,2,Leverkusen,0.9,1.0,47.0,24112.0,Josuha Guilavogui,3-4-3,4-2-3-1,Manuel Gräfe,Match Report,,10.0,1.0,17.0,0.0,0.0,0.0,2020,Wolfsburg
2019-11-10,13:30,Bundesliga,Matchweek 11,Sun,Home,W,3,1,Werder Bremen,1.9,1.7,53.0,54022.0,Yann Sommer,4-3-3,4-4-2,Tobias Stieler,Match Report,,17.0,7.0,19.1,1.0,0.0,0.0,2020,Gladbach
2019-11-10,18:00,Bundesliga,Matchweek 11,Sun,Home,W,1,0,Eint Frankfurt,0.9,1.4,52.0,24000.0,Christian Günter,4-4-2,3-4-1-2,Felix Brych,Match Report,,13.0,7.0,18.9,1.0,0.0,0.0,2020,Freiburg
2019-11-10,13:30,Bundesliga,Matchweek 11,Sun,Away,L,1,3,Gladbach,1.7,1.9,47.0,54022.0,Davy Klaassen,4-4-2,4-3-3,Tobias Stieler,Match Report,,15.0,6.0,21.5,1.0,0.0,1.0,2020,Werder Bremen
2019-11-10,18:00,Bundesliga,Matchweek 11,Sun,Away,L,0,1,Freiburg,1.4,0.9,48.0,24000.0,David Abraham,3-4-1-2,4-4-2,Felix Brych,Match Report,,17.0,6.0,22.0,1.0,0.0,0.0,2020,Eint Frankfurt
2019-11-22,20:30,Bundesliga,Matchweek 12,Fri,Away,D,3,3,Dortmund,2.1,1.8,33.0,81365.0,Klaus Gjasula,4-2-3-1,4-2-3-1,Christian Dingert,Match Report,,9.0,4.0,13.9,0.0,0.0,0.0,2020,Paderborn 07
2019-11-22,20:30,Bundesliga,Matchweek 12,Fri,Home,D,3,3,Paderborn 07,1.8,2.1,67.0,81365.0,Marco Reus,4-2-3-1,4-2-3-1,Christian Dingert,Match Report,,17.0,7.0,14.3,0.0,0.0,0.0,2020,Dortmund
2019-11-23,15:30,Bundesliga,Matchweek 12,Sat,Away,W,2,1,Werder Bremen,0.7,2.0,50.0,42100.0,Alexander Nübel,4-2-3-1,4-1-2-1-2,Benjamin Cortus,Match Report,,11.0,5.0,22.1,1.0,0.0,0.0,2020,Schalke 04
2019-11-23,15:30,Bundesliga,Matchweek 12,Sat,Home,L,1,2,Schalke 04,2.0,0.7,50.0,42100.0,Davy Klaassen,4-1-2-1-2◆,4-2-3-1,Benjamin Cortus,Match Report,,18.0,5.0,18.5,0.0,0.0,0.0,2020,Werder Bremen
2019-11-23,15:30,Bundesliga,Matchweek 12,Sat,Home,L,0,4,Bayern Munich,0.7,3.7,30.0,53000.0,Oliver Fink,4-2-3-1,4-1-4-1,Frank Willenborg,Match Report,,13.0,1.0,20.5,0.0,0.0,0.0,2020,Düsseldorf
2019-11-23,15:30,Bundesliga,Matchweek 12,Sat,Away,D,1,1,Leverkusen,1.1,4.1,29.0,29032.0,Christian Günter,3-4-1-2,4-2-3-1,Deniz Aytekin,Match Report,,8.0,2.0,16.8,0.0,0.0,0.0,2020,Freiburg
2019-11-23,15:30,Bundesliga,Matchweek 12,Sat,Away,W,4,0,Düsseldorf,3.7,0.7,70.0,53000.0,Manuel Neuer,4-1-4-1,4-2-3-1,Frank Willenborg,Match Report,,17.0,5.0,12.9,1.0,0.0,0.0,2020,Bayern Munich
2019-11-23,15:30,Bundesliga,Matchweek 12,Sat,Home,L,0,2,Wolfsburg,0.9,1.3,68.0,50700.0,Makoto Hasebe,3-4-1-2,3-4-3,Daniel Siebert,Match Report,,17.0,9.0,17.9,1.0,0.0,0.0,2020,Eint Frankfurt
2019-11-23,15:30,Bundesliga,Matchweek 12,Sat,Home,W,2,0,Gladbach,1.8,1.2,37.0,22012.0,Christopher Trimmel,3-4-1-2,4-2-3-1,Felix Brych,Match Report,,11.0,6.0,14.8,0.0,0.0,0.0,2020,Union Berlin
2019-11-23,15:30,Bundesliga,Matchweek 12,Sat,Away,W,2,0,Eint Frankfurt,1.3,0.9,32.0,50700.0,Josuha Guilavogui,3-4-3,3-4-1-2,Daniel Siebert,Match Report,,9.0,6.0,16.5,0.0,0.0,0.0,2020,Wolfsburg
2019-11-23,18:30,Bundesliga,Matchweek 12,Sat,Away,L,1,4,RB Leipzig,0.6,2.3,31.0,42036.0,Jonas Hector,4-3-3,4-2-2-2,Robert Schröder,Match Report,,6.0,1.0,15.8,0.0,0.0,0.0,2020,Köln
2019-11-23,15:30,Bundesliga,Matchweek 12,Sat,Home,D,1,1,Freiburg,4.1,1.1,71.0,29032.0,Kevin Volland,4-2-3-1,3-4-1-2,Deniz Aytekin,Match Report,,27.0,9.0,16.1,1.0,0.0,0.0,2020,Leverkusen
2019-11-23,15:30,Bundesliga,Matchweek 12,Sat,Away,L,0,2,Union Berlin,1.2,1.8,63.0,22012.0,Yann Sommer,4-2-3-1,3-4-1-2,Felix Brych,Match Report,,13.0,2.0,20.4,0.0,0.0,0.0,2020,Gladbach
2019-11-23,18:30,Bundesliga,Matchweek 12,Sat,Home,W,4,1,Köln,2.3,0.6,69.0,42036.0,Diego Demme,4-2-2-2,4-3-3,Robert Schröder,Match Report,,20.0,7.0,19.7,3.0,1.0,1.0,2020,RB Leipzig
2019-11-24,15:30,Bundesliga,Matchweek 12,Sun,Away,L,0,4,Augsburg,0.5,1.9,48.0,29233.0,Niklas Stark,4-4-1-1,4-2-3-1,Sascha Stegemann,Match Report,,5.0,1.0,16.4,0.0,0.0,0.0,2020,Hertha BSC
2019-11-24,18:00,Bundesliga,Matchweek 12,Sun,Home,L,1,5,Mainz 05,2.0,2.5,63.0,23129.0,Kevin Vogt,3-4-3,3-4-1-2,Bastian Dankert,Match Report,,20.0,8.0,15.8,1.0,0.0,0.0,2020,Hoffenheim
2019-11-24,18:00,Bundesliga,Matchweek 12,Sun,Away,W,5,1,Hoffenheim,2.5,2.0,37.0,23129.0,Moussa Niakhate,3-4-1-2,3-4-3,Bastian Dankert,Match Report,,12.0,5.0,13.9,0.0,0.0,0.0,2020,Mainz 05
2019-11-24,15:30,Bundesliga,Matchweek 12,Sun,Home,W,4,0,Hertha BSC,1.9,0.5,52.0,29233.0,Daniel Baier,4-2-3-1,4-4-1-1,Sascha Stegemann,Match Report,,14.0,5.0,19.2,1.0,0.0,0.0,2020,Augsburg
2019-11-26,20:55 (18:55),Champions Lg,Group stage,Tue,Away,W,2,0,ru Loko Moscow,0.7,1.0,56.0,25757.0,Kevin Volland,4-2-3-1,4-4-1-1,Michael Oliver,Match Report,,15.0,6.0,19.1,1.0,0.0,0.0,2020,Leverkusen
2019-11-26,21:00,Champions Lg,Group stage,Tue,Away,W,6,0,rs Red Star,4.9,0.2,71.0,44118.0,Manuel Neuer,4-3-3,4-4-1-1,Björn Kuipers,Match Report,,28.0,15.0,15.4,1.0,1.0,1.0,2020,Bayern Munich
2019-11-27,21:00,Champions Lg,Group stage,Wed,Home,D,2,2,pt Benfica,3.2,0.9,66.0,38339.0,Diego Demme,3-5-2,4-4-2,Jesús Gil,Match Report,,24.0,9.0,16.2,0.0,1.0,1.0,2020,RB Leipzig
2019-11-27,21:00,Champions Lg,Group stage,Wed,Away,L,1,3,es Barcelona,1.6,2.4,54.0,90071.0,Marco Reus,4-4-2,4-3-3,Clément Turpin,Match Report,,9.0,4.0,16.2,0.0,0.0,0.0,2020,Dortmund
2019-11-28,19:55 (18:55),Europa Lg,Group stage,Thu,Away,W,1,0,ua FC Oleksandriya,1.8,1.1,58.0,7118.0,Josuha Guilavogui,3-4-3,4-3-3,Manuel Schüttengruber,Match Report,,12.0,5.0,17.9,0.0,1.0,1.0,2020,Wolfsburg
2019-11-28,20:00 (21:00),Europa Lg,Group stage,Thu,Away,W,2,1,eng Arsenal,1.2,1.3,42.0,49419.0,David Abraham,3-4-1-2,4-2-3-1,Ruddy Buquet,Match Report,,9.0,4.0,18.2,1.0,0.0,0.0,2020,Eint Frankfurt
2019-11-28,18:55,Europa Lg,Group stage,Thu,Away,W,1,0,at Wolfsberger AC,1.5,1.1,55.0,12073.0,Lars Stindl,3-4-1-2,4-3-1-2,Serdar Gözübüyük,Match Report,,14.0,6.0,16.4,0.0,0.0,0.0,2020,Gladbach
2019-11-29,20:30,Bundesliga,Matchweek 13,Fri,Away,L,1,2,Schalke 04,1.6,1.5,44.0,61837.0,Christopher Trimmel,3-4-3,4-2-3-1,Daniel Schlager,Match Report,,16.0,6.0,18.8,0.0,1.0,1.0,2020,Union Berlin
2019-11-29,20:30,Bundesliga,Matchweek 13,Fri,Home,W,2,1,Union Berlin,1.5,1.6,56.0,61837.0,Alexander Nübel,4-2-3-1,3-4-3,Daniel Schlager,Match Report,,17.0,8.0,16.8,2.0,0.0,0.0,2020,Schalke 04
2019-11-30,15:30,Bundesliga,Matchweek 13,Sat,Home,D,1,1,Düsseldorf,2.1,0.9,51.0,25427.0,Kevin Vogt,3-4-3,3-1-4-2,Martin Petersen,Match Report,,12.0,6.0,10.7,0.0,0.0,0.0,2020,Hoffenheim
2019-11-30,18:30,Bundesliga,Matchweek 13,Sat,Home,L,1,2,Leverkusen,2.8,1.3,74.0,75000.0,Manuel Neuer,4-1-4-1,4-2-3-1,Guido Winkmann,Match Report,,23.0,11.0,17.1,1.0,0.0,0.0,2020,Bayern Munich
2019-11-30,18:30,Bundesliga,Matchweek 13,Sat,Away,W,2,1,Bayern Munich,1.3,2.8,26.0,75000.0,Lars Bender,4-2-3-1,4-1-4-1,Guido Winkmann,Match Report,,11.0,7.0,19.2,0.0,0.0,0.0,2020,Leverkusen
2019-11-30,15:30,Bundesliga,Matchweek 13,Sat,Home,L,1,2,Dortmund,1.0,1.2,49.0,74667.0,Niklas Stark,3-4-1-2,3-4-3,Sven Jablonski,Match Report,,13.0,3.0,16.4,1.0,0.0,0.0,2020,Hertha BSC
2019-11-30,15:30,Bundesliga,Matchweek 13,Sat,Away,D,1,1,Hoffenheim,0.9,2.1,49.0,25427.0,Rouwen Hennings,3-1-4-2,3-4-3,Martin Petersen,Match Report,,11.0,3.0,15.0,2.0,0.0,0.0,2020,Düsseldorf
2019-11-30,15:30,Bundesliga,Matchweek 13,Sat,Home,D,1,1,Augsburg,1.2,2.1,55.0,49200.0,Jonas Hector,4-4-2,4-2-3-1,Tobias Stieler,Match Report,,13.0,6.0,16.5,1.0,0.0,0.0,2020,Köln
2019-11-30,15:30,Bundesliga,Matchweek 13,Sat,Home,L,2,3,RB Leipzig,1.6,1.8,52.0,13253.0,Klaus Gjasula,4-2-2-2,4-2-2-2,Bibiana Steinhaus,Match Report,,8.0,4.0,13.8,0.0,0.0,0.0,2020,Paderborn 07
2019-11-30,15:30,Bundesliga,Matchweek 13,Sat,Away,W,3,2,Paderborn 07,1.8,1.6,48.0,13253.0,Diego Demme,4-2-2-2,4-2-2-2,Bibiana Steinhaus,Match Report,,18.0,6.0,15.1,0.0,0.0,0.0,2020,RB Leipzig
2019-11-30,15:30,Bundesliga,Matchweek 13,Sat,Away,D,1,1,Köln,2.1,1.2,45.0,49200.0,Daniel Baier,4-2-3-1,4-4-2,Tobias Stieler,Match Report,,10.0,3.0,21.5,0.0,0.0,1.0,2020,Augsburg
2019-11-30,15:30,Bundesliga,Matchweek 13,Sat,Away,W,2,1,Hertha BSC,1.2,1.0,51.0,74667.0,Marco Reus,3-4-3,3-4-1-2,Sven Jablonski,Match Report,,7.0,5.0,15.2,0.0,0.0,0.0,2020,Dortmund
2019-12-01,15:30,Bundesliga,Matchweek 13,Sun,Home,W,4,2,Freiburg,5.0,1.5,51.0,51080.0,Yann Sommer,4-2-3-1,3-4-1-2,Felix Zwayer,Match Report,,22.0,13.0,15.5,1.0,0.0,1.0,2020,Gladbach
2019-12-01,18:00,Bundesliga,Matchweek 13,Sun,Home,L,2,3,Werder Bremen,2.2,1.3,60.0,26012.0,Josuha Guilavogui,3-4-3,4-3-3,Robert Kampka,Match Report,,20.0,6.0,17.1,0.0,0.0,0.0,2020,Wolfsburg
2019-12-01,15:30,Bundesliga,Matchweek 13,Sun,Away,L,2,4,Gladbach,1.5,5.0,49.0,51080.0,Christian Günter,3-4-1-2,4-2-3-1,Felix Zwayer,Match Report,,12.0,4.0,14.9,1.0,0.0,0.0,2020,Freiburg
2019-12-01,18:00,Bundesliga,Matchweek 13,Sun,Away,W,3,2,Wolfsburg,1.3,2.2,40.0,26012.0,Davy Klaassen,4-3-3,3-4-3,Robert Kampka,Match Report,,9.0,2.0,20.9,0.0,1.0,1.0,2020,Werder Bremen
2019-12-02,20:30,Bundesliga,Matchweek 13,Mon,Home,W,2,1,Eint Frankfurt,1.9,2.0,54.0,33134.0,Danny Latza,3-4-1-2,3-1-4-2,Manuel Gräfe,Match Report,,18.0,8.0,20.9,2.0,0.0,0.0,2020,Mainz 05
2019-12-02,20:30,Bundesliga,Matchweek 13,Mon,Away,L,1,2,Mainz 05,2.0,1.9,46.0,33134.0,Sebastian Rode,3-1-4-2,3-4-1-2,Manuel Gräfe,Match Report,,14.0,4.0,15.5,0.0,0.0,0.0,2020,Eint Frankfurt
2019-12-06,20:30,Bundesliga,Matchweek 14,Fri,Home,D,2,2,Hertha BSC,2.2,1.3,63.0,50000.0,Makoto Hasebe,3-4-1-2,3-4-1-2,Christian Dingert,Match Report,,25.0,6.0,14.4,0.0,0.0,0.0,2020,Eint Frankfurt
2019-12-06,20:30,Bundesliga,Matchweek 14,Fri,Away,D,2,2,Eint Frankfurt,1.3,2.2,37.0,50000.0,Niklas Stark,3-4-1-2,3-4-1-2,Christian Dingert,Match Report,,9.0,3.0,18.5,0.0,0.0,0.0,2020,Hertha BSC
2019-12-07,18:30,Bundesliga,Matchweek 14,Sat,Away,L,1,2,Leverkusen,1.1,2.8,44.0,30210.0,Alexander Nübel,4-1-3-2,4-2-3-1,Harm Osmers,Match Report,,5.0,3.0,14.0,0.0,0.0,0.0,2020,Schalke 04
2019-12-07,15:30,Bundesliga,Matchweek 14,Sat,Home,W,2,1,Mainz 05,3.2,0.5,52.0,26950.0,Daniel Baier,4-2-3-1,3-4-1-2,Markus Schmidt,Match Report,,17.0,4.0,15.2,0.0,1.0,1.0,2020,Augsburg
2019-12-07,15:30,Bundesliga,Matchweek 14,Sat,Away,L,1,3,RB Leipzig,1.5,3.6,59.0,38407.0,Oliver Baumann,4-2-3-1,4-4-2,Deniz Aytekin,Match Report,,11.0,1.0,14.4,0.0,0.0,0.0,2020,Hoffenheim
2019-12-07,15:30,Bundesliga,Matchweek 14,Sat,Away,L,0,5,Dortmund,0.1,3.7,27.0,81365.0,Adam Bodzek,4-1-4-1,3-4-3,Daniel Siebert,Match Report,,2.0,0.0,15.3,0.0,0.0,0.0,2020,Düsseldorf
2019-12-07,15:30,Bundesliga,Matchweek 14,Sat,Away,L,1,2,Gladbach,1.5,1.2,62.0,54022.0,Manuel Neuer,4-2-3-1,4-1-2-1-2,Marco Fritz,Match Report,,16.0,5.0,15.6,0.0,0.0,0.0,2020,Bayern Munich
2019-12-07,15:30,Bundesliga,Matchweek 14,Sat,Away,L,0,1,Freiburg,1.6,0.5,50.0,23800.0,Josuha Guilavogui,3-4-3,3-4-3,Bastian Dankert,Match Report,,10.0,0.0,13.8,0.0,0.0,0.0,2020,Wolfsburg
2019-12-07,15:30,Bundesliga,Matchweek 14,Sat,Home,W,2,1,Bayern Munich,1.2,1.5,38.0,54022.0,Lars Stindl,4-1-2-1-2◆,4-2-3-1,Marco Fritz,Match Report,,6.0,2.0,16.5,0.0,1.0,1.0,2020,Gladbach
2019-12-07,15:30,Bundesliga,Matchweek 14,Sat,Away,L,1,2,Augsburg,0.5,3.2,48.0,26950.0,Moussa Niakhate,3-4-1-2,4-2-3-1,Markus Schmidt,Match Report,,12.0,3.0,25.7,0.0,0.0,0.0,2020,Mainz 05
2019-12-07,15:30,Bundesliga,Matchweek 14,Sat,Home,W,3,1,Hoffenheim,3.6,1.5,41.0,38407.0,Diego Demme,4-4-2,4-2-3-1,Deniz Aytekin,Match Report,,24.0,13.0,16.2,0.0,1.0,1.0,2020,RB Leipzig
2019-12-07,15:30,Bundesliga,Matchweek 14,Sat,Home,W,1,0,Wolfsburg,0.5,1.6,50.0,23800.0,Christian Günter,3-4-3,3-4-3,Bastian Dankert,Match Report,,10.0,3.0,22.7,2.0,0.0,0.0,2020,Freiburg
2019-12-07,18:30,Bundesliga,Matchweek 14,Sat,Home,W,2,1,Schalke 04,2.8,1.1,56.0,30210.0,Lars Bender,4-2-3-1,4-1-3-2,Harm Osmers,Match Report,,19.0,9.0,15.0,0.0,0.0,0.0,2020,Leverkusen
2019-12-07,15:30,Bundesliga,Matchweek 14,Sat,Home,W,5,0,Düsseldorf,3.7,0.1,73.0,81365.0,Marco Reus,3-4-3,4-1-4-1,Daniel Siebert,Match Report,,23.0,10.0,18.2,0.0,0.0,0.0,2020,Dortmund
2019-12-08,15:30,Bundesliga,Matchweek 14,Sun,Away,L,0,2,Union Berlin,1.2,1.9,45.0,22012.0,Marco Höger,4-4-1-1,3-4-3,Patrick Ittrich,Match Report,,14.0,4.0,17.4,3.0,0.0,0.0,2020,Köln
2019-12-08,18:00,Bundesliga,Matchweek 14,Sun,Away,W,1,0,Werder Bremen,1.4,1.0,46.0,39870.0,Klaus Gjasula,4-4-2,4-3-3,Sascha Stegemann,Match Report,,16.0,5.0,19.9,0.0,0.0,0.0,2020,Paderborn 07
2019-12-08,15:30,Bundesliga,Matchweek 14,Sun,Home,W,2,0,Köln,1.9,1.2,55.0,22012.0,Christopher Trimmel,3-4-3,4-4-1-1,Patrick Ittrich,Match Report,,12.0,5.0,14.9,0.0,0.0,0.0,2020,Union Berlin
2019-12-08,18:00,Bundesliga,Matchweek 14,Sun,Home,L,0,1,Paderborn 07,1.0,1.4,54.0,39870.0,Niklas Moisander,4-3-3,4-4-2,Sascha Stegemann,Match Report,,12.0,3.0,16.3,0.0,0.0,0.0,2020,Werder Bremen
2019-12-10,21:00,Champions Lg,Group stage,Tue,Away,D,2,2,fr Lyon,3.4,1.1,53.0,53288.0,Diego Demme,4-2-2-2,4-2-3-1,Anthony Taylor,Match Report,,11.0,1.0,15.9,0.0,2.0,2.0,2020,RB Leipzig
2019-12-10,21:00,Champions Lg,Group stage,Tue,Home,W,2,1,cz Slavia Prague,2.9,2.8,49.0,65079.0,Marco Reus,3-4-3,4-2-3-1,Sergey Karasev,Match Report,,16.0,8.0,16.8,0.0,0.0,0.0,2020,Dortmund
2019-12-11,21:00,Champions Lg,Group stage,Wed,Home,W,3,1,eng Tottenham,2.9,1.0,70.0,66353.0,Manuel Neuer,4-3-3,4-2-3-1,Gianluca Rocchi,Match Report,,24.0,11.0,16.1,1.0,0.0,0.0,2020,Bayern Munich
2019-12-11,21:00,Champions Lg,Group stage,Wed,Home,L,0,2,it Juventus,2.2,0.9,54.0,29542.0,Lars Bender,4-4-2,4-3-1-2,Benoît Bastien,Match Report,,14.0,1.0,18.1,0.0,0.0,0.0,2020,Leverkusen
2019-12-12,18:55,Europa Lg,Group stage,Thu,Home,L,2,3,pt Vitória,2.0,0.4,55.0,47000.0,David Abraham,3-4-1-2,4-1-4-1,Gediminas Mažeika,Match Report,,15.0,5.0,13.4,0.0,0.0,0.0,2020,Eint Frankfurt
2019-12-12,21:00,Europa Lg,Group stage,Thu,Home,L,1,2,tr Başakşehir,3.2,1.6,63.0,40046.0,Yann Sommer,4-4-2,4-1-4-1,José Sánchez,Match Report,,19.0,5.0,15.3,0.0,0.0,0.0,2020,Gladbach
2019-12-12,21:00,Europa Lg,Group stage,Thu,Home,W,1,0,fr Saint-Étienne,1.7,0.8,44.0,10802.0,Robin Knoche,4-3-3,4-3-3,Paul Tierney,Match Report,,13.0,7.0,16.2,1.0,0.0,0.0,2020,Wolfsburg
2019-12-13,20:30,Bundesliga,Matchweek 15,Fri,Home,L,2,4,Augsburg,2.1,2.4,76.0,23309.0,Oliver Baumann,4-2-3-1,4-4-2,Bibiana Steinhaus,Match Report,,19.0,8.0,18.2,2.0,0.0,0.0,2020,Hoffenheim
2019-12-13,20:30,Bundesliga,Matchweek 15,Fri,Away,W,4,2,Hoffenheim,2.4,2.1,24.0,23309.0,Daniel Baier,4-4-2,4-2-3-1,Bibiana Steinhaus,Match Report,,5.0,3.0,18.2,1.0,1.0,1.0,2020,Augsburg
2019-12-14,15:30,Bundesliga,Matchweek 15,Sat,Away,L,0,2,Köln,0.2,1.7,60.0,49500.0,Lars Bender,4-2-3-1,4-1-4-1,Manuel Gräfe,Match Report,,6.0,2.0,23.7,0.0,0.0,0.0,2020,Leverkusen
2019-12-14,18:30,Bundesliga,Matchweek 15,Sat,Home,L,0,3,RB Leipzig,0.2,3.6,31.0,35387.0,Adam Bodzek,5-4-1,4-4-2,Robert Hartmann,Match Report,,4.0,1.0,22.3,0.0,0.0,0.0,2020,Düsseldorf
2019-12-14,15:30,Bundesliga,Matchweek 15,Sat,Home,W,1,0,Freiburg,1.0,0.9,38.0,37343.0,Vedad Ibišević,4-4-2,3-4-3,Frank Willenborg,Match Report,,16.0,4.0,21.7,1.0,0.0,0.0,2020,Hertha BSC
2019-12-14,15:30,Bundesliga,Matchweek 15,Sat,Home,W,6,1,Werder Bremen,5.5,0.6,73.0,75000.0,Manuel Neuer,4-2-3-1,3-1-4-2,Robert Schröder,Match Report,,28.0,14.0,16.7,0.0,0.0,0.0,2020,Bayern Munich
2019-12-14,15:30,Bundesliga,Matchweek 15,Sat,Away,W,4,0,Mainz 05,1.4,0.3,62.0,33305.0,Marco Reus,3-4-3,3-4-1-2,Benjamin Cortus,Match Report,,18.0,7.0,16.6,0.0,0.0,0.0,2020,Dortmund
2019-12-14,15:30,Bundesliga,Matchweek 15,Sat,Home,D,1,1,Union Berlin,1.4,1.9,56.0,14414.0,Klaus Gjasula,4-4-2,3-4-3,Sven Jablonski,Match Report,,13.0,3.0,16.5,1.0,0.0,0.0,2020,Paderborn 07
2019-12-14,15:30,Bundesliga,Matchweek 15,Sat,Away,L,0,1,Hertha BSC,0.9,1.0,62.0,37343.0,Christian Günter,3-4-3,4-4-2,Frank Willenborg,Match Report,,15.0,3.0,19.3,1.0,0.0,0.0,2020,Freiburg
2019-12-14,15:30,Bundesliga,Matchweek 15,Sat,Home,W,2,0,Leverkusen,1.7,0.2,40.0,49500.0,Jonas Hector,4-1-4-1,4-2-3-1,Manuel Gräfe,Match Report,,13.0,5.0,17.0,1.0,0.0,0.0,2020,Köln
2019-12-14,15:30,Bundesliga,Matchweek 15,Sat,Away,D,1,1,Paderborn 07,1.9,1.4,44.0,14414.0,Christopher Trimmel,3-4-3,4-4-2,Sven Jablonski,Match Report,,16.0,2.0,14.4,0.0,0.0,0.0,2020,Union Berlin
2019-12-14,15:30,Bundesliga,Matchweek 15,Sat,Away,L,1,6,Bayern Munich,0.6,5.5,27.0,75000.0,Davy Klaassen,3-1-4-2,4-2-3-1,Robert Schröder,Match Report,,10.0,2.0,15.6,0.0,0.0,0.0,2020,Werder Bremen
2019-12-14,15:30,Bundesliga,Matchweek 15,Sat,Home,L,0,4,Dortmund,0.3,1.4,38.0,33305.0,Moussa Niakhate,3-4-1-2,3-4-3,Benjamin Cortus,Match Report,,9.0,0.0,24.3,0.0,0.0,0.0,2020,Mainz 05
2019-12-14,18:30,Bundesliga,Matchweek 15,Sat,Away,W,3,0,Düsseldorf,3.6,0.2,69.0,35387.0,Diego Demme,4-4-2,5-4-1,Robert Hartmann,Match Report,,21.0,6.0,13.9,3.0,1.0,1.0,2020,RB Leipzig
2019-12-15,15:30,Bundesliga,Matchweek 15,Sun,Home,W,2,1,Gladbach,1.3,0.8,49.0,25580.0,Josuha Guilavogui,4-1-4-1,4-2-3-1,Felix Brych,Match Report,,18.0,7.0,17.6,1.0,0.0,0.0,2020,Wolfsburg
2019-12-15,18:00,Bundesliga,Matchweek 15,Sun,Home,W,1,0,Eint Frankfurt,1.0,0.9,49.0,60811.0,Alexander Nübel,4-2-3-1,3-4-1-2,Felix Zwayer,Match Report,,11.0,5.0,21.1,0.0,0.0,0.0,2020,Schalke 04
2019-12-15,15:30,Bundesliga,Matchweek 15,Sun,Away,L,1,2,Wolfsburg,0.8,1.3,51.0,25580.0,Yann Sommer,4-2-3-1,4-1-4-1,Felix Brych,Match Report,,6.0,6.0,19.3,1.0,0.0,0.0,2020,Gladbach
2019-12-15,18:00,Bundesliga,Matchweek 15,Sun,Away,L,0,1,Schalke 04,0.9,1.0,51.0,60811.0,Sebastian Rode,3-4-1-2,4-2-3-1,Felix Zwayer,Match Report,,18.0,3.0,21.6,0.0,0.0,0.0,2020,Eint Frankfurt
2019-12-17,18:30,Bundesliga,Matchweek 16,Tue,Away,W,5,0,Werder Bremen,2.0,1.0,40.0,37720.0,Moussa Niakhate,4-2-3-1,4-3-3,Frank Willenborg,Match Report,,17.0,8.0,17.0,1.0,0.0,0.0,2020,Mainz 05
2019-12-17,20:30,Bundesliga,Matchweek 16,Tue,Away,D,3,3,Dortmund,2.2,1.8,44.0,80200.0,Diego Demme,4-1-2-1-2◆,3-4-3,Tobias Stieler,Match Report,,12.0,8.0,15.9,1.0,0.0,0.0,2020,RB Leipzig
2019-12-17,20:30,Bundesliga,Matchweek 16,Tue,Home,L,0,2,Hoffenheim,1.5,0.8,49.0,20350.0,Christopher Trimmel,3-4-1-2,4-2-3-1,Sören Storks,Match Report,,16.0,2.0,16.9,0.0,0.0,0.0,2020,Union Berlin
2019-12-17,20:30,Bundesliga,Matchweek 16,Tue,Away,L,0,3,Augsburg,0.6,1.4,53.0,27763.0,Rouwen Hennings,4-2-3-1,4-2-3-1,Marco Fritz,Match Report,,6.0,2.0,19.8,1.0,0.0,0.0,2020,Düsseldorf
2019-12-17,20:30,Bundesliga,Matchweek 16,Tue,Home,D,3,3,RB Leipzig,1.8,2.2,56.0,80200.0,Marco Reus,3-4-3,4-1-2-1-2,Tobias Stieler,Match Report,,14.0,6.0,13.2,0.0,0.0,0.0,2020,Dortmund
2019-12-17,20:30,Bundesliga,Matchweek 16,Tue,Away,W,2,0,Union Berlin,0.8,1.5,51.0,20350.0,Benjamin Hübner,4-2-3-1,3-4-1-2,Sören Storks,Match Report,,7.0,4.0,23.2,1.0,0.0,0.0,2020,Hoffenheim
2019-12-17,20:30,Bundesliga,Matchweek 16,Tue,Home,W,3,0,Düsseldorf,1.4,0.6,47.0,27763.0,Daniel Baier,4-2-3-1,4-2-3-1,Marco Fritz,Match Report,,12.0,7.0,18.5,1.0,0.0,0.0,2020,Augsburg
2019-12-17,18:30,Bundesliga,Matchweek 16,Tue,Home,L,0,5,Mainz 05,1.0,2.0,60.0,37720.0,Niklas Moisander,4-3-3,4-2-3-1,Frank Willenborg,Match Report,,14.0,5.0,18.0,0.0,0.0,0.0,2020,Werder Bremen
2019-12-18,20:30,Bundesliga,Matchweek 16,Wed,Home,L,2,4,Köln,1.4,1.9,45.0,50300.0,Makoto Hasebe,3-4-1-2,4-2-3-1,Deniz Aytekin,Match Report,,17.0,6.0,17.0,1.0,0.0,0.0,2020,Eint Frankfurt
2019-12-18,20:30,Bundesliga,Matchweek 16,Wed,Home,L,1,3,Bayern Munich,2.1,4.3,36.0,24000.0,Mike Frantz,4-4-2,4-3-3,Sascha Stegemann,Match Report,,15.0,5.0,14.6,0.0,0.0,0.0,2020,Freiburg
2019-12-18,20:30,Bundesliga,Matchweek 16,Wed,Home,D,1,1,Schalke 04,3.0,1.6,54.0,24651.0,Josuha Guilavogui,4-1-4-1,4-1-2-1-2,Martin Petersen,Match Report,,29.0,10.0,16.3,1.0,0.0,0.0,2020,Wolfsburg
2019-12-18,20:30,Bundesliga,Matchweek 16,Wed,Away,D,1,1,Wolfsburg,1.6,3.0,46.0,24651.0,Omar Mascarell,4-1-2-1-2◆,4-1-4-1,Martin Petersen,Match Report,,8.0,2.0,14.1,0.0,0.0,0.0,2020,Schalke 04
2019-12-18,20:30,Bundesliga,Matchweek 16,Wed,Away,W,4,2,Eint Frankfurt,1.9,1.4,55.0,50300.0,Jonas Hector,4-2-3-1,3-4-1-2,Deniz Aytekin,Match Report,,21.0,9.0,19.6,1.0,0.0,0.0,2020,Köln
2019-12-18,20:30,Bundesliga,Matchweek 16,Wed,Away,W,3,1,Freiburg,4.3,2.1,64.0,24000.0,Manuel Neuer,4-3-3,4-4-2,Sascha Stegemann,Match Report,,22.0,9.0,15.8,0.0,0.0,0.0,2020,Bayern Munich
2019-12-18,18:30,Bundesliga,Matchweek 16,Wed,Home,L,0,1,Hertha BSC,1.0,1.5,71.0,24472.0,Lars Bender,4-1-4-1,4-1-4-1,Bastian Dankert,Match Report,,16.0,7.0,19.1,0.0,0.0,0.0,2020,Leverkusen
2019-12-18,20:30,Bundesliga,Matchweek 16,Wed,Away,L,0,2,Gladbach,0.6,2.8,41.0,44494.0,Klaus Gjasula,4-4-2,4-1-2-1-2,Robert Kampka,Match Report,,12.0,2.0,18.1,0.0,0.0,0.0,2020,Paderborn 07
2019-12-18,20:30,Bundesliga,Matchweek 16,Wed,Home,W,2,0,Paderborn 07,2.8,0.6,59.0,44494.0,Lars Stindl,4-1-2-1-2◆,4-4-2,Robert Kampka,Match Report,,16.0,5.0,15.1,0.0,1.0,1.0,2020,Gladbach
2019-12-18,18:30,Bundesliga,Matchweek 16,Wed,Away,W,1,0,Leverkusen,1.5,1.0,29.0,24472.0,Marvin Plattenhardt,4-1-4-1,4-1-4-1,Bastian Dankert,Match Report,,10.0,5.0,16.2,1.0,0.0,0.0,2020,Hertha BSC
2019-12-20,20:30,Bundesliga,Matchweek 17,Fri,Home,W,2,1,Dortmund,1.3,2.2,49.0,30150.0,Benjamin Hübner,4-3-3,3-4-3,Felix Zwayer,Match Report,,11.0,3.0,20.0,1.0,0.0,0.0,2020,Hoffenheim
2019-12-20,20:30,Bundesliga,Matchweek 17,Fri,Away,L,1,2,Hoffenheim,2.2,1.3,51.0,30150.0,Mats Hummels,3-4-3,4-3-3,Felix Zwayer,Match Report,,12.0,5.0,13.6,0.0,0.0,0.0,2020,Dortmund
2019-12-21,15:30,Bundesliga,Matchweek 17,Sat,Away,L,0,1,Köln,0.3,0.8,46.0,50000.0,Niklas Moisander,3-4-3,4-1-4-1,Daniel Schlager,Match Report,,6.0,1.0,20.9,1.0,0.0,0.0,2020,Werder Bremen
2019-12-21,15:30,Bundesliga,Matchweek 17,Sat,Away,L,1,3,RB Leipzig,0.7,3.8,26.0,40562.0,Daniel Baier,4-2-2-2,4-2-2-2,Daniel Siebert,Match Report,,6.0,2.0,17.2,0.0,0.0,0.0,2020,Augsburg
2019-12-21,18:30,Bundesliga,Matchweek 17,Sat,Home,D,0,0,Gladbach,0.9,1.0,41.0,50208.0,Marvin Plattenhardt,4-1-4-1,4-3-1-2,Harm Osmers,Match Report,,7.0,0.0,19.0,2.0,0.0,0.0,2020,Hertha BSC
2019-12-21,15:30,Bundesliga,Matchweek 17,Sat,Home,W,1,0,Werder Bremen,0.8,0.3,54.0,50000.0,Jonas Hector,4-1-4-1,3-4-3,Daniel Schlager,Match Report,,7.0,1.0,18.2,0.0,0.0,0.0,2020,Köln
2019-12-21,15:30,Bundesliga,Matchweek 17,Sat,Home,L,0,1,Leverkusen,2.4,1.3,40.0,24345.0,Moussa Niakhate,4-2-3-1,4-1-4-1,Patrick Ittrich,Match Report,,20.0,2.0,19.0,2.0,0.0,0.0,2020,Mainz 05
2019-12-21,15:30,Bundesliga,Matchweek 17,Sat,Home,D,2,2,Freiburg,2.0,3.0,58.0,61867.0,Omar Mascarell,4-2-3-1,4-2-2-2,Felix Brych,Match Report,,20.0,6.0,22.9,1.0,0.0,0.0,2020,Schalke 04
2019-12-21,15:30,Bundesliga,Matchweek 17,Sat,Away,L,0,2,Bayern Munich,0.9,1.5,31.0,75000.0,Josuha Guilavogui,4-3-3,4-3-3,Christian Dingert,Match Report,,10.0,3.0,20.5,1.0,0.0,0.0,2020,Wolfsburg
2019-12-21,15:30,Bundesliga,Matchweek 17,Sat,Away,W,1,0,Mainz 05,1.3,2.4,60.0,24345.0,Kevin Volland,4-1-4-1,4-2-3-1,Patrick Ittrich,Match Report,,14.0,4.0,19.4,0.0,0.0,0.0,2020,Leverkusen
2019-12-21,15:30,Bundesliga,Matchweek 17,Sat,Home,W,2,0,Wolfsburg,1.5,0.9,69.0,75000.0,Manuel Neuer,4-3-3,4-3-3,Christian Dingert,Match Report,,18.0,8.0,19.4,1.0,0.0,0.0,2020,Bayern Munich
2019-12-21,18:30,Bundesliga,Matchweek 17,Sat,Away,D,0,0,Hertha BSC,1.0,0.9,59.0,50208.0,Yann Sommer,4-3-1-2,4-1-4-1,Harm Osmers,Match Report,,11.0,5.0,17.1,0.0,0.0,0.0,2020,Gladbach
2019-12-21,15:30,Bundesliga,Matchweek 17,Sat,Away,D,2,2,Schalke 04,3.0,2.0,42.0,61867.0,Christian Günter,4-2-2-2,4-2-3-1,Felix Brych,Match Report,,17.0,5.0,19.5,0.0,2.0,2.0,2020,Freiburg
2019-12-21,15:30,Bundesliga,Matchweek 17,Sat,Home,W,3,1,Augsburg,3.8,0.7,74.0,40562.0,Diego Demme,4-2-2-2,4-2-2-2,Daniel Siebert,Match Report,,22.0,6.0,14.1,1.0,0.0,0.0,2020,RB Leipzig
2019-12-22,15:30,Bundesliga,Matchweek 17,Sun,Home,W,2,1,Union Berlin,1.3,2.2,48.0,45490.0,Oliver Fink,4-3-3,3-4-3,Benjamin Cortus,Match Report,,22.0,8.0,20.0,2.0,0.0,0.0,2020,Düsseldorf
2019-12-22,18:00,Bundesliga,Matchweek 17,Sun,Home,W,2,1,Eint Frankfurt,1.9,1.9,52.0,15000.0,Klaus Gjasula,4-4-2,4-4-1-1,Markus Schmidt,Match Report,,19.0,5.0,19.7,1.0,0.0,0.0,2020,Paderborn 07
2019-12-22,18:00,Bundesliga,Matchweek 17,Sun,Away,L,1,2,Paderborn 07,1.9,1.9,48.0,15000.0,Makoto Hasebe,4-4-1-1,4-4-2,Markus Schmidt,Match Report,,20.0,5.0,17.0,2.0,0.0,0.0,2020,Eint Frankfurt
2019-12-22,15:30,Bundesliga,Matchweek 17,Sun,Away,L,1,2,Düsseldorf,2.2,1.3,52.0,45490.0,Christopher Trimmel,3-4-3,4-3-3,Benjamin Cortus,Match Report,,17.0,5.0,18.7,0.0,0.0,0.0,2020,Union Berlin
2020-01-17,20:30,Bundesliga,Matchweek 18,Fri,Away,L,0,2,Schalke 04,1.0,2.1,54.0,62271.0,Yann Sommer,4-2-3-1,4-1-2-1-2,Deniz Aytekin,Match Report,,14.0,4.0,21.5,0.0,0.0,0.0,2020,Gladbach
2020-01-17,20:30,Bundesliga,Matchweek 18,Fri,Home,W,2,0,Gladbach,2.1,1.0,46.0,62271.0,Omar Mascarell,4-1-2-1-2◆,4-2-3-1,Deniz Aytekin,Match Report,,15.0,7.0,13.4,0.0,0.0,0.0,2020,Schalke 04
2020-01-18,15:30,Bundesliga,Matchweek 18,Sat,Away,W,5,3,Augsburg,3.7,1.8,70.0,30660.0,Marco Reus,3-4-3,4-2-3-1,Manuel Gräfe,Match Report,,17.0,8.0,16.8,0.0,0.0,0.0,2020,Dortmund
2020-01-18,15:30,Bundesliga,Matchweek 18,Sat,Home,L,0,1,Werder Bremen,1.1,0.7,49.0,46000.0,Oliver Fink,4-2-3-1,3-4-3,Felix Brych,Match Report,,18.0,2.0,18.9,0.0,0.0,0.0,2020,Düsseldorf
2020-01-18,15:30,Bundesliga,Matchweek 18,Sat,Away,L,1,3,Köln,1.8,1.1,52.0,49100.0,Josuha Guilavogui,4-3-3,4-2-3-1,Marco Fritz,Match Report,,18.0,8.0,20.0,0.0,0.0,0.0,2020,Wolfsburg
2020-01-18,15:30,Bundesliga,Matchweek 18,Sat,Home,L,1,2,Eint Frankfurt,1.0,2.0,64.0,29610.0,Benjamin Hübner,4-3-3,4-4-1-1,Sascha Stegemann,Match Report,,12.0,4.0,16.4,0.0,0.0,0.0,2020,Hoffenheim
2020-01-18,15:30,Bundesliga,Matchweek 18,Sat,Away,W,2,1,Hoffenheim,2.0,1.0,36.0,29610.0,David Abraham,4-4-1-1,4-3-3,Sascha Stegemann,Match Report,,13.0,3.0,15.9,0.0,0.0,0.0,2020,Eint Frankfurt
2020-01-18,15:30,Bundesliga,Matchweek 18,Sat,Home,L,3,5,Dortmund,1.8,3.7,30.0,30660.0,Daniel Baier,4-2-3-1,3-4-3,Manuel Gräfe,Match Report,,13.0,5.0,23.6,2.0,0.0,0.0,2020,Augsburg
2020-01-18,15:30,Bundesliga,Matchweek 18,Sat,Away,W,2,1,Mainz 05,1.7,1.8,43.0,23138.0,Christian Günter,3-4-3,4-2-3-1,Sven Jablonski,Match Report,,13.0,3.0,16.5,0.0,0.0,0.0,2020,Freiburg
2020-01-18,15:30,Bundesliga,Matchweek 18,Sat,Home,L,1,2,Freiburg,1.8,1.7,57.0,23138.0,Moussa Niakhate,4-2-3-1,3-4-3,Sven Jablonski,Match Report,,24.0,8.0,18.9,0.0,0.0,0.0,2020,Mainz 05
2020-01-18,15:30,Bundesliga,Matchweek 18,Sat,Away,W,1,0,Düsseldorf,0.7,1.1,51.0,46000.0,Niklas Moisander,3-4-3,4-2-3-1,Felix Brych,Match Report,,13.0,4.0,21.9,1.0,0.0,0.0,2020,Werder Bremen
2020-01-18,15:30,Bundesliga,Matchweek 18,Sat,Home,W,3,1,Wolfsburg,1.1,1.8,48.0,49100.0,Jonas Hector,4-2-3-1,4-3-3,Marco Fritz,Match Report,,12.0,7.0,13.3,0.0,0.0,0.0,2020,Köln
2020-01-18,18:30,Bundesliga,Matchweek 18,Sat,Home,W,3,1,Union Berlin,1.7,0.9,65.0,42146.0,Marcel Sabitzer,4-2-3-1,3-4-3,Bastian Dankert,Match Report,,19.0,7.0,17.3,1.0,0.0,0.0,2020,RB Leipzig
2020-01-18,18:30,Bundesliga,Matchweek 18,Sat,Away,L,1,3,RB Leipzig,0.9,1.7,35.0,42146.0,Marvin Friedrich,3-4-3,4-2-3-1,Bastian Dankert,Match Report,,14.0,4.0,18.9,0.0,0.0,0.0,2020,Union Berlin
2020-01-19,18:00,Bundesliga,Matchweek 18,Sun,Home,L,1,4,Leverkusen,1.5,1.7,37.0,14889.0,Klaus Gjasula,4-2-2-2,4-2-3-1,Daniel Siebert,Match Report,,13.0,7.0,18.7,0.0,0.0,0.0,2020,Paderborn 07
2020-01-19,18:00,Bundesliga,Matchweek 18,Sun,Away,W,4,1,Paderborn 07,1.7,1.5,63.0,14889.0,Lars Bender,4-2-3-1,4-2-2-2,Daniel Siebert,Match Report,,12.0,6.0,14.5,0.0,0.0,0.0,2020,Leverkusen
2020-01-19,15:30,Bundesliga,Matchweek 18,Sun,Home,L,0,4,Bayern Munich,1.0,3.3,33.0,74667.0,Marvin Plattenhardt,4-1-4-1,4-2-3-1,Tobias Stieler,Match Report,,7.0,1.0,12.7,0.0,0.0,0.0,2020,Hertha BSC
2020-01-19,15:30,Bundesliga,Matchweek 18,Sun,Away,W,4,0,Hertha BSC,3.3,1.0,67.0,74667.0,Manuel Neuer,4-2-3-1,4-1-4-1,Tobias Stieler,Match Report,,19.0,10.0,15.0,0.0,1.0,1.0,2020,Bayern Munich
2020-01-24,20:30,Bundesliga,Matchweek 19,Fri,Away,L,1,5,Dortmund,1.1,2.8,41.0,81365.0,Jonas Hector,4-2-3-1,3-4-3,Harm Osmers,Match Report,,11.0,5.0,16.2,0.0,0.0,0.0,2020,Köln
2020-01-24,20:30,Bundesliga,Matchweek 19,Fri,Home,W,5,1,Köln,2.8,1.1,59.0,81365.0,Marco Reus,3-4-3,4-2-3-1,Harm Osmers,Match Report,,14.0,9.0,13.2,1.0,0.0,0.0,2020,Dortmund
2020-01-25,18:30,Bundesliga,Matchweek 19,Sat,Home,W,5,0,Schalke 04,3.7,0.4,75.0,75000.0,Manuel Neuer,4-2-3-1,4-1-2-1-2,Manuel Gräfe,Match Report,,24.0,14.0,15.3,1.0,0.0,0.0,2020,Bayern Munich
2020-01-25,15:30,Bundesliga,Matchweek 19,Sat,Away,L,0,2,Union Berlin,1.6,0.8,55.0,22012.0,Daniel Baier,4-2-3-1,3-4-1-2,Bibiana Steinhaus,Match Report,,24.0,7.0,19.1,3.0,0.0,0.0,2020,Augsburg
2020-01-25,15:30,Bundesliga,Matchweek 19,Sat,Home,L,0,2,Paderborn 07,1.8,1.9,64.0,23500.0,Christian Günter,3-4-3,4-1-4-1,Christian Dingert,Match Report,,19.0,5.0,14.9,1.0,0.0,0.0,2020,Freiburg
2020-01-25,15:30,Bundesliga,Matchweek 19,Sat,Away,L,0,2,Eint Frankfurt,1.6,1.2,67.0,50300.0,Marcel Sabitzer,3-4-3,4-4-1-1,Daniel Siebert,Match Report,,23.0,4.0,19.4,2.0,0.0,0.0,2020,RB Leipzig
2020-01-25,15:30,Bundesliga,Matchweek 19,Sat,Away,W,2,0,Freiburg,1.9,1.8,36.0,23500.0,Christian Strohdiek,4-1-4-1,3-4-3,Christian Dingert,Match Report,,16.0,2.0,20.1,0.0,1.0,1.0,2020,Paderborn 07
2020-01-25,15:30,Bundesliga,Matchweek 19,Sat,Away,W,2,1,Wolfsburg,1.7,1.4,41.0,24894.0,Niklas Stark,4-1-4-1,4-3-3,Markus Schmidt,Match Report,,9.0,4.0,17.2,0.0,0.0,0.0,2020,Hertha BSC
2020-01-25,15:30,Bundesliga,Matchweek 19,Sat,Away,L,1,3,Gladbach,1.0,2.6,29.0,49175.0,Moussa Niakhate,4-2-3-1,4-2-3-1,Felix Zwayer,Match Report,,13.0,9.0,17.3,0.0,0.0,0.0,2020,Mainz 05
2020-01-25,15:30,Bundesliga,Matchweek 19,Sat,Home,W,2,0,Augsburg,0.8,1.6,45.0,22012.0,Christopher Trimmel,3-4-1-2,4-2-3-1,Bibiana Steinhaus,Match Report,,12.0,3.0,17.6,0.0,0.0,0.0,2020,Union Berlin
2020-01-25,15:30,Bundesliga,Matchweek 19,Sat,Home,W,2,0,RB Leipzig,1.2,1.6,33.0,50300.0,David Abraham,4-4-1-1,3-4-3,Daniel Siebert,Match Report,,7.0,5.0,13.3,0.0,0.0,0.0,2020,Eint Frankfurt
2020-01-25,15:30,Bundesliga,Matchweek 19,Sat,Home,L,1,2,Hertha BSC,1.4,1.7,59.0,24894.0,Josuha Guilavogui,4-3-3,4-1-4-1,Markus Schmidt,Match Report,,20.0,7.0,20.0,1.0,0.0,0.0,2020,Wolfsburg
2020-01-25,18:30,Bundesliga,Matchweek 19,Sat,Away,L,0,5,Bayern Munich,0.4,3.7,25.0,75000.0,Omar Mascarell,4-1-2-1-2◆,4-2-3-1,Manuel Gräfe,Match Report,,7.0,1.0,17.5,0.0,0.0,0.0,2020,Schalke 04
2020-01-25,15:30,Bundesliga,Matchweek 19,Sat,Home,W,3,1,Mainz 05,2.6,1.0,71.0,49175.0,Lars Stindl,4-2-3-1,4-2-3-1,Felix Zwayer,Match Report,,15.0,5.0,15.8,0.0,0.0,0.0,2020,Gladbach
2020-01-26,15:30,Bundesliga,Matchweek 19,Sun,Away,W,3,0,Werder Bremen,1.5,0.8,46.0,40000.0,Benjamin Hübner,5-3-2,3-1-4-2,Martin Petersen,Match Report,,11.0,4.0,14.3,0.0,0.0,0.0,2020,Hoffenheim
2020-01-26,18:00,Bundesliga,Matchweek 19,Sun,Away,L,0,3,Leverkusen,0.9,3.8,34.0,26250.0,Oliver Fink,4-1-4-1,4-2-3-1,Daniel Schlager,Match Report,,12.0,3.0,17.4,0.0,0.0,0.0,2020,Düsseldorf
2020-01-26,15:30,Bundesliga,Matchweek 19,Sun,Home,L,0,3,Hoffenheim,0.8,1.5,54.0,40000.0,Davy Klaassen,3-1-4-2,5-3-2,Martin Petersen,Match Report,,16.0,3.0,22.0,1.0,0.0,0.0,2020,Werder Bremen
2020-01-26,18:00,Bundesliga,Matchweek 19,Sun,Home,W,3,0,Düsseldorf,3.8,0.9,66.0,26250.0,Lars Bender,4-2-3-1,4-1-4-1,Daniel Schlager,Match Report,,26.0,9.0,13.9,0.0,1.0,1.0,2020,Leverkusen
2020-01-31,20:30,Bundesliga,Matchweek 20,Fri,Home,D,0,0,Schalke 04,0.5,1.1,42.0,47863.0,Per Ciljan Skjelbred,4-1-4-1,4-1-2-1-2,Sascha Stegemann,Match Report,,9.0,0.0,17.2,0.0,0.0,0.0,2020,Hertha BSC
2020-01-31,20:30,Bundesliga,Matchweek 20,Fri,Away,D,0,0,Hertha BSC,1.1,0.5,58.0,47863.0,Omar Mascarell,4-1-2-1-2◆,4-1-4-1,Sascha Stegemann,Match Report,,13.0,5.0,18.0,0.0,0.0,0.0,2020,Schalke 04
2020-02-01,15:30,Bundesliga,Matchweek 20,Sat,Away,D,1,1,Düsseldorf,1.1,0.4,47.0,45018.0,David Abraham,4-2-3-1,3-5-2,Frank Willenborg,Match Report,,6.0,4.0,12.4,0.0,0.0,0.0,2020,Eint Frankfurt
2020-02-01,15:30,Bundesliga,Matchweek 20,Sat,Home,L,1,3,Bayern Munich,0.4,2.0,32.0,33305.0,Daniel Brosinski,4-2-3-1,4-2-3-1,Bastian Dankert,Match Report,,8.0,3.0,20.6,1.0,0.0,0.0,2020,Mainz 05
2020-02-01,18:30,Bundesliga,Matchweek 20,Sat,Away,D,2,2,RB Leipzig,0.9,1.5,37.0,42146.0,Yann Sommer,3-4-1-2,4-2-3-1,Tobias Stieler,Match Report,,7.0,4.0,16.7,0.0,0.0,0.0,2020,Gladbach
2020-02-01,15:30,Bundesliga,Matchweek 20,Sat,Away,W,3,1,Mainz 05,2.0,0.4,68.0,33305.0,Manuel Neuer,4-2-3-1,4-2-3-1,Bastian Dankert,Match Report,,13.0,5.0,14.5,0.0,0.0,0.0,2020,Bayern Munich
2020-02-01,18:30,Bundesliga,Matchweek 20,Sat,Home,D,2,2,Gladbach,1.5,0.9,63.0,42146.0,Marcel Sabitzer,4-2-3-1,3-4-1-2,Tobias Stieler,Match Report,,19.0,8.0,18.1,3.0,0.0,0.0,2020,RB Leipzig
2020-02-01,15:30,Bundesliga,Matchweek 20,Sat,Away,L,1,2,Augsburg,0.7,1.2,49.0,29432.0,Niklas Moisander,3-4-3,4-2-2-2,Marco Fritz,Match Report,,7.0,1.0,19.6,1.0,0.0,0.0,2020,Werder Bremen
2020-02-01,15:30,Bundesliga,Matchweek 20,Sat,Home,W,2,1,Werder Bremen,1.2,0.7,51.0,29432.0,Daniel Baier,4-2-2-2,3-4-3,Marco Fritz,Match Report,,15.0,4.0,17.4,1.0,0.0,0.0,2020,Augsburg
2020-02-01,15:30,Bundesliga,Matchweek 20,Sat,Away,L,1,2,Hoffenheim,3.0,2.6,64.0,24489.0,Lars Bender,4-2-3-1,3-4-3,Deniz Aytekin,Match Report,,22.0,10.0,15.6,1.0,0.0,0.0,2020,Leverkusen
2020-02-01,15:30,Bundesliga,Matchweek 20,Sat,Home,D,1,1,Eint Frankfurt,0.4,1.1,53.0,45018.0,Rouwen Hennings,3-5-2,4-2-3-1,Frank Willenborg,Match Report,,8.0,1.0,22.0,1.0,0.0,0.0,2020,Düsseldorf
2020-02-01,15:30,Bundesliga,Matchweek 20,Sat,Home,W,2,1,Leverkusen,2.6,3.0,36.0,24489.0,Benjamin Hübner,3-4-3,4-2-3-1,Deniz Aytekin,Match Report,,14.0,6.0,15.9,1.0,0.0,0.0,2020,Hoffenheim
2020-02-01,15:30,Bundesliga,Matchweek 20,Sat,Away,L,0,5,Dortmund,0.4,2.9,34.0,81365.0,Christopher Trimmel,3-4-3,3-4-3,Benjamin Cortus,Match Report,,5.0,0.0,21.8,0.0,0.0,0.0,2020,Union Berlin
2020-02-01,15:30,Bundesliga,Matchweek 20,Sat,Home,W,5,0,Union Berlin,2.9,0.4,66.0,81365.0,Marco Reus,3-4-3,3-4-3,Benjamin Cortus,Match Report,,12.0,6.0,17.3,1.0,1.0,1.0,2020,Dortmund
2020-02-02,18:00,Bundesliga,Matchweek 20,Sun,Away,W,4,2,Paderborn 07,1.5,0.9,52.0,13926.0,Josuha Guilavogui,4-3-3,4-3-3,Patrick Ittrich,Match Report,,9.0,5.0,12.1,1.0,0.0,0.0,2020,Wolfsburg
2020-02-02,15:30,Bundesliga,Matchweek 20,Sun,Away,L,0,4,Köln,0.8,3.7,55.0,50000.0,Christian Günter,3-4-3,4-2-3-1,Robert Kampka,Match Report,,9.0,2.0,16.2,0.0,0.0,0.0,2020,Freiburg
2020-02-02,15:30,Bundesliga,Matchweek 20,Sun,Home,W,4,0,Freiburg,3.7,0.8,45.0,50000.0,Jonas Hector,4-2-3-1,3-4-3,Robert Kampka,Match Report,,24.0,9.0,16.7,2.0,0.0,0.0,2020,Köln
2020-02-02,18:00,Bundesliga,Matchweek 20,Sun,Home,L,2,4,Wolfsburg,0.9,1.5,48.0,13926.0,Christian Strohdiek,4-3-3,4-3-3,Patrick Ittrich,Match Report,,10.0,7.0,15.6,0.0,0.0,0.0,2020,Paderborn 07
2020-02-04,18:30,DFB-Pokal,Round of 16,Tue,Home,W,3,1,RB Leipzig,,,43.0,47400.0,David Abraham,4-3-3,4-3-3,Felix Brych,Match Report,,9.0,4.0,,,1.0,1.0,2020,Eint Frankfurt
2020-02-04,20:45,DFB-Pokal,Round of 16,Tue,Away,L,2,3,Werder Bremen,,,72.0,41616.0,Marco Reus,3-4-3,3-4-3,Guido Winkmann,Match Report,,20.0,7.0,,,0.0,0.0,2020,Dortmund
2020-02-04,18:30,DFB-Pokal,Round of 16,Tue,Away,W,5,2,Kaiserslautern,,,70.0,35340.0,Rouwen Hennings,3-5-1-1,4-3-3,Markus Schmidt,Match Report,,17.0,7.0,,,0.0,0.0,2020,Düsseldorf
2020-02-04,18:30,DFB-Pokal,Round of 16,Tue,Away,L,1,3,Eint Frankfurt,,,57.0,47400.0,Yussuf Poulsen,4-3-3,4-3-3,Felix Brych,Match Report,,14.0,6.0,,,0.0,0.0,2020,RB Leipzig
2020-02-04,20:45,DFB-Pokal,Round of 16,Tue,Away,L,2,3,Schalke 04,,,45.0,53525.0,Niklas Stark,3-5-2,4-4-2,Harm Osmers,Match Report,Required Extra Time,15.0,7.0,,,0.0,0.0,2020,Hertha BSC
2020-02-04,20:45,DFB-Pokal,Round of 16,Tue,Home,W,3,2,Hertha BSC,,,55.0,53525.0,Omar Mascarell,4-4-2◆,3-5-2,Harm Osmers,Match Report,Required Extra Time,14.0,8.0,,,0.0,0.0,2020,Schalke 04
2020-02-04,20:45,DFB-Pokal,Round of 16,Tue,Home,W,3,2,Dortmund,,,29.0,41616.0,Niklas Moisander,3-4-3,3-4-3,Guido Winkmann,Match Report,,9.0,5.0,,,0.0,0.0,2020,Werder Bremen
2020-02-05,20:45,DFB-Pokal,Round of 16,Wed,Home,W,4,3,Hoffenheim,,,60.0,71500.0,Manuel Neuer,4-2-3-1,3-4-3,Sascha Stegemann,Match Report,,15.0,9.0,,,0.0,0.0,2020,Bayern Munich
2020-02-05,18:30,DFB-Pokal,Round of 16,Wed,Home,W,2,1,Stuttgart,,,64.0,20320.0,Kai Havertz,4-2-3-1,3-4-3,Bibiana Steinhaus,Match Report,,17.0,4.0,,,0.0,0.0,2020,Leverkusen
2020-02-05,18:30,DFB-Pokal,Round of 16,Wed,Away,W,1,0,Verl,,,51.0,5135.0,Christopher Trimmel,3-4-3,4-3-3,Sven Jablonski,Match Report,,12.0,5.0,,,0.0,0.0,2020,Union Berlin
2020-02-05,20:45,DFB-Pokal,Round of 16,Wed,Away,L,3,4,Bayern Munich,,,40.0,71500.0,Benjamin Hübner,3-4-3,4-2-3-1,Sascha Stegemann,Match Report,,12.0,4.0,,,0.0,0.0,2020,Hoffenheim
2020-02-07,20:30,Bundesliga,Matchweek 21,Fri,Home,W,5,0,Augsburg,1.9,0.7,59.0,48800.0,David Abraham,4-4-1-1,4-2-2-2,Manuel Gräfe,Match Report,,13.0,9.0,15.6,0.0,0.0,0.0,2020,Eint Frankfurt
2020-02-07,20:30,Bundesliga,Matchweek 21,Fri,Away,L,0,5,Eint Frankfurt,0.7,1.9,41.0,48800.0,Daniel Baier,4-2-2-2,4-4-1-1,Manuel Gräfe,Match Report,,8.0,4.0,19.3,1.0,0.0,0.0,2020,Augsburg
2020-02-08,15:30,Bundesliga,Matchweek 21,Sat,Away,D,1,1,Wolfsburg,0.7,1.2,51.0,23445.0,Rouwen Hennings,3-1-4-2,4-3-2-1,Tobias Stieler,Match Report,,10.0,2.0,15.1,0.0,0.0,0.0,2020,Düsseldorf
2020-02-08,15:30,Bundesliga,Matchweek 21,Sat,Home,W,1,0,Hoffenheim,2.0,1.7,50.0,24000.0,Christian Günter,4-2-2-2,5-3-2,Sven Jablonski,Match Report,,11.0,4.0,13.9,0.0,1.0,1.0,2020,Freiburg
2020-02-08,15:30,Bundesliga,Matchweek 21,Sat,Away,L,0,1,Freiburg,1.7,2.0,50.0,24000.0,Benjamin Hübner,5-3-2,4-2-2-2,Sven Jablonski,Match Report,,20.0,6.0,19.1,0.0,0.0,0.0,2020,Hoffenheim
2020-02-08,15:30,Bundesliga,Matchweek 21,Sat,Away,W,3,1,Hertha BSC,2.8,0.7,32.0,35049.0,Danny Latza,3-4-3,3-5-2,Martin Petersen,Match Report,,10.0,2.0,18.9,0.0,1.0,1.0,2020,Mainz 05
2020-02-08,18:30,Bundesliga,Matchweek 21,Sat,Away,L,3,4,Leverkusen,0.9,1.3,49.0,30210.0,Mats Hummels,4-2-3-1,3-4-3,Markus Schmidt,Match Report,,12.0,6.0,15.6,0.0,0.0,0.0,2020,Dortmund
2020-02-08,15:30,Bundesliga,Matchweek 21,Sat,Away,D,1,1,Schalke 04,0.7,1.2,35.0,61614.0,Christian Strohdiek,4-3-3,4-1-2-1-2,Felix Brych,Match Report,,15.0,4.0,20.6,0.0,0.0,0.0,2020,Paderborn 07
2020-02-08,15:30,Bundesliga,Matchweek 21,Sat,Home,L,0,2,Union Berlin,1.0,2.3,70.0,42100.0,Niklas Moisander,3-4-3,3-4-3,Daniel Schlager,Match Report,,14.0,3.0,17.2,0.0,0.0,0.0,2020,Werder Bremen
2020-02-08,18:30,Bundesliga,Matchweek 21,Sat,Home,W,4,3,Dortmund,1.3,0.9,51.0,30210.0,Lars Bender,3-4-3,4-2-3-1,Markus Schmidt,Match Report,,8.0,5.0,14.5,0.0,0.0,0.0,2020,Leverkusen
2020-02-08,15:30,Bundesliga,Matchweek 21,Sat,Home,L,1,3,Mainz 05,0.7,2.8,68.0,35049.0,Niklas Stark,3-5-2,3-4-3,Martin Petersen,Match Report,,13.0,3.0,17.1,0.0,0.0,0.0,2020,Hertha BSC
2020-02-08,15:30,Bundesliga,Matchweek 21,Sat,Away,W,2,0,Werder Bremen,2.3,1.0,30.0,42100.0,Christopher Trimmel,3-4-3,3-4-3,Daniel Schlager,Match Report,,11.0,5.0,12.6,0.0,0.0,0.0,2020,Union Berlin
2020-02-08,15:30,Bundesliga,Matchweek 21,Sat,Home,D,1,1,Düsseldorf,1.2,0.7,49.0,23445.0,Josuha Guilavogui,4-3-2-1,3-1-4-2,Tobias Stieler,Match Report,,12.0,5.0,17.2,0.0,0.0,0.0,2020,Wolfsburg
2020-02-08,15:30,Bundesliga,Matchweek 21,Sat,Home,D,1,1,Paderborn 07,1.2,0.7,65.0,61614.0,Omar Mascarell,4-1-2-1-2◆,4-3-3,Felix Brych,Match Report,,15.0,4.0,16.0,0.0,0.0,0.0,2020,Schalke 04
2020-02-09,18:00,Bundesliga,Matchweek 21,Sun,Away,D,0,0,Bayern Munich,1.5,1.3,31.0,75000.0,Marcel Sabitzer,3-4-3,4-2-3-1,Marco Fritz,Match Report,,9.0,0.0,14.7,0.0,0.0,0.0,2020,RB Leipzig
2020-02-09,18:00,Bundesliga,Matchweek 21,Sun,Home,D,0,0,RB Leipzig,1.3,1.5,69.0,75000.0,Manuel Neuer,4-2-3-1,3-4-3,Marco Fritz,Match Report,,11.0,2.0,12.3,0.0,0.0,0.0,2020,Bayern Munich
2020-02-14,20:30,Bundesliga,Matchweek 22,Fri,Home,W,4,0,Eint Frankfurt,1.7,0.0,63.0,81365.0,Łukasz Piszczek,3-4-3,4-2-3-1,Bastian Dankert,Match Report,,17.0,7.0,21.0,2.0,0.0,0.0,2020,Dortmund
2020-02-14,20:30,Bundesliga,Matchweek 22,Fri,Away,L,0,4,Dortmund,0.0,1.7,37.0,81365.0,David Abraham,4-2-3-1,3-4-3,Bastian Dankert,Match Report,,1.0,0.0,25.5,0.0,0.0,0.0,2020,Eint Frankfurt
2020-02-15,15:30,Bundesliga,Matchweek 22,Sat,Away,D,1,1,Augsburg,1.3,0.7,72.0,26822.0,Christian Günter,4-2-2-2,4-2-2-2,Patrick Ittrich,Match Report,,20.0,5.0,17.6,3.0,0.0,0.0,2020,Freiburg
2020-02-15,15:30,Bundesliga,Matchweek 22,Sat,Home,W,3,0,Werder Bremen,2.1,0.3,51.0,41308.0,Marcel Sabitzer,3-4-1-2,3-4-3,Benjamin Cortus,Match Report,,10.0,3.0,12.7,0.0,0.0,0.0,2020,RB Leipzig
2020-02-15,18:30,Bundesliga,Matchweek 22,Sat,Home,L,1,4,Gladbach,0.8,3.0,50.0,51000.0,Rouwen Hennings,3-1-4-2,3-4-3,Daniel Siebert,Match Report,,9.0,4.0,19.6,0.0,0.0,0.0,2020,Düsseldorf
2020-02-15,15:30,Bundesliga,Matchweek 22,Sat,Home,L,1,2,Hertha BSC,1.2,1.9,54.0,14687.0,Christian Strohdiek,4-3-3,3-1-4-2,Bibiana Steinhaus,Match Report,,21.0,4.0,20.7,1.0,0.0,0.0,2020,Paderborn 07
2020-02-15,15:30,Bundesliga,Matchweek 22,Sat,Home,L,2,3,Wolfsburg,3.3,3.5,57.0,22506.0,Benjamin Hübner,3-1-4-2,4-3-3,Sören Storks,Match Report,,13.0,5.0,16.3,1.0,1.0,1.0,2020,Hoffenheim
2020-02-15,15:30,Bundesliga,Matchweek 22,Sat,Away,W,3,2,Hoffenheim,3.5,3.3,43.0,22506.0,Josuha Guilavogui,4-3-3,3-1-4-2,Sören Storks,Match Report,,12.0,4.0,19.2,0.0,2.0,2.0,2020,Wolfsburg
2020-02-15,18:30,Bundesliga,Matchweek 22,Sat,Away,W,4,1,Düsseldorf,3.0,0.8,50.0,51000.0,Lars Stindl,3-4-3,3-1-4-2,Daniel Siebert,Match Report,,17.0,6.0,16.1,1.0,0.0,0.0,2020,Gladbach
2020-02-15,15:30,Bundesliga,Matchweek 22,Sat,Away,W,2,1,Paderborn 07,1.9,1.2,46.0,14687.0,Niklas Stark,3-1-4-2,4-3-3,Bibiana Steinhaus,Match Report,,16.0,6.0,15.9,0.0,0.0,0.0,2020,Hertha BSC
2020-02-15,15:30,Bundesliga,Matchweek 22,Sat,Away,W,3,2,Union Berlin,1.7,2.0,60.0,22012.0,Lars Bender,3-4-3,3-4-3,Harm Osmers,Match Report,,13.0,5.0,15.8,0.0,0.0,0.0,2020,Leverkusen
2020-02-15,15:30,Bundesliga,Matchweek 22,Sat,Away,L,0,3,RB Leipzig,0.3,2.1,49.0,41308.0,Niklas Moisander,3-4-3,3-4-1-2,Benjamin Cortus,Match Report,,8.0,1.0,21.2,0.0,0.0,0.0,2020,Werder Bremen
2020-02-15,15:30,Bundesliga,Matchweek 22,Sat,Home,L,2,3,Leverkusen,2.0,1.7,40.0,22012.0,Christopher Trimmel,3-4-3,3-4-3,Harm Osmers,Match Report,,21.0,7.0,15.8,0.0,0.0,0.0,2020,Union Berlin
2020-02-15,15:30,Bundesliga,Matchweek 22,Sat,Home,D,1,1,Freiburg,0.7,1.3,28.0,26822.0,Daniel Baier,4-2-2-2,4-2-2-2,Patrick Ittrich,Match Report,,9.0,3.0,21.7,1.0,0.0,0.0,2020,Augsburg
2020-02-16,15:30,Bundesliga,Matchweek 22,Sun,Home,L,1,4,Bayern Munich,2.5,2.6,39.0,50000.0,Jonas Hector,4-2-3-1,4-2-3-1,Felix Zwayer,Match Report,,13.0,5.0,16.4,0.0,0.0,0.0,2020,Köln
2020-02-16,18:00,Bundesliga,Matchweek 22,Sun,Home,D,0,0,Schalke 04,1.5,0.7,40.0,27482.0,Danny Latza,3-4-3,4-1-2-1-2,Guido Winkmann,Match Report,,15.0,5.0,17.9,0.0,0.0,0.0,2020,Mainz 05
2020-02-16,18:00,Bundesliga,Matchweek 22,Sun,Away,D,0,0,Mainz 05,0.7,1.5,60.0,27482.0,Omar Mascarell,4-1-2-1-2◆,3-4-3,Guido Winkmann,Match Report,,8.0,3.0,19.0,1.0,0.0,0.0,2020,Schalke 04
2020-02-16,15:30,Bundesliga,Matchweek 22,Sun,Away,W,4,1,Köln,2.6,2.5,61.0,50000.0,Manuel Neuer,4-2-3-1,4-2-3-1,Felix Zwayer,Match Report,,24.0,8.0,18.2,0.0,0.0,0.0,2020,Bayern Munich
2020-02-18,21:00,Champions Lg,Round of 16,Tue,Home,W,2,1,fr Paris S-G,1.3,1.5,47.0,66099.0,Łukasz Piszczek,3-4-3,3-4-3,Antonio Matéu Lahoz,Match Report,Leg 1 of 2,12.0,3.0,18.6,0.0,0.0,0.0,2020,Dortmund
2020-02-19,20:00 (21:00),Champions Lg,Round of 16,Wed,Away,W,1,0,eng Tottenham,2.1,1.1,56.0,60095.0,Marcel Sabitzer,3-4-3,4-4-2,Cüneyt Çakιr,Match Report,Leg 1 of 2,15.0,4.0,17.2,1.0,1.0,1.0,2020,RB Leipzig
2020-02-20,21:00,Europa Lg,Round of 32,Thu,Home,W,2,1,pt Porto,2.6,1.3,64.0,26839.0,Lars Bender,4-1-4-1,4-4-2,Slavko Vinčič,Match Report,Leg 1 of 2,18.0,6.0,17.4,1.0,1.0,1.0,2020,Leverkusen
2020-02-20,18:55,Europa Lg,Round of 32,Thu,Home,W,4,1,at RB Salzburg,3.0,1.4,49.0,47000.0,David Abraham,4-1-4-1,4-1-2-1-2,Ali Palabıyık,Match Report,Leg 1 of 2,17.0,7.0,13.1,0.0,0.0,0.0,2020,Eint Frankfurt
2020-02-20,21:00,Europa Lg,Round of 32,Thu,Home,W,2,1,se Malmö,1.3,1.0,63.0,13801.0,Koen Casteels,4-3-3,4-4-1-1,Gediminas Mažeika,Match Report,Leg 1 of 2,16.0,5.0,20.5,2.0,0.0,0.0,2020,Wolfsburg
2020-02-21,20:30,Bundesliga,Matchweek 23,Fri,Home,W,3,2,Paderborn 07,3.1,1.7,71.0,75000.0,Manuel Neuer,3-4-3,4-4-1-1,Markus Schmidt,Match Report,,18.0,9.0,13.7,0.0,0.0,0.0,2020,Bayern Munich
2020-02-21,20:30,Bundesliga,Matchweek 23,Fri,Away,L,2,3,Bayern Munich,1.7,3.1,29.0,75000.0,Christian Strohdiek,4-4-1-1,3-4-3,Markus Schmidt,Match Report,,5.0,4.0,10.2,0.0,0.0,0.0,2020,Paderborn 07
2020-02-22,15:30,Bundesliga,Matchweek 23,Sat,Away,D,1,1,Gladbach,1.6,2.3,52.0,50250.0,Benjamin Hübner,4-2-2-2,4-3-3,Felix Brych,Match Report,,21.0,4.0,16.5,2.0,0.0,0.0,2020,Hoffenheim
2020-02-22,15:30,Bundesliga,Matchweek 23,Sat,Away,W,2,0,Freiburg,0.9,1.1,40.0,24000.0,Adam Bodzek,5-3-2,4-2-3-1,Frank Willenborg,Match Report,,9.0,4.0,23.0,0.0,0.0,0.0,2020,Düsseldorf
2020-02-22,15:30,Bundesliga,Matchweek 23,Sat,Home,L,0,2,Düsseldorf,1.1,0.9,60.0,24000.0,Christian Günter,4-2-3-1,5-3-2,Frank Willenborg,Match Report,,16.0,4.0,20.6,3.0,0.0,0.0,2020,Freiburg
2020-02-22,15:30,Bundesliga,Matchweek 23,Sat,Away,W,2,0,Werder Bremen,1.5,0.3,64.0,42100.0,Łukasz Piszczek,3-4-3,3-4-3,Marco Fritz,Match Report,,12.0,6.0,18.1,0.0,0.0,0.0,2020,Dortmund
2020-02-22,18:30,Bundesliga,Matchweek 23,Sat,Home,L,0,5,RB Leipzig,0.2,2.5,53.0,61433.0,Omar Mascarell,4-1-2-1-2◆,3-1-4-2,Sascha Stegemann,Match Report,,3.0,2.0,18.1,0.0,0.0,0.0,2020,Schalke 04
2020-02-22,15:30,Bundesliga,Matchweek 23,Sat,Home,L,0,2,Dortmund,0.3,1.5,36.0,42100.0,Niklas Moisander,3-4-3,3-4-3,Marco Fritz,Match Report,,8.0,2.0,27.9,1.0,0.0,0.0,2020,Werder Bremen
2020-02-22,18:30,Bundesliga,Matchweek 23,Sat,Away,W,5,0,Schalke 04,2.5,0.2,47.0,61433.0,Marcel Sabitzer,3-1-4-2,4-1-2-1-2,Sascha Stegemann,Match Report,,24.0,8.0,17.3,0.0,0.0,0.0,2020,RB Leipzig
2020-02-22,15:30,Bundesliga,Matchweek 23,Sat,Home,L,0,5,Köln,0.6,2.4,61.0,46207.0,Niklas Stark,3-1-4-2,4-2-3-1,Daniel Schlager,Match Report,,9.0,1.0,18.7,0.0,0.0,0.0,2020,Hertha BSC
2020-02-22,15:30,Bundesliga,Matchweek 23,Sat,Home,D,1,1,Hoffenheim,2.3,1.6,48.0,50250.0,Lars Stindl,4-3-3,4-2-2-2,Felix Brych,Match Report,,15.0,9.0,16.0,0.0,0.0,1.0,2020,Gladbach
2020-02-22,15:30,Bundesliga,Matchweek 23,Sat,Away,W,5,0,Hertha BSC,2.4,0.6,39.0,46207.0,Timo Horn,4-2-3-1,3-1-4-2,Daniel Schlager,Match Report,,17.0,11.0,16.0,1.0,0.0,0.0,2020,Köln
2020-02-23,18:00,Bundesliga,Matchweek 23,Sun,Away,L,0,4,Wolfsburg,1.1,2.8,44.0,21058.0,Danny Latza,3-4-3,4-4-2,Benjamin Cortus,Match Report,,17.0,3.0,17.6,0.0,0.0,0.0,2020,Mainz 05
2020-02-23,15:30,Bundesliga,Matchweek 23,Sun,Away,L,0,2,Leverkusen,0.7,1.1,25.0,23703.0,Daniel Baier,5-4-1,3-4-3,Sven Jablonski,Match Report,,8.0,3.0,20.2,1.0,0.0,0.0,2020,Augsburg
2020-02-23,18:00,Bundesliga,Matchweek 23,Sun,Home,W,4,0,Mainz 05,2.8,1.1,56.0,21058.0,Koen Casteels,4-4-2,3-4-3,Benjamin Cortus,Match Report,,17.0,6.0,18.3,0.0,0.0,0.0,2020,Wolfsburg
2020-02-23,15:30,Bundesliga,Matchweek 23,Sun,Home,W,2,0,Augsburg,1.1,0.7,75.0,23703.0,Kai Havertz,3-4-3,5-4-1,Sven Jablonski,Match Report,,9.0,4.0,17.5,0.0,0.0,0.0,2020,Leverkusen
2020-02-24,20:30,Bundesliga,Matchweek 23,Mon,Away,W,2,1,Eint Frankfurt,1.1,2.6,37.0,47000.0,Marvin Friedrich,3-4-3,4-2-3-1,Deniz Aytekin,Match Report,,11.0,7.0,14.3,0.0,0.0,0.0,2020,Union Berlin
2020-02-24,20:30,Bundesliga,Matchweek 23,Mon,Home,L,1,2,Union Berlin,2.6,1.1,63.0,47000.0,David Abraham,4-2-3-1,3-4-3,Deniz Aytekin,Match Report,,21.0,3.0,15.3,0.0,0.0,0.0,2020,Eint Frankfurt
2020-02-25,20:00 (21:00),Champions Lg,Round of 16,Tue,Away,W,3,0,eng Chelsea,3.4,1.1,63.0,36761.0,Manuel Neuer,4-2-3-1,3-4-3,Clément Turpin,Match Report,Leg 1 of 2,16.0,6.0,15.1,1.0,0.0,0.0,2020,Bayern Munich
2020-02-27,17:55 (18:55),Europa Lg,Round of 32,Thu,Away,W,3,1,pt Porto,1.5,0.3,53.0,30292.0,Lars Bender,3-4-3,4-4-2,István Kovács,Match Report,Leg 2 of 2; Leverkusen won,8.0,6.0,14.5,0.0,0.0,0.0,2020,Leverkusen
2020-02-27,18:55,Europa Lg,Round of 32,Thu,Away,W,3,0,se Malmö,2.2,0.7,46.0,20500.0,Koen Casteels,4-3-3,4-4-1-1,William Collum,Match Report,Leg 2 of 2; Wolfsburg won,14.0,4.0,19.7,0.0,0.0,0.0,2020,Wolfsburg
2020-02-28,20:30,Bundesliga,Matchweek 24,Fri,Home,D,3,3,Hertha BSC,1.4,2.7,50.0,31632.0,Adam Bodzek,5-3-2,4-4-2,Tobias Stieler,Match Report,,14.0,5.0,19.6,1.0,0.0,0.0,2020,Düsseldorf
2020-02-28,20:30,Bundesliga,Matchweek 24,Fri,Away,D,3,3,Düsseldorf,2.7,1.4,50.0,31632.0,Per Ciljan Skjelbred,4-4-2,5-3-2,Tobias Stieler,Match Report,,14.0,6.0,18.2,0.0,1.0,1.0,2020,Hertha BSC
2020-02-28,18:00,Europa Lg,Round of 32,Fri,Away,D,2,2,at RB Salzburg,1.7,1.4,38.0,29000.0,David Abraham,4-1-4-1,4-1-2-1-2,Benoît Bastien,Match Report,Leg 2 of 2; Eint Frankfurt won,12.0,8.0,17.7,0.0,0.0,0.0,2020,Eint Frankfurt
2020-02-29,15:30,Bundesliga,Matchweek 24,Sat,Home,W,2,0,Paderborn 07,0.9,0.7,45.0,24231.0,Moussa Niakhate,4-4-2,4-3-3,Harm Osmers,Match Report,,8.0,3.0,20.1,1.0,0.0,0.0,2020,Mainz 05
2020-02-29,15:30,Bundesliga,Matchweek 24,Sat,Away,L,0,1,Dortmund,0.9,1.3,36.0,81365.0,Christian Günter,3-4-3,3-4-3,Robert Hartmann,Match Report,,13.0,3.0,17.1,1.0,0.0,0.0,2020,Freiburg
2020-02-29,15:30,Bundesliga,Matchweek 24,Sat,Away,L,0,2,Mainz 05,0.7,0.9,55.0,24231.0,Christian Strohdiek,4-3-3,4-4-2,Harm Osmers,Match Report,,9.0,4.0,21.3,0.0,0.0,0.0,2020,Paderborn 07
2020-02-29,18:30,Bundesliga,Matchweek 24,Sat,Away,L,0,3,Köln,0.8,1.3,61.0,50000.0,Bastian Oczipka,4-2-3-1,4-2-3-1,Manuel Gräfe,Match Report,,7.0,1.0,16.8,0.0,0.0,0.0,2020,Schalke 04
2020-02-29,18:30,Bundesliga,Matchweek 24,Sat,Home,W,3,0,Schalke 04,1.3,0.8,39.0,50000.0,Jonas Hector,4-2-3-1,4-2-3-1,Manuel Gräfe,Match Report,,11.0,6.0,16.9,1.0,0.0,0.0,2020,Köln
2020-02-29,15:30,Bundesliga,Matchweek 24,Sat,Home,W,1,0,Freiburg,1.3,0.9,64.0,81365.0,Łukasz Piszczek,3-4-3,3-4-3,Robert Hartmann,Match Report,,16.0,2.0,19.9,1.0,0.0,0.0,2020,Dortmund
2020-02-29,15:30,Bundesliga,Matchweek 24,Sat,Home,L,0,6,Bayern Munich,0.3,4.2,34.0,30150.0,Benjamin Hübner,4-2-3-1,4-2-3-1,Christian Dingert,Match Report,,4.0,1.0,12.3,0.0,0.0,0.0,2020,Hoffenheim
2020-02-29,15:30,Bundesliga,Matchweek 24,Sat,Away,W,3,2,Augsburg,3.0,0.8,54.0,29303.0,Lars Stindl,4-2-3-1,4-5-1,Markus Schmidt,Match Report,,15.0,7.0,15.9,0.0,0.0,0.0,2020,Gladbach
2020-02-29,15:30,Bundesliga,Matchweek 24,Sat,Away,W,6,0,Hoffenheim,4.2,0.3,66.0,30150.0,Manuel Neuer,4-2-3-1,4-2-3-1,Christian Dingert,Match Report,,25.0,11.0,13.8,0.0,0.0,0.0,2020,Bayern Munich
2020-02-29,15:30,Bundesliga,Matchweek 24,Sat,Home,L,2,3,Gladbach,0.8,3.0,46.0,29303.0,Jeffrey Gouweleeuw,4-5-1,4-2-3-1,Markus Schmidt,Match Report,,8.0,3.0,15.8,0.0,0.0,0.0,2020,Augsburg
2020-03-01,13:30,Bundesliga,Matchweek 24,Sun,Away,D,2,2,Union Berlin,1.9,0.7,60.0,22012.0,Koen Casteels,4-4-2,3-4-3,Bastian Dankert,Match Report,,12.0,3.0,14.9,0.0,0.0,0.0,2020,Wolfsburg
2020-03-01,13:30,Bundesliga,Matchweek 24,Sun,Home,D,2,2,Wolfsburg,0.7,1.9,40.0,22012.0,Christopher Trimmel,3-4-3,4-4-2,Bastian Dankert,Match Report,,6.0,3.0,13.2,0.0,0.0,0.0,2020,Union Berlin
2020-03-01,15:30,Bundesliga,Matchweek 24,Sun,Away,D,1,1,RB Leipzig,1.3,0.8,62.0,41216.0,Kai Havertz,3-4-3,3-1-4-2,Felix Zwayer,Match Report,,15.0,6.0,19.7,0.0,0.0,0.0,2020,Leverkusen
2020-03-01,15:30,Bundesliga,Matchweek 24,Sun,Home,D,1,1,Leverkusen,0.8,1.3,38.0,41216.0,Marcel Sabitzer,3-1-4-2,3-4-3,Felix Zwayer,Match Report,,9.0,2.0,18.9,0.0,0.0,0.0,2020,RB Leipzig
2020-03-03,18:30,DFB-Pokal,Quarter-finals,Tue,Away,D,1 (6),1 (7),Saarbrücken,,,74.0,6800.0,Adam Bodzek,3-4-3,4-4-2,Deniz Aytekin,Match Report,Saarbrücken won on penalty kicks following extra time,36.0,16.0,,,0.0,1.0,2020,Düsseldorf
2020-03-03,20:45,DFB-Pokal,Quarter-finals,Tue,Away,W,1,0,Schalke 04,,,80.0,62271.0,Manuel Neuer,4-2-3-1,5-4-1,Tobias Stieler,Match Report,,20.0,3.0,,,0.0,0.0,2020,Bayern Munich
2020-03-03,20:45,DFB-Pokal,Quarter-finals,Tue,Home,L,0,1,Bayern Munich,,,20.0,62271.0,Guido Burgstaller,5-4-1,4-2-3-1,Tobias Stieler,Match Report,,6.0,1.0,,,0.0,0.0,2020,Schalke 04
2020-03-04,18:30,DFB-Pokal,Quarter-finals,Wed,Home,W,3,1,Union Berlin,,,66.0,18453.0,Kai Havertz,3-4-3,3-4-3,Benjamin Cortus,Match Report,,17.0,9.0,,,0.0,0.0,2020,Leverkusen
2020-03-04,18:30,DFB-Pokal,Quarter-finals,Wed,Away,L,1,3,Leverkusen,,,34.0,18453.0,Marvin Friedrich,3-4-3,3-4-3,Benjamin Cortus,Match Report,,6.0,3.0,,,0.0,0.0,2020,Union Berlin
2020-03-04,20:45,DFB-Pokal,Quarter-finals,Wed,Home,W,2,0,Werder Bremen,,,49.0,51500.0,David Abraham,4-2-3-1,4-3-3,Felix Zwayer,Match Report,,13.0,2.0,,,1.0,1.0,2020,Eint Frankfurt
2020-03-04,20:45,DFB-Pokal,Quarter-finals,Wed,Away,L,0,2,Eint Frankfurt,,,51.0,51500.0,Niklas Moisander,4-3-3,4-2-3-1,Felix Zwayer,Match Report,,14.0,3.0,,,0.0,0.0,2020,Werder Bremen
2020-03-06,20:00,Bundesliga,Matchweek 25,Fri,Away,W,2,1,Paderborn 07,2.5,0.7,51.0,15000.0,Jonas Hector,4-2-3-1,4-4-2,Daniel Siebert,Match Report,,15.0,3.0,16.0,0.0,0.0,0.0,2020,Köln
2020-03-06,20:00,Bundesliga,Matchweek 25,Fri,Home,L,1,2,Köln,0.7,2.5,49.0,15000.0,Christian Strohdiek,4-4-2,4-2-3-1,Daniel Siebert,Match Report,,16.0,2.0,20.3,1.0,0.0,0.0,2020,Paderborn 07
2020-03-07,15:30,Bundesliga,Matchweek 25,Sat,Away,D,2,2,Hertha BSC,1.1,1.0,51.0,58028.0,Niklas Moisander,4-1-2-1-2◆,4-4-2,Guido Winkmann,Match Report,,7.0,3.0,20.4,0.0,0.0,0.0,2020,Werder Bremen
2020-03-07,15:30,Bundesliga,Matchweek 25,Sat,Home,D,0,0,RB Leipzig,0.7,1.2,39.0,27195.0,Koen Casteels,4-4-2,3-1-4-2,Daniel Schlager,Match Report,,16.0,4.0,21.5,0.0,0.0,0.0,2020,Wolfsburg
2020-03-07,18:30,Bundesliga,Matchweek 25,Sat,Away,W,2,1,Gladbach,1.2,2.4,54.0,53877.0,Łukasz Piszczek,3-4-3,3-4-3,Sascha Stegemann,Match Report,,10.0,4.0,13.8,0.0,0.0,0.0,2020,Dortmund
2020-03-07,15:30,Bundesliga,Matchweek 25,Sat,Away,D,1,1,Schalke 04,0.6,1.1,56.0,58324.0,Benjamin Hübner,3-1-4-2,3-4-3,Sven Jablonski,Match Report,,4.0,1.0,11.2,1.0,0.0,0.0,2020,Hoffenheim
2020-03-07,15:30,Bundesliga,Matchweek 25,Sat,Away,L,0,4,Leverkusen,0.8,2.4,39.0,30210.0,Makoto Hasebe,4-2-3-1,4-2-3-1,Felix Brych,Match Report,,9.0,3.0,16.1,0.0,0.0,0.0,2020,Eint Frankfurt
2020-03-07,15:30,Bundesliga,Matchweek 25,Sat,Home,D,1,1,Hoffenheim,1.1,0.6,44.0,58324.0,Guido Burgstaller,3-4-3,3-1-4-2,Sven Jablonski,Match Report,,14.0,4.0,19.6,0.0,0.0,0.0,2020,Schalke 04
2020-03-07,15:30,Bundesliga,Matchweek 25,Sat,Home,W,4,0,Eint Frankfurt,2.4,0.8,61.0,30210.0,Julian Baumgartlinger,4-2-3-1,4-2-3-1,Felix Brych,Match Report,,13.0,5.0,17.6,0.0,0.0,0.0,2020,Leverkusen
2020-03-07,15:30,Bundesliga,Matchweek 25,Sat,Home,W,3,1,Union Berlin,1.4,0.7,52.0,24000.0,Christian Günter,3-4-3,3-4-3,Marco Fritz,Match Report,,9.0,4.0,16.6,1.0,0.0,0.0,2020,Freiburg
2020-03-07,15:30,Bundesliga,Matchweek 25,Sat,Away,D,0,0,Wolfsburg,1.2,0.7,61.0,27195.0,Marcel Sabitzer,3-1-4-2,4-4-2,Daniel Schlager,Match Report,,14.0,4.0,17.6,0.0,0.0,0.0,2020,RB Leipzig
2020-03-07,18:30,Bundesliga,Matchweek 25,Sat,Home,L,1,2,Dortmund,2.4,1.2,46.0,53877.0,Lars Stindl,3-4-3,3-4-3,Sascha Stegemann,Match Report,,10.0,3.0,13.7,0.0,0.0,0.0,2020,Gladbach
2020-03-07,15:30,Bundesliga,Matchweek 25,Sat,Away,L,1,3,Freiburg,0.7,1.4,48.0,24000.0,Christopher Trimmel,3-4-3,3-4-3,Marco Fritz,Match Report,,14.0,4.0,22.0,1.0,0.0,0.0,2020,Union Berlin
2020-03-07,15:30,Bundesliga,Matchweek 25,Sat,Home,D,2,2,Werder Bremen,1.0,1.1,49.0,58028.0,Niklas Stark,4-4-2,4-1-2-1-2,Guido Winkmann,Match Report,,19.0,5.0,20.5,0.0,0.0,0.0,2020,Hertha BSC
2020-03-08,18:00,Bundesliga,Matchweek 25,Sun,Home,D,1,1,Düsseldorf,0.9,2.0,36.0,21409.0,Danny Latza,3-4-3,5-4-1,Harm Osmers,Match Report,,3.0,1.0,16.0,0.0,0.0,0.0,2020,Mainz 05
2020-03-08,15:30,Bundesliga,Matchweek 25,Sun,Away,L,0,2,Bayern Munich,0.7,3.5,27.0,75000.0,Daniel Baier,4-2-3-1,4-2-3-1,Bibiana Steinhaus,Match Report,,6.0,2.0,14.5,0.0,0.0,0.0,2020,Augsburg
2020-03-08,18:00,Bundesliga,Matchweek 25,Sun,Away,D,1,1,Mainz 05,2.0,0.9,64.0,21409.0,Adam Bodzek,5-4-1,3-4-3,Harm Osmers,Match Report,,20.0,5.0,19.6,2.0,0.0,0.0,2020,Düsseldorf
2020-03-08,15:30,Bundesliga,Matchweek 25,Sun,Home,W,2,0,Augsburg,3.5,0.7,73.0,75000.0,Manuel Neuer,4-2-3-1,4-2-3-1,Bibiana Steinhaus,Match Report,,18.0,6.0,13.6,0.0,0.0,0.0,2020,Bayern Munich
2020-03-10,21:00,Champions Lg,Round of 16,Tue,Home,W,3,0,eng Tottenham,0.9,0.3,54.0,42146.0,Marcel Sabitzer,3-4-3,3-4-3,Carlos del Cerro,Match Report,Leg 2 of 2; RB Leipzig won,13.0,5.0,18.4,0.0,0.0,0.0,2020,RB Leipzig
2020-03-11,18:30,Bundesliga,Matchweek 21,Wed,Home,W,2,1,Köln,0.8,1.2,53.0,,Yann Sommer,4-2-3-1,4-2-3-1,Deniz Aytekin,Match Report,,12.0,5.0,17.3,0.0,0.0,0.0,2020,Gladbach
2020-03-11,21:00,Champions Lg,Round of 16,Wed,Away,L,0,2,fr Paris S-G,0.5,1.2,53.0,,Łukasz Piszczek,3-4-3,4-2-2-2,Anthony Taylor,Match Report,Leg 2 of 2; Paris S-G won,11.0,2.0,23.5,1.0,0.0,0.0,2020,Dortmund
2020-03-11,18:30,Bundesliga,Matchweek 21,Wed,Away,L,1,2,Gladbach,1.2,0.8,47.0,,Jonas Hector,4-2-3-1,4-2-3-1,Deniz Aytekin,Match Report,,15.0,3.0,15.1,1.0,0.0,0.0,2020,Köln
2020-03-12,20:00 (21:00),Europa Lg,Round of 16,Thu,Away,W,3,1,sct Rangers,1.4,0.9,64.0,47494.0,Kai Havertz,3-4-3,4-3-3,Szymon Marciniak,Match Report,Leg 1 of 2,12.0,6.0,19.5,2.0,1.0,1.0,2020,Leverkusen
2020-03-12,21:00,Europa Lg,Round of 16,Thu,Home,L,1,2,ua Shakhtar,1.4,1.9,52.0,,Koen Casteels,4-3-3,4-1-4-1,Damir Skomina,Match Report,Leg 1 of 2,15.0,4.0,22.8,0.0,0.0,1.0,2020,Wolfsburg
2020-03-12,18:55,Europa Lg,Round of 16,Thu,Home,L,0,3,ch Basel,0.8,1.5,63.0,,David Abraham,4-1-4-1,4-2-3-1,Andreas Ekberg,Match Report,Leg 1 of 2,14.0,4.0,18.4,1.0,0.0,0.0,2020,Eint Frankfurt
2020-05-16,15:30,Bundesliga,Matchweek 26,Sat,Home,D,0,0,Paderborn 07,1.1,0.7,54.0,,Kaan Ayhan,3-5-2,4-1-4-1,Frank Willenborg,Match Report,,10.0,1.0,18.7,0.0,0.0,0.0,2020,Düsseldorf
2020-05-16,15:30,Bundesliga,Matchweek 26,Sat,Away,D,0,0,Düsseldorf,0.7,1.1,46.0,,Uwe Hünemeier,4-1-4-1,3-5-2,Frank Willenborg,Match Report,,7.0,1.0,21.3,1.0,0.0,0.0,2020,Paderborn 07
2020-05-16,15:30,Bundesliga,Matchweek 26,Sat,Home,W,4,0,Schalke 04,1.3,0.5,59.0,,Łukasz Piszczek,3-4-3,3-4-3,Deniz Aytekin,Match Report,,11.0,4.0,17.3,1.0,0.0,0.0,2020,Dortmund
2020-05-16,15:30,Bundesliga,Matchweek 26,Sat,Away,W,3,0,Hoffenheim,1.4,2.6,49.0,,Vedad Ibišević,4-2-3-1,4-2-3-1,Christian Dingert,Match Report,,13.0,6.0,15.3,0.0,0.0,0.0,2020,Hertha BSC
2020-05-16,18:30,Bundesliga,Matchweek 26,Sat,Away,W,3,1,Eint Frankfurt,2.6,1.2,48.0,,Yann Sommer,4-2-3-1,4-5-1,Felix Zwayer,Match Report,,14.0,6.0,19.7,1.0,1.0,1.0,2020,Gladbach
2020-05-16,15:30,Bundesliga,Matchweek 26,Sat,Away,D,1,1,RB Leipzig,0.7,2.1,34.0,,Christian Günter,3-4-3,3-1-4-2,Manuel Gräfe,Match Report,,6.0,1.0,19.6,0.0,0.0,0.0,2020,Freiburg
2020-05-16,15:30,Bundesliga,Matchweek 26,Sat,Away,W,2,1,Augsburg,1.5,1.3,60.0,,Koen Casteels,4-2-3-1,4-2-3-1,Felix Brych,Match Report,,16.0,4.0,16.7,0.0,0.0,0.0,2020,Wolfsburg
2020-05-16,15:30,Bundesliga,Matchweek 26,Sat,Home,L,1,2,Wolfsburg,1.3,1.5,40.0,,Daniel Baier,4-2-3-1,4-2-3-1,Felix Brych,Match Report,,8.0,3.0,16.4,0.0,0.0,0.0,2020,Augsburg
2020-05-16,18:30,Bundesliga,Matchweek 26,Sat,Home,L,1,3,Gladbach,1.2,2.6,52.0,,David Abraham,4-5-1,4-2-3-1,Felix Zwayer,Match Report,,12.0,4.0,15.2,1.0,0.0,0.0,2020,Eint Frankfurt
2020-05-16,15:30,Bundesliga,Matchweek 26,Sat,Home,L,0,3,Hertha BSC,2.6,1.4,51.0,,Benjamin Hübner,4-2-3-1,4-2-3-1,Christian Dingert,Match Report,,18.0,2.0,15.5,0.0,0.0,0.0,2020,Hoffenheim
2020-05-16,15:30,Bundesliga,Matchweek 26,Sat,Away,L,0,4,Dortmund,0.5,1.3,41.0,,Daniel Caligiuri,3-4-3,3-4-3,Deniz Aytekin,Match Report,,10.0,3.0,23.4,1.0,0.0,0.0,2020,Schalke 04
2020-05-16,15:30,Bundesliga,Matchweek 26,Sat,Home,D,1,1,Freiburg,2.1,0.7,66.0,,Yussuf Poulsen,3-1-4-2,3-4-3,Manuel Gräfe,Match Report,,22.0,8.0,17.6,0.0,0.0,0.0,2020,RB Leipzig
2020-05-17,15:30,Bundesliga,Matchweek 26,Sun,Home,D,2,2,Mainz 05,2.7,2.3,48.0,,Jonas Hector,4-2-3-1,4-2-3-1,Guido Winkmann,Match Report,,15.0,5.0,15.1,1.0,1.0,1.0,2020,Köln
2020-05-17,18:00,Bundesliga,Matchweek 26,Sun,Away,W,2,0,Union Berlin,1.5,0.6,67.0,,Manuel Neuer,4-2-3-1,3-4-3,Bastian Dankert,Match Report,,12.0,2.0,20.6,1.0,1.0,1.0,2020,Bayern Munich
2020-05-17,18:00,Bundesliga,Matchweek 26,Sun,Home,L,0,2,Bayern Munich,0.6,1.5,33.0,,Christopher Trimmel,3-4-3,4-2-3-1,Bastian Dankert,Match Report,,9.0,2.0,18.5,0.0,0.0,0.0,2020,Union Berlin
2020-05-17,15:30,Bundesliga,Matchweek 26,Sun,Away,D,2,2,Köln,2.3,2.7,52.0,,Moussa Niakhate,4-2-3-1,4-2-3-1,Guido Winkmann,Match Report,,11.0,5.0,14.6,0.0,0.0,0.0,2020,Mainz 05
2020-05-18,20:30,Bundesliga,Matchweek 26,Mon,Home,L,1,4,Leverkusen,1.2,2.1,36.0,,Niklas Moisander,4-3-3,4-2-3-1,Tobias Stieler,Match Report,,10.0,1.0,16.1,0.0,0.0,0.0,2020,Werder Bremen
2020-05-18,20:30,Bundesliga,Matchweek 26,Mon,Away,W,4,1,Werder Bremen,2.1,1.2,64.0,,Kai Havertz,4-2-3-1,4-3-3,Tobias Stieler,Match Report,,13.0,6.0,14.0,0.0,0.0,0.0,2020,Leverkusen
2020-05-22,20:30,Bundesliga,Matchweek 27,Fri,Away,L,0,4,Hertha BSC,0.3,1.9,45.0,,Christopher Trimmel,3-4-3,4-2-3-1,Harm Osmers,Match Report,,7.0,0.0,21.7,1.0,0.0,0.0,2020,Union Berlin
2020-05-22,20:30,Bundesliga,Matchweek 27,Fri,Home,W,4,0,Union Berlin,1.9,0.3,55.0,,Vedad Ibišević,4-2-3-1,3-4-3,Harm Osmers,Match Report,,15.0,7.0,19.5,1.0,0.0,0.0,2020,Hertha BSC
2020-05-23,15:30,Bundesliga,Matchweek 27,Sat,Away,W,2,0,Wolfsburg,1.0,0.6,61.0,,Łukasz Piszczek,3-4-3,4-4-2,Daniel Siebert,Match Report,,6.0,2.0,17.2,0.0,0.0,0.0,2020,Dortmund
2020-05-23,15:30,Bundesliga,Matchweek 27,Sat,Away,W,3,1,Gladbach,3.4,2.5,54.0,,Kai Havertz,3-4-3,4-2-3-1,Sören Storks,Match Report,,13.0,6.0,15.9,0.0,1.0,1.0,2020,Leverkusen
2020-05-23,18:30,Bundesliga,Matchweek 27,Sat,Away,L,2,5,Bayern Munich,1.2,3.0,35.0,,Gelson Fernandes,4-2-3-1,4-2-3-1,Marco Fritz,Match Report,,12.0,4.0,15.5,0.0,0.0,0.0,2020,Eint Frankfurt
2020-05-23,15:30,Bundesliga,Matchweek 27,Sat,Home,L,1,3,Leverkusen,2.5,3.4,46.0,,Yann Sommer,4-2-3-1,3-4-3,Sören Storks,Match Report,,17.0,6.0,15.9,1.0,0.0,0.0,2020,Gladbach
2020-05-23,15:30,Bundesliga,Matchweek 27,Sat,Home,L,0,2,Dortmund,0.6,1.0,39.0,,Koen Casteels,4-4-2,3-4-3,Daniel Siebert,Match Report,,7.0,1.0,21.9,1.0,0.0,0.0,2020,Wolfsburg
2020-05-23,18:30,Bundesliga,Matchweek 27,Sat,Home,W,5,2,Eint Frankfurt,3.0,1.2,65.0,,Manuel Neuer,4-2-3-1,4-2-3-1,Marco Fritz,Match Report,,23.0,10.0,17.5,0.0,0.0,0.0,2020,Bayern Munich
2020-05-23,15:30,Bundesliga,Matchweek 27,Sat,Home,L,0,1,Werder Bremen,0.9,0.5,63.0,,Christian Günter,4-4-2,4-3-3,Robert Hartmann,Match Report,,17.0,7.0,17.4,1.0,0.0,0.0,2020,Freiburg
2020-05-23,15:30,Bundesliga,Matchweek 27,Sat,Home,D,1,1,Hoffenheim,0.8,2.0,39.0,,Uwe Hünemeier,4-1-4-1,3-1-4-2,Bibiana Steinhaus,Match Report,,12.0,2.0,24.7,0.0,0.0,0.0,2020,Paderborn 07
2020-05-23,15:30,Bundesliga,Matchweek 27,Sat,Away,D,1,1,Paderborn 07,2.0,0.8,61.0,,Benjamin Hübner,3-1-4-2,4-1-4-1,Bibiana Steinhaus,Match Report,,17.0,6.0,15.6,0.0,0.0,0.0,2020,Hoffenheim
2020-05-23,15:30,Bundesliga,Matchweek 27,Sat,Away,W,1,0,Freiburg,0.5,0.9,37.0,,Niklas Moisander,4-3-3,4-4-2,Robert Hartmann,Match Report,,10.0,2.0,22.0,0.0,0.0,0.0,2020,Werder Bremen
2020-05-24,13:30,Bundesliga,Matchweek 27,Sun,Away,W,3,0,Schalke 04,1.3,1.0,29.0,,Rani Khedira,4-2-3-1,4-2-3-1,Sascha Stegemann,Match Report,,9.0,7.0,20.6,2.0,0.0,0.0,2020,Augsburg
2020-05-24,18:00,Bundesliga,Matchweek 27,Sun,Away,D,2,2,Köln,0.4,1.8,40.0,,Adam Bodzek,4-3-3,4-2-3-1,Benjamin Cortus,Match Report,,10.0,4.0,26.9,0.0,0.0,0.0,2020,Düsseldorf
2020-05-24,15:30,Bundesliga,Matchweek 27,Sun,Away,W,5,0,Mainz 05,4.4,0.3,65.0,,Yussuf Poulsen,4-4-2,3-4-3,Markus Schmidt,Match Report,,20.0,9.0,14.6,1.0,0.0,0.0,2020,RB Leipzig
2020-05-24,15:30,Bundesliga,Matchweek 27,Sun,Home,L,0,5,RB Leipzig,0.3,4.4,35.0,,Moussa Niakhate,3-4-3,4-4-2,Markus Schmidt,Match Report,,4.0,1.0,14.0,0.0,0.0,0.0,2020,Mainz 05
2020-05-24,13:30,Bundesliga,Matchweek 27,Sun,Home,L,0,3,Augsburg,1.0,1.3,71.0,,Daniel Caligiuri,4-2-3-1,4-2-3-1,Sascha Stegemann,Match Report,,12.0,2.0,20.8,0.0,0.0,0.0,2020,Schalke 04
2020-05-24,18:00,Bundesliga,Matchweek 27,Sun,Home,D,2,2,Düsseldorf,1.8,0.4,60.0,,Jonas Hector,4-2-3-1,4-3-3,Benjamin Cortus,Match Report,,14.0,5.0,17.7,0.0,0.0,1.0,2020,Köln
2020-05-26,20:30,Bundesliga,Matchweek 28,Tue,Away,D,3,3,Eint Frankfurt,0.9,4.6,37.0,,Christian Günter,4-4-2,3-5-2,Martin Petersen,Match Report,,10.0,5.0,19.6,0.0,0.0,0.0,2020,Freiburg
2020-05-26,20:30,Bundesliga,Matchweek 28,Tue,Home,D,0,0,Gladbach,0.9,0.5,45.0,,Niklas Moisander,4-3-3,3-4-1-2,Manuel Gräfe,Match Report,,12.0,7.0,18.4,1.0,0.0,0.0,2020,Werder Bremen
2020-05-26,20:30,Bundesliga,Matchweek 28,Tue,Away,D,0,0,Werder Bremen,0.5,0.9,55.0,,Lars Stindl,3-4-1-2,4-3-3,Manuel Gräfe,Match Report,,9.0,4.0,21.8,1.0,0.0,0.0,2020,Gladbach
2020-05-26,18:30,Bundesliga,Matchweek 28,Tue,Home,L,0,1,Bayern Munich,0.7,0.7,51.0,,Łukasz Piszczek,3-4-3,4-2-3-1,Tobias Stieler,Match Report,,13.0,4.0,19.9,1.0,0.0,0.0,2020,Dortmund
2020-05-26,18:30,Bundesliga,Matchweek 28,Tue,Away,W,1,0,Dortmund,0.7,0.7,49.0,,Manuel Neuer,4-2-3-1,3-4-3,Tobias Stieler,Match Report,,11.0,4.0,20.6,0.0,0.0,0.0,2020,Bayern Munich
2020-05-26,20:30,Bundesliga,Matchweek 28,Tue,Home,L,1,4,Wolfsburg,1.2,2.3,69.0,,Kai Havertz,4-2-3-1,4-4-2,Daniel Schlager,Match Report,,9.0,1.0,14.5,0.0,0.0,0.0,2020,Leverkusen
2020-05-26,20:30,Bundesliga,Matchweek 28,Tue,Away,W,4,1,Leverkusen,2.3,1.2,31.0,,Koen Casteels,4-4-2,4-2-3-1,Daniel Schlager,Match Report,,14.0,9.0,16.3,1.0,0.0,0.0,2020,Wolfsburg
2020-05-26,20:30,Bundesliga,Matchweek 28,Tue,Home,D,3,3,Freiburg,4.6,0.9,63.0,,Makoto Hasebe,3-5-2,4-4-2,Martin Petersen,Match Report,,34.0,16.0,15.2,0.0,0.0,0.0,2020,Eint Frankfurt
2020-05-27,20:30,Bundesliga,Matchweek 28,Wed,Home,D,0,0,Paderborn 07,0.6,1.2,55.0,,Daniel Baier,4-2-3-1,4-4-2,Deniz Aytekin,Match Report,,12.0,3.0,19.7,1.0,0.0,0.0,2020,Augsburg
2020-05-27,20:30,Bundesliga,Matchweek 28,Wed,Home,D,1,1,Mainz 05,0.5,0.6,40.0,,Christopher Trimmel,3-4-3,4-2-3-1,Robert Schröder,Match Report,,9.0,3.0,20.0,1.0,0.0,0.0,2020,Union Berlin
2020-05-27,20:30,Bundesliga,Matchweek 28,Wed,Away,D,1,1,Union Berlin,0.6,0.5,60.0,,Moussa Niakhate,4-2-3-1,3-4-3,Robert Schröder,Match Report,,10.0,2.0,23.5,1.0,0.0,0.0,2020,Mainz 05
2020-05-27,18:30,Bundesliga,Matchweek 28,Wed,Home,D,2,2,Hertha BSC,0.6,1.5,57.0,,Marcel Sabitzer,4-2-2-2,4-2-3-1,Bastian Dankert,Match Report,,11.0,4.0,20.0,2.0,0.0,0.0,2020,RB Leipzig
2020-05-27,20:30,Bundesliga,Matchweek 28,Wed,Home,W,3,1,Köln,1.2,2.2,43.0,,Benjamin Hübner,4-2-3-1,4-2-3-1,Felix Brych,Match Report,,8.0,6.0,15.9,1.0,0.0,0.0,2020,Hoffenheim
2020-05-27,18:30,Bundesliga,Matchweek 28,Wed,Away,D,2,2,RB Leipzig,1.5,0.6,43.0,,Vedad Ibišević,4-2-3-1,4-2-2-2,Bastian Dankert,Match Report,,11.0,2.0,21.4,0.0,1.0,1.0,2020,Hertha BSC
2020-05-27,20:30,Bundesliga,Matchweek 28,Wed,Home,W,2,1,Schalke 04,1.5,0.7,66.0,,Rouwen Hennings,3-5-2,5-4-1,Tobias Welz,Match Report,,13.0,7.0,21.0,2.0,0.0,0.0,2020,Düsseldorf
2020-05-27,20:30,Bundesliga,Matchweek 28,Wed,Away,D,0,0,Augsburg,1.2,0.6,45.0,,Uwe Hünemeier,4-4-2,4-2-3-1,Deniz Aytekin,Match Report,,15.0,2.0,21.5,1.0,0.0,0.0,2020,Paderborn 07
2020-05-27,20:30,Bundesliga,Matchweek 28,Wed,Away,L,1,2,Düsseldorf,0.7,1.5,34.0,,Daniel Caligiuri,5-4-1,3-5-2,Tobias Welz,Match Report,,8.0,3.0,19.3,0.0,0.0,0.0,2020,Schalke 04
2020-05-27,20:30,Bundesliga,Matchweek 28,Wed,Away,L,1,3,Hoffenheim,2.2,1.2,57.0,,Timo Horn,4-2-3-1,4-2-3-1,Felix Brych,Match Report,,16.0,4.0,19.2,0.0,0.0,1.0,2020,Köln
2020-05-29,20:30,Bundesliga,Matchweek 29,Fri,Home,L,0,1,Leverkusen,0.9,0.6,33.0,,Christian Günter,4-4-2,3-4-3,Marco Fritz,Match Report,,9.0,1.0,20.4,1.0,0.0,0.0,2020,Freiburg
2020-05-29,20:30,Bundesliga,Matchweek 29,Fri,Away,W,1,0,Freiburg,0.6,0.9,67.0,,Julian Baumgartlinger,3-4-3,4-4-2,Marco Fritz,Match Report,,7.0,1.0,15.8,0.0,0.0,0.0,2020,Leverkusen
2020-05-30,15:30,Bundesliga,Matchweek 29,Sat,Away,W,2,1,Wolfsburg,1.9,2.0,47.0,,David Abraham,3-4-1-2,4-4-1-1,Guido Winkmann,Match Report,,6.0,2.0,16.7,0.0,1.0,1.0,2020,Eint Frankfurt
2020-05-30,15:30,Bundesliga,Matchweek 29,Sat,Away,W,1,0,Mainz 05,2.1,1.4,50.0,,Oliver Baumann,4-2-3-1,4-2-3-1,Sascha Stegemann,Match Report,,11.0,5.0,19.8,1.0,0.0,1.0,2020,Hoffenheim
2020-05-30,15:30,Bundesliga,Matchweek 29,Sat,Home,L,1,2,Eint Frankfurt,2.0,1.9,53.0,,Koen Casteels,4-4-1-1,3-4-1-2,Guido Winkmann,Match Report,,19.0,4.0,15.7,0.0,0.0,0.0,2020,Wolfsburg
2020-05-30,15:30,Bundesliga,Matchweek 29,Sat,Home,W,2,0,Augsburg,2.1,1.1,51.0,,Vedad Ibišević,4-2-3-1,4-2-3-1,Sven Jablonski,Match Report,,11.0,5.0,13.9,0.0,0.0,0.0,2020,Hertha BSC
2020-05-30,15:30,Bundesliga,Matchweek 29,Sat,Away,W,1,0,Schalke 04,0.6,0.7,57.0,,Niklas Moisander,4-1-2-1-2◆,3-4-3,Felix Zwayer,Match Report,,6.0,2.0,16.4,0.0,0.0,0.0,2020,Werder Bremen
2020-05-30,15:30,Bundesliga,Matchweek 29,Sat,Away,L,0,2,Hertha BSC,1.1,2.1,49.0,,Rani Khedira,4-2-3-1,4-2-3-1,Sven Jablonski,Match Report,,8.0,3.0,21.2,0.0,0.0,0.0,2020,Augsburg
2020-05-30,18:30,Bundesliga,Matchweek 29,Sat,Away,L,0,5,Bayern Munich,0.7,2.5,31.0,,Adam Bodzek,4-1-4-1,4-2-3-1,Robert Hartmann,Match Report,,7.0,2.0,18.0,0.0,0.0,0.0,2020,Düsseldorf
2020-05-30,15:30,Bundesliga,Matchweek 29,Sat,Home,L,0,1,Hoffenheim,1.4,2.1,50.0,,Moussa Niakhate,4-2-3-1,4-2-3-1,Sascha Stegemann,Match Report,,18.0,2.0,19.1,1.0,0.0,0.0,2020,Mainz 05
2020-05-30,15:30,Bundesliga,Matchweek 29,Sat,Home,L,0,1,Werder Bremen,0.7,0.6,43.0,,Daniel Caligiuri,3-4-3,4-1-2-1-2,Felix Zwayer,Match Report,,12.0,1.0,18.7,0.0,0.0,0.0,2020,Schalke 04
2020-05-30,18:30,Bundesliga,Matchweek 29,Sat,Home,W,5,0,Düsseldorf,2.5,0.7,69.0,,Manuel Neuer,4-2-3-1,4-1-4-1,Robert Hartmann,Match Report,,21.0,8.0,18.4,1.0,0.0,0.0,2020,Bayern Munich
2020-05-31,15:30,Bundesliga,Matchweek 29,Sun,Home,W,4,1,Union Berlin,2.2,1.0,57.0,,Lars Stindl,4-2-3-1,3-4-3,Frank Willenborg,Match Report,,15.0,8.0,19.3,1.0,0.0,0.0,2020,Gladbach
2020-05-31,18:00,Bundesliga,Matchweek 29,Sun,Away,W,6,1,Paderborn 07,3.9,1.2,65.0,,Łukasz Piszczek,3-4-3,4-1-4-1,Daniel Siebert,Match Report,,16.0,10.0,13.2,0.0,0.0,0.0,2020,Dortmund
2020-05-31,15:30,Bundesliga,Matchweek 29,Sun,Away,L,1,4,Gladbach,1.0,2.2,43.0,,Christopher Trimmel,3-4-3,4-2-3-1,Frank Willenborg,Match Report,,12.0,5.0,19.1,0.0,0.0,0.0,2020,Union Berlin
2020-05-31,18:00,Bundesliga,Matchweek 29,Sun,Home,L,1,6,Dortmund,1.2,3.9,35.0,,Christian Strohdiek,4-1-4-1,3-4-3,Daniel Siebert,Match Report,,8.0,0.0,22.7,1.0,1.0,1.0,2020,Paderborn 07
2020-06-01,20:30,Bundesliga,Matchweek 29,Mon,Home,L,2,4,RB Leipzig,1.1,2.9,48.0,,Jonas Hector,4-2-3-1,4-2-2-2,Christian Dingert,Match Report,,7.0,5.0,16.0,0.0,0.0,0.0,2020,Köln
2020-06-01,20:30,Bundesliga,Matchweek 29,Mon,Away,W,4,2,Köln,2.9,1.1,52.0,,Marcel Sabitzer,4-2-2-2,4-2-3-1,Christian Dingert,Match Report,,19.0,8.0,15.6,0.0,0.0,0.0,2020,RB Leipzig
2020-06-03,20:30,Bundesliga,Matchweek 24,Wed,Away,W,3,0,Werder Bremen,1.6,0.7,49.0,,David Abraham,3-4-3,4-3-3,Patrick Ittrich,Match Report,,11.0,4.0,14.3,0.0,0.0,0.0,2020,Eint Frankfurt
2020-06-03,20:30,Bundesliga,Matchweek 24,Wed,Home,L,0,3,Eint Frankfurt,0.7,1.6,51.0,,Niklas Moisander,4-3-3,3-4-3,Patrick Ittrich,Match Report,,11.0,3.0,21.4,1.0,0.0,0.0,2020,Werder Bremen
2020-06-05,20:30,Bundesliga,Matchweek 30,Fri,Away,L,0,1,Freiburg,2.5,1.1,64.0,,Lars Stindl,4-2-3-1,4-2-2-2,Markus Schmidt,Match Report,,18.0,3.0,19.2,2.0,0.0,0.0,2020,Gladbach
2020-06-05,20:30,Bundesliga,Matchweek 30,Fri,Home,W,1,0,Gladbach,1.1,2.5,36.0,,Christian Günter,4-2-2-2,4-2-3-1,Markus Schmidt,Match Report,,15.0,6.0,19.1,0.0,0.0,0.0,2020,Freiburg
2020-06-06,15:30,Bundesliga,Matchweek 30,Sat,Home,L,2,4,Bayern Munich,0.8,2.8,48.0,,Julian Baumgartlinger,3-4-3,4-2-3-1,Manuel Gräfe,Match Report,,10.0,6.0,16.8,0.0,0.0,0.0,2020,Leverkusen
2020-06-06,15:30,Bundesliga,Matchweek 30,Sat,Home,L,0,2,Mainz 05,0.5,3.0,66.0,,Makoto Hasebe,3-4-1-2,4-2-3-1,Felix Brych,Match Report,,11.0,0.0,20.9,0.0,0.0,0.0,2020,Eint Frankfurt
2020-06-06,18:30,Bundesliga,Matchweek 30,Sat,Home,W,1,0,Hertha BSC,1.8,0.2,63.0,,Łukasz Piszczek,3-4-3,4-2-3-1,Harm Osmers,Match Report,,13.0,3.0,14.9,1.0,0.0,0.0,2020,Dortmund
2020-06-06,15:30,Bundesliga,Matchweek 30,Sat,Away,D,1,1,RB Leipzig,1.1,1.4,49.0,,Christian Strohdiek,4-2-3-1,4-2-2-2,Deniz Aytekin,Match Report,,16.0,5.0,19.8,0.0,0.0,0.0,2020,Paderborn 07
2020-06-06,15:30,Bundesliga,Matchweek 30,Sat,Home,D,2,2,Hoffenheim,2.8,1.2,68.0,,Adam Bodzek,3-5-2,4-2-3-1,Sören Storks,Match Report,,24.0,3.0,19.1,1.0,1.0,1.0,2020,Düsseldorf
2020-06-06,15:30,Bundesliga,Matchweek 30,Sat,Away,D,2,2,Düsseldorf,1.2,2.8,32.0,,Benjamin Hübner,4-2-3-1,3-5-2,Sören Storks,Match Report,,8.0,3.0,28.6,1.0,0.0,0.0,2020,Hoffenheim
2020-06-06,15:30,Bundesliga,Matchweek 30,Sat,Home,D,1,1,Paderborn 07,1.4,1.1,51.0,,Péter Gulácsi,4-2-2-2,4-2-3-1,Deniz Aytekin,Match Report,,12.0,4.0,17.5,1.0,0.0,0.0,2020,RB Leipzig
2020-06-06,18:30,Bundesliga,Matchweek 30,Sat,Away,L,0,1,Dortmund,0.2,1.8,37.0,,Vedad Ibišević,4-2-3-1,3-4-3,Harm Osmers,Match Report,,4.0,1.0,24.2,0.0,0.0,0.0,2020,Hertha BSC
2020-06-06,15:30,Bundesliga,Matchweek 30,Sat,Away,W,2,0,Eint Frankfurt,3.0,0.5,34.0,,Danny Latza,4-2-3-1,3-4-1-2,Felix Brych,Match Report,,17.0,4.0,15.8,1.0,0.0,0.0,2020,Mainz 05
2020-06-06,15:30,Bundesliga,Matchweek 30,Sat,Away,W,4,2,Leverkusen,2.8,0.8,52.0,,Manuel Neuer,4-2-3-1,3-4-3,Manuel Gräfe,Match Report,,16.0,10.0,15.7,1.0,0.0,0.0,2020,Bayern Munich
2020-06-07,15:30,Bundesliga,Matchweek 30,Sun,Away,D,1,1,Union Berlin,0.2,2.6,53.0,,Daniel Caligiuri,4-1-2-1-2◆,3-4-1-2,Tobias Stieler,Match Report,,4.0,1.0,23.6,1.0,0.0,0.0,2020,Schalke 04
2020-06-07,15:30,Bundesliga,Matchweek 30,Sun,Home,D,1,1,Schalke 04,2.6,0.2,47.0,,Christopher Trimmel,3-4-1-2,4-1-2-1-2,Tobias Stieler,Match Report,,12.0,5.0,12.1,0.0,0.0,0.0,2020,Union Berlin
2020-06-07,18:00,Bundesliga,Matchweek 30,Sun,Home,D,1,1,Köln,2.0,0.8,50.0,,Rani Khedira,4-2-3-1,4-2-3-1,Benjamin Cortus,Match Report,,15.0,4.0,21.0,1.0,0.0,1.0,2020,Augsburg
2020-06-07,18:00,Bundesliga,Matchweek 30,Sun,Away,D,1,1,Augsburg,0.8,2.0,50.0,,Jonas Hector,4-2-3-1,4-2-3-1,Benjamin Cortus,Match Report,,9.0,2.0,17.1,0.0,0.0,0.0,2020,Köln
2020-06-07,13:30,Bundesliga,Matchweek 30,Sun,Away,W,1,0,Werder Bremen,2.4,0.6,46.0,,Koen Casteels,4-4-1-1,3-4-3,Bibiana Steinhaus,Match Report,,17.0,3.0,18.0,1.0,0.0,0.0,2020,Wolfsburg
2020-06-07,13:30,Bundesliga,Matchweek 30,Sun,Home,L,0,1,Wolfsburg,0.6,2.4,54.0,,Niklas Moisander,3-4-3,4-4-1-1,Bibiana Steinhaus,Match Report,,13.0,2.0,16.3,1.0,0.0,0.0,2020,Werder Bremen
2020-06-09,20:45,DFB-Pokal,Semi-finals,Tue,Away,W,3,0,Saarbrücken,,,80.0,,Charles Aránguiz,4-2-3-1,5-4-1,Guido Winkmann,Match Report,,23.0,8.0,,,0.0,0.0,2020,Leverkusen
2020-06-10,20:45,DFB-Pokal,Semi-finals,Wed,Away,L,1,2,Bayern Munich,,,42.0,,David Abraham,3-4-3,4-2-3-1,Marco Fritz,Match Report,,10.0,1.0,,,0.0,0.0,2020,Eint Frankfurt
2020-06-10,20:45,DFB-Pokal,Semi-finals,Wed,Home,W,2,1,Eint Frankfurt,,,58.0,,Manuel Neuer,4-2-3-1,3-4-3,Marco Fritz,Match Report,,13.0,6.0,,,0.0,0.0,2020,Bayern Munich
2020-06-12,20:30,Bundesliga,Matchweek 31,Fri,Home,L,0,2,RB Leipzig,1.9,1.5,51.0,,Oliver Baumann,3-4-1-2,4-3-1-2,Tobias Welz,Match Report,,24.0,6.0,19.0,1.0,0.0,0.0,2020,Hoffenheim
2020-06-12,20:30,Bundesliga,Matchweek 31,Fri,Away,W,2,0,Hoffenheim,1.5,1.9,49.0,,Marcel Sabitzer,4-3-1-2,3-4-1-2,Tobias Welz,Match Report,,15.0,7.0,15.0,0.0,0.0,0.0,2020,RB Leipzig
2020-06-13,15:30,Bundesliga,Matchweek 31,Sat,Home,D,2,2,Freiburg,2.3,1.8,46.0,,Koen Casteels,4-4-2,4-2-2-2,Bastian Dankert,Match Report,,19.0,5.0,17.1,0.0,1.0,1.0,2020,Wolfsburg
2020-06-13,15:30,Bundesliga,Matchweek 31,Sat,Home,L,1,2,Union Berlin,1.3,0.5,61.0,,Jonas Hector,4-2-3-1,4-1-4-1,Martin Petersen,Match Report,,10.0,6.0,15.7,0.0,0.0,0.0,2020,Köln
2020-06-13,15:30,Bundesliga,Matchweek 31,Sat,Away,W,2,1,Köln,0.5,1.3,39.0,,Christopher Trimmel,4-1-4-1,4-2-3-1,Martin Petersen,Match Report,,6.0,4.0,13.5,1.0,0.0,0.0,2020,Union Berlin
2020-06-13,15:30,Bundesliga,Matchweek 31,Sat,Away,W,5,1,Paderborn 07,2.9,1.6,52.0,,Niklas Moisander,3-4-1-2,4-2-2-2,Christian Dingert,Match Report,,10.0,7.0,12.7,0.0,0.0,1.0,2020,Werder Bremen
2020-06-13,15:30,Bundesliga,Matchweek 31,Sat,Home,L,1,4,Eint Frankfurt,0.8,3.0,40.0,,Vedad Ibišević,4-3-1-2,3-4-3,Robert Hartmann,Match Report,,5.0,4.0,23.8,1.0,0.0,0.0,2020,Hertha BSC
2020-06-13,18:30,Bundesliga,Matchweek 31,Sat,Away,L,1,2,Bayern Munich,1.1,1.6,51.0,,Lars Stindl,4-2-3-1,4-2-3-1,Felix Zwayer,Match Report,,9.0,2.0,19.3,0.0,0.0,0.0,2020,Gladbach
2020-06-13,15:30,Bundesliga,Matchweek 31,Sat,Away,W,4,1,Hertha BSC,3.0,0.8,60.0,,David Abraham,3-4-3,4-3-1-2,Robert Hartmann,Match Report,,18.0,7.0,17.8,2.0,0.0,0.0,2020,Eint Frankfurt
2020-06-13,15:30,Bundesliga,Matchweek 31,Sat,Away,W,1,0,Düsseldorf,0.7,0.3,62.0,,Łukasz Piszczek,3-4-3,3-4-3,Sascha Stegemann,Match Report,,6.0,3.0,21.8,0.0,0.0,0.0,2020,Dortmund
2020-06-13,15:30,Bundesliga,Matchweek 31,Sat,Home,L,0,1,Dortmund,0.3,0.7,38.0,,Kaan Ayhan,3-4-3,3-4-3,Sascha Stegemann,Match Report,,6.0,3.0,22.2,0.0,0.0,0.0,2020,Düsseldorf
2020-06-13,15:30,Bundesliga,Matchweek 31,Sat,Away,D,2,2,Wolfsburg,1.8,2.3,54.0,,Christian Günter,4-2-2-2,4-4-2,Bastian Dankert,Match Report,,11.0,5.0,14.4,0.0,0.0,0.0,2020,Freiburg
2020-06-13,15:30,Bundesliga,Matchweek 31,Sat,Home,L,1,5,Werder Bremen,1.6,2.9,48.0,,Christian Strohdiek,4-2-2-2,3-4-1-2,Christian Dingert,Match Report,,18.0,7.0,22.3,0.0,0.0,0.0,2020,Paderborn 07
2020-06-13,18:30,Bundesliga,Matchweek 31,Sat,Home,W,2,1,Gladbach,1.6,1.1,49.0,,Manuel Neuer,4-2-3-1,4-2-3-1,Felix Zwayer,Match Report,,10.0,5.0,15.5,0.0,0.0,0.0,2020,Bayern Munich
2020-06-14,15:30,Bundesliga,Matchweek 31,Sun,Away,W,1,0,Mainz 05,0.9,1.5,34.0,,Jeffrey Gouweleeuw,4-2-3-1,4-2-3-1,Marco Fritz,Match Report,,9.0,3.0,19.2,1.0,0.0,0.0,2020,Augsburg
2020-06-14,18:00,Bundesliga,Matchweek 31,Sun,Home,D,1,1,Leverkusen,1.5,1.0,27.0,,Daniel Caligiuri,4-4-2,4-2-3-1,Daniel Siebert,Match Report,,6.0,3.0,21.4,0.0,1.0,1.0,2020,Schalke 04
2020-06-14,15:30,Bundesliga,Matchweek 31,Sun,Home,L,0,1,Augsburg,1.5,0.9,66.0,,Danny Latza,4-2-3-1,4-2-3-1,Marco Fritz,Match Report,,17.0,4.0,18.3,1.0,0.0,0.0,2020,Mainz 05
2020-06-14,18:00,Bundesliga,Matchweek 31,Sun,Away,D,1,1,Schalke 04,1.0,1.5,73.0,,Kai Havertz,4-2-3-1,4-4-2,Daniel Siebert,Match Report,,15.0,5.0,15.5,0.0,0.0,0.0,2020,Leverkusen
2020-06-16,18:30,Bundesliga,Matchweek 32,Tue,Away,L,0,3,Gladbach,0.4,2.0,48.0,,Koen Casteels,4-2-3-1,4-2-3-1,Robert Schröder,Match Report,,12.0,2.0,25.2,0.0,0.0,0.0,2020,Wolfsburg
2020-06-16,20:30,Bundesliga,Matchweek 32,Tue,Home,L,0,1,Bayern Munich,0.4,1.5,41.0,,Niklas Moisander,3-4-3,4-2-3-1,Harm Osmers,Match Report,,6.0,1.0,16.2,0.0,0.0,0.0,2020,Werder Bremen
2020-06-16,20:30,Bundesliga,Matchweek 32,Tue,Away,L,0,1,Union Berlin,0.5,1.4,58.0,,Christian Strohdiek,3-4-3,4-1-4-1,Bibiana Steinhaus,Match Report,,12.0,2.0,20.7,1.0,0.0,0.0,2020,Paderborn 07
2020-06-16,20:30,Bundesliga,Matchweek 32,Tue,Home,W,2,1,Hertha BSC,1.6,1.7,50.0,,Christian Günter,4-2-2-2,4-4-1-1,Tobias Stieler,Match Report,,19.0,6.0,18.2,3.0,0.0,0.0,2020,Freiburg
2020-06-16,20:30,Bundesliga,Matchweek 32,Tue,Away,L,1,2,Freiburg,1.7,1.6,50.0,,Vedad Ibišević,4-4-1-1,4-2-2-2,Tobias Stieler,Match Report,,10.0,4.0,18.8,0.0,1.0,1.0,2020,Hertha BSC
2020-06-16,20:30,Bundesliga,Matchweek 32,Tue,Away,W,1,0,Werder Bremen,1.5,0.4,59.0,,Manuel Neuer,4-2-3-1,3-4-3,Harm Osmers,Match Report,,13.0,3.0,15.6,0.0,0.0,0.0,2020,Bayern Munich
2020-06-16,18:30,Bundesliga,Matchweek 32,Tue,Home,W,3,0,Wolfsburg,2.0,0.4,52.0,,Lars Stindl,4-2-3-1,4-2-3-1,Robert Schröder,Match Report,,11.0,3.0,16.4,2.0,0.0,0.0,2020,Gladbach
2020-06-16,20:30,Bundesliga,Matchweek 32,Tue,Home,W,1,0,Paderborn 07,1.4,0.5,42.0,,Christopher Trimmel,4-1-4-1,3-4-3,Bibiana Steinhaus,Match Report,,15.0,6.0,17.1,0.0,0.0,0.0,2020,Union Berlin
2020-06-17,20:30,Bundesliga,Matchweek 32,Wed,Away,L,1,3,Leverkusen,0.6,2.4,33.0,,Timo Horn,4-2-3-1,4-2-3-1,Sven Jablonski,Match Report,,8.0,1.0,17.4,1.0,0.0,0.0,2020,Köln
2020-06-17,20:30,Bundesliga,Matchweek 32,Wed,Away,D,2,2,RB Leipzig,0.9,1.2,29.0,,Adam Bodzek,5-3-2,4-1-2-1-2,Manuel Gräfe,Match Report,,12.0,2.0,18.7,0.0,0.0,0.0,2020,Düsseldorf
2020-06-17,20:30,Bundesliga,Matchweek 32,Wed,Home,L,1,3,Hoffenheim,0.6,2.6,44.0,,Daniel Baier,4-2-3-1,3-1-4-2,Deniz Aytekin,Match Report,,12.0,5.0,20.7,0.0,0.0,0.0,2020,Augsburg
2020-06-17,20:30,Bundesliga,Matchweek 32,Wed,Home,D,2,2,Düsseldorf,1.2,0.9,71.0,,Marcel Sabitzer,4-1-2-1-2◆,5-3-2,Manuel Gräfe,Match Report,,14.0,5.0,19.4,0.0,0.0,0.0,2020,RB Leipzig
2020-06-17,18:30,Bundesliga,Matchweek 32,Wed,Home,W,2,1,Schalke 04,2.5,1.4,63.0,,David Abraham,3-5-2,4-4-2,Guido Winkmann,Match Report,,14.0,4.0,16.5,1.0,0.0,0.0,2020,Eint Frankfurt
2020-06-17,18:30,Bundesliga,Matchweek 32,Wed,Away,L,1,2,Eint Frankfurt,1.4,2.5,37.0,,Bastian Oczipka,4-4-2,3-5-2,Guido Winkmann,Match Report,,7.0,4.0,11.5,0.0,0.0,0.0,2020,Schalke 04
2020-06-17,20:30,Bundesliga,Matchweek 32,Wed,Away,W,3,1,Augsburg,2.6,0.6,56.0,,Benjamin Hübner,3-1-4-2,4-2-3-1,Deniz Aytekin,Match Report,,16.0,5.0,14.5,0.0,0.0,0.0,2020,Hoffenheim
2020-06-17,20:30,Bundesliga,Matchweek 32,Wed,Away,W,2,0,Dortmund,1.7,1.3,31.0,,Danny Latza,4-2-3-1,3-4-3,Frank Willenborg,Match Report,,9.0,4.0,24.3,0.0,1.0,1.0,2020,Mainz 05
2020-06-17,20:30,Bundesliga,Matchweek 32,Wed,Home,W,3,1,Köln,2.4,0.6,67.0,,Kevin Volland,4-2-3-1,4-2-3-1,Sven Jablonski,Match Report,,13.0,6.0,15.5,1.0,0.0,0.0,2020,Leverkusen
2020-06-17,20:30,Bundesliga,Matchweek 32,Wed,Home,L,0,2,Mainz 05,1.3,1.7,69.0,,Łukasz Piszczek,3-4-3,4-2-3-1,Frank Willenborg,Match Report,,16.0,4.0,17.6,1.0,0.0,0.0,2020,Dortmund
2020-06-20,15:30,Bundesliga,Matchweek 33,Sat,Home,L,1,4,Wolfsburg,0.9,1.7,49.0,,Daniel Caligiuri,4-4-2,4-4-2,Sascha Stegemann,Match Report,,11.0,3.0,16.7,0.0,0.0,0.0,2020,Schalke 04
2020-06-20,15:30,Bundesliga,Matchweek 33,Sat,Home,W,2,0,Leverkusen,2.4,0.9,32.0,,Niklas Stark,4-1-4-1,4-2-3-1,Felix Brych,Match Report,,14.0,5.0,19.3,0.0,0.0,0.0,2020,Hertha BSC
2020-06-20,15:30,Bundesliga,Matchweek 33,Sat,Away,W,3,1,Paderborn 07,3.5,0.7,51.0,,Lars Stindl,4-2-3-1,3-4-1-2,Tobias Welz,Match Report,,21.0,10.0,18.9,1.0,1.0,1.0,2020,Gladbach
2020-06-20,15:30,Bundesliga,Matchweek 33,Sat,Home,W,3,1,Werder Bremen,2.3,1.8,39.0,,Danny Latza,4-2-3-1,3-4-3,Manuel Gräfe,Match Report,,20.0,11.0,15.8,0.0,0.0,0.0,2020,Mainz 05
2020-06-20,15:30,Bundesliga,Matchweek 33,Sat,Away,D,1,1,Köln,1.4,1.0,62.0,,Sebastian Rode,3-5-2,3-4-1-2,Christian Dingert,Match Report,,9.0,3.0,12.4,0.0,0.0,0.0,2020,Eint Frankfurt
2020-06-20,15:30,Bundesliga,Matchweek 33,Sat,Away,L,1,3,Bayern Munich,1.7,2.1,39.0,,Christian Günter,4-2-2-2,4-2-3-1,Sören Storks,Match Report,,11.0,3.0,15.4,0.0,0.0,0.0,2020,Freiburg
2020-06-20,15:30,Bundesliga,Matchweek 33,Sat,Home,W,3,1,Freiburg,2.1,1.7,61.0,,Thomas Müller,4-2-3-1,4-2-2-2,Sören Storks,Match Report,,23.0,9.0,19.3,0.0,0.0,0.0,2020,Bayern Munich
2020-06-20,15:30,Bundesliga,Matchweek 33,Sat,Home,D,1,1,Eint Frankfurt,1.0,1.4,38.0,,Timo Horn,3-4-1-2,3-5-2,Christian Dingert,Match Report,,3.0,1.0,18.6,0.0,1.0,1.0,2020,Köln
2020-06-20,15:30,Bundesliga,Matchweek 33,Sat,Home,L,1,3,Gladbach,0.7,3.5,49.0,,Uwe Hünemeier,3-4-1-2,4-2-3-1,Tobias Welz,Match Report,,11.0,1.0,20.5,1.0,0.0,0.0,2020,Paderborn 07
2020-06-20,15:30,Bundesliga,Matchweek 33,Sat,Away,L,1,3,Mainz 05,1.8,2.3,61.0,,Niklas Moisander,3-4-3,4-2-3-1,Manuel Gräfe,Match Report,,18.0,6.0,16.3,1.0,0.0,0.0,2020,Werder Bremen
2020-06-20,15:30,Bundesliga,Matchweek 33,Sat,Away,D,1,1,Düsseldorf,1.3,0.5,44.0,,Jeffrey Gouweleeuw,4-2-3-1,3-5-2,Daniel Siebert,Match Report,,11.0,3.0,14.8,1.0,0.0,0.0,2020,Augsburg
2020-06-20,15:30,Bundesliga,Matchweek 33,Sat,Away,L,0,2,Hertha BSC,0.9,2.4,68.0,,Kevin Volland,4-2-3-1,4-1-4-1,Felix Brych,Match Report,,12.0,2.0,18.6,0.0,0.0,0.0,2020,Leverkusen
2020-06-20,15:30,Bundesliga,Matchweek 33,Sat,Away,L,0,4,Hoffenheim,0.5,2.3,41.0,,Christopher Trimmel,3-4-1-2,3-1-4-2,Robert Hartmann,Match Report,,7.0,2.0,18.6,1.0,0.0,0.0,2020,Union Berlin
2020-06-20,15:30,Bundesliga,Matchweek 33,Sat,Home,L,0,2,Dortmund,1.2,2.8,47.0,,Marcel Sabitzer,3-4-1-2,3-4-3,Felix Zwayer,Match Report,,16.0,4.0,17.2,1.0,0.0,0.0,2020,RB Leipzig
2020-06-20,15:30,Bundesliga,Matchweek 33,Sat,Home,D,1,1,Augsburg,0.5,1.3,56.0,,Rouwen Hennings,3-5-2,4-2-3-1,Daniel Siebert,Match Report,,8.0,2.0,16.4,0.0,0.0,0.0,2020,Düsseldorf
2020-06-20,15:30,Bundesliga,Matchweek 33,Sat,Home,W,4,0,Union Berlin,2.3,0.5,59.0,,Benjamin Hübner,3-1-4-2,3-4-1-2,Robert Hartmann,Match Report,,16.0,8.0,17.0,3.0,0.0,0.0,2020,Hoffenheim
2020-06-20,15:30,Bundesliga,Matchweek 33,Sat,Away,W,2,0,RB Leipzig,2.8,1.2,53.0,,Łukasz Piszczek,3-4-3,3-4-1-2,Felix Zwayer,Match Report,,11.0,7.0,14.7,1.0,0.0,0.0,2020,Dortmund
2020-06-20,15:30,Bundesliga,Matchweek 33,Sat,Away,W,4,1,Schalke 04,1.7,0.9,51.0,,Koen Casteels,4-4-2,4-4-2,Sascha Stegemann,Match Report,,10.0,5.0,14.2,0.0,0.0,0.0,2020,Wolfsburg
2020-06-27,15:30,Bundesliga,Matchweek 34,Sat,Away,W,2,1,Augsburg,1.8,0.2,65.0,,Marcel Halstenberg,3-4-3,4-2-3-1,Felix Brych,Match Report,,14.0,5.0,20.2,1.0,0.0,0.0,2020,RB Leipzig
2020-06-27,15:30,Bundesliga,Matchweek 34,Sat,Home,L,0,4,Hoffenheim,0.2,3.9,59.0,,Łukasz Piszczek,3-4-3,3-5-2,Guido Winkmann,Match Report,,7.0,4.0,24.5,0.0,0.0,0.0,2020,Dortmund
2020-06-27,15:30,Bundesliga,Matchweek 34,Sat,Away,L,1,6,Werder Bremen,0.9,2.7,47.0,,Timo Horn,3-1-4-2,3-4-3,Bastian Dankert,Match Report,,6.0,2.0,18.3,1.0,0.0,0.0,2020,Köln
2020-06-27,15:30,Bundesliga,Matchweek 34,Sat,Away,L,0,4,Freiburg,0.8,1.5,44.0,,Daniel Caligiuri,4-4-2,4-2-2-2,Martin Petersen,Match Report,,22.0,6.0,24.2,0.0,0.0,0.0,2020,Schalke 04
2020-06-27,15:30,Bundesliga,Matchweek 34,Sat,Home,W,6,1,Köln,2.7,0.9,53.0,,Niklas Moisander,3-4-3,3-1-4-2,Bastian Dankert,Match Report,,18.0,9.0,19.0,0.0,0.0,0.0,2020,Werder Bremen
2020-06-27,15:30,Bundesliga,Matchweek 34,Sat,Away,L,0,3,Union Berlin,1.2,1.5,57.0,,Adam Bodzek,3-4-3,4-1-4-1,Harm Osmers,Match Report,,27.0,2.0,20.0,0.0,0.0,0.0,2020,Düsseldorf
2020-06-27,15:30,Bundesliga,Matchweek 34,Sat,Away,L,0,1,Leverkusen,0.4,1.5,33.0,,Danny Latza,4-2-3-1,4-2-3-1,Benjamin Cortus,Match Report,,6.0,1.0,19.8,0.0,0.0,0.0,2020,Mainz 05
2020-06-27,15:30,Bundesliga,Matchweek 34,Sat,Home,L,1,2,RB Leipzig,0.2,1.8,35.0,,Alfreð Finnbogason,4-2-3-1,3-4-3,Felix Brych,Match Report,,5.0,1.0,19.3,1.0,0.0,0.0,2020,Augsburg
2020-06-27,15:30,Bundesliga,Matchweek 34,Sat,Home,W,4,0,Schalke 04,1.5,0.8,56.0,,Christian Günter,4-2-2-2,4-4-2,Martin Petersen,Match Report,,15.0,8.0,16.8,1.0,0.0,0.0,2020,Freiburg
2020-06-27,15:30,Bundesliga,Matchweek 34,Sat,Home,W,3,0,Düsseldorf,1.5,1.2,43.0,,Christopher Trimmel,4-1-4-1,3-4-3,Harm Osmers,Match Report,,11.0,5.0,24.7,0.0,0.0,0.0,2020,Union Berlin
2020-06-27,15:30,Bundesliga,Matchweek 34,Sat,Home,W,1,0,Mainz 05,1.5,0.4,67.0,,Lars Bender,4-2-3-1,4-2-3-1,Benjamin Cortus,Match Report,,13.0,2.0,16.9,0.0,0.0,0.0,2020,Leverkusen
2020-06-27,15:30,Bundesliga,Matchweek 34,Sat,Away,L,1,2,Gladbach,0.9,2.7,44.0,,Niklas Stark,4-2-3-1,4-2-3-1,Deniz Aytekin,Match Report,,5.0,2.0,11.7,0.0,0.0,0.0,2020,Hertha BSC
2020-06-27,15:30,Bundesliga,Matchweek 34,Sat,Away,W,4,0,Dortmund,3.9,0.2,41.0,,Benjamin Hübner,3-5-2,3-4-3,Guido Winkmann,Match Report,,15.0,6.0,15.2,0.0,1.0,1.0,2020,Hoffenheim
2020-06-27,15:30,Bundesliga,Matchweek 34,Sat,Home,W,3,2,Paderborn 07,2.2,1.3,61.0,,David Abraham,3-4-1-2,3-4-1-2,Benjamin Brand,Match Report,,13.0,4.0,16.1,0.0,0.0,0.0,2020,Eint Frankfurt
2020-06-27,15:30,Bundesliga,Matchweek 34,Sat,Home,L,0,4,Bayern Munich,0.9,3.3,40.0,,Josuha Guilavogui,4-4-2,4-2-3-1,Patrick Ittrich,Match Report,,12.0,4.0,22.2,2.0,0.0,0.0,2020,Wolfsburg
2020-06-27,15:30,Bundesliga,Matchweek 34,Sat,Home,W,2,1,Hertha BSC,2.7,0.9,56.0,,Lars Stindl,4-2-3-1,4-2-3-1,Deniz Aytekin,Match Report,,23.0,8.0,17.9,2.0,0.0,0.0,2020,Gladbach
2020-06-27,15:30,Bundesliga,Matchweek 34,Sat,Away,L,2,3,Eint Frankfurt,1.3,2.2,39.0,,Leopold Zingerle,3-4-1-2,3-4-1-2,Benjamin Brand,Match Report,,17.0,5.0,18.2,1.0,0.0,0.0,2020,Paderborn 07
2020-06-27,15:30,Bundesliga,Matchweek 34,Sat,Away,W,4,0,Wolfsburg,3.3,0.9,60.0,,Manuel Neuer,4-2-3-1,4-4-2,Patrick Ittrich,Match Report,,15.0,8.0,16.7,0.0,1.0,1.0,2020,Bayern Munich
2020-07-04,20:00,DFB-Pokal,Final,Sat,Away,W,4,2,Leverkusen,,,50.0,,Manuel Neuer,4-2-3-1,4-2-3-1,Tobias Welz,Match Report,,17.0,7.0,,,0.0,0.0,2020,Bayern Munich
2020-07-04,20:00,DFB-Pokal,Final,Sat,Home,L,2,4,Bayern Munich,,,50.0,,Lars Bender,4-2-3-1,4-2-3-1,Tobias Welz,Match Report,,7.0,3.0,,,1.0,1.0,2020,Leverkusen
2020-08-05,19:55 (18:55),Europa Lg,Round of 16,Wed,Away,L,0,3,ua Shakhtar,0.5,2.4,46.0,,Koen Casteels,4-4-1-1,4-2-3-1,Ivan Kružliak,Match Report,Leg 2 of 2; Shakhtar won,9.0,2.0,20.4,2.0,0.0,0.0,2020,Wolfsburg
2020-08-06,18:55,Europa Lg,Round of 16,Thu,Home,W,1,0,sct Rangers,1.8,0.4,64.0,,Lars Bender,4-2-3-1,4-3-2-1,Danny Makkelie,Match Report,Leg 2 of 2; Leverkusen won,15.0,2.0,17.3,1.0,0.0,0.0,2020,Leverkusen
2020-08-06,21:00,Europa Lg,Round of 16,Thu,Away,L,0,1,ch Basel,1.0,2.7,66.0,,David Abraham,3-4-1-2,4-2-3-1,Antonio Matéu Lahoz,Match Report,Leg 2 of 2; Basel won,19.0,1.0,19.3,2.0,0.0,0.0,2020,Eint Frankfurt
2020-08-08,21:00,Champions Lg,Round of 16,Sat,Home,W,4,1,eng Chelsea,2.9,1.0,63.0,,Manuel Neuer,4-2-3-1,4-4-2,Ovidiu Hațegan,Match Report,Leg 2 of 2; Bayern Munich won,17.0,6.0,19.6,0.0,1.0,1.0,2020,Bayern Munich
2020-08-10,21:00,Europa Lg,Quarter-finals,Mon,Neutral,L,1,2,it Inter,0.9,2.8,63.0,,Lars Bender,4-2-3-1,3-5-2,Carlos del Cerro,Match Report,,9.0,2.0,20.0,0.0,0.0,0.0,2020,Leverkusen
2020-08-13,21:00,Champions Lg,Quarter-finals,Thu,Neutral,W,2,1,es Atlético Madrid,0.9,1.1,57.0,,Yussuf Poulsen,4-2-3-1,4-4-2,Szymon Marciniak,Match Report,,10.0,4.0,20.1,0.0,0.0,0.0,2020,RB Leipzig
2020-08-14,20:00 (21:00),Champions Lg,Quarter-finals,Fri,Neutral,W,8,2,es Barcelona,5.3,1.1,49.0,,Manuel Neuer,4-2-3-1,4-4-2,Damir Skomina,Match Report,,26.0,13.0,13.9,0.0,0.0,0.0,2020,Bayern Munich
2020-08-18,20:00 (21:00),Champions Lg,Semi-finals,Tue,Neutral,L,0,3,fr Paris S-G,1.0,3.2,43.0,,Yussuf Poulsen,4-1-4-1,4-3-3,Björn Kuipers,Match Report,,14.0,3.0,20.3,1.0,0.0,0.0,2020,RB Leipzig
2020-08-19,20:00 (21:00),Champions Lg,Semi-finals,Wed,Neutral,W,3,0,fr Lyon,3.2,1.8,65.0,,Manuel Neuer,4-2-3-1,3-5-2,Antonio Matéu Lahoz,Match Report,,19.0,8.0,16.1,1.0,0.0,0.0,2020,Bayern Munich
2020-08-23,20:00 (21:00),Champions Lg,Final,Sun,Neutral,W,1,0,fr Paris S-G,1.5,1.1,61.0,,Manuel Neuer,4-2-3-1,4-3-3,Daniele Orsato,Match Report,,12.0,2.0,22.1,1.0,0.0,0.0,2020,Bayern Munich
2020-09-11,20:45,DFB-Pokal,First round,Fri,Away,W,5,1,Havelse,,,72.0,1000.0,Danny Latza,4-4-2,4-3-3,Aarne Aarnink,Match Report,,30.0,12.0,,,0.0,0.0,2021,Mainz 05
2020-09-11,20:45,DFB-Pokal,First round,Fri,Away,L,4,5,BTSV,,,65.0,,Niklas Stark,4-2-3-1,3-4-3,Tobias Stieler,Match Report,,25.0,7.0,,,0.0,0.0,2021,Hertha BSC
2020-09-12,18:30,DFB-Pokal,First round,Sat,Away,W,1,0,Karlsruher,,,50.0,450.0,Christopher Trimmel,3-4-1-2,4-1-4-1,Benjamin Cortus,Match Report,Required Extra Time,13.0,6.0,,,0.0,0.0,2021,Union Berlin
2020-09-12,20:45,DFB-Pokal,First round,Sat,Away,W,2,0,Carl Zeiss Jena,,,62.0,1600.0,Niklas Moisander,4-3-3,4-4-2,Daniel Siebert,Match Report,,22.0,5.0,,,0.0,0.0,2021,Werder Bremen
2020-09-12,15:30,DFB-Pokal,First round,Sat,Away,W,8,0,Oberneuland,,,81.0,300.0,Lars Stindl,4-2-3-1,4-2-3-1,Sascha Stegemann,Match Report,,40.0,14.0,,,0.0,0.0,2021,Gladbach
2020-09-12,15:30,DFB-Pokal,First round,Sat,Away,W,4,1,Union Fürstenwalde,,,64.0,,Josuha Guilavogui,4-2-3-1,4-4-2,Robert Schröder,Match Report,,24.0,12.0,,,0.0,0.0,2021,Wolfsburg
2020-09-12,15:30,DFB-Pokal,First round,Sat,Away,W,3,0,Nürnberg,,,72.0,,Marcel Sabitzer,4-2-3-1,4-2-3-1,Marco Fritz,Match Report,,21.0,9.0,,,0.0,0.0,2021,RB Leipzig
2020-09-12,15:30,DFB-Pokal,First round,Sat,Away,W,7,0,Eintracht Celle,,,72.0,,Jeffrey Gouweleeuw,4-4-2,4-2-3-1,Daniel Schlager,Match Report,,23.0,15.0,,,1.0,1.0,2021,Augsburg
2020-09-12,15:30,DFB-Pokal,First round,Sat,Away,W,2,1,1860 Munich,,,71.0,,David Abraham,3-4-1-2,4-3-1-2,Martin Petersen,Match Report,,17.0,5.0,,,0.0,0.0,2021,Eint Frankfurt
2020-09-12,15:30,DFB-Pokal,First round,Sat,Away,W,6,0,VSG Altglienicke,,,66.0,300.0,Jonas Hector,4-4-2,4-4-2,Martin Thomsen,Match Report,,16.0,8.0,,,1.0,1.0,2021,Köln
2020-09-13,15:30,DFB-Pokal,First round,Sun,Away,W,7,0,Eintracht Norderstedt,,,77.0,300.0,Charles Aránguiz,4-1-4-1,4-1-4-1,Sören Storks,Match Report,,35.0,15.0,,,0.0,0.0,2021,Leverkusen
2020-09-13,18:30,DFB-Pokal,First round,Sun,Away,W,2,1,SV Waldhof,,,51.0,460.0,Christian Günter,4-2-3-1,4-4-2,Markus Schmidt,Match Report,,18.0,7.0,,,0.0,0.0,2021,Freiburg
2020-09-13,15:30,DFB-Pokal,First round,Sun,Away,W,1,0,Hansa Rostock,,,54.0,7500.0,Gonzalo Castro,3-4-3,4-3-3,Felix Zwayer,Match Report,,17.0,6.0,,,0.0,0.0,2021,Stuttgart
2020-09-13,15:30,DFB-Pokal,First round,Sun,Away,D,2 (3),2 (2),Chemnitzer FC,,,68.0,3095.0,Oliver Baumann,3-4-1-2,4-1-4-1,Patrick Hanslbauer,Match Report,Hoffenheim won on penalty kicks following extra time,28.0,7.0,,,1.0,1.0,2021,Hoffenheim
2020-09-14,20:45,DFB-Pokal,First round,Mon,Away,W,5,0,MSV Duisburg,,,75.0,300.0,Mats Hummels,3-4-1-2,4-1-4-1,Robert Kampka,Match Report,,18.0,11.0,,,1.0,1.0,2021,Dortmund
2020-09-14,18:30,DFB-Pokal,First round,Mon,Away,L,0,1,Rot-Weiss Essen,,,66.0,300.0,Fabian Klos,4-3-3,4-4-2,Harm Osmers,Match Report,,20.0,2.0,,,0.0,0.0,2021,Arminia
2020-09-17,20:00,Europa Lg,Second qualifying round,Thu,Away,W,4,0,al Kukësi,,,,,Josuha Guilavogui,4-3-3,4-2-3-1,Duje Strukan,Match Report,,,,,,0.0,0.0,2021,Wolfsburg
2020-09-18,20:30,Bundesliga,Matchweek 1,Fri,Home,W,8,0,Schalke 04,3.9,0.2,63.0,,Manuel Neuer,4-2-3-1,4-4-2,Felix Zwayer,Match Report,,20.0,10.0,16.9,1.0,1.0,1.0,2021,Bayern Munich
2020-09-18,20:30,Bundesliga,Matchweek 1,Fri,Away,L,0,8,Bayern Munich,0.2,3.9,37.0,,Benjamin Stambouli,4-4-2,4-2-3-1,Felix Zwayer,Match Report,,5.0,1.0,20.5,0.0,0.0,0.0,2021,Schalke 04
2020-09-19,15:30,Bundesliga,Matchweek 1,Sat,Home,L,1,3,Augsburg,1.2,1.5,59.0,4600.0,Christopher Trimmel,4-3-3,4-2-3-1,Marco Fritz,Match Report,,15.0,3.0,21.1,0.0,0.0,0.0,2021,Union Berlin
2020-09-19,15:30,Bundesliga,Matchweek 1,Sat,Away,D,1,1,Eint Frankfurt,0.8,2.3,38.0,6500.0,Fabian Klos,4-1-4-1,3-4-1-2,Benjamin Brand,Match Report,,12.0,4.0,22.3,0.0,0.0,0.0,2021,Arminia
2020-09-19,15:30,Bundesliga,Matchweek 1,Sat,Home,D,1,1,Arminia,2.3,0.8,62.0,6500.0,David Abraham,3-4-1-2,4-1-4-1,Benjamin Brand,Match Report,,18.0,6.0,15.9,1.0,0.0,0.0,2021,Eint Frankfurt
2020-09-19,15:30,Bundesliga,Matchweek 1,Sat,Away,W,4,1,Werder Bremen,1.8,0.7,55.0,8400.0,Niklas Stark,4-1-2-1-2◆,4-2-2-2,Sascha Stegemann,Match Report,,13.0,6.0,14.7,1.0,0.0,0.0,2021,Hertha BSC
2020-09-19,15:30,Bundesliga,Matchweek 1,Sat,Away,W,3,2,Stuttgart,1.9,2.6,37.0,7123.0,Christian Günter,4-1-3-2,3-1-4-2,Benjamin Cortus,Match Report,,7.0,5.0,11.9,0.0,0.0,0.0,2021,Freiburg
2020-09-19,15:30,Bundesliga,Matchweek 1,Sat,Away,W,3,2,Köln,2.6,2.7,51.0,,Oliver Baumann,3-4-1-2,4-2-3-1,Daniel Siebert,Match Report,,12.0,6.0,19.2,0.0,1.0,1.0,2021,Hoffenheim
2020-09-19,15:30,Bundesliga,Matchweek 1,Sat,Away,W,3,1,Union Berlin,1.5,1.2,41.0,4600.0,Jeffrey Gouweleeuw,4-2-3-1,4-3-3,Marco Fritz,Match Report,,9.0,5.0,15.7,0.0,0.0,0.0,2021,Augsburg
2020-09-19,15:30,Bundesliga,Matchweek 1,Sat,Home,L,2,3,Freiburg,2.6,1.9,63.0,7123.0,Gonzalo Castro,3-1-4-2,4-1-3-2,Benjamin Cortus,Match Report,,26.0,6.0,18.6,3.0,0.0,0.0,2021,Stuttgart
2020-09-19,18:30,Bundesliga,Matchweek 1,Sat,Home,W,3,0,Gladbach,1.8,0.6,48.0,9300.0,Mats Hummels,3-4-1-2,3-4-3,Felix Brych,Match Report,,9.0,3.0,15.0,0.0,1.0,1.0,2021,Dortmund
2020-09-19,18:30,Bundesliga,Matchweek 1,Sat,Away,L,0,3,Dortmund,0.6,1.8,52.0,9300.0,Lars Stindl,3-4-3,3-4-1-2,Felix Brych,Match Report,,8.0,2.0,19.7,0.0,0.0,0.0,2021,Gladbach
2020-09-19,15:30,Bundesliga,Matchweek 1,Sat,Home,L,1,4,Hertha BSC,0.7,1.8,45.0,8400.0,Niklas Moisander,4-2-2-2,4-1-2-1-2,Sascha Stegemann,Match Report,,16.0,6.0,21.3,0.0,0.0,0.0,2021,Werder Bremen
2020-09-19,15:30,Bundesliga,Matchweek 1,Sat,Home,L,2,3,Hoffenheim,2.7,2.6,49.0,,Jonas Hector,4-2-3-1,3-4-1-2,Daniel Siebert,Match Report,,13.0,6.0,12.0,0.0,0.0,0.0,2021,Köln
2020-09-20,15:30,Bundesliga,Matchweek 1,Sun,Away,L,1,3,RB Leipzig,1.2,2.8,28.0,8500.0,Danny Latza,4-2-3-1,3-4-3,Manuel Gräfe,Match Report,,9.0,1.0,15.3,1.0,0.0,0.0,2021,Mainz 05
2020-09-20,15:30,Bundesliga,Matchweek 1,Sun,Home,W,3,1,Mainz 05,2.8,1.2,72.0,8500.0,Péter Gulácsi,3-4-3,4-2-3-1,Manuel Gräfe,Match Report,,22.0,8.0,14.6,1.0,1.0,1.0,2021,RB Leipzig
2020-09-20,18:00,Bundesliga,Matchweek 1,Sun,Away,D,0,0,Wolfsburg,0.5,0.9,59.0,,Charles Aránguiz,4-1-4-1,4-3-3,Sven Jablonski,Match Report,,7.0,3.0,11.6,0.0,0.0,0.0,2021,Leverkusen
2020-09-20,18:00,Bundesliga,Matchweek 1,Sun,Home,D,0,0,Leverkusen,0.9,0.5,41.0,,Koen Casteels,4-3-3,4-1-4-1,Sven Jablonski,Match Report,,9.0,1.0,17.5,0.0,0.0,0.0,2021,Wolfsburg
2020-09-24,21:00,Super Cup,UEFA Super Cup,Thu,Neutral,W,2,1,es Sevilla,,,64.0,15180.0,Manuel Neuer,4-2-3-1,4-3-3,Anthony Taylor,Match Report,Required Extra Time,25.0,7.0,,,0.0,0.0,2021,Bayern Munich
2020-09-24,20:15,Europa Lg,Third qualifying round,Thu,Home,W,2,0,ua Desna Chernihiv,,,,,Josuha Guilavogui,4-2-3-1,4-2-3-1,Lawrence Visser,Match Report,,,,,,0.0,0.0,2021,Wolfsburg
2020-09-25,20:30,Bundesliga,Matchweek 2,Fri,Home,L,1,3,Eint Frankfurt,1.2,1.5,56.0,4000.0,Dedryck Boyata,4-1-2-1-2◆,3-4-1-2,Bastian Dankert,Match Report,,12.0,6.0,19.5,0.0,0.0,0.0,2021,Hertha BSC
2020-09-25,20:30,Bundesliga,Matchweek 2,Fri,Away,W,3,1,Hertha BSC,1.5,1.2,44.0,4000.0,David Abraham,3-4-1-2,4-1-2-1-2,Bastian Dankert,Match Report,,10.0,2.0,20.5,0.0,1.0,1.0,2021,Eint Frankfurt
2020-09-26,15:30,Bundesliga,Matchweek 2,Sat,Home,W,2,0,Dortmund,1.2,1.8,21.0,6000.0,Jeffrey Gouweleeuw,4-2-2-2,3-1-4-2,Martin Petersen,Match Report,,6.0,4.0,13.3,0.0,0.0,0.0,2021,Augsburg
2020-09-26,15:30,Bundesliga,Matchweek 2,Sat,Away,D,1,1,Gladbach,0.8,1.8,37.0,10383.0,Christopher Trimmel,3-4-3,4-2-3-1,Tobias Stieler,Match Report,,14.0,2.0,19.3,1.0,0.0,0.0,2021,Union Berlin
2020-09-26,15:30,Bundesliga,Matchweek 2,Sat,Away,L,0,1,Arminia,1.4,0.2,53.0,5460.0,Jonas Hector,4-2-3-1,4-3-3,Patrick Ittrich,Match Report,,12.0,2.0,15.0,0.0,0.0,0.0,2021,Köln
2020-09-26,15:30,Bundesliga,Matchweek 2,Sat,Away,W,4,1,Mainz 05,2.6,1.3,51.0,3403.0,Gonzalo Castro,3-1-4-2,4-2-3-1,Daniel Schlager,Match Report,,15.0,7.0,12.9,0.0,0.0,0.0,2021,Stuttgart
2020-09-26,18:30,Bundesliga,Matchweek 2,Sat,Away,W,3,1,Schalke 04,2.4,1.6,35.0,,Davy Klaassen,4-3-3,4-2-3-1,Markus Schmidt,Match Report,,16.0,6.0,16.8,0.0,1.0,1.0,2021,Werder Bremen
2020-09-26,18:30,Bundesliga,Matchweek 2,Sat,Home,L,1,3,Werder Bremen,1.6,2.4,65.0,,Omar Mascarell,4-2-3-1,4-3-3,Markus Schmidt,Match Report,,18.0,4.0,18.9,0.0,0.0,0.0,2021,Schalke 04
2020-09-26,15:30,Bundesliga,Matchweek 2,Sat,Home,D,1,1,RB Leipzig,0.9,0.9,59.0,6042.0,Charles Aránguiz,4-1-4-1,3-4-3,Harm Osmers,Match Report,,11.0,4.0,18.5,0.0,0.0,0.0,2021,Leverkusen
2020-09-26,15:30,Bundesliga,Matchweek 2,Sat,Home,L,1,4,Stuttgart,1.3,2.6,49.0,3403.0,Danny Latza,4-2-3-1,3-1-4-2,Daniel Schlager,Match Report,,12.0,2.0,19.6,2.0,0.0,0.0,2021,Mainz 05
2020-09-26,15:30,Bundesliga,Matchweek 2,Sat,Away,D,1,1,Leverkusen,0.9,0.9,41.0,6042.0,Péter Gulácsi,3-4-3,4-1-4-1,Harm Osmers,Match Report,,7.0,2.0,17.6,1.0,0.0,0.0,2021,RB Leipzig
2020-09-26,15:30,Bundesliga,Matchweek 2,Sat,Home,W,1,0,Köln,0.2,1.4,47.0,5460.0,Fabian Klos,4-3-3,4-2-3-1,Patrick Ittrich,Match Report,,7.0,2.0,26.3,0.0,0.0,0.0,2021,Arminia
2020-09-26,15:30,Bundesliga,Matchweek 2,Sat,Home,D,1,1,Union Berlin,1.8,0.8,63.0,10383.0,Lars Stindl,4-2-3-1,3-4-3,Tobias Stieler,Match Report,,14.0,6.0,15.4,0.0,0.0,0.0,2021,Gladbach
2020-09-26,15:30,Bundesliga,Matchweek 2,Sat,Away,L,0,2,Augsburg,1.8,1.2,79.0,6000.0,Mats Hummels,3-1-4-2,4-2-2-2,Martin Petersen,Match Report,,18.0,6.0,15.7,1.0,0.0,0.0,2021,Dortmund
2020-09-27,15:30,Bundesliga,Matchweek 2,Sun,Away,L,1,4,Hoffenheim,1.4,2.6,71.0,,Manuel Neuer,4-2-3-1,3-4-3,Benjamin Brand,Match Report,,16.0,3.0,15.9,0.0,0.0,0.0,2021,Bayern Munich
2020-09-27,18:00,Bundesliga,Matchweek 2,Sun,Home,D,1,1,Wolfsburg,1.3,0.5,53.0,3200.0,Christian Günter,4-2-2-2,4-2-3-1,Sören Storks,Match Report,,19.0,7.0,18.8,2.0,0.0,0.0,2021,Freiburg
2020-09-27,18:00,Bundesliga,Matchweek 2,Sun,Away,D,1,1,Freiburg,0.5,1.3,47.0,3200.0,Josuha Guilavogui,4-2-3-1,4-2-2-2,Sören Storks,Match Report,,8.0,2.0,20.9,1.0,0.0,0.0,2021,Wolfsburg
2020-09-27,15:30,Bundesliga,Matchweek 2,Sun,Home,W,4,1,Bayern Munich,2.6,1.4,29.0,,Oliver Baumann,3-4-3,4-2-3-1,Benjamin Brand,Match Report,,16.0,7.0,16.7,0.0,1.0,1.0,2021,Hoffenheim
2020-09-30,20:30,DFL-Supercup,DFL-Supercup,Wed,Away,L,2,3,Bayern Munich,,,43.0,,Mats Hummels,3-4-3,4-2-3-1,Bibiana Steinhaus,Match Report,,7.0,4.0,,,0.0,0.0,2021,Dortmund
2020-09-30,20:30,DFL-Supercup,DFL-Supercup,Wed,Home,W,3,2,Dortmund,,,57.0,,Manuel Neuer,4-2-3-1,3-4-3,Bibiana Steinhaus,Match Report,,11.0,7.0,,,0.0,0.0,2021,Bayern Munich
2020-10-01,21:45 (20:45),Europa Lg,Play-off round,Thu,Away,L,1,2,gr AEK Athens,,,60.0,,Josuha Guilavogui,4-2-3-1,4-1-4-1,Artur Soares Dias,Match Report,,9.0,5.0,,,0.0,0.0,2021,Wolfsburg
2020-10-02,20:30,Bundesliga,Matchweek 3,Fri,Home,W,4,0,Mainz 05,2.5,0.3,50.0,4400.0,Christopher Trimmel,3-4-3,4-2-3-1,Sascha Stegemann,Match Report,,11.0,7.0,11.6,1.0,0.0,0.0,2021,Union Berlin
2020-10-02,20:30,Bundesliga,Matchweek 3,Fri,Away,L,0,4,Union Berlin,0.3,2.5,50.0,4400.0,Danny Latza,4-2-3-1,3-4-3,Sascha Stegemann,Match Report,,5.0,0.0,20.1,0.0,0.0,0.0,2021,Mainz 05
2020-10-03,18:30,Bundesliga,Matchweek 3,Sat,Away,L,0,4,RB Leipzig,0.2,3.9,33.0,8500.0,Omar Mascarell,3-5-2,4-2-3-1,Florian Badstübner,Match Report,,5.0,1.0,23.7,0.0,0.0,0.0,2021,Schalke 04
2020-10-03,18:30,Bundesliga,Matchweek 3,Sat,Home,W,4,0,Schalke 04,3.9,0.2,67.0,8500.0,Péter Gulácsi,4-2-3-1,3-5-2,Florian Badstübner,Match Report,,21.0,6.0,17.0,2.0,1.0,1.0,2021,RB Leipzig
2020-10-03,15:30,Bundesliga,Matchweek 3,Sat,Home,W,4,0,Freiburg,2.5,0.5,66.0,11500.0,Marco Reus,3-4-3,3-4-3,Guido Winkmann,Match Report,,16.0,7.0,16.6,1.0,0.0,0.0,2021,Dortmund
2020-10-03,15:30,Bundesliga,Matchweek 3,Sat,Home,W,2,1,Hoffenheim,2.9,1.4,52.0,8000.0,David Abraham,3-4-1-2,3-1-4-2,Manuel Gräfe,Match Report,,16.0,6.0,10.1,0.0,0.0,0.0,2021,Eint Frankfurt
2020-10-03,15:30,Bundesliga,Matchweek 3,Sat,Home,W,1,0,Arminia,0.4,1.1,38.0,300.0,Davy Klaassen,5-3-2,4-2-3-1,Robert Schröder,Match Report,,7.0,2.0,19.6,0.0,0.0,0.0,2021,Werder Bremen
2020-10-03,15:30,Bundesliga,Matchweek 3,Sat,Away,D,1,1,Stuttgart,1.5,0.8,52.0,9500.0,Charles Aránguiz,4-1-4-1,3-1-4-2,Robert Hartmann,Match Report,,15.0,6.0,16.8,0.0,0.0,0.0,2021,Leverkusen
2020-10-03,15:30,Bundesliga,Matchweek 3,Sat,Away,L,0,4,Dortmund,0.5,2.5,34.0,11500.0,Christian Günter,3-4-3,3-4-3,Guido Winkmann,Match Report,,6.0,2.0,25.7,1.0,0.0,0.0,2021,Freiburg
2020-10-03,15:30,Bundesliga,Matchweek 3,Sat,Away,L,0,1,Werder Bremen,1.1,0.4,62.0,300.0,Fabian Klos,4-2-3-1,5-3-2,Robert Schröder,Match Report,,9.0,4.0,18.1,0.0,0.0,0.0,2021,Arminia
2020-10-03,15:30,Bundesliga,Matchweek 3,Sat,Away,L,1,2,Eint Frankfurt,1.4,2.9,48.0,8000.0,Oliver Baumann,3-1-4-2,3-4-1-2,Manuel Gräfe,Match Report,,12.0,4.0,15.5,0.0,0.0,0.0,2021,Hoffenheim
2020-10-03,15:30,Bundesliga,Matchweek 3,Sat,Home,L,1,3,Gladbach,0.6,2.1,41.0,300.0,Timo Horn,3-5-2,4-2-3-1,Marco Fritz,Match Report,,8.0,2.0,20.8,0.0,0.0,0.0,2021,Köln
2020-10-03,15:30,Bundesliga,Matchweek 3,Sat,Home,D,1,1,Leverkusen,0.8,1.5,48.0,9500.0,Gonzalo Castro,3-1-4-2,4-1-4-1,Robert Hartmann,Match Report,,12.0,2.0,21.6,1.0,0.0,0.0,2021,Stuttgart
2020-10-03,15:30,Bundesliga,Matchweek 3,Sat,Away,W,3,1,Köln,2.1,0.6,59.0,300.0,Lars Stindl,4-2-3-1,3-5-2,Marco Fritz,Match Report,,14.0,9.0,18.7,0.0,1.0,1.0,2021,Gladbach
2020-10-04,18:00,Bundesliga,Matchweek 3,Sun,Home,W,4,3,Hertha BSC,3.6,1.1,66.0,,Manuel Neuer,4-2-3-1,4-4-1-1,Benjamin Cortus,Match Report,,21.0,8.0,18.1,3.0,1.0,1.0,2021,Bayern Munich
2020-10-04,15:30,Bundesliga,Matchweek 3,Sun,Away,D,0,0,Wolfsburg,1.2,1.0,36.0,4632.0,Jeffrey Gouweleeuw,4-4-2,4-3-3,Felix Zwayer,Match Report,,8.0,1.0,18.5,0.0,0.0,0.0,2021,Augsburg
2020-10-04,18:00,Bundesliga,Matchweek 3,Sun,Away,L,3,4,Bayern Munich,1.1,3.6,34.0,,Dedryck Boyata,4-4-1-1,4-2-3-1,Benjamin Cortus,Match Report,,10.0,5.0,18.7,0.0,0.0,0.0,2021,Hertha BSC
2020-10-04,15:30,Bundesliga,Matchweek 3,Sun,Home,D,0,0,Augsburg,1.0,1.2,64.0,4632.0,Josuha Guilavogui,4-3-3,4-4-2,Felix Zwayer,Match Report,,18.0,6.0,21.1,1.0,0.0,0.0,2021,Wolfsburg
2020-10-15,20:45,DFB-Pokal,First round,Thu,Away,W,3,0,1. FC Düren,,,72.0,,Thomas Müller,4-2-3-1,5-3-2,Matthias Jöllenbeck,Match Report,,21.0,10.0,,,1.0,1.0,2021,Bayern Munich
2020-10-17,15:30,Bundesliga,Matchweek 4,Sat,Home,L,0,1,Leverkusen,0.3,0.5,39.0,250.0,Danny Latza,4-2-3-1,4-1-4-1,Bastian Dankert,Match Report,,6.0,0.0,21.9,0.0,0.0,0.0,2021,Mainz 05
2020-10-17,15:30,Bundesliga,Matchweek 4,Sat,Away,W,2,0,Hertha BSC,1.3,1.1,37.0,4000.0,Gonzalo Castro,3-4-3,4-2-3-1,Harm Osmers,Match Report,,7.0,2.0,20.1,0.0,0.0,0.0,2021,Stuttgart
2020-10-17,18:30,Bundesliga,Matchweek 4,Sat,Away,W,4,1,Arminia,3.1,1.4,66.0,,Manuel Neuer,4-2-3-1,4-2-3-1,Daniel Siebert,Match Report,,17.0,9.0,13.3,0.0,0.0,0.0,2021,Bayern Munich
2020-10-17,15:30,Bundesliga,Matchweek 4,Sat,Home,L,0,2,RB Leipzig,1.0,2.1,33.0,,Jeffrey Gouweleeuw,4-4-2,3-4-3,Felix Brych,Match Report,,5.0,2.0,16.5,0.0,0.0,0.0,2021,Augsburg
2020-10-17,15:30,Bundesliga,Matchweek 4,Sat,Home,L,0,1,Dortmund,1.2,2.0,45.0,6030.0,Oliver Baumann,3-4-3,3-4-3,Sascha Stegemann,Match Report,,9.0,3.0,16.9,0.0,0.0,0.0,2021,Hoffenheim
2020-10-17,15:30,Bundesliga,Matchweek 4,Sat,Home,L,0,2,Stuttgart,1.1,1.3,63.0,4000.0,Dedryck Boyata,4-2-3-1,3-4-3,Harm Osmers,Match Report,,15.0,4.0,17.1,0.0,0.0,0.0,2021,Hertha BSC
2020-10-17,20:30,Bundesliga,Matchweek 4,Sat,Away,D,1,1,Gladbach,1.4,1.9,53.0,300.0,Josuha Guilavogui,4-3-3,4-2-3-1,Daniel Schlager,Match Report,,15.0,6.0,18.7,0.0,0.0,0.0,2021,Wolfsburg
2020-10-17,15:30,Bundesliga,Matchweek 4,Sat,Home,D,1,1,Werder Bremen,1.3,1.6,63.0,,Christian Günter,4-4-2,3-1-4-2,Christian Dingert,Match Report,,20.0,4.0,16.8,0.0,0.0,0.0,2021,Freiburg
2020-10-17,15:30,Bundesliga,Matchweek 4,Sat,Away,W,1,0,Hoffenheim,2.0,1.2,55.0,6030.0,Mats Hummels,3-4-3,3-4-3,Sascha Stegemann,Match Report,,15.0,4.0,15.8,0.0,0.0,0.0,2021,Dortmund
2020-10-17,18:30,Bundesliga,Matchweek 4,Sat,Home,L,1,4,Bayern Munich,1.4,3.1,34.0,,Fabian Klos,4-2-3-1,4-2-3-1,Daniel Siebert,Match Report,,11.0,5.0,19.8,1.0,0.0,0.0,2021,Arminia
2020-10-17,15:30,Bundesliga,Matchweek 4,Sat,Away,D,1,1,Freiburg,1.6,1.3,37.0,,Theodor Gebre Selassie,3-1-4-2,4-4-2,Christian Dingert,Match Report,,12.0,3.0,22.6,0.0,1.0,1.0,2021,Werder Bremen
2020-10-17,20:30,Bundesliga,Matchweek 4,Sat,Home,D,1,1,Wolfsburg,1.9,1.4,47.0,300.0,Lars Stindl,4-2-3-1,4-3-3,Daniel Schlager,Match Report,,12.0,1.0,18.9,1.0,1.0,1.0,2021,Gladbach
2020-10-17,15:30,Bundesliga,Matchweek 4,Sat,Away,W,1,0,Mainz 05,0.5,0.3,61.0,250.0,Charles Aránguiz,4-1-4-1,4-2-3-1,Bastian Dankert,Match Report,,9.0,5.0,18.5,0.0,0.0,0.0,2021,Leverkusen
2020-10-17,15:30,Bundesliga,Matchweek 4,Sat,Away,W,2,0,Augsburg,2.1,1.0,67.0,,Péter Gulácsi,3-4-3,4-4-2,Felix Brych,Match Report,,16.0,4.0,16.1,0.0,0.0,0.0,2021,RB Leipzig
2020-10-18,15:30,Bundesliga,Matchweek 4,Sun,Away,D,1,1,Köln,1.9,1.4,60.0,300.0,David Abraham,3-4-1-2,4-1-4-1,Sven Jablonski,Match Report,,16.0,3.0,18.9,1.0,1.0,1.0,2021,Eint Frankfurt
2020-10-18,18:00,Bundesliga,Matchweek 4,Sun,Away,D,1,1,Schalke 04,1.0,0.4,47.0,300.0,Christopher Trimmel,4-2-3-1,4-3-3,Patrick Ittrich,Match Report,,11.0,6.0,18.3,0.0,0.0,0.0,2021,Union Berlin
2020-10-18,18:00,Bundesliga,Matchweek 4,Sun,Home,D,1,1,Union Berlin,0.4,1.0,53.0,300.0,Omar Mascarell,4-3-3,4-2-3-1,Patrick Ittrich,Match Report,,8.0,4.0,18.7,0.0,0.0,0.0,2021,Schalke 04
2020-10-18,15:30,Bundesliga,Matchweek 4,Sun,Home,D,1,1,Eint Frankfurt,1.4,1.9,40.0,300.0,Timo Horn,4-1-4-1,3-4-1-2,Sven Jablonski,Match Report,,9.0,5.0,18.2,0.0,0.0,0.0,2021,Köln
2020-10-20,21:00,Champions Lg,Group stage,Tue,Away,L,1,3,it Lazio,1.3,1.7,64.0,1000.0,Marco Reus,3-4-3,3-5-2,Clément Turpin,Match Report,,14.0,7.0,17.5,1.0,0.0,0.0,2021,Dortmund
2020-10-20,21:00,Champions Lg,Group stage,Tue,Home,W,2,0,tr Başakşehir,1.0,0.6,48.0,999.0,Péter Gulácsi,4-1-4-1,4-1-4-1,Jesús Gil,Match Report,,12.0,6.0,15.4,0.0,0.0,0.0,2021,RB Leipzig
2020-10-21,21:00,Champions Lg,Group stage,Wed,Away,D,2,2,it Inter,1.4,2.8,43.0,1000.0,Yann Sommer,4-2-3-1,3-4-1-2,Björn Kuipers,Match Report,,5.0,1.0,16.5,0.0,1.0,1.0,2021,Gladbach
2020-10-21,21:00,Champions Lg,Group stage,Wed,Home,W,4,0,es Atlético Madrid,2.6,0.4,58.0,,Manuel Neuer,4-2-3-1,4-4-2,Michael Oliver,Match Report,,16.0,5.0,17.5,0.0,0.0,0.0,2021,Bayern Munich
2020-10-22,18:55,Europa Lg,Group stage,Thu,Home,W,6,2,fr Nice,1.7,0.7,57.0,,Lars Bender,4-1-4-1,3-5-1-1,Fran Jović,Match Report,,10.0,9.0,21.5,1.0,0.0,0.0,2021,Leverkusen
2020-10-22,21:00,Europa Lg,Group stage,Thu,Home,W,2,0,rs Red Star,1.3,1.0,60.0,,Oliver Baumann,4-1-2-1-2◆,3-4-3,Alejandro Hernández,Match Report,,16.0,6.0,16.5,0.0,0.0,0.0,2021,Hoffenheim
2020-10-23,20:30,Bundesliga,Matchweek 5,Fri,Home,D,1,1,Köln,0.8,2.2,57.0,,Gonzalo Castro,3-4-3,4-3-3,Guido Winkmann,Match Report,,8.0,4.0,20.3,2.0,0.0,0.0,2021,Stuttgart
2020-10-23,20:30,Bundesliga,Matchweek 5,Fri,Away,D,1,1,Stuttgart,2.2,0.8,43.0,,Timo Horn,4-3-3,3-4-3,Guido Winkmann,Match Report,,14.0,3.0,21.1,0.0,1.0,1.0,2021,Köln
2020-10-24,15:30,Bundesliga,Matchweek 5,Sat,Home,W,2,1,Hertha BSC,2.7,0.8,67.0,999.0,Péter Gulácsi,4-2-3-1,4-2-3-1,Tobias Stieler,Match Report,,25.0,7.0,17.1,0.0,1.0,1.0,2021,RB Leipzig
2020-10-24,15:30,Bundesliga,Matchweek 5,Sat,Home,D,1,1,Freiburg,1.6,0.3,51.0,4500.0,Christopher Trimmel,4-2-3-1,4-4-2,Robert Schröder,Match Report,,19.0,7.0,18.0,0.0,0.0,0.0,2021,Union Berlin
2020-10-24,15:30,Bundesliga,Matchweek 5,Sat,Away,W,3,2,Mainz 05,3.0,1.9,60.0,100.0,Lars Stindl,3-5-2,4-2-3-1,Frank Willenborg,Match Report,,20.0,10.0,15.2,0.0,1.0,1.0,2021,Gladbach
2020-10-24,15:30,Bundesliga,Matchweek 5,Sat,Away,L,0,5,Bayern Munich,0.4,3.1,39.0,,Makoto Hasebe,3-4-1-2,4-2-3-1,Markus Schmidt,Match Report,,8.0,2.0,19.0,0.0,0.0,0.0,2021,Eint Frankfurt
2020-10-24,15:30,Bundesliga,Matchweek 5,Sat,Home,W,5,0,Eint Frankfurt,3.1,0.4,61.0,,Manuel Neuer,4-2-3-1,3-4-1-2,Markus Schmidt,Match Report,,20.0,9.0,15.8,0.0,0.0,0.0,2021,Bayern Munich
2020-10-24,15:30,Bundesliga,Matchweek 5,Sat,Away,L,1,2,RB Leipzig,0.8,2.7,33.0,999.0,Dedryck Boyata,4-2-3-1,4-2-3-1,Tobias Stieler,Match Report,,9.0,2.0,15.6,0.0,0.0,0.0,2021,Hertha BSC
2020-10-24,18:30,Bundesliga,Matchweek 5,Sat,Away,L,0,3,Dortmund,0.2,1.4,26.0,300.0,Omar Mascarell,3-5-2,4-2-3-1,Felix Zwayer,Match Report,,3.0,0.0,13.8,0.0,0.0,0.0,2021,Schalke 04
2020-10-24,15:30,Bundesliga,Matchweek 5,Sat,Home,L,2,3,Gladbach,1.9,3.0,40.0,100.0,Danny Latza,4-2-3-1,3-5-2,Frank Willenborg,Match Report,,15.0,7.0,17.5,0.0,0.0,0.0,2021,Mainz 05
2020-10-24,18:30,Bundesliga,Matchweek 5,Sat,Home,W,3,0,Schalke 04,1.4,0.2,74.0,300.0,Mats Hummels,4-2-3-1,3-5-2,Felix Zwayer,Match Report,,18.0,7.0,16.7,0.0,0.0,0.0,2021,Dortmund
2020-10-24,15:30,Bundesliga,Matchweek 5,Sat,Away,D,1,1,Union Berlin,0.3,1.6,49.0,4500.0,Christian Günter,4-4-2,4-2-3-1,Robert Schröder,Match Report,,8.0,4.0,20.1,0.0,0.0,0.0,2021,Freiburg
2020-10-25,18:00,Bundesliga,Matchweek 5,Sun,Home,D,1,1,Hoffenheim,0.3,1.0,49.0,,Niklas Moisander,3-4-3,3-4-3,Daniel Schlager,Match Report,,5.0,2.0,23.7,2.0,0.0,0.0,2021,Werder Bremen
2020-10-25,15:30,Bundesliga,Matchweek 5,Sun,Away,L,1,2,Wolfsburg,0.5,2.2,52.0,4519.0,Fabian Klos,4-2-3-1,4-1-4-1,Manuel Gräfe,Match Report,,9.0,1.0,23.8,1.0,0.0,0.0,2021,Arminia
2020-10-25,18:00,Bundesliga,Matchweek 5,Sun,Away,D,1,1,Werder Bremen,1.0,0.3,51.0,,Kevin Vogt,3-4-3,3-4-3,Daniel Schlager,Match Report,,14.0,4.0,21.5,1.0,0.0,0.0,2021,Hoffenheim
2020-10-25,15:30,Bundesliga,Matchweek 5,Sun,Home,W,2,1,Arminia,2.2,0.5,48.0,4519.0,Josuha Guilavogui,4-1-4-1,4-2-3-1,Manuel Gräfe,Match Report,,14.0,4.0,16.2,0.0,0.0,0.0,2021,Wolfsburg
2020-10-26,20:30,Bundesliga,Matchweek 5,Mon,Home,W,3,1,Augsburg,2.4,0.3,66.0,,Lars Bender,4-3-3,4-4-2,Sören Storks,Match Report,,14.0,6.0,20.6,0.0,1.0,1.0,2021,Leverkusen
2020-10-26,20:30,Bundesliga,Matchweek 5,Mon,Away,L,1,3,Leverkusen,0.3,2.4,34.0,,Jeffrey Gouweleeuw,4-4-2,4-3-3,Sören Storks,Match Report,,6.0,3.0,18.8,0.0,0.0,0.0,2021,Augsburg
2020-10-27,21:00,Champions Lg,Group stage,Tue,Home,D,2,2,es Real Madrid,1.6,2.6,35.0,,Lars Stindl,4-2-3-1,4-3-3,Orel Grinfeeld,Match Report,,9.0,5.0,16.9,1.0,0.0,0.0,2021,Gladbach
2020-10-27,20:55 (18:55),Champions Lg,Group stage,Tue,Away,W,2,1,ru Loko Moscow,3.2,1.5,64.0,8196.0,Manuel Neuer,4-2-3-1,4-3-2-1,István Kovács,Match Report,,19.0,4.0,16.5,1.0,0.0,0.0,2021,Bayern Munich
2020-10-28,21:00,Champions Lg,Group stage,Wed,Home,W,2,0,ru Zenit,1.7,0.2,69.0,,Marco Reus,4-2-3-1,4-1-4-1,Björn Kuipers,Match Report,,10.0,4.0,23.0,1.0,1.0,1.0,2021,Dortmund
2020-10-28,20:00 (21:00),Champions Lg,Group stage,Wed,Away,L,0,5,eng Manchester Utd,0.5,3.2,53.0,577.0,Péter Gulácsi,3-1-4-2,4-1-2-1-2,Matej Jug,Match Report,,9.0,2.0,18.1,0.0,0.0,0.0,2021,RB Leipzig
2020-10-29,21:00,Europa Lg,Group stage,Thu,Away,L,0,1,cz Slavia Prague,0.8,1.4,50.0,,Julian Baumgartlinger,4-2-3-1,4-5-1,William Collum,Match Report,,10.0,1.0,24.2,2.0,0.0,0.0,2021,Leverkusen
2020-10-29,18:55,Europa Lg,Group stage,Thu,Away,W,4,1,be Gent,2.5,1.9,57.0,,Oliver Baumann,3-5-2,3-4-1-2,Sandro Schärer,Match Report,,32.0,14.0,19.8,3.0,1.0,1.0,2021,Hoffenheim
2020-10-30,20:30,Bundesliga,Matchweek 6,Fri,Home,D,1,1,Stuttgart,0.6,1.6,46.0,,Omar Mascarell,3-1-4-2,3-1-4-2,Benjamin Brand,Match Report,,9.0,2.0,17.4,0.0,0.0,0.0,2021,Schalke 04
2020-10-30,20:30,Bundesliga,Matchweek 6,Fri,Away,D,1,1,Schalke 04,1.6,0.6,54.0,,Gonzalo Castro,3-1-4-2,3-1-4-2,Benjamin Brand,Match Report,,19.0,7.0,20.8,0.0,1.0,1.0,2021,Stuttgart
2020-10-31,15:30,Bundesliga,Matchweek 6,Sat,Home,W,3,1,Mainz 05,1.9,1.0,50.0,,Jeffrey Gouweleeuw,4-4-2,4-2-3-1,Marco Fritz,Match Report,,13.0,6.0,14.4,0.0,0.0,0.0,2021,Augsburg
2020-10-31,15:30,Bundesliga,Matchweek 6,Sat,Home,D,1,1,Werder Bremen,2.0,0.8,71.0,,David Abraham,3-4-1-2,3-4-3,Felix Brych,Match Report,,15.0,5.0,15.1,1.0,0.0,0.0,2021,Eint Frankfurt
2020-10-31,18:30,Bundesliga,Matchweek 6,Sat,Home,W,1,0,RB Leipzig,0.4,0.8,49.0,,Yann Sommer,4-2-3-1,4-1-3-2,Daniel Siebert,Match Report,,5.0,3.0,14.3,0.0,0.0,0.0,2021,Gladbach
2020-10-31,15:30,Bundesliga,Matchweek 6,Sat,Home,L,0,2,Dortmund,0.3,2.4,25.0,,Fabian Klos,5-3-2,4-2-3-1,Bastian Dankert,Match Report,,5.0,2.0,19.9,0.0,0.0,0.0,2021,Arminia
2020-10-31,15:30,Bundesliga,Matchweek 6,Sat,Away,W,2,0,Arminia,2.4,0.3,75.0,,Marco Reus,4-2-3-1,5-3-2,Bastian Dankert,Match Report,,21.0,10.0,17.4,1.0,0.0,0.0,2021,Dortmund
2020-10-31,18:30,Bundesliga,Matchweek 6,Sat,Away,L,0,1,Gladbach,0.8,0.4,51.0,,Marcel Sabitzer,4-1-3-2,4-2-3-1,Daniel Siebert,Match Report,,15.0,3.0,18.3,0.0,0.0,0.0,2021,RB Leipzig
2020-10-31,15:30,Bundesliga,Matchweek 6,Sat,Away,D,1,1,Eint Frankfurt,0.8,2.0,29.0,,Niklas Moisander,3-4-3,3-4-1-2,Felix Brych,Match Report,,11.0,4.0,18.2,0.0,0.0,0.0,2021,Werder Bremen
2020-10-31,15:30,Bundesliga,Matchweek 6,Sat,Home,L,1,2,Bayern Munich,0.5,1.1,38.0,,Timo Horn,4-1-4-1,4-2-3-1,Frank Willenborg,Match Report,,9.0,2.0,16.1,0.0,0.0,0.0,2021,Köln
2020-10-31,15:30,Bundesliga,Matchweek 6,Sat,Away,L,1,3,Augsburg,1.0,1.9,50.0,,Danny Latza,4-2-3-1,4-4-2,Marco Fritz,Match Report,,9.0,4.0,17.4,0.0,0.0,0.0,2021,Mainz 05
2020-10-31,15:30,Bundesliga,Matchweek 6,Sat,Away,W,2,1,Köln,1.1,0.5,62.0,,Manuel Neuer,4-2-3-1,4-1-4-1,Frank Willenborg,Match Report,,5.0,3.0,17.0,0.0,1.0,1.0,2021,Bayern Munich
2020-11-01,18:00,Bundesliga,Matchweek 6,Sun,Home,D,1,1,Wolfsburg,1.2,0.6,53.0,,Dedryck Boyata,4-2-3-1,4-2-3-1,Martin Petersen,Match Report,,20.0,5.0,17.4,1.0,0.0,0.0,2021,Hertha BSC
2020-11-01,15:30,Bundesliga,Matchweek 6,Sun,Home,L,2,4,Leverkusen,1.2,1.2,40.0,,Christian Günter,4-2-2-2,4-3-3,Benjamin Cortus,Match Report,,8.0,5.0,19.4,1.0,0.0,0.0,2021,Freiburg
2020-11-01,18:00,Bundesliga,Matchweek 6,Sun,Away,D,1,1,Hertha BSC,0.6,1.2,47.0,,Koen Casteels,4-2-3-1,4-2-3-1,Martin Petersen,Match Report,,11.0,4.0,22.5,0.0,0.0,0.0,2021,Wolfsburg
2020-11-01,15:30,Bundesliga,Matchweek 6,Sun,Away,W,4,2,Freiburg,1.2,1.2,60.0,,Lars Bender,4-3-3,4-2-2-2,Benjamin Cortus,Match Report,,18.0,7.0,22.0,0.0,0.0,0.0,2021,Leverkusen
2020-11-02,20:30,Bundesliga,Matchweek 6,Mon,Home,L,1,3,Union Berlin,1.3,3.6,60.0,,Oliver Baumann,3-1-4-2,3-4-1-2,Robert Hartmann,Match Report,,10.0,4.0,13.9,0.0,0.0,0.0,2021,Hoffenheim
2020-11-02,20:30,Bundesliga,Matchweek 6,Mon,Away,W,3,1,Hoffenheim,3.6,1.3,40.0,,Marvin Friedrich,3-4-1-2,3-1-4-2,Robert Hartmann,Match Report,,8.0,5.0,12.2,0.0,1.0,1.0,2021,Union Berlin
2020-11-03,19:55 (18:55),Champions Lg,Group stage,Tue,Away,W,6,0,ua Shakhtar,2.3,0.4,47.0,,Lars Stindl,4-2-3-1,4-1-4-1,Serdar Gözübüyük,Match Report,,20.0,10.0,15.3,1.0,0.0,0.0,2021,Gladbach
2020-11-03,16:30,DFB-Pokal,First round,Tue,Away,W,4,1,Schweinfurt,,,66.0,,Benjamin Stambouli,4-2-2-2,3-5-2,Sven Jablonski,Match Report,,18.0,11.0,,,0.0,0.0,2021,Schalke 04
2020-11-03,21:00,Champions Lg,Group stage,Tue,Away,W,6,2,at RB Salzburg,2.9,1.8,59.0,,Manuel Neuer,4-2-3-1,4-3-2-1,Danny Makkelie,Match Report,,20.0,8.0,18.3,2.0,1.0,1.0,2021,Bayern Munich
2020-11-04,21:00,Champions Lg,Group stage,Wed,Home,W,2,1,fr Paris S-G,1.9,1.3,49.0,,Marcel Sabitzer,3-5-2,4-3-3,Szymon Marciniak,Match Report,,11.0,4.0,19.5,0.0,1.0,1.0,2021,RB Leipzig
2020-11-04,21:00,Champions Lg,Group stage,Wed,Away,W,3,0,be Club Brugge,1.8,1.2,54.0,,Axel Witsel,4-2-3-1,4-1-4-1,Damir Skomina,Match Report,,11.0,6.0,15.7,0.0,0.0,0.0,2021,Dortmund
2020-11-05,19:55 (18:55),Europa Lg,Group stage,Thu,Away,W,4,2,il Be'er Sheva,1.6,1.6,66.0,,Jonathan Tah,4-2-3-1,3-4-3,Radu Petrescu,Match Report,,18.0,8.0,19.5,0.0,0.0,0.0,2021,Leverkusen
2020-11-05,21:00,Europa Lg,Group stage,Thu,Home,W,5,0,cz Slovan Liberec,3.9,0.3,79.0,,Oliver Baumann,5-3-2,5-4-1,Sergey Karasev,Match Report,,24.0,11.0,17.8,0.0,0.0,0.0,2021,Hoffenheim
2020-11-06,20:30,Bundesliga,Matchweek 7,Fri,Home,D,1,1,Köln,1.6,0.4,67.0,,Niklas Moisander,3-4-3,4-1-4-1,Florian Badstübner,Match Report,,16.0,3.0,22.5,2.0,1.0,1.0,2021,Werder Bremen
2020-11-06,20:30,Bundesliga,Matchweek 7,Fri,Away,D,1,1,Werder Bremen,0.4,1.6,33.0,,Timo Horn,4-1-4-1,3-4-3,Florian Badstübner,Match Report,,7.0,1.0,17.4,0.0,0.0,0.0,2021,Köln
2020-11-07,15:30,Bundesliga,Matchweek 7,Sat,Home,D,2,2,Schalke 04,3.7,1.9,33.0,,Danny Latza,4-2-3-1,3-1-4-2,Patrick Ittrich,Match Report,,11.0,5.0,20.1,1.0,2.0,2.0,2021,Mainz 05
2020-11-07,18:30,Bundesliga,Matchweek 7,Sat,Away,W,3,2,Dortmund,1.2,2.5,49.0,,Manuel Neuer,4-2-3-1,4-2-3-1,Manuel Gräfe,Match Report,,14.0,7.0,16.7,1.0,0.0,0.0,2021,Bayern Munich
2020-11-07,15:30,Bundesliga,Matchweek 7,Sat,Away,D,2,2,Stuttgart,3.2,2.0,59.0,,David Abraham,3-4-1-2,3-1-4-2,Sascha Stegemann,Match Report,,16.0,6.0,14.9,1.0,0.0,0.0,2021,Eint Frankfurt
2020-11-07,15:30,Bundesliga,Matchweek 7,Sat,Away,L,0,5,Union Berlin,0.3,2.0,49.0,,Fabian Klos,4-2-3-1,4-2-3-1,Matthias Jöllenbeck,Match Report,,6.0,1.0,20.1,1.0,0.0,0.0,2021,Arminia
2020-11-07,15:30,Bundesliga,Matchweek 7,Sat,Home,L,0,3,Hertha BSC,0.3,2.2,47.0,,Jeffrey Gouweleeuw,4-4-2,4-2-2-2,Frank Willenborg,Match Report,,8.0,1.0,25.7,0.0,0.0,0.0,2021,Augsburg
2020-11-07,15:30,Bundesliga,Matchweek 7,Sat,Home,W,5,0,Arminia,2.0,0.3,51.0,,Christopher Trimmel,4-2-3-1,4-2-3-1,Matthias Jöllenbeck,Match Report,,11.0,8.0,18.5,0.0,1.0,1.0,2021,Union Berlin
2020-11-07,15:30,Bundesliga,Matchweek 7,Sat,Away,W,3,0,Augsburg,2.2,0.3,53.0,,Dedryck Boyata,4-2-2-2,4-4-2,Frank Willenborg,Match Report,,11.0,4.0,17.7,2.0,1.0,1.0,2021,Hertha BSC
2020-11-07,18:30,Bundesliga,Matchweek 7,Sat,Home,L,2,3,Bayern Munich,2.5,1.2,51.0,,Marco Reus,4-2-3-1,4-2-3-1,Manuel Gräfe,Match Report,,15.0,5.0,14.2,0.0,0.0,0.0,2021,Dortmund
2020-11-07,15:30,Bundesliga,Matchweek 7,Sat,Away,L,0,3,RB Leipzig,0.6,2.2,45.0,,Christian Günter,5-3-2,4-1-3-2,Felix Zwayer,Match Report,,8.0,3.0,12.2,1.0,0.0,0.0,2021,Freiburg
2020-11-07,15:30,Bundesliga,Matchweek 7,Sat,Home,D,2,2,Eint Frankfurt,2.0,3.2,41.0,,Gonzalo Castro,3-1-4-2,3-4-1-2,Sascha Stegemann,Match Report,,14.0,4.0,19.9,0.0,1.0,1.0,2021,Stuttgart
2020-11-07,15:30,Bundesliga,Matchweek 7,Sat,Home,W,3,0,Freiburg,2.2,0.6,55.0,,Marcel Sabitzer,4-1-3-2,5-3-2,Felix Zwayer,Match Report,,14.0,6.0,19.7,1.0,1.0,1.0,2021,RB Leipzig
2020-11-07,15:30,Bundesliga,Matchweek 7,Sat,Away,D,2,2,Mainz 05,1.9,3.7,67.0,,Omar Mascarell,3-1-4-2,4-2-3-1,Patrick Ittrich,Match Report,,21.0,3.0,15.4,2.0,0.0,0.0,2021,Schalke 04
2020-11-08,15:30,Bundesliga,Matchweek 7,Sun,Home,W,2,1,Hoffenheim,1.9,2.8,46.0,,Koen Casteels,4-2-3-1,3-1-4-2,Sven Jablonski,Match Report,,13.0,7.0,21.1,0.0,0.0,1.0,2021,Wolfsburg
2020-11-08,18:00,Bundesliga,Matchweek 7,Sun,Home,W,4,3,Gladbach,1.3,2.7,59.0,,Lars Bender,4-3-3,4-2-3-1,Harm Osmers,Match Report,,13.0,4.0,18.0,0.0,0.0,0.0,2021,Leverkusen
2020-11-08,15:30,Bundesliga,Matchweek 7,Sun,Away,L,1,2,Wolfsburg,2.8,1.9,54.0,,Oliver Baumann,3-1-4-2,4-2-3-1,Sven Jablonski,Match Report,,15.0,4.0,15.1,2.0,0.0,1.0,2021,Hoffenheim
2020-11-08,18:00,Bundesliga,Matchweek 7,Sun,Away,L,3,4,Leverkusen,2.7,1.3,41.0,,Lars Stindl,4-2-3-1,4-3-3,Harm Osmers,Match Report,,14.0,5.0,17.4,0.0,1.0,1.0,2021,Gladbach
2020-11-21,20:30,Bundesliga,Matchweek 8,Sat,Home,L,2,5,Dortmund,1.5,2.8,41.0,,Dedryck Boyata,4-4-2,3-4-3,Bastian Dankert,Match Report,,8.0,2.0,22.8,0.0,1.0,1.0,2021,Hertha BSC
2020-11-21,15:30,Bundesliga,Matchweek 8,Sat,Away,W,2,0,Schalke 04,2.5,1.1,57.0,,Koen Casteels,4-2-3-1,3-1-4-2,Marco Fritz,Match Report,,18.0,7.0,16.6,0.0,0.0,0.0,2021,Wolfsburg
2020-11-21,18:30,Bundesliga,Matchweek 8,Sat,Away,D,1,1,Eint Frankfurt,0.8,1.0,62.0,,Marcel Sabitzer,4-2-3-1,3-4-3,Sören Storks,Match Report,,10.0,2.0,11.1,0.0,0.0,0.0,2021,RB Leipzig
2020-11-21,18:30,Bundesliga,Matchweek 8,Sat,Home,D,1,1,RB Leipzig,1.0,0.8,38.0,,David Abraham,3-4-3,4-2-3-1,Sören Storks,Match Report,,8.0,3.0,15.1,0.0,0.0,0.0,2021,Eint Frankfurt
2020-11-21,15:30,Bundesliga,Matchweek 8,Sat,Home,L,0,2,Wolfsburg,1.1,2.5,43.0,,Omar Mascarell,3-1-4-2,4-2-3-1,Marco Fritz,Match Report,,13.0,7.0,15.8,0.0,0.0,0.0,2021,Schalke 04
2020-11-21,20:30,Bundesliga,Matchweek 8,Sat,Away,W,5,2,Hertha BSC,2.8,1.5,59.0,,Marco Reus,3-4-3,4-4-2,Bastian Dankert,Match Report,,16.0,8.0,16.0,1.0,0.0,0.0,2021,Dortmund
2020-11-21,15:30,Bundesliga,Matchweek 8,Sat,Away,D,1,1,Bayern Munich,1.7,1.7,30.0,,Theodor Gebre Selassie,3-4-3,4-1-4-1,Guido Winkmann,Match Report,,7.0,3.0,14.3,0.0,0.0,0.0,2021,Werder Bremen
2020-11-21,15:30,Bundesliga,Matchweek 8,Sat,Away,D,1,1,Gladbach,0.8,2.1,48.0,,Jeffrey Gouweleeuw,4-4-2,4-2-3-1,Markus Schmidt,Match Report,,9.0,5.0,21.7,0.0,0.0,0.0,2021,Augsburg
2020-11-21,15:30,Bundesliga,Matchweek 8,Sat,Home,D,1,1,Werder Bremen,1.7,1.7,70.0,,Manuel Neuer,4-1-4-1,3-4-3,Guido Winkmann,Match Report,,16.0,2.0,17.8,0.0,0.0,0.0,2021,Bayern Munich
2020-11-21,15:30,Bundesliga,Matchweek 8,Sat,Home,D,3,3,Stuttgart,1.7,1.6,43.0,,Oliver Baumann,5-3-2,3-4-3,Daniel Siebert,Match Report,,12.0,7.0,19.5,0.0,1.0,1.0,2021,Hoffenheim
2020-11-21,15:30,Bundesliga,Matchweek 8,Sat,Away,D,3,3,Hoffenheim,1.6,1.7,57.0,,Gonzalo Castro,3-4-3,5-3-2,Daniel Siebert,Match Report,,22.0,8.0,16.2,0.0,0.0,0.0,2021,Stuttgart
2020-11-21,15:30,Bundesliga,Matchweek 8,Sat,Home,L,1,2,Leverkusen,0.0,1.2,31.0,,Fabian Klos,4-1-4-1,4-3-3,Felix Brych,Match Report,,0.0,0.0,,0.0,0.0,0.0,2021,Arminia
2020-11-21,15:30,Bundesliga,Matchweek 8,Sat,Away,W,2,1,Arminia,1.2,0.0,69.0,,Lars Bender,4-3-3,4-1-4-1,Felix Brych,Match Report,,8.0,4.0,14.1,0.0,0.0,0.0,2021,Leverkusen
2020-11-21,15:30,Bundesliga,Matchweek 8,Sat,Home,D,1,1,Augsburg,2.1,0.8,52.0,,Lars Stindl,4-2-3-1,4-4-2,Markus Schmidt,Match Report,,14.0,6.0,15.9,1.0,0.0,0.0,2021,Gladbach
2020-11-22,15:30,Bundesliga,Matchweek 8,Sun,Away,W,3,1,Freiburg,2.9,2.0,29.0,,Moussa Niakhate,3-5-2,4-4-2,Martin Petersen,Match Report,,20.0,8.0,19.2,0.0,0.0,0.0,2021,Mainz 05
2020-11-22,15:30,Bundesliga,Matchweek 8,Sun,Home,L,1,3,Mainz 05,2.0,2.9,71.0,,Christian Günter,4-4-2,3-5-2,Martin Petersen,Match Report,,20.0,6.0,18.5,1.0,0.0,0.0,2021,Freiburg
2020-11-22,18:00,Bundesliga,Matchweek 8,Sun,Away,W,2,1,Köln,1.8,1.2,51.0,,Christopher Trimmel,4-2-3-1,4-1-4-1,Tobias Stieler,Match Report,,8.0,2.0,17.8,0.0,0.0,1.0,2021,Union Berlin
2020-11-22,18:00,Bundesliga,Matchweek 8,Sun,Home,L,1,2,Union Berlin,1.2,1.8,49.0,,Timo Horn,4-1-4-1,4-2-3-1,Tobias Stieler,Match Report,,9.0,3.0,15.0,0.0,0.0,0.0,2021,Köln
2020-11-24,21:00,Champions Lg,Group stage,Tue,Home,W,3,0,be Club Brugge,1.6,0.1,52.0,,Mats Hummels,4-2-3-1,4-1-4-1,Ivan Kružliak,Match Report,,21.0,8.0,18.4,1.0,0.0,0.0,2021,Dortmund
2020-11-24,21:00,Champions Lg,Group stage,Tue,Away,L,0,1,fr Paris S-G,1.4,1.1,62.0,,Marcel Sabitzer,4-2-3-1,4-3-3,Danny Makkelie,Match Report,,15.0,3.0,17.8,0.0,0.0,0.0,2021,RB Leipzig
2020-11-25,18:55,Champions Lg,Group stage,Wed,Home,W,4,0,ua Shakhtar,3.2,0.7,47.0,,Lars Stindl,4-2-3-1,4-3-3,Cüneyt Çakιr,Match Report,,13.0,5.0,17.8,1.0,1.0,1.0,2021,Gladbach
2020-11-25,21:00,Champions Lg,Group stage,Wed,Home,W,3,1,at RB Salzburg,1.3,3.3,59.0,,Manuel Neuer,4-2-3-1,4-2-3-1,Orel Grinfeeld,Match Report,,11.0,5.0,19.3,0.0,0.0,0.0,2021,Bayern Munich
2020-11-26,21:00,Europa Lg,Group stage,Thu,Home,W,4,1,il Be'er Sheva,2.9,0.3,79.0,,Jonathan Tah,3-1-4-2,5-4-1,Paweł Gil,Match Report,,22.0,8.0,17.4,1.0,0.0,0.0,2021,Leverkusen
2020-11-26,18:55,Europa Lg,Group stage,Thu,Away,W,2,0,cz Slovan Liberec,1.8,0.4,71.0,,Oliver Baumann,4-1-2-1-2◆,5-4-1,Jérôme Brisard,Match Report,,12.0,2.0,18.4,0.0,1.0,1.0,2021,Hoffenheim
2020-11-27,20:30,Bundesliga,Matchweek 9,Fri,Away,L,3,5,Wolfsburg,1.0,1.5,39.0,,Theodor Gebre Selassie,3-4-3,4-2-3-1,Christian Dingert,Match Report,,5.0,4.0,14.5,1.0,0.0,0.0,2021,Werder Bremen
2020-11-27,20:30,Bundesliga,Matchweek 9,Fri,Home,W,5,3,Werder Bremen,1.5,1.0,61.0,,Koen Casteels,4-2-3-1,3-4-3,Christian Dingert,Match Report,,13.0,6.0,15.8,0.0,0.0,0.0,2021,Wolfsburg
2020-11-28,15:30,Bundesliga,Matchweek 9,Sat,Away,W,3,1,Stuttgart,0.9,1.2,57.0,,Manuel Neuer,4-2-3-1,3-4-3,Harm Osmers,Match Report,,14.0,6.0,19.8,0.0,0.0,0.0,2021,Bayern Munich
2020-11-28,18:30,Bundesliga,Matchweek 9,Sat,Away,L,1,4,Gladbach,0.9,3.0,44.0,,Omar Mascarell,4-2-3-1,4-2-3-1,Manuel Gräfe,Match Report,,13.0,2.0,20.4,1.0,0.0,0.0,2021,Schalke 04
2020-11-28,15:30,Bundesliga,Matchweek 9,Sat,Away,W,2,1,Dortmund,1.5,3.0,31.0,,Timo Horn,5-3-2,4-2-3-1,Benjamin Brand,Match Report,,6.0,5.0,10.5,0.0,0.0,0.0,2021,Köln
2020-11-28,15:30,Bundesliga,Matchweek 9,Sat,Home,W,2,1,Arminia,2.5,1.6,58.0,,Péter Gulácsi,3-4-3,4-2-3-1,Robert Hartmann,Match Report,,14.0,5.0,18.3,0.0,0.0,1.0,2021,RB Leipzig
2020-11-28,15:30,Bundesliga,Matchweek 9,Sat,Home,D,3,3,Eint Frankfurt,2.4,1.4,44.0,,Christopher Trimmel,4-2-3-1,3-4-1-2,Tobias Reichel,Match Report,,14.0,6.0,18.8,0.0,1.0,1.0,2021,Union Berlin
2020-11-28,15:30,Bundesliga,Matchweek 9,Sat,Away,L,1,2,RB Leipzig,1.6,2.5,42.0,,Fabian Klos,4-2-3-1,3-4-3,Robert Hartmann,Match Report,,14.0,3.0,15.9,0.0,0.0,0.0,2021,Arminia
2020-11-28,15:30,Bundesliga,Matchweek 9,Sat,Away,D,3,3,Union Berlin,1.4,2.4,56.0,,David Abraham,3-4-1-2,4-2-3-1,Tobias Reichel,Match Report,,13.0,5.0,15.4,0.0,0.0,0.0,2021,Eint Frankfurt
2020-11-28,15:30,Bundesliga,Matchweek 9,Sat,Home,D,1,1,Freiburg,0.5,0.8,58.0,,Jeffrey Gouweleeuw,4-2-2-2,3-4-3,Robert Schröder,Match Report,,10.0,2.0,18.7,0.0,0.0,0.0,2021,Augsburg
2020-11-28,15:30,Bundesliga,Matchweek 9,Sat,Home,L,1,2,Köln,3.0,1.5,69.0,,Marco Reus,4-2-3-1,5-3-2,Benjamin Brand,Match Report,,16.0,5.0,14.6,0.0,0.0,0.0,2021,Dortmund
2020-11-28,15:30,Bundesliga,Matchweek 9,Sat,Home,L,1,3,Bayern Munich,1.2,0.9,43.0,,Gonzalo Castro,3-4-3,4-2-3-1,Harm Osmers,Match Report,,15.0,4.0,18.7,1.0,0.0,0.0,2021,Stuttgart
2020-11-28,15:30,Bundesliga,Matchweek 9,Sat,Away,D,1,1,Augsburg,0.8,0.5,42.0,,Christian Günter,3-4-3,4-2-2-2,Robert Schröder,Match Report,,10.0,5.0,19.4,1.0,0.0,0.0,2021,Freiburg
2020-11-28,18:30,Bundesliga,Matchweek 9,Sat,Home,W,4,1,Schalke 04,3.0,0.9,56.0,,Yann Sommer,4-2-3-1,4-2-3-1,Manuel Gräfe,Match Report,,18.0,9.0,12.4,0.0,0.0,0.0,2021,Gladbach
2020-11-29,18:00,Bundesliga,Matchweek 9,Sun,Away,D,1,1,Mainz 05,1.1,1.6,64.0,,Oliver Baumann,4-1-2-1-2◆,3-4-3,Sascha Stegemann,Match Report,,10.0,4.0,14.7,0.0,0.0,0.0,2021,Hoffenheim
2020-11-29,15:30,Bundesliga,Matchweek 9,Sun,Away,D,0,0,Leverkusen,0.6,1.2,42.0,,Dedryck Boyata,4-4-2,4-3-3,Daniel Schlager,Match Report,,5.0,3.0,21.3,0.0,0.0,0.0,2021,Hertha BSC
2020-11-29,18:00,Bundesliga,Matchweek 9,Sun,Home,D,1,1,Hoffenheim,1.6,1.1,36.0,,Moussa Niakhate,3-4-3,4-1-2-1-2,Sascha Stegemann,Match Report,,9.0,3.0,12.3,0.0,0.0,0.0,2021,Mainz 05
2020-11-29,15:30,Bundesliga,Matchweek 9,Sun,Home,D,0,0,Hertha BSC,1.2,0.6,58.0,,Lars Bender,4-3-3,4-4-2,Daniel Schlager,Match Report,,16.0,1.0,19.6,2.0,0.0,0.0,2021,Leverkusen
2020-12-01,21:00,Champions Lg,Group stage,Tue,Home,L,2,3,it Inter,1.3,1.6,54.0,,Lars Stindl,4-2-3-1,3-5-2,Danny Makkelie,Match Report,,10.0,5.0,18.2,2.0,0.0,0.0,2021,Gladbach
2020-12-01,21:00,Champions Lg,Group stage,Tue,Away,D,1,1,es Atlético Madrid,1.1,1.6,54.0,,David Alaba,3-4-3,3-5-2,Clément Turpin,Match Report,,5.0,1.0,21.9,0.0,1.0,1.0,2021,Bayern Munich
2020-12-02,21:00,Champions Lg,Group stage,Wed,Home,D,1,1,it Lazio,1.4,1.9,56.0,,Marco Reus,3-4-3,3-5-2,Antonio Matéu Lahoz,Match Report,,13.0,4.0,17.0,1.0,0.0,0.0,2021,Dortmund
2020-12-02,20:55 (18:55),Champions Lg,Group stage,Wed,Away,W,4,3,tr Başakşehir,2.1,0.6,54.0,,Marcel Sabitzer,4-2-3-1,4-4-1-1,Carlos del Cerro,Match Report,,20.0,7.0,14.9,0.0,0.0,0.0,2021,RB Leipzig
2020-12-03,18:55,Europa Lg,Group stage,Thu,Away,D,0,0,rs Red Star,1.3,0.2,62.0,,Oliver Baumann,3-4-3,5-3-2,Bobby Madden,Match Report,,16.0,5.0,19.3,0.0,0.0,0.0,2021,Hoffenheim
2020-12-03,21:00,Europa Lg,Group stage,Thu,Away,W,3,2,fr Nice,2.4,1.1,63.0,,Lars Bender,4-4-2,5-4-1,Maurizio Mariani,Match Report,,18.0,9.0,19.3,0.0,0.0,0.0,2021,Leverkusen
2020-12-04,20:30,Bundesliga,Matchweek 10,Fri,Away,L,1,3,Hertha BSC,0.3,0.7,32.0,,Christopher Trimmel,3-4-1-2,4-2-3-1,Felix Brych,Match Report,,5.0,1.0,17.2,0.0,0.0,0.0,2021,Union Berlin
2020-12-04,20:30,Bundesliga,Matchweek 10,Fri,Home,W,3,1,Union Berlin,0.7,0.3,68.0,,Dedryck Boyata,4-2-3-1,3-4-1-2,Felix Brych,Match Report,,10.0,7.0,18.1,0.0,0.0,0.0,2021,Hertha BSC
2020-12-05,15:30,Bundesliga,Matchweek 10,Sat,Home,D,2,2,Wolfsburg,1.1,1.9,41.0,,Timo Horn,3-1-4-2,4-2-3-1,Sven Jablonski,Match Report,,6.0,3.0,16.8,0.0,0.0,0.0,2021,Köln
2020-12-05,18:30,Bundesliga,Matchweek 10,Sat,Away,D,3,3,Bayern Munich,1.5,1.0,39.0,,Marcel Sabitzer,4-3-3,4-2-3-1,Daniel Siebert,Match Report,,7.0,4.0,16.6,0.0,0.0,0.0,2021,RB Leipzig
2020-12-05,15:30,Bundesliga,Matchweek 10,Sat,Away,D,2,2,Köln,1.9,1.1,59.0,,Koen Casteels,4-2-3-1,3-1-4-2,Sven Jablonski,Match Report,,16.0,6.0,18.7,1.0,0.0,0.0,2021,Wolfsburg
2020-12-05,15:30,Bundesliga,Matchweek 10,Sat,Home,D,1,1,Dortmund,1.0,1.1,43.0,,David Abraham,3-4-3,3-4-3,Guido Winkmann,Match Report,,9.0,1.0,21.5,0.0,0.0,0.0,2021,Eint Frankfurt
2020-12-05,18:30,Bundesliga,Matchweek 10,Sat,Home,D,3,3,RB Leipzig,1.0,1.5,61.0,,Manuel Neuer,4-2-3-1,4-3-3,Daniel Siebert,Match Report,,9.0,5.0,16.4,0.0,0.0,0.0,2021,Bayern Munich
2020-12-05,15:30,Bundesliga,Matchweek 10,Sat,Home,D,2,2,Gladbach,3.6,1.5,39.0,,Christian Günter,3-4-3,4-2-3-1,Tobias Stieler,Match Report,,21.0,6.0,16.5,2.0,1.0,1.0,2021,Freiburg
2020-12-05,15:30,Bundesliga,Matchweek 10,Sat,Away,D,1,1,Eint Frankfurt,1.1,1.0,57.0,,Mats Hummels,3-4-3,3-4-3,Guido Winkmann,Match Report,,16.0,5.0,18.8,1.0,0.0,0.0,2021,Dortmund
2020-12-05,15:30,Bundesliga,Matchweek 10,Sat,Away,D,2,2,Freiburg,1.5,3.6,61.0,,Lars Stindl,4-2-3-1,3-4-3,Tobias Stieler,Match Report,,12.0,4.0,19.2,0.0,0.0,0.0,2021,Gladbach
2020-12-05,15:30,Bundesliga,Matchweek 10,Sat,Away,L,1,2,Arminia,2.8,1.2,52.0,,Moussa Niakhate,3-4-3,4-4-2,Marco Fritz,Match Report,,15.0,5.0,15.0,0.0,0.0,0.0,2021,Mainz 05
2020-12-05,15:30,Bundesliga,Matchweek 10,Sat,Home,W,2,1,Mainz 05,1.2,2.8,48.0,,Fabian Klos,4-4-2,3-4-3,Marco Fritz,Match Report,,12.0,5.0,20.7,0.0,0.0,0.0,2021,Arminia
2020-12-06,18:00,Bundesliga,Matchweek 10,Sun,Away,W,3,0,Schalke 04,2.5,1.4,63.0,,Lars Bender,4-3-3,4-2-3-1,Benjamin Cortus,Match Report,,25.0,9.0,18.3,1.0,0.0,0.0,2021,Leverkusen
2020-12-06,15:30,Bundesliga,Matchweek 10,Sun,Away,W,2,1,Werder Bremen,2.2,0.7,46.0,,Gonzalo Castro,3-1-4-2,4-2-3-1,Frank Willenborg,Match Report,,10.0,5.0,19.8,0.0,1.0,1.0,2021,Stuttgart
2020-12-06,15:30,Bundesliga,Matchweek 10,Sun,Home,L,1,2,Stuttgart,0.7,2.2,54.0,,Theodor Gebre Selassie,4-2-3-1,3-1-4-2,Frank Willenborg,Match Report,,13.0,3.0,18.9,1.0,0.0,0.0,2021,Werder Bremen
2020-12-06,18:00,Bundesliga,Matchweek 10,Sun,Home,L,0,3,Leverkusen,1.4,2.5,37.0,,Omar Mascarell,4-2-3-1,4-3-3,Benjamin Cortus,Match Report,,14.0,3.0,21.8,0.0,0.0,1.0,2021,Schalke 04
2020-12-07,20:30,Bundesliga,Matchweek 10,Mon,Home,W,3,1,Augsburg,1.5,0.9,55.0,,Oliver Baumann,4-1-2-1-2◆,4-2-2-2,Florian Badstübner,Match Report,,10.0,7.0,15.5,0.0,0.0,0.0,2021,Hoffenheim
2020-12-07,20:30,Bundesliga,Matchweek 10,Mon,Away,L,1,3,Hoffenheim,0.9,1.5,45.0,,Jeffrey Gouweleeuw,4-2-2-2,4-1-2-1-2,Florian Badstübner,Match Report,,12.0,2.0,17.3,1.0,0.0,0.0,2021,Augsburg
2020-12-08,21:00,Champions Lg,Group stage,Tue,Home,W,3,2,eng Manchester Utd,1.5,2.0,45.0,,Marcel Sabitzer,3-4-3,3-4-1-2,Antonio Matéu Lahoz,Match Report,,9.0,4.0,16.5,0.0,0.0,0.0,2021,RB Leipzig
2020-12-08,20:55 (18:55),Champions Lg,Group stage,Tue,Away,W,2,1,ru Zenit,1.6,1.2,55.0,10860.0,Marco Reus,3-1-4-2,4-2-3-1,István Kovács,Match Report,,14.0,5.0,15.6,0.0,0.0,0.0,2021,Dortmund
2020-12-09,21:00,Champions Lg,Group stage,Wed,Home,W,2,0,ru Loko Moscow,1.7,0.4,69.0,,Manuel Neuer,4-2-3-1,4-3-2-1,Sandro Schärer,Match Report,,22.0,7.0,20.0,0.0,0.0,0.0,2021,Bayern Munich
2020-12-09,21:00,Champions Lg,Group stage,Wed,Away,L,0,2,es Real Madrid,1.0,2.8,37.0,,Lars Stindl,4-2-3-1,4-3-3,Björn Kuipers,Match Report,,7.0,1.0,17.0,0.0,0.0,0.0,2021,Gladbach
2020-12-10,21:00,Europa Lg,Group stage,Thu,Home,W,4,1,be Gent,2.2,1.2,63.0,,Dennis Geiger,4-2-3-1,3-5-2,Anastasios Papapetrou,Match Report,,14.0,6.0,16.0,1.0,0.0,0.0,2021,Hoffenheim
2020-12-10,18:55,Europa Lg,Group stage,Thu,Home,W,4,0,cz Slavia Prague,4.3,0.3,54.0,,Julian Baumgartlinger,4-2-3-1,4-5-1,Anastasios Sidiropoulos,Match Report,,18.0,7.0,12.9,0.0,0.0,0.0,2021,Leverkusen
2020-12-11,20:30,Bundesliga,Matchweek 11,Fri,Away,L,1,2,Wolfsburg,1.5,2.9,46.0,,David Abraham,3-1-4-2,4-2-3-1,Markus Schmidt,Match Report,,6.0,3.0,23.6,0.0,1.0,1.0,2021,Eint Frankfurt
2020-12-11,20:30,Bundesliga,Matchweek 11,Fri,Home,W,2,1,Eint Frankfurt,2.9,1.5,54.0,,Koen Casteels,4-2-3-1,3-1-4-2,Markus Schmidt,Match Report,,17.0,8.0,17.1,2.0,1.0,1.0,2021,Wolfsburg
2020-12-12,15:30,Bundesliga,Matchweek 11,Sat,Away,W,1,0,Mainz 05,0.8,1.7,40.0,,Timo Horn,3-1-4-2,3-4-3,Felix Zwayer,Match Report,,9.0,6.0,18.2,1.0,0.0,0.0,2021,Köln
2020-12-12,18:30,Bundesliga,Matchweek 11,Sat,Away,D,1,1,Union Berlin,1.1,1.3,67.0,,Manuel Neuer,4-2-3-1,4-1-4-1,Bastian Dankert,Match Report,,12.0,5.0,20.1,1.0,0.0,0.0,2021,Bayern Munich
2020-12-12,15:30,Bundesliga,Matchweek 11,Sat,Home,W,2,0,Werder Bremen,2.4,0.6,55.0,,Marcel Sabitzer,4-2-3-1,3-4-3,Sören Storks,Match Report,,14.0,6.0,21.6,0.0,1.0,1.0,2021,RB Leipzig
2020-12-12,18:30,Bundesliga,Matchweek 11,Sat,Home,D,1,1,Bayern Munich,1.3,1.1,33.0,,Christopher Trimmel,4-1-4-1,4-2-3-1,Bastian Dankert,Match Report,,12.0,5.0,20.9,0.0,0.0,0.0,2021,Union Berlin
2020-12-12,15:30,Bundesliga,Matchweek 11,Sat,Away,L,0,2,RB Leipzig,0.6,2.4,45.0,,Theodor Gebre Selassie,3-4-3,4-2-3-1,Sören Storks,Match Report,,10.0,2.0,20.5,0.0,0.0,0.0,2021,Werder Bremen
2020-12-12,15:30,Bundesliga,Matchweek 11,Sat,Home,L,0,1,Köln,1.7,0.8,60.0,,Danny Latza,3-4-3,3-1-4-2,Felix Zwayer,Match Report,,15.0,4.0,16.6,0.0,0.0,0.0,2021,Mainz 05
2020-12-12,15:30,Bundesliga,Matchweek 11,Sat,Away,W,5,1,Dortmund,3.1,0.9,29.0,,Marc-Oliver Kempf,3-1-4-2,3-4-3,Christian Dingert,Match Report,,17.0,9.0,19.0,1.0,1.0,1.0,2021,Stuttgart
2020-12-12,15:30,Bundesliga,Matchweek 11,Sat,Home,L,1,5,Stuttgart,0.9,3.1,71.0,,Marco Reus,3-4-3,3-1-4-2,Christian Dingert,Match Report,,12.0,4.0,20.7,0.0,0.0,0.0,2021,Dortmund
2020-12-12,15:30,Bundesliga,Matchweek 11,Sat,Home,W,2,0,Arminia,2.4,0.2,48.0,,Christian Günter,3-4-3,4-1-3-2,Harm Osmers,Match Report,,15.0,6.0,17.5,0.0,1.0,1.0,2021,Freiburg
2020-12-12,15:30,Bundesliga,Matchweek 11,Sat,Away,D,1,1,Gladbach,0.4,1.7,45.0,,Dedryck Boyata,4-2-3-1,4-2-3-1,Robert Hartmann,Match Report,,7.0,3.0,19.8,0.0,0.0,0.0,2021,Hertha BSC
2020-12-12,15:30,Bundesliga,Matchweek 11,Sat,Home,D,1,1,Hertha BSC,1.7,0.4,55.0,,Breel Embolo,4-2-3-1,4-2-3-1,Robert Hartmann,Match Report,,16.0,3.0,17.6,1.0,0.0,0.0,2021,Gladbach
2020-12-12,15:30,Bundesliga,Matchweek 11,Sat,Away,L,0,2,Freiburg,0.2,2.4,52.0,,Fabian Klos,4-1-3-2,3-4-3,Harm Osmers,Match Report,,5.0,2.0,19.1,0.0,0.0,0.0,2021,Arminia
2020-12-13,15:30,Bundesliga,Matchweek 11,Sun,Away,D,2,2,Augsburg,2.3,1.4,59.0,,Omar Mascarell,4-1-4-1,4-4-2,Manuel Gräfe,Match Report,,16.0,4.0,18.2,2.0,0.0,0.0,2021,Schalke 04
2020-12-13,18:00,Bundesliga,Matchweek 11,Sun,Home,W,4,1,Hoffenheim,2.2,1.6,60.0,,Lars Bender,4-3-3,4-1-3-2,Martin Petersen,Match Report,,12.0,7.0,19.8,0.0,1.0,1.0,2021,Leverkusen
2020-12-13,18:00,Bundesliga,Matchweek 11,Sun,Away,L,1,4,Leverkusen,1.6,2.2,40.0,,Oliver Baumann,4-1-3-2,4-3-3,Martin Petersen,Match Report,,11.0,4.0,18.6,1.0,0.0,0.0,2021,Hoffenheim
2020-12-13,15:30,Bundesliga,Matchweek 11,Sun,Home,D,2,2,Schalke 04,1.4,2.3,41.0,,Jeffrey Gouweleeuw,4-4-2,4-1-4-1,Manuel Gräfe,Match Report,,9.0,4.0,17.3,0.0,0.0,0.0,2021,Augsburg
2020-12-15,18:30,Bundesliga,Matchweek 12,Tue,Away,D,3,3,Eint Frankfurt,1.4,1.9,60.0,,Lars Stindl,4-2-3-1,3-4-3,Benjamin Cortus,Match Report,,7.0,4.0,21.4,1.0,1.0,1.0,2021,Gladbach
2020-12-15,20:30,Bundesliga,Matchweek 12,Tue,Away,D,2,2,Stuttgart,0.7,2.0,38.0,,Christopher Trimmel,5-3-2,3-1-4-2,Sascha Stegemann,Match Report,,15.0,5.0,18.0,0.0,0.0,0.0,2021,Union Berlin
2020-12-15,20:30,Bundesliga,Matchweek 12,Tue,Home,L,1,2,Dortmund,0.3,2.9,46.0,,Theodor Gebre Selassie,3-5-2,4-2-3-1,Robert Schröder,Match Report,,6.0,3.0,21.2,1.0,0.0,0.0,2021,Werder Bremen
2020-12-15,20:30,Bundesliga,Matchweek 12,Tue,Home,D,2,2,Union Berlin,2.0,0.7,62.0,,Gonzalo Castro,3-1-4-2,5-3-2,Sascha Stegemann,Match Report,,14.0,5.0,13.2,0.0,0.0,0.0,2021,Stuttgart
2020-12-15,20:30,Bundesliga,Matchweek 12,Tue,Home,D,0,0,Mainz 05,0.8,0.8,64.0,,Dedryck Boyata,4-3-3,5-3-2,Matthias Jöllenbeck,Match Report,,11.0,0.0,17.0,0.0,0.0,0.0,2021,Hertha BSC
2020-12-15,20:30,Bundesliga,Matchweek 12,Tue,Away,W,2,1,Werder Bremen,2.9,0.3,54.0,,Marco Reus,4-2-3-1,3-5-2,Robert Schröder,Match Report,,14.0,8.0,16.0,0.0,0.0,1.0,2021,Dortmund
2020-12-15,20:30,Bundesliga,Matchweek 12,Tue,Away,D,0,0,Hertha BSC,0.8,0.8,36.0,,Moussa Niakhate,5-3-2,4-3-3,Matthias Jöllenbeck,Match Report,,5.0,0.0,15.4,0.0,0.0,0.0,2021,Mainz 05
2020-12-15,18:30,Bundesliga,Matchweek 12,Tue,Home,D,3,3,Gladbach,1.9,1.4,40.0,,David Abraham,3-4-3,4-2-3-1,Benjamin Cortus,Match Report,,9.0,2.0,20.4,1.0,1.0,1.0,2021,Eint Frankfurt
2020-12-16,20:30,Bundesliga,Matchweek 12,Wed,Away,W,4,0,Köln,1.6,0.4,66.0,,Lars Bender,4-2-3-1,3-1-4-2,Tobias Stieler,Match Report,,14.0,7.0,19.3,2.0,0.0,0.0,2021,Leverkusen
2020-12-16,20:30,Bundesliga,Matchweek 12,Wed,Home,L,0,4,Leverkusen,0.4,1.6,34.0,,Timo Horn,3-1-4-2,4-2-3-1,Tobias Stieler,Match Report,,7.0,0.0,18.4,0.0,0.0,0.0,2021,Köln
2020-12-16,20:30,Bundesliga,Matchweek 12,Wed,Away,L,1,2,Bayern Munich,1.0,1.8,41.0,,Koen Casteels,4-2-3-1,4-1-4-1,Marco Fritz,Match Report,,17.0,6.0,21.6,1.0,0.0,0.0,2021,Wolfsburg
2020-12-16,18:30,Bundesliga,Matchweek 12,Wed,Away,W,2,0,Schalke 04,1.2,0.5,46.0,,Christian Günter,3-4-3,4-2-3-1,Sven Jablonski,Match Report,,11.0,3.0,13.7,0.0,0.0,0.0,2021,Freiburg
2020-12-16,20:30,Bundesliga,Matchweek 12,Wed,Away,W,1,0,Arminia,0.4,0.6,52.0,,Jeffrey Gouweleeuw,3-4-1-2,4-4-2,Patrick Ittrich,Match Report,,9.0,2.0,22.3,0.0,0.0,0.0,2021,Augsburg
2020-12-16,20:30,Bundesliga,Matchweek 12,Wed,Home,L,0,1,RB Leipzig,0.6,0.5,45.0,,Oliver Baumann,4-2-3-1,3-4-3,Daniel Schlager,Match Report,,6.0,2.0,10.0,0.0,0.0,0.0,2021,Hoffenheim
2020-12-16,20:30,Bundesliga,Matchweek 12,Wed,Home,W,2,1,Wolfsburg,1.8,1.0,59.0,,Manuel Neuer,4-1-4-1,4-2-3-1,Marco Fritz,Match Report,,11.0,2.0,13.0,0.0,0.0,0.0,2021,Bayern Munich
2020-12-16,20:30,Bundesliga,Matchweek 12,Wed,Away,W,1,0,Hoffenheim,0.5,0.6,55.0,,Marcel Sabitzer,3-4-3,4-2-3-1,Daniel Schlager,Match Report,,4.0,3.0,20.3,0.0,0.0,0.0,2021,RB Leipzig
2020-12-16,18:30,Bundesliga,Matchweek 12,Wed,Home,L,0,2,Freiburg,0.5,1.2,54.0,,Omar Mascarell,4-2-3-1,3-4-3,Sven Jablonski,Match Report,,10.0,2.0,21.5,1.0,0.0,0.0,2021,Schalke 04
2020-12-16,20:30,Bundesliga,Matchweek 12,Wed,Home,L,0,1,Augsburg,0.6,0.4,48.0,,Fabian Klos,4-4-2,3-4-1-2,Patrick Ittrich,Match Report,,12.0,2.0,20.5,0.0,0.0,0.0,2021,Arminia
2020-12-18,20:30,Bundesliga,Matchweek 13,Fri,Home,W,2,1,Dortmund,1.0,1.3,30.0,,Christopher Trimmel,4-1-4-1,4-2-3-1,Harm Osmers,Match Report,,12.0,5.0,18.0,0.0,0.0,0.0,2021,Union Berlin
2020-12-18,20:30,Bundesliga,Matchweek 13,Fri,Away,L,1,2,Union Berlin,1.3,1.0,70.0,,Marco Reus,4-2-3-1,4-1-4-1,Harm Osmers,Match Report,,16.0,3.0,17.4,0.0,0.0,0.0,2021,Dortmund
2020-12-19,15:30,Bundesliga,Matchweek 13,Sat,Away,W,2,0,Augsburg,2.2,1.6,54.0,,Makoto Hasebe,3-4-3,4-4-2,Daniel Siebert,Match Report,,15.0,6.0,14.3,0.0,0.0,0.0,2021,Eint Frankfurt
2020-12-19,15:30,Bundesliga,Matchweek 13,Sat,Home,L,0,2,Eint Frankfurt,1.6,2.2,46.0,,Jeffrey Gouweleeuw,4-4-2,3-4-3,Daniel Siebert,Match Report,,15.0,4.0,17.9,0.0,0.0,0.0,2021,Augsburg
2020-12-19,15:30,Bundesliga,Matchweek 13,Sat,Away,W,2,1,Gladbach,2.1,1.9,52.0,,Oliver Baumann,4-2-3-1,4-2-3-1,Frank Willenborg,Match Report,,16.0,5.0,16.1,1.0,0.0,0.0,2021,Hoffenheim
2020-12-19,15:30,Bundesliga,Matchweek 13,Sat,Home,D,0,0,Köln,2.1,0.4,64.0,,Marcel Sabitzer,4-2-3-1,4-3-3,Felix Brych,Match Report,,18.0,6.0,14.0,0.0,0.0,0.0,2021,RB Leipzig
2020-12-19,15:30,Bundesliga,Matchweek 13,Sat,Home,L,1,2,Hoffenheim,1.9,2.1,48.0,,Lars Stindl,4-2-3-1,4-2-3-1,Frank Willenborg,Match Report,,14.0,4.0,21.4,1.0,1.0,1.0,2021,Gladbach
2020-12-19,15:30,Bundesliga,Matchweek 13,Sat,Home,L,0,1,Werder Bremen,0.5,1.0,44.0,,Moussa Niakhate,3-1-4-2,4-3-1-2,Guido Winkmann,Match Report,,8.0,1.0,19.0,0.0,0.0,0.0,2021,Mainz 05
2020-12-19,15:30,Bundesliga,Matchweek 13,Sat,Away,W,1,0,Schalke 04,1.0,0.4,54.0,,Fabian Klos,4-4-2,4-2-3-1,Bastian Dankert,Match Report,,9.0,3.0,14.6,0.0,0.0,0.0,2021,Arminia
2020-12-19,15:30,Bundesliga,Matchweek 13,Sat,Home,L,0,1,Arminia,0.4,1.0,46.0,,Omar Mascarell,4-2-3-1,4-4-2,Bastian Dankert,Match Report,,9.0,2.0,22.4,0.0,0.0,0.0,2021,Schalke 04
2020-12-19,18:30,Bundesliga,Matchweek 13,Sat,Home,L,1,2,Bayern Munich,0.3,1.1,51.0,,Julian Baumgartlinger,4-3-3,4-2-3-1,Felix Zwayer,Match Report,,7.0,2.0,21.9,0.0,0.0,0.0,2021,Leverkusen
2020-12-19,15:30,Bundesliga,Matchweek 13,Sat,Away,W,1,0,Mainz 05,1.0,0.5,56.0,,Theodor Gebre Selassie,4-3-1-2,3-1-4-2,Guido Winkmann,Match Report,,13.0,7.0,20.1,0.0,0.0,0.0,2021,Werder Bremen
2020-12-19,15:30,Bundesliga,Matchweek 13,Sat,Away,D,0,0,RB Leipzig,0.4,2.1,36.0,,Timo Horn,4-3-3,4-2-3-1,Felix Brych,Match Report,,4.0,1.0,28.3,0.0,0.0,0.0,2021,Köln
2020-12-19,18:30,Bundesliga,Matchweek 13,Sat,Away,W,2,1,Leverkusen,1.1,0.3,49.0,,Manuel Neuer,4-2-3-1,4-3-3,Felix Zwayer,Match Report,,14.0,3.0,18.4,1.0,0.0,0.0,2021,Bayern Munich
2020-12-20,15:30,Bundesliga,Matchweek 13,Sun,Away,L,1,4,Freiburg,1.9,2.8,57.0,,Dedryck Boyata,4-3-3,3-4-3,Tobias Reichel,Match Report,,9.0,3.0,13.4,0.0,0.0,0.0,2021,Hertha BSC
2020-12-20,18:00,Bundesliga,Matchweek 13,Sun,Home,W,1,0,Stuttgart,1.4,1.2,48.0,,Koen Casteels,4-2-2-2,4-2-3-1,Florian Badstübner,Match Report,,13.0,5.0,14.4,1.0,0.0,0.0,2021,Wolfsburg
2020-12-20,15:30,Bundesliga,Matchweek 13,Sun,Home,W,4,1,Hertha BSC,2.8,1.9,43.0,,Christian Günter,3-4-3,4-3-3,Tobias Reichel,Match Report,,16.0,8.0,17.0,0.0,1.0,1.0,2021,Freiburg
2020-12-20,18:00,Bundesliga,Matchweek 13,Sun,Away,L,0,1,Wolfsburg,1.2,1.4,52.0,,Marc-Oliver Kempf,4-2-3-1,4-2-2-2,Florian Badstübner,Match Report,,9.0,2.0,13.4,0.0,0.0,0.0,2021,Stuttgart
2020-12-22,18:30,DFB-Pokal,Second round,Tue,Away,W,3,0,Augsburg,,,64.0,,Marcel Sabitzer,4-2-3-1,4-5-1,Sascha Stegemann,Match Report,,20.0,10.0,,,0.0,0.0,2021,RB Leipzig
2020-12-22,20:45,DFB-Pokal,Second round,Tue,Home,L,2,3,Paderborn 07,,,55.0,,Christopher Trimmel,4-1-4-1,4-3-3,Frank Willenborg,Match Report,,19.0,4.0,,,0.0,0.0,2021,Union Berlin
2020-12-22,18:30,DFB-Pokal,Second round,Tue,Home,W,1,0,Osnabrück,,,63.0,,Timo Horn,4-3-3,3-4-1-2,Robert Hartmann,Match Report,,23.0,3.0,,,0.0,0.0,2021,Köln
2020-12-22,20:45,DFB-Pokal,Second round,Tue,Away,W,5,0,Elversberg,,,72.0,,Lars Stindl,4-2-3-1,4-2-3-1,Markus Schmidt,Match Report,,19.0,10.0,,,1.0,1.0,2021,Gladbach
2020-12-22,18:30,DFB-Pokal,Second round,Tue,Home,L,0,3,RB Leipzig,,,36.0,,Jeffrey Gouweleeuw,4-5-1,4-2-3-1,Sascha Stegemann,Match Report,,6.0,1.0,,,0.0,0.0,2021,Augsburg
2020-12-22,18:30,DFB-Pokal,Second round,Tue,Home,D,2 (6),2 (7),Greuther Fürth,,,57.0,,Oliver Baumann,4-4-2◆,4-2-3-1,Sören Storks,Match Report,Greuther Fürth won on penalty kicks following extra time,16.0,3.0,,,0.0,0.0,2021,Hoffenheim
2020-12-22,20:00,DFB-Pokal,Second round,Tue,Away,W,2,0,BTSV,,,66.0,,Mats Hummels,4-3-3,4-4-2,Benjamin Cortus,Match Report,,19.0,4.0,,,0.0,0.0,2021,Dortmund
2020-12-22,18:30,DFB-Pokal,Second round,Tue,Away,W,3,1,Ulm,,,53.0,,Benjamin Stambouli,4-2-3-1,4-1-4-1,Daniel Schlager,Match Report,,12.0,10.0,,,0.0,0.0,2021,Schalke 04
2020-12-23,18:30,DFB-Pokal,Second round,Wed,Home,W,4,0,Sandhausen,,,69.0,,Josuha Guilavogui,4-2-2-2,3-4-1-2,Guido Winkmann,Match Report,,20.0,11.0,,,0.0,0.0,2021,Wolfsburg
2020-12-23,20:45,DFB-Pokal,Second round,Wed,Away,W,3,0,Hannover 96,,,47.0,,Niklas Moisander,3-4-3,4-2-3-1,Manuel Gräfe,Match Report,,15.0,8.0,,,0.0,0.0,2021,Werder Bremen
2020-12-23,20:45,DFB-Pokal,Second round,Wed,Away,L,0,1,Stuttgart,,,47.0,,Christian Günter,3-4-3,3-1-4-2,Felix Brych,Match Report,,12.0,5.0,,,0.0,0.0,2021,Freiburg
2020-12-23,20:45,DFB-Pokal,Second round,Wed,Home,W,1,0,Freiburg,,,54.0,,Gonzalo Castro,3-1-4-2,3-4-3,Felix Brych,Match Report,,13.0,8.0,,,0.0,0.0,2021,Stuttgart
2020-12-23,20:45,DFB-Pokal,Second round,Wed,Home,D,2 (0),2 (3),Bochum,,,43.0,,Danny Latza,3-5-2,4-2-3-1,Martin Petersen,Match Report,Bochum won on penalty kicks following extra time,14.0,6.0,,,0.0,0.0,2021,Mainz 05
2021-01-02,18:30,Bundesliga,Matchweek 14,Sat,Home,W,3,0,Schalke 04,2.1,0.8,62.0,,Niklas Stark,4-3-3,4-2-3-1,Sven Jablonski,Match Report,,21.0,9.0,19.1,1.0,0.0,0.0,2021,Hertha BSC
2021-01-02,15:30,Bundesliga,Matchweek 14,Sat,Home,L,0,1,Gladbach,0.9,2.5,42.0,,Fabian Klos,4-4-2,4-2-3-1,Sascha Stegemann,Match Report,,7.0,0.0,19.6,0.0,0.0,0.0,2021,Arminia
2021-01-02,15:30,Bundesliga,Matchweek 14,Sat,Home,L,0,1,Augsburg,0.6,1.4,45.0,,Timo Horn,3-1-4-2,3-4-3,Sören Storks,Match Report,,12.0,2.0,16.4,0.0,0.0,0.0,2021,Köln
2021-01-02,20:30,Bundesliga,Matchweek 14,Sat,Away,W,1,0,Stuttgart,2.8,0.9,55.0,,Marcel Sabitzer,4-3-3,4-3-3,Christian Dingert,Match Report,,21.0,7.0,17.6,0.0,0.0,1.0,2021,RB Leipzig
2021-01-02,15:30,Bundesliga,Matchweek 14,Sat,Away,W,1,0,Arminia,2.5,0.9,58.0,,Lars Stindl,4-2-3-1,4-4-2,Sascha Stegemann,Match Report,,24.0,6.0,17.9,1.0,0.0,0.0,2021,Gladbach
2021-01-02,15:30,Bundesliga,Matchweek 14,Sat,Away,W,2,0,Werder Bremen,1.0,0.8,43.0,,Christopher Trimmel,5-3-2,4-2-3-1,Tobias Stieler,Match Report,,9.0,2.0,19.6,0.0,0.0,0.0,2021,Union Berlin
2021-01-02,15:30,Bundesliga,Matchweek 14,Sat,Home,W,2,1,Leverkusen,1.5,0.8,35.0,,David Abraham,3-4-3,4-3-3,Felix Brych,Match Report,,11.0,4.0,19.2,1.0,0.0,0.0,2021,Eint Frankfurt
2021-01-02,20:30,Bundesliga,Matchweek 14,Sat,Home,L,0,1,RB Leipzig,0.9,2.8,45.0,,Gonzalo Castro,4-3-3,4-3-3,Christian Dingert,Match Report,,10.0,1.0,15.6,0.0,0.0,0.0,2021,Stuttgart
2021-01-02,15:30,Bundesliga,Matchweek 14,Sat,Home,L,1,3,Freiburg,1.2,2.0,69.0,,Oliver Baumann,4-2-3-1,3-4-3,Robert Hartmann,Match Report,,15.0,6.0,17.2,2.0,0.0,0.0,2021,Hoffenheim
2021-01-02,15:30,Bundesliga,Matchweek 14,Sat,Away,L,1,2,Eint Frankfurt,0.8,1.5,65.0,,Julian Baumgartlinger,4-3-3,3-4-3,Felix Brych,Match Report,,7.0,2.0,15.6,1.0,0.0,0.0,2021,Leverkusen
2021-01-02,15:30,Bundesliga,Matchweek 14,Sat,Home,L,0,2,Union Berlin,0.8,1.0,57.0,,Theodor Gebre Selassie,4-2-3-1,5-3-2,Tobias Stieler,Match Report,,11.0,2.0,19.1,0.0,0.0,0.0,2021,Werder Bremen
2021-01-02,18:30,Bundesliga,Matchweek 14,Sat,Away,L,0,3,Hertha BSC,0.8,2.1,38.0,,Omar Mascarell,4-2-3-1,4-3-3,Sven Jablonski,Match Report,,11.0,4.0,20.7,0.0,0.0,0.0,2021,Schalke 04
2021-01-02,15:30,Bundesliga,Matchweek 14,Sat,Away,W,1,0,Köln,1.4,0.6,55.0,,Jeffrey Gouweleeuw,3-4-3,3-1-4-2,Sören Storks,Match Report,,11.0,4.0,18.2,1.0,0.0,0.0,2021,Augsburg
2021-01-02,15:30,Bundesliga,Matchweek 14,Sat,Away,W,3,1,Hoffenheim,2.0,1.2,31.0,,Christian Günter,3-4-3,4-2-3-1,Robert Hartmann,Match Report,,9.0,4.0,16.8,0.0,1.0,1.0,2021,Freiburg
2021-01-03,15:30,Bundesliga,Matchweek 14,Sun,Away,L,0,2,Dortmund,2.1,1.8,41.0,,Koen Casteels,4-2-3-1,4-2-3-1,Manuel Gräfe,Match Report,,21.0,5.0,20.0,1.0,0.0,0.0,2021,Wolfsburg
2021-01-03,18:00,Bundesliga,Matchweek 14,Sun,Away,L,2,5,Bayern Munich,1.3,4.3,28.0,,Danny Latza,4-1-2-1-2◆,4-2-3-1,Markus Schmidt,Match Report,,12.0,7.0,20.1,1.0,0.0,0.0,2021,Mainz 05
2021-01-03,15:30,Bundesliga,Matchweek 14,Sun,Home,W,2,0,Wolfsburg,1.8,2.1,59.0,,Marco Reus,4-2-3-1,4-2-3-1,Manuel Gräfe,Match Report,,14.0,7.0,15.9,1.0,0.0,0.0,2021,Dortmund
2021-01-03,18:00,Bundesliga,Matchweek 14,Sun,Home,W,5,2,Mainz 05,4.3,1.3,72.0,,Manuel Neuer,4-2-3-1,4-1-2-1-2,Markus Schmidt,Match Report,,16.0,10.0,14.3,0.0,1.0,1.0,2021,Bayern Munich
2021-01-08,20:30,Bundesliga,Matchweek 15,Fri,Home,W,3,2,Bayern Munich,1.2,1.5,33.0,,Lars Stindl,4-4-2,4-2-3-1,Harm Osmers,Match Report,,8.0,4.0,17.4,0.0,0.0,0.0,2021,Gladbach
2021-01-08,20:30,Bundesliga,Matchweek 15,Fri,Away,L,2,3,Gladbach,1.5,1.2,67.0,,Manuel Neuer,4-2-3-1,4-4-2,Harm Osmers,Match Report,,15.0,2.0,20.7,0.0,1.0,1.0,2021,Bayern Munich
2021-01-09,15:30,Bundesliga,Matchweek 15,Sat,Away,W,2,0,Mainz 05,2.3,0.8,59.0,,David Abraham,3-4-3,4-2-3-1,Bastian Dankert,Match Report,,11.0,5.0,18.2,0.0,2.0,2.0,2021,Eint Frankfurt
2021-01-09,15:30,Bundesliga,Matchweek 15,Sat,Home,L,0,2,Eint Frankfurt,0.8,2.3,41.0,,Danny Latza,4-2-3-1,3-4-3,Bastian Dankert,Match Report,,9.0,1.0,20.1,0.0,0.0,0.0,2021,Mainz 05
2021-01-09,15:30,Bundesliga,Matchweek 15,Sat,Home,D,2,2,Wolfsburg,1.0,1.9,48.0,,Christopher Trimmel,3-5-2,4-2-3-1,Patrick Ittrich,Match Report,,13.0,6.0,17.3,1.0,0.0,0.0,2021,Union Berlin
2021-01-09,15:30,Bundesliga,Matchweek 15,Sat,Away,L,0,5,Freiburg,0.2,2.5,51.0,,Jonas Hector,4-2-3-1,4-2-3-1,Robert Schröder,Match Report,,5.0,2.0,24.7,0.0,0.0,0.0,2021,Köln
2021-01-09,15:30,Bundesliga,Matchweek 15,Sat,Away,D,2,2,Union Berlin,1.9,1.0,52.0,,Koen Casteels,4-2-3-1,3-5-2,Patrick Ittrich,Match Report,,9.0,4.0,19.0,0.0,1.0,1.0,2021,Wolfsburg
2021-01-09,15:30,Bundesliga,Matchweek 15,Sat,Away,D,1,1,Leverkusen,0.3,0.7,27.0,,Theodor Gebre Selassie,3-5-2,4-3-3,Benjamin Cortus,Match Report,,2.0,1.0,16.9,0.0,0.0,0.0,2021,Werder Bremen
2021-01-09,18:30,Bundesliga,Matchweek 15,Sat,Home,L,1,3,Dortmund,1.7,2.2,54.0,,Marcel Sabitzer,3-4-3,4-2-3-1,Daniel Siebert,Match Report,,12.0,4.0,19.7,1.0,0.0,0.0,2021,RB Leipzig
2021-01-09,15:30,Bundesliga,Matchweek 15,Sat,Home,W,5,0,Köln,2.5,0.2,49.0,,Christian Günter,4-2-3-1,4-2-3-1,Robert Schröder,Match Report,,13.0,6.0,14.7,0.0,0.0,0.0,2021,Freiburg
2021-01-09,18:30,Bundesliga,Matchweek 15,Sat,Away,W,3,1,RB Leipzig,2.2,1.7,46.0,,Marco Reus,4-2-3-1,3-4-3,Daniel Siebert,Match Report,,15.0,6.0,14.7,0.0,0.0,0.0,2021,Dortmund
2021-01-09,15:30,Bundesliga,Matchweek 15,Sat,Away,L,0,4,Schalke 04,1.9,2.0,60.0,,Oliver Baumann,3-4-3,4-4-2,Felix Zwayer,Match Report,,19.0,4.0,20.1,1.0,0.0,0.0,2021,Hoffenheim
2021-01-09,15:30,Bundesliga,Matchweek 15,Sat,Home,D,1,1,Werder Bremen,0.7,0.3,73.0,,Julian Baumgartlinger,4-3-3,3-5-2,Benjamin Cortus,Match Report,,12.0,3.0,19.5,1.0,0.0,0.0,2021,Leverkusen
2021-01-09,15:30,Bundesliga,Matchweek 15,Sat,Home,W,4,0,Hoffenheim,2.0,1.9,40.0,,Sead Kolašinac,4-4-2,3-4-3,Felix Zwayer,Match Report,,12.0,5.0,14.2,0.0,0.0,0.0,2021,Schalke 04
2021-01-10,15:30,Bundesliga,Matchweek 15,Sun,Away,W,4,1,Augsburg,3.5,1.0,57.0,,Gonzalo Castro,3-4-3,3-4-3,Daniel Schlager,Match Report,,25.0,9.0,17.3,0.0,1.0,1.0,2021,Stuttgart
2021-01-10,15:30,Bundesliga,Matchweek 15,Sun,Home,L,1,4,Stuttgart,1.0,3.5,43.0,,Ohis Felix Uduokhai,3-4-3,3-4-3,Daniel Schlager,Match Report,,12.0,3.0,20.2,2.0,0.0,0.0,2021,Augsburg
2021-01-10,18:00,Bundesliga,Matchweek 15,Sun,Home,W,1,0,Hertha BSC,0.7,0.6,49.0,,Fabian Klos,4-4-2,4-3-3,Guido Winkmann,Match Report,,12.0,2.0,18.8,1.0,0.0,0.0,2021,Arminia
2021-01-10,18:00,Bundesliga,Matchweek 15,Sun,Away,L,0,1,Arminia,0.6,0.7,51.0,,Niklas Stark,4-3-3,4-4-2,Guido Winkmann,Match Report,,11.0,4.0,17.7,0.0,0.0,0.0,2021,Hertha BSC
2021-01-12,20:45,DFB-Pokal,Second round,Tue,Home,W,4,1,Eint Frankfurt,,,52.0,,Lars Bender,4-3-3,3-4-3,Christian Dingert,Match Report,,14.0,9.0,,,1.0,1.0,2021,Leverkusen
2021-01-12,20:45,DFB-Pokal,Second round,Tue,Away,L,1,4,Leverkusen,,,49.0,,Sebastian Rode,3-4-3,4-3-3,Christian Dingert,Match Report,,11.0,7.0,,,0.0,0.0,2021,Eint Frankfurt
2021-01-13,20:45,DFB-Pokal,Second round,Wed,Away,D,2 (5),2 (6),Holstein Kiel,,,61.0,,Manuel Neuer,4-2-3-1,4-1-4-1,Robert Schröder,Match Report,Holstein Kiel won on penalty kicks following extra time,23.0,10.0,,,0.0,0.0,2021,Bayern Munich
2021-01-15,20:30,Bundesliga,Matchweek 16,Fri,Away,L,0,1,Union Berlin,0.9,1.4,67.0,,Julian Baumgartlinger,4-3-3,3-1-4-2,Florian Badstübner,Match Report,,13.0,3.0,19.3,0.0,0.0,0.0,2021,Leverkusen
2021-01-15,20:30,Bundesliga,Matchweek 16,Fri,Home,W,1,0,Leverkusen,1.4,0.9,33.0,,Christopher Trimmel,3-1-4-2,4-3-3,Florian Badstübner,Match Report,,11.0,3.0,20.6,0.0,0.0,0.0,2021,Union Berlin
2021-01-16,15:30,Bundesliga,Matchweek 16,Sat,Away,D,0,0,Hoffenheim,0.7,0.6,47.0,,Fabian Klos,4-1-3-2,3-5-2,Marco Fritz,Match Report,,9.0,2.0,18.7,1.0,0.0,0.0,2021,Arminia
2021-01-16,18:30,Bundesliga,Matchweek 16,Sat,Home,D,2,2,Gladbach,2.0,1.4,60.0,,Gonzalo Castro,3-5-2,4-2-3-1,Felix Brych,Match Report,,18.0,5.0,16.8,0.0,1.0,1.0,2021,Stuttgart
2021-01-16,15:30,Bundesliga,Matchweek 16,Sat,Home,D,2,2,RB Leipzig,0.8,2.4,48.0,,Josuha Guilavogui,4-2-3-1,3-4-3,Tobias Stieler,Match Report,,9.0,2.0,14.5,0.0,0.0,0.0,2021,Wolfsburg
2021-01-16,15:30,Bundesliga,Matchweek 16,Sat,Away,D,1,1,Dortmund,0.6,2.3,28.0,,Danny Latza,5-3-2,4-2-3-1,Sven Jablonski,Match Report,,9.0,3.0,16.6,0.0,0.0,0.0,2021,Mainz 05
2021-01-16,15:30,Bundesliga,Matchweek 16,Sat,Home,D,1,1,Mainz 05,2.3,0.6,72.0,,Marco Reus,4-2-3-1,5-3-2,Sven Jablonski,Match Report,,16.0,7.0,18.7,1.0,0.0,1.0,2021,Dortmund
2021-01-16,15:30,Bundesliga,Matchweek 16,Sat,Away,L,0,2,Werder Bremen,0.8,1.3,51.0,,Jeffrey Gouweleeuw,3-4-3,3-5-2,Sascha Stegemann,Match Report,,6.0,0.0,12.7,0.0,0.0,0.0,2021,Augsburg
2021-01-16,15:30,Bundesliga,Matchweek 16,Sat,Away,D,0,0,Köln,0.5,0.4,51.0,,Niklas Stark,4-1-2-1-2◆,3-4-3,Frank Willenborg,Match Report,,13.0,3.0,23.1,0.0,0.0,0.0,2021,Hertha BSC
2021-01-16,15:30,Bundesliga,Matchweek 16,Sat,Home,D,0,0,Arminia,0.6,0.7,53.0,,Oliver Baumann,3-5-2,4-1-3-2,Marco Fritz,Match Report,,12.0,5.0,19.2,1.0,0.0,0.0,2021,Hoffenheim
2021-01-16,15:30,Bundesliga,Matchweek 16,Sat,Home,W,2,0,Augsburg,1.3,0.8,49.0,,Theodor Gebre Selassie,3-5-2,3-4-3,Sascha Stegemann,Match Report,,11.0,5.0,16.1,0.0,0.0,0.0,2021,Werder Bremen
2021-01-16,18:30,Bundesliga,Matchweek 16,Sat,Away,D,2,2,Stuttgart,1.4,2.0,40.0,,Lars Stindl,4-2-3-1,3-5-2,Felix Brych,Match Report,,7.0,4.0,19.8,0.0,1.0,1.0,2021,Gladbach
2021-01-16,15:30,Bundesliga,Matchweek 16,Sat,Home,D,0,0,Hertha BSC,0.4,0.5,49.0,,Jonas Hector,3-4-3,4-1-2-1-2,Frank Willenborg,Match Report,,8.0,1.0,17.8,0.0,0.0,0.0,2021,Köln
2021-01-16,15:30,Bundesliga,Matchweek 16,Sat,Away,D,2,2,Wolfsburg,2.4,0.8,52.0,,Marcel Sabitzer,3-4-3,4-2-3-1,Tobias Stieler,Match Report,,13.0,8.0,12.8,1.0,0.0,0.0,2021,RB Leipzig
2021-01-17,15:30,Bundesliga,Matchweek 16,Sun,Away,L,1,2,Bayern Munich,0.8,2.7,41.0,,Christian Günter,3-4-3,4-2-3-1,Christian Dingert,Match Report,,8.0,2.0,13.5,0.0,0.0,0.0,2021,Freiburg
2021-01-17,15:30,Bundesliga,Matchweek 16,Sun,Home,W,2,1,Freiburg,2.7,0.8,59.0,,Manuel Neuer,4-2-3-1,3-4-3,Christian Dingert,Match Report,,25.0,9.0,19.5,0.0,0.0,0.0,2021,Bayern Munich
2021-01-17,18:00,Bundesliga,Matchweek 16,Sun,Away,L,1,3,Eint Frankfurt,0.2,2.1,33.0,,Sead Kolašinac,4-4-2,3-4-3,Manuel Gräfe,Match Report,,4.0,1.0,21.5,0.0,0.0,0.0,2021,Schalke 04
2021-01-17,18:00,Bundesliga,Matchweek 16,Sun,Home,W,3,1,Schalke 04,2.1,0.2,67.0,,David Abraham,3-4-3,4-4-2,Manuel Gräfe,Match Report,,17.0,11.0,14.8,0.0,0.0,0.0,2021,Eint Frankfurt
2021-01-19,18:30,Bundesliga,Matchweek 17,Tue,Away,L,0,1,Gladbach,1.1,0.6,40.0,,Theodor Gebre Selassie,3-5-2,4-2-3-1,Martin Petersen,Match Report,,13.0,2.0,18.9,1.0,0.0,0.0,2021,Werder Bremen
2021-01-19,18:30,Bundesliga,Matchweek 17,Tue,Home,W,1,0,Werder Bremen,0.6,1.1,60.0,,Yann Sommer,4-2-3-1,3-5-2,Martin Petersen,Match Report,,11.0,6.0,18.1,0.0,0.0,0.0,2021,Gladbach
2021-01-19,20:30,Bundesliga,Matchweek 17,Tue,Home,W,2,1,Dortmund,1.9,1.6,48.0,,Charles Aránguiz,4-3-3,4-2-3-1,Felix Zwayer,Match Report,,23.0,13.0,21.3,3.0,0.0,0.0,2021,Leverkusen
2021-01-19,20:30,Bundesliga,Matchweek 17,Tue,Home,L,0,3,Hoffenheim,1.7,1.3,57.0,,Niklas Stark,4-1-2-1-2◆,3-5-2,Harm Osmers,Match Report,,12.0,1.0,22.4,1.0,0.0,1.0,2021,Hertha BSC
2021-01-19,20:30,Bundesliga,Matchweek 17,Tue,Home,L,0,2,Wolfsburg,0.7,1.1,38.0,,Danny Latza,3-5-2,4-2-3-1,Sören Storks,Match Report,,8.0,0.0,19.5,0.0,0.0,0.0,2021,Mainz 05
2021-01-19,20:30,Bundesliga,Matchweek 17,Tue,Away,W,3,0,Hertha BSC,1.3,1.7,43.0,,Oliver Baumann,3-5-2,4-1-2-1-2,Harm Osmers,Match Report,,11.0,6.0,18.1,1.0,0.0,0.0,2021,Hoffenheim
2021-01-19,20:30,Bundesliga,Matchweek 17,Tue,Away,L,1,2,Leverkusen,1.6,1.9,52.0,,Marco Reus,4-2-3-1,4-3-3,Felix Zwayer,Match Report,,16.0,2.0,16.9,0.0,0.0,0.0,2021,Dortmund
2021-01-19,20:30,Bundesliga,Matchweek 17,Tue,Away,W,2,0,Mainz 05,1.1,0.7,62.0,,Koen Casteels,4-2-3-1,3-5-2,Sören Storks,Match Report,,9.0,2.0,15.9,1.0,0.0,0.0,2021,Wolfsburg
2021-01-20,20:30,Bundesliga,Matchweek 17,Wed,Home,W,1,0,Union Berlin,1.6,0.2,67.0,,Marcel Sabitzer,3-4-3,3-1-4-2,Markus Schmidt,Match Report,,16.0,5.0,19.7,0.0,0.0,0.0,2021,RB Leipzig
2021-01-20,20:30,Bundesliga,Matchweek 17,Wed,Home,D,2,2,Eint Frankfurt,0.8,1.2,39.0,,Christian Günter,4-4-2,3-4-3,Guido Winkmann,Match Report,,11.0,4.0,19.7,0.0,0.0,0.0,2021,Freiburg
2021-01-20,20:30,Bundesliga,Matchweek 17,Wed,Away,L,0,3,Arminia,1.4,1.8,65.0,,Marc-Oliver Kempf,3-4-3,4-1-3-2,Robert Hartmann,Match Report,,10.0,3.0,19.0,0.0,0.0,0.0,2021,Stuttgart
2021-01-20,20:30,Bundesliga,Matchweek 17,Wed,Home,L,0,1,Bayern Munich,1.2,1.7,37.0,,Jeffrey Gouweleeuw,3-4-3,4-2-3-1,Matthias Jöllenbeck,Match Report,,8.0,0.0,21.7,1.0,0.0,1.0,2021,Augsburg
2021-01-20,18:30,Bundesliga,Matchweek 17,Wed,Home,L,1,2,Köln,1.3,1.6,63.0,,Sead Kolašinac,4-2-3-1,3-4-3,Daniel Siebert,Match Report,,14.0,6.0,19.3,0.0,0.0,0.0,2021,Schalke 04
2021-01-20,20:30,Bundesliga,Matchweek 17,Wed,Home,W,3,0,Stuttgart,1.8,1.4,35.0,,Fabian Klos,4-1-3-2,3-4-3,Robert Hartmann,Match Report,,9.0,3.0,17.1,0.0,0.0,0.0,2021,Arminia
2021-01-20,20:30,Bundesliga,Matchweek 17,Wed,Away,D,2,2,Freiburg,1.2,0.8,61.0,,Makoto Hasebe,3-4-3,4-4-2,Guido Winkmann,Match Report,,15.0,3.0,16.2,1.0,0.0,0.0,2021,Eint Frankfurt
2021-01-20,18:30,Bundesliga,Matchweek 17,Wed,Away,W,2,1,Schalke 04,1.6,1.3,37.0,,Jonas Hector,3-4-3,4-2-3-1,Daniel Siebert,Match Report,,13.0,3.0,17.3,1.0,0.0,0.0,2021,Köln
2021-01-20,20:30,Bundesliga,Matchweek 17,Wed,Away,W,1,0,Augsburg,1.7,1.2,63.0,,Manuel Neuer,4-2-3-1,3-4-3,Matthias Jöllenbeck,Match Report,,12.0,3.0,20.8,0.0,1.0,1.0,2021,Bayern Munich
2021-01-20,20:30,Bundesliga,Matchweek 17,Wed,Away,L,0,1,RB Leipzig,0.2,1.6,33.0,,Marvin Friedrich,3-1-4-2,3-4-3,Markus Schmidt,Match Report,,4.0,1.0,22.7,0.0,0.0,0.0,2021,Union Berlin
2021-01-22,20:30,Bundesliga,Matchweek 18,Fri,Away,L,2,4,Gladbach,1.7,2.0,57.0,,Marco Reus,4-2-3-1,3-4-1-2,Manuel Gräfe,Match Report,,15.0,6.0,16.3,2.0,0.0,0.0,2021,Dortmund
2021-01-22,20:30,Bundesliga,Matchweek 18,Fri,Home,W,4,2,Dortmund,2.0,1.7,43.0,,Lars Stindl,3-4-1-2,4-2-3-1,Manuel Gräfe,Match Report,,10.0,7.0,14.9,1.0,0.0,0.0,2021,Gladbach
2021-01-23,18:30,Bundesliga,Matchweek 18,Sat,Home,L,1,4,Werder Bremen,2.3,1.5,66.0,,Niklas Stark,4-3-3,3-5-2,Daniel Schlager,Match Report,,17.0,9.0,18.8,1.0,0.0,1.0,2021,Hertha BSC
2021-01-23,15:30,Bundesliga,Matchweek 18,Sat,Away,L,1,2,Augsburg,1.7,1.0,64.0,,Christopher Trimmel,3-4-3,3-4-3,Felix Brych,Match Report,,8.0,4.0,17.3,1.0,0.0,1.0,2021,Union Berlin
2021-01-23,15:30,Bundesliga,Matchweek 18,Sat,Away,W,5,1,Arminia,2.4,0.5,56.0,,Makoto Hasebe,3-4-3,4-1-3-2,Robert Schröder,Match Report,,15.0,7.0,15.4,1.0,0.0,0.0,2021,Eint Frankfurt
2021-01-23,15:30,Bundesliga,Matchweek 18,Sat,Away,L,2,3,Mainz 05,1.5,1.8,68.0,,Marcel Sabitzer,3-1-4-2,3-4-1-2,Christian Dingert,Match Report,,13.0,5.0,16.1,0.0,0.0,0.0,2021,RB Leipzig
2021-01-23,15:30,Bundesliga,Matchweek 18,Sat,Home,L,0,1,Wolfsburg,1.3,1.0,64.0,,Charles Aránguiz,4-3-3,4-2-3-1,Marco Fritz,Match Report,,10.0,3.0,18.8,0.0,0.0,0.0,2021,Leverkusen
2021-01-23,15:30,Bundesliga,Matchweek 18,Sat,Home,L,1,5,Eint Frankfurt,0.5,2.4,44.0,,Fabian Klos,4-1-3-2,3-4-3,Robert Schröder,Match Report,,8.0,4.0,15.1,0.0,0.0,0.0,2021,Arminia
2021-01-23,15:30,Bundesliga,Matchweek 18,Sat,Away,W,1,0,Leverkusen,1.0,1.3,36.0,,Koen Casteels,4-2-3-1,4-3-3,Marco Fritz,Match Report,,8.0,4.0,14.6,0.0,0.0,0.0,2021,Wolfsburg
2021-01-23,15:30,Bundesliga,Matchweek 18,Sat,Home,W,2,1,Union Berlin,1.0,1.7,36.0,,Jeffrey Gouweleeuw,3-4-3,3-4-3,Felix Brych,Match Report,,8.0,4.0,17.2,0.0,0.0,0.0,2021,Augsburg
2021-01-23,18:30,Bundesliga,Matchweek 18,Sat,Away,W,4,1,Hertha BSC,1.5,2.3,34.0,,Theodor Gebre Selassie,3-5-2,4-3-3,Daniel Schlager,Match Report,,6.0,4.0,22.2,0.0,1.0,1.0,2021,Werder Bremen
2021-01-23,15:30,Bundesliga,Matchweek 18,Sat,Home,W,3,2,RB Leipzig,1.8,1.5,32.0,,Danny Latza,3-4-1-2,3-1-4-2,Christian Dingert,Match Report,,9.0,4.0,11.8,0.0,0.0,0.0,2021,Mainz 05
2021-01-23,15:30,Bundesliga,Matchweek 18,Sat,Away,L,1,2,Freiburg,3.1,1.3,60.0,,Gonzalo Castro,3-4-3,3-4-3,Tobias Stieler,Match Report,,24.0,8.0,22.0,1.0,0.0,1.0,2021,Stuttgart
2021-01-23,15:30,Bundesliga,Matchweek 18,Sat,Home,W,2,1,Stuttgart,1.3,3.1,40.0,,Christian Günter,3-4-3,3-4-3,Tobias Stieler,Match Report,,10.0,5.0,12.7,0.0,0.0,0.0,2021,Freiburg
2021-01-24,15:30,Bundesliga,Matchweek 18,Sun,Home,L,0,4,Bayern Munich,0.9,3.5,40.0,,Benjamin Stambouli,4-2-3-1,4-2-3-1,Sascha Stegemann,Match Report,,13.0,3.0,18.2,0.0,0.0,0.0,2021,Schalke 04
2021-01-24,18:00,Bundesliga,Matchweek 18,Sun,Away,L,0,3,Hoffenheim,2.1,2.1,55.0,,Jonas Hector,3-4-3,3-5-2,Sven Jablonski,Match Report,,14.0,3.0,13.9,0.0,0.0,1.0,2021,Köln
2021-01-24,15:30,Bundesliga,Matchweek 18,Sun,Away,W,4,0,Schalke 04,3.5,0.9,60.0,,Manuel Neuer,4-2-3-1,4-2-3-1,Sascha Stegemann,Match Report,,31.0,13.0,16.6,0.0,0.0,0.0,2021,Bayern Munich
2021-01-24,18:00,Bundesliga,Matchweek 18,Sun,Home,W,3,0,Köln,2.1,2.1,45.0,,Oliver Baumann,3-5-2,3-4-3,Sven Jablonski,Match Report,,11.0,2.0,22.8,1.0,2.0,2.0,2021,Hoffenheim
2021-01-29,20:30,Bundesliga,Matchweek 19,Fri,Away,L,0,2,Stuttgart,0.4,0.9,48.0,,Danny Latza,3-4-3,3-4-3,Frank Willenborg,Match Report,,9.0,2.0,22.6,0.0,0.0,0.0,2021,Mainz 05
2021-01-29,20:30,Bundesliga,Matchweek 19,Fri,Home,W,2,0,Mainz 05,0.9,0.4,52.0,,Gonzalo Castro,3-4-3,3-4-3,Frank Willenborg,Match Report,,11.0,3.0,16.5,0.0,0.0,0.0,2021,Stuttgart
2021-01-30,15:30,Bundesliga,Matchweek 19,Sat,Away,D,1,1,Werder Bremen,0.5,0.7,51.0,,Sead Kolašinac,4-2-3-1,3-5-2,Sören Storks,Match Report,,6.0,1.0,20.0,0.0,0.0,0.0,2021,Schalke 04
2021-01-30,15:30,Bundesliga,Matchweek 19,Sat,Home,D,1,1,Gladbach,0.8,0.9,43.0,,Marvin Friedrich,3-5-2,4-4-2,Bastian Dankert,Match Report,,13.0,2.0,17.3,0.0,0.0,0.0,2021,Union Berlin
2021-01-30,15:30,Bundesliga,Matchweek 19,Sat,Away,L,1,3,Eint Frankfurt,0.5,2.1,40.0,,Niklas Stark,4-2-3-1,3-4-3,Florian Badstübner,Match Report,,9.0,3.0,17.6,0.0,0.0,0.0,2021,Hertha BSC
2021-01-30,15:30,Bundesliga,Matchweek 19,Sat,Away,L,1,4,Bayern Munich,1.9,2.0,40.0,,Oliver Baumann,3-5-2,4-2-3-1,Benjamin Cortus,Match Report,,16.0,5.0,14.6,0.0,0.0,0.0,2021,Hoffenheim
2021-01-30,15:30,Bundesliga,Matchweek 19,Sat,Home,W,4,1,Hoffenheim,2.0,1.9,60.0,,Manuel Neuer,4-2-3-1,3-5-2,Benjamin Cortus,Match Report,,15.0,9.0,16.0,0.0,0.0,0.0,2021,Bayern Munich
2021-01-30,15:30,Bundesliga,Matchweek 19,Sat,Away,D,1,1,Union Berlin,0.9,0.8,57.0,,Yann Sommer,4-4-2,3-5-2,Bastian Dankert,Match Report,,14.0,4.0,14.1,0.0,0.0,0.0,2021,Gladbach
2021-01-30,18:30,Bundesliga,Matchweek 19,Sat,Away,L,0,1,RB Leipzig,0.7,1.4,54.0,,Charles Aránguiz,4-3-3,3-1-4-2,Harm Osmers,Match Report,,8.0,3.0,24.2,0.0,0.0,0.0,2021,Leverkusen
2021-01-30,15:30,Bundesliga,Matchweek 19,Sat,Away,L,1,3,Dortmund,0.3,1.7,33.0,,Jeffrey Gouweleeuw,3-4-3,4-2-3-1,Patrick Ittrich,Match Report,,6.0,1.0,18.0,0.0,0.0,0.0,2021,Augsburg
2021-01-30,15:30,Bundesliga,Matchweek 19,Sat,Home,W,3,1,Hertha BSC,2.1,0.5,60.0,,Makoto Hasebe,3-4-3,4-2-3-1,Florian Badstübner,Match Report,,14.0,6.0,17.4,0.0,1.0,1.0,2021,Eint Frankfurt
2021-01-30,15:30,Bundesliga,Matchweek 19,Sat,Home,D,1,1,Schalke 04,0.7,0.5,49.0,,Theodor Gebre Selassie,3-5-2,4-2-3-1,Sören Storks,Match Report,,15.0,5.0,19.5,1.0,0.0,0.0,2021,Werder Bremen
2021-01-30,18:30,Bundesliga,Matchweek 19,Sat,Home,W,1,0,Leverkusen,1.4,0.7,46.0,,Marcel Sabitzer,3-1-4-2,4-3-3,Harm Osmers,Match Report,,16.0,2.0,18.0,2.0,0.0,0.0,2021,RB Leipzig
2021-01-30,15:30,Bundesliga,Matchweek 19,Sat,Home,W,3,1,Augsburg,1.7,0.3,67.0,,Marco Reus,4-2-3-1,3-4-3,Patrick Ittrich,Match Report,,13.0,5.0,17.3,0.0,0.0,1.0,2021,Dortmund
2021-01-31,15:30,Bundesliga,Matchweek 19,Sun,Away,L,1,3,Köln,1.0,1.3,55.0,,Fabian Klos,4-2-3-1,3-4-3,Felix Zwayer,Match Report,,9.0,3.0,17.0,0.0,0.0,0.0,2021,Arminia
2021-01-31,15:30,Bundesliga,Matchweek 19,Sun,Home,W,3,1,Arminia,1.3,1.0,45.0,,Timo Horn,3-4-3◆,4-2-3-1,Felix Zwayer,Match Report,,14.0,6.0,16.9,1.0,0.0,0.0,2021,Köln
2021-01-31,18:00,Bundesliga,Matchweek 19,Sun,Home,W,3,0,Freiburg,1.8,1.1,46.0,,Koen Casteels,4-2-3-1,3-4-3,Tobias Reichel,Match Report,,12.0,5.0,15.6,0.0,0.0,0.0,2021,Wolfsburg
2021-01-31,18:00,Bundesliga,Matchweek 19,Sun,Away,L,0,3,Wolfsburg,1.1,1.8,54.0,,Christian Günter,3-4-3,4-2-3-1,Tobias Reichel,Match Report,,10.0,2.0,10.5,0.0,0.0,0.0,2021,Freiburg
2021-02-02,20:45,DFB-Pokal,Round of 16,Tue,Home,W,3,2,Paderborn 07,,,54.0,,Thomas Delaney,3-4-1-2,4-3-3,Tobias Stieler,Match Report,Required Extra Time,17.0,9.0,,,0.0,0.0,2021,Dortmund
2021-02-02,18:30,DFB-Pokal,Round of 16,Tue,Away,L,1,2,Rot-Weiss Essen,,,69.0,,Charles Aránguiz,3-4-1-2,5-3-2,Daniel Schlager,Match Report,Required Extra Time,27.0,11.0,,,0.0,0.0,2021,Leverkusen
2021-02-02,20:45,DFB-Pokal,Round of 16,Tue,Home,W,2,0,Greuther Fürth,,,42.0,,Niklas Moisander,3-5-2,4-4-2,Guido Winkmann,Match Report,,16.0,5.0,,,0.0,0.0,2021,Werder Bremen
2021-02-03,18:30,DFB-Pokal,Round of 16,Wed,Home,W,4,0,Bochum,,,56.0,,Marcel Sabitzer,3-1-4-2,4-2-3-1,Bastian Dankert,Match Report,,20.0,6.0,,,1.0,1.0,2021,RB Leipzig
2021-02-03,20:45,DFB-Pokal,Round of 16,Wed,Away,D,2 (3),2 (4),Jahn R'burg,,,52.0,,Timo Horn,3-4-3◆,4-4-1-1,Robert Hartmann,Match Report,Jahn R'burg won on penalty kicks following extra time,15.0,7.0,,,0.0,1.0,2021,Köln
2021-02-03,20:45,DFB-Pokal,Round of 16,Wed,Away,W,2,1,Stuttgart,,,51.0,,Lars Stindl,4-4-2,3-4-3,Daniel Siebert,Match Report,,12.0,4.0,,,0.0,0.0,2021,Gladbach
2021-02-03,18:30,DFB-Pokal,Round of 16,Wed,Home,W,1,0,Schalke 04,,,52.0,,Koen Casteels,4-2-3-1,4-2-3-1,Felix Zwayer,Match Report,,17.0,5.0,,,0.0,1.0,2021,Wolfsburg
2021-02-03,18:30,DFB-Pokal,Round of 16,Wed,Away,L,0,1,Wolfsburg,,,49.0,,Sead Kolašinac,4-2-3-1,4-2-3-1,Felix Zwayer,Match Report,,6.0,3.0,,,0.0,0.0,2021,Schalke 04
2021-02-03,20:45,DFB-Pokal,Round of 16,Wed,Home,L,1,2,Gladbach,,,49.0,,Wataru Endo,3-4-3,4-4-2,Daniel Siebert,Match Report,,15.0,3.0,,,0.0,0.0,2021,Stuttgart
2021-02-05,20:00,Bundesliga,Matchweek 20,Fri,Away,W,1,0,Hertha BSC,2.1,1.3,61.0,,Manuel Neuer,4-1-4-1,4-2-3-1,Robert Schröder,Match Report,,13.0,5.0,16.8,0.0,0.0,1.0,2021,Bayern Munich
2021-02-05,20:00,Bundesliga,Matchweek 20,Fri,Home,L,0,1,Bayern Munich,1.3,2.1,39.0,,Niklas Stark,4-2-3-1,4-1-4-1,Robert Schröder,Match Report,,10.0,7.0,15.9,1.0,0.0,0.0,2021,Hertha BSC
2021-02-06,18:30,Bundesliga,Matchweek 20,Sat,Home,L,1,2,Köln,0.5,0.7,64.0,,Lars Stindl,4-2-3-1,3-1-4-2,Christian Dingert,Match Report,,10.0,2.0,18.7,0.0,0.0,0.0,2021,Gladbach
2021-02-06,15:30,Bundesliga,Matchweek 20,Sat,Away,L,1,2,Freiburg,1.4,0.2,67.0,,Marco Reus,4-1-4-1,4-2-2-2,Felix Brych,Match Report,,16.0,6.0,20.8,0.0,0.0,0.0,2021,Dortmund
2021-02-06,18:30,Bundesliga,Matchweek 20,Sat,Away,W,2,1,Gladbach,0.7,0.5,36.0,,Timo Horn,3-1-4-2,4-2-3-1,Christian Dingert,Match Report,,7.0,3.0,20.6,0.0,0.0,0.0,2021,Köln
2021-02-06,15:30,Bundesliga,Matchweek 20,Sat,Home,W,2,1,Dortmund,0.2,1.4,33.0,,Christian Günter,4-2-2-2,4-1-4-1,Felix Brych,Match Report,,6.0,3.0,26.3,0.0,0.0,0.0,2021,Freiburg
2021-02-06,15:30,Bundesliga,Matchweek 20,Sat,Away,L,0,1,Mainz 05,1.2,2.0,57.0,,Christopher Trimmel,3-5-2,3-4-1-2,Sascha Stegemann,Match Report,,11.0,4.0,17.4,0.0,0.0,0.0,2021,Union Berlin
2021-02-06,15:30,Bundesliga,Matchweek 20,Sat,Home,W,1,0,Union Berlin,2.0,1.2,43.0,,Danny Latza,3-4-1-2,3-5-2,Sascha Stegemann,Match Report,,9.0,4.0,17.1,0.0,1.0,1.0,2021,Mainz 05
2021-02-06,15:30,Bundesliga,Matchweek 20,Sat,Away,W,3,0,Schalke 04,2.2,0.2,63.0,,Marcel Sabitzer,3-1-4-2,4-2-3-1,Martin Petersen,Match Report,,26.0,10.0,17.1,0.0,0.0,0.0,2021,RB Leipzig
2021-02-06,15:30,Bundesliga,Matchweek 20,Sat,Home,L,0,2,Wolfsburg,0.6,2.1,46.0,,Jeffrey Gouweleeuw,4-2-3-1,4-2-3-1,Robert Hartmann,Match Report,,9.0,1.0,16.9,0.0,0.0,0.0,2021,Augsburg
2021-02-06,15:30,Bundesliga,Matchweek 20,Sat,Home,L,0,3,RB Leipzig,0.2,2.2,37.0,,Sead Kolašinac,4-2-3-1,3-1-4-2,Martin Petersen,Match Report,,3.0,1.0,16.5,0.0,0.0,0.0,2021,Schalke 04
2021-02-06,15:30,Bundesliga,Matchweek 20,Sat,Away,W,2,0,Augsburg,2.1,0.6,54.0,,Koen Casteels,4-2-3-1,4-2-3-1,Robert Hartmann,Match Report,,16.0,6.0,15.2,0.0,0.0,0.0,2021,Wolfsburg
2021-02-06,15:30,Bundesliga,Matchweek 20,Sat,Home,W,5,2,Stuttgart,4.1,1.7,55.0,,Charles Aránguiz,4-3-3,3-4-3,Sven Jablonski,Match Report,,24.0,11.0,14.4,0.0,0.0,0.0,2021,Leverkusen
2021-02-06,15:30,Bundesliga,Matchweek 20,Sat,Away,L,2,5,Leverkusen,1.7,4.1,45.0,,Wataru Endo,3-4-3,4-3-3,Sven Jablonski,Match Report,,13.0,7.0,13.9,1.0,0.0,0.0,2021,Stuttgart
2021-02-07,15:30,Bundesliga,Matchweek 20,Sun,Away,W,3,1,Hoffenheim,1.3,0.9,53.0,,Makoto Hasebe,3-4-3,3-5-2,Daniel Siebert,Match Report,,9.0,5.0,14.3,0.0,0.0,0.0,2021,Eint Frankfurt
2021-02-07,15:30,Bundesliga,Matchweek 20,Sun,Home,L,1,3,Eint Frankfurt,0.9,1.3,47.0,,Oliver Baumann,3-5-2,3-4-3,Daniel Siebert,Match Report,,8.0,1.0,15.4,0.0,0.0,0.0,2021,Hoffenheim
2021-02-12,20:30,Bundesliga,Matchweek 21,Fri,Home,W,2,1,Augsburg,2.1,1.0,60.0,,Péter Gulácsi,3-1-4-2,5-4-1,Felix Zwayer,Match Report,,15.0,5.0,21.8,2.0,1.0,1.0,2021,RB Leipzig
2021-02-12,20:30,Bundesliga,Matchweek 21,Fri,Away,L,1,2,RB Leipzig,1.0,2.1,40.0,,Jeffrey Gouweleeuw,5-4-1,3-1-4-2,Felix Zwayer,Match Report,,3.0,1.0,18.4,0.0,1.0,1.0,2021,Augsburg
2021-02-13,15:30,Bundesliga,Matchweek 21,Sat,Away,D,2,2,Dortmund,2.6,1.7,46.0,,Oliver Baumann,5-3-2,4-2-3-1,Bastian Dankert,Match Report,,13.0,6.0,13.8,1.0,0.0,0.0,2021,Hoffenheim
2021-02-13,15:30,Bundesliga,Matchweek 21,Sat,Away,D,1,1,Stuttgart,1.3,1.0,49.0,,Niklas Stark,4-3-3,3-4-3,Harm Osmers,Match Report,,10.0,1.0,17.8,1.0,0.0,0.0,2021,Hertha BSC
2021-02-13,15:30,Bundesliga,Matchweek 21,Sat,Home,D,2,2,Hoffenheim,1.7,2.6,54.0,,Mats Hummels,4-2-3-1,5-3-2,Bastian Dankert,Match Report,,7.0,3.0,15.2,0.0,0.0,0.0,2021,Dortmund
2021-02-13,18:30,Bundesliga,Matchweek 21,Sat,Home,D,0,0,Schalke 04,2.0,0.3,38.0,,Christopher Trimmel,3-5-2,4-2-3-1,Daniel Schlager,Match Report,,20.0,3.0,18.3,0.0,0.0,0.0,2021,Union Berlin
2021-02-13,15:30,Bundesliga,Matchweek 21,Sat,Home,D,1,1,Hertha BSC,1.0,1.3,51.0,,Wataru Endo,3-4-3,4-3-3,Harm Osmers,Match Report,,11.0,3.0,17.5,1.0,0.0,0.0,2021,Stuttgart
2021-02-13,15:30,Bundesliga,Matchweek 21,Sat,Home,D,0,0,Freiburg,0.7,0.9,47.0,,Theodor Gebre Selassie,3-5-2,3-4-3,Manuel Gräfe,Match Report,,12.0,4.0,20.1,0.0,0.0,0.0,2021,Werder Bremen
2021-02-13,15:30,Bundesliga,Matchweek 21,Sat,Away,D,0,0,Werder Bremen,0.9,0.7,53.0,,Christian Günter,3-4-3,3-5-2,Manuel Gräfe,Match Report,,9.0,2.0,15.3,0.0,0.0,0.0,2021,Freiburg
2021-02-13,15:30,Bundesliga,Matchweek 21,Sat,Away,D,2,2,Leverkusen,2.6,1.4,31.0,,Danny Latza,3-4-1-2,4-3-3,Guido Winkmann,Match Report,,19.0,5.0,14.7,0.0,0.0,0.0,2021,Mainz 05
2021-02-13,15:30,Bundesliga,Matchweek 21,Sat,Home,D,2,2,Mainz 05,1.4,2.6,69.0,,Charles Aránguiz,4-3-3,3-4-1-2,Guido Winkmann,Match Report,,11.0,4.0,17.1,0.0,0.0,0.0,2021,Leverkusen
2021-02-13,18:30,Bundesliga,Matchweek 21,Sat,Away,D,0,0,Union Berlin,0.3,2.0,62.0,,Sead Kolašinac,4-2-3-1,3-5-2,Daniel Schlager,Match Report,,5.0,0.0,18.3,1.0,0.0,0.0,2021,Schalke 04
2021-02-14,18:00,Bundesliga,Matchweek 21,Sun,Home,D,0,0,Gladbach,0.9,0.6,55.0,,Koen Casteels,4-2-3-1,4-2-3-1,Tobias Stieler,Match Report,,17.0,6.0,18.3,0.0,0.0,0.0,2021,Wolfsburg
2021-02-14,18:00,Bundesliga,Matchweek 21,Sun,Away,D,0,0,Wolfsburg,0.6,0.9,45.0,,Lars Stindl,4-2-3-1,4-2-3-1,Tobias Stieler,Match Report,,11.0,3.0,21.3,0.0,0.0,0.0,2021,Gladbach
2021-02-14,15:30,Bundesliga,Matchweek 21,Sun,Home,W,2,0,Köln,2.5,0.3,60.0,,Makoto Hasebe,3-4-3,3-1-4-2,Frank Willenborg,Match Report,,16.0,7.0,12.8,0.0,0.0,0.0,2021,Eint Frankfurt
2021-02-14,15:30,Bundesliga,Matchweek 21,Sun,Away,L,0,2,Eint Frankfurt,0.3,2.5,40.0,,Timo Horn,3-1-4-2,3-4-3,Frank Willenborg,Match Report,,6.0,1.0,20.0,0.0,0.0,0.0,2021,Köln
2021-02-15,20:30,Bundesliga,Matchweek 21,Mon,Home,D,3,3,Arminia,2.5,1.4,64.0,,Manuel Neuer,4-2-3-1,4-2-3-1,Florian Badstübner,Match Report,,19.0,11.0,16.2,0.0,0.0,0.0,2021,Bayern Munich
2021-02-15,20:30,Bundesliga,Matchweek 21,Mon,Away,D,3,3,Bayern Munich,1.4,2.5,36.0,,Fabian Klos,4-2-3-1,4-2-3-1,Florian Badstübner,Match Report,,7.0,3.0,18.7,0.0,0.0,0.0,2021,Arminia
2021-02-16,21:00,Champions Lg,Round of 16,Tue,Neutral,L,0,2,eng Liverpool,1.3,1.4,49.0,,Marcel Sabitzer,3-1-4-2,4-3-3,Slavko Vinčič,Match Report,Leg 1 of 2,12.0,2.0,15.9,0.0,0.0,0.0,2021,RB Leipzig
2021-02-17,21:00,Champions Lg,Round of 16,Wed,Away,W,3,2,es Sevilla,1.2,0.9,35.0,,Marco Reus,4-3-2-1,4-3-3,Danny Makkelie,Match Report,Leg 1 of 2,10.0,5.0,17.7,0.0,0.0,0.0,2021,Dortmund
2021-02-18,18:55,Europa Lg,Round of 32,Thu,Away,L,3,4,ch Young Boys,2.7,2.4,59.0,,Jonathan Tah,4-3-3,4-4-2,Antonio Matéu Lahoz,Match Report,Leg 1 of 2,17.0,9.0,16.1,0.0,0.0,0.0,2021,Leverkusen
2021-02-18,21:00,Europa Lg,Round of 32,Thu,Neutral,D,3,3,no Molde,4.3,1.5,55.0,,Oliver Baumann,3-4-1-2,4-4-2,Stéphanie Frappart,Match Report,Leg 1 of 2,24.0,11.0,15.8,0.0,0.0,1.0,2021,Hoffenheim
2021-02-19,20:30,Bundesliga,Matchweek 22,Fri,Home,L,0,3,Wolfsburg,0.6,1.5,45.0,,Fabian Klos,4-4-1-1,4-2-3-1,Felix Brych,Match Report,,7.0,2.0,21.6,0.0,0.0,0.0,2021,Arminia
2021-02-19,20:30,Bundesliga,Matchweek 22,Fri,Away,W,3,0,Arminia,1.5,0.6,55.0,,Koen Casteels,4-2-3-1,4-4-1-1,Felix Brych,Match Report,,12.0,6.0,16.9,0.0,0.0,0.0,2021,Wolfsburg
2021-02-20,18:30,Bundesliga,Matchweek 22,Sat,Away,W,4,0,Schalke 04,1.6,0.9,62.0,,Marco Reus,4-2-3-1,4-3-3,Daniel Siebert,Match Report,,10.0,6.0,15.6,0.0,0.0,0.0,2021,Dortmund
2021-02-20,15:30,Bundesliga,Matchweek 22,Sat,Home,L,0,1,Stuttgart,0.8,0.6,53.0,,Timo Horn,5-3-2,3-4-3,Benjamin Cortus,Match Report,,9.0,0.0,19.9,1.0,0.0,0.0,2021,Köln
2021-02-20,18:30,Bundesliga,Matchweek 22,Sat,Home,L,0,4,Dortmund,0.9,1.6,38.0,,Sead Kolašinac,4-3-3,4-2-3-1,Daniel Siebert,Match Report,,13.0,2.0,17.9,0.0,0.0,0.0,2021,Schalke 04
2021-02-20,15:30,Bundesliga,Matchweek 22,Sat,Home,L,1,2,Mainz 05,0.9,0.6,68.0,,Lars Stindl,3-5-2,3-4-1-2,Markus Schmidt,Match Report,,12.0,4.0,16.1,1.0,0.0,0.0,2021,Gladbach
2021-02-20,15:30,Bundesliga,Matchweek 22,Sat,Away,W,1,0,Freiburg,1.4,0.8,35.0,,Christopher Trimmel,3-5-2,4-2-2-2,Sören Storks,Match Report,,15.0,4.0,17.1,1.0,0.0,0.0,2021,Union Berlin
2021-02-20,15:30,Bundesliga,Matchweek 22,Sat,Away,W,1,0,Köln,0.6,0.8,47.0,,Gonzalo Castro,3-4-3,5-3-2,Benjamin Cortus,Match Report,,9.0,3.0,17.1,0.0,0.0,0.0,2021,Stuttgart
2021-02-20,15:30,Bundesliga,Matchweek 22,Sat,Home,W,2,1,Bayern Munich,1.4,2.2,40.0,,Makoto Hasebe,3-4-3,4-2-3-1,Sascha Stegemann,Match Report,,12.0,5.0,20.4,0.0,0.0,0.0,2021,Eint Frankfurt
2021-02-20,15:30,Bundesliga,Matchweek 22,Sat,Home,L,0,1,Union Berlin,0.8,1.4,65.0,,Christian Günter,4-2-2-2,3-5-2,Sören Storks,Match Report,,9.0,1.0,20.5,1.0,0.0,0.0,2021,Freiburg
2021-02-20,15:30,Bundesliga,Matchweek 22,Sat,Away,L,1,2,Eint Frankfurt,2.2,1.4,60.0,,Manuel Neuer,4-2-3-1,3-4-3,Sascha Stegemann,Match Report,,22.0,6.0,16.0,0.0,0.0,0.0,2021,Bayern Munich
2021-02-20,15:30,Bundesliga,Matchweek 22,Sat,Away,W,2,1,Gladbach,0.6,0.9,32.0,,Danny Latza,3-4-1-2,3-5-2,Markus Schmidt,Match Report,,8.0,6.0,19.5,1.0,0.0,0.0,2021,Mainz 05
2021-02-21,18:00,Bundesliga,Matchweek 22,Sun,Away,L,0,4,Hoffenheim,0.1,2.3,49.0,,Theodor Gebre Selassie,3-5-2,3-4-1-2,Robert Schröder,Match Report,,2.0,1.0,14.6,0.0,0.0,0.0,2021,Werder Bremen
2021-02-21,13:30,Bundesliga,Matchweek 22,Sun,Away,D,1,1,Augsburg,0.5,1.0,73.0,,Charles Aránguiz,4-3-3,4-2-3-1,Christian Dingert,Match Report,,10.0,3.0,19.9,0.0,0.0,0.0,2021,Leverkusen
2021-02-21,18:00,Bundesliga,Matchweek 22,Sun,Home,W,4,0,Werder Bremen,2.3,0.1,51.0,,Oliver Baumann,3-4-1-2,3-5-2,Robert Schröder,Match Report,,12.0,6.0,17.6,0.0,0.0,0.0,2021,Hoffenheim
2021-02-21,13:30,Bundesliga,Matchweek 22,Sun,Home,D,1,1,Leverkusen,1.0,0.5,27.0,,Jeffrey Gouweleeuw,4-2-3-1,4-3-3,Christian Dingert,Match Report,,6.0,3.0,17.4,2.0,0.0,0.0,2021,Augsburg
2021-02-21,15:30,Bundesliga,Matchweek 22,Sun,Away,W,3,0,Hertha BSC,0.9,0.8,52.0,,Marcel Sabitzer,3-4-3,3-5-2,Sven Jablonski,Match Report,,14.0,6.0,20.3,1.0,0.0,0.0,2021,RB Leipzig
2021-02-21,15:30,Bundesliga,Matchweek 22,Sun,Home,L,0,3,RB Leipzig,0.8,0.9,48.0,,Niklas Stark,3-5-2,3-4-3,Sven Jablonski,Match Report,,9.0,4.0,22.1,0.0,0.0,0.0,2021,Hertha BSC
2021-02-23,21:00,Champions Lg,Round of 16,Tue,Away,W,4,1,it Lazio,1.9,0.9,56.0,,Manuel Neuer,4-2-3-1,3-5-2,Orel Grinfeeld,Match Report,Leg 1 of 2,13.0,7.0,19.2,3.0,0.0,0.0,2021,Bayern Munich
2021-02-24,21:00,Champions Lg,Round of 16,Wed,Neutral,L,0,2,eng Manchester City,0.4,1.6,40.0,,Lars Stindl,4-3-3,4-2-3-1,Artur Soares Dias,Match Report,Leg 1 of 2,3.0,1.0,19.6,0.0,0.0,0.0,2021,Gladbach
2021-02-25,21:00,Europa Lg,Round of 32,Thu,Home,L,0,2,ch Young Boys,1.1,1.9,69.0,,Charles Aránguiz,3-4-1-2,4-4-2,Davide Massa,Match Report,Leg 2 of 2; Young Boys won,12.0,4.0,16.4,1.0,0.0,0.0,2021,Leverkusen
2021-02-25,18:55,Europa Lg,Round of 32,Thu,Home,L,0,2,no Molde,1.9,1.2,73.0,,Oliver Baumann,3-4-1-2,4-2-3-1,Aliaksei Kulbakou,Match Report,Leg 2 of 2; Molde won,27.0,9.0,17.5,0.0,0.0,0.0,2021,Hoffenheim
2021-02-26,20:30,Bundesliga,Matchweek 23,Fri,Home,W,2,1,Eint Frankfurt,1.0,1.2,32.0,,Theodor Gebre Selassie,3-4-3,3-4-3,Robert Hartmann,Match Report,,9.0,5.0,19.1,2.0,0.0,0.0,2021,Werder Bremen
2021-02-26,20:30,Bundesliga,Matchweek 23,Fri,Away,L,1,2,Werder Bremen,1.2,1.0,68.0,,Makoto Hasebe,3-4-3,3-4-3,Robert Hartmann,Match Report,,12.0,4.0,16.5,1.0,0.0,0.0,2021,Eint Frankfurt
2021-02-27,15:30,Bundesliga,Matchweek 23,Sat,Away,L,1,5,Bayern Munich,1.4,2.3,45.0,,Timo Horn,3-5-2,4-2-3-1,Martin Petersen,Match Report,,6.0,3.0,12.2,0.0,0.0,0.0,2021,Köln
2021-02-27,15:30,Bundesliga,Matchweek 23,Sat,Home,W,2,0,Hertha BSC,0.7,1.1,57.0,,Koen Casteels,4-2-3-1,3-4-1-2,Bastian Dankert,Match Report,,11.0,2.0,16.9,0.0,0.0,0.0,2021,Wolfsburg
2021-02-27,15:30,Bundesliga,Matchweek 23,Sat,Away,L,0,3,Dortmund,0.8,2.8,38.0,,Fabian Klos,4-4-2,4-1-4-1,Tobias Reichel,Match Report,,8.0,2.0,19.9,0.0,0.0,0.0,2021,Arminia
2021-02-27,15:30,Bundesliga,Matchweek 23,Sat,Home,W,5,1,Köln,2.3,1.4,55.0,,Manuel Neuer,4-2-3-1,3-5-2,Martin Petersen,Match Report,,14.0,7.0,18.1,0.0,0.0,0.0,2021,Bayern Munich
2021-02-27,15:30,Bundesliga,Matchweek 23,Sat,Home,W,5,1,Schalke 04,2.2,1.5,49.0,,Gonzalo Castro,3-4-3,4-2-3-1,Guido Winkmann,Match Report,,17.0,10.0,14.8,0.0,0.0,0.0,2021,Stuttgart
2021-02-27,15:30,Bundesliga,Matchweek 23,Sat,Away,L,0,2,Wolfsburg,1.1,0.7,43.0,,Niklas Stark,3-4-1-2,4-2-3-1,Bastian Dankert,Match Report,,9.0,2.0,18.7,0.0,0.0,0.0,2021,Hertha BSC
2021-02-27,15:30,Bundesliga,Matchweek 23,Sat,Home,W,3,0,Arminia,2.8,0.8,62.0,,Marco Reus,4-1-4-1,4-4-2,Tobias Reichel,Match Report,,19.0,8.0,15.5,0.0,1.0,1.0,2021,Dortmund
2021-02-27,18:30,Bundesliga,Matchweek 23,Sat,Away,L,2,3,RB Leipzig,1.4,1.6,34.0,,Yann Sommer,3-1-4-2,4-2-3-1,Manuel Gräfe,Match Report,,4.0,1.0,18.6,0.0,1.0,1.0,2021,Gladbach
2021-02-27,15:30,Bundesliga,Matchweek 23,Sat,Away,L,1,5,Stuttgart,1.5,2.2,51.0,,Sead Kolašinac,4-2-3-1,3-4-3,Guido Winkmann,Match Report,,9.0,4.0,20.7,0.0,0.0,1.0,2021,Schalke 04
2021-02-27,18:30,Bundesliga,Matchweek 23,Sat,Home,W,3,2,Gladbach,1.6,1.4,66.0,,Marcel Sabitzer,4-2-3-1,3-1-4-2,Manuel Gräfe,Match Report,,21.0,9.0,18.8,1.0,0.0,0.0,2021,RB Leipzig
2021-02-28,13:30,Bundesliga,Matchweek 23,Sun,Home,D,1,1,Hoffenheim,1.0,1.3,46.0,,Christopher Trimmel,3-1-4-2,3-4-1-2,Tobias Stieler,Match Report,,4.0,0.0,20.5,0.0,1.0,1.0,2021,Union Berlin
2021-02-28,15:30,Bundesliga,Matchweek 23,Sun,Away,W,1,0,Mainz 05,1.1,0.9,38.0,,Jeffrey Gouweleeuw,4-2-3-1,3-4-1-2,Daniel Schlager,Match Report,,9.0,3.0,20.0,0.0,0.0,0.0,2021,Augsburg
2021-02-28,18:00,Bundesliga,Matchweek 23,Sun,Home,L,1,2,Freiburg,1.3,1.3,66.0,,Charles Aránguiz,4-3-3,4-2-2-2,Felix Zwayer,Match Report,,22.0,5.0,17.3,1.0,0.0,0.0,2021,Leverkusen
2021-02-28,15:30,Bundesliga,Matchweek 23,Sun,Home,L,0,1,Augsburg,0.9,1.1,62.0,,Danny Latza,3-4-1-2,4-2-3-1,Daniel Schlager,Match Report,,11.0,6.0,18.0,0.0,0.0,0.0,2021,Mainz 05
2021-02-28,13:30,Bundesliga,Matchweek 23,Sun,Away,D,1,1,Union Berlin,1.3,1.0,54.0,,Oliver Baumann,3-4-1-2,3-1-4-2,Tobias Stieler,Match Report,,14.0,2.0,17.6,0.0,0.0,0.0,2021,Hoffenheim
2021-02-28,18:00,Bundesliga,Matchweek 23,Sun,Away,W,2,1,Leverkusen,1.3,1.3,34.0,,Christian Günter,4-2-2-2,4-3-3,Felix Zwayer,Match Report,,6.0,3.0,16.5,0.0,0.0,0.0,2021,Freiburg
2021-03-02,20:45,DFB-Pokal,Quarter-finals,Tue,Home,L,0,1,Dortmund,,,54.0,,Lars Stindl,4-2-3-1,4-2-3-1,Sascha Stegemann,Match Report,,16.0,5.0,,,0.0,0.0,2021,Gladbach
2021-03-02,20:45,DFB-Pokal,Quarter-finals,Tue,Away,W,1,0,Gladbach,,,46.0,,Marco Reus,4-2-3-1,4-2-3-1,Sascha Stegemann,Match Report,,13.0,2.0,,,0.0,0.0,2021,Dortmund
2021-03-03,20:45,DFB-Pokal,Quarter-finals,Wed,Home,W,2,0,Wolfsburg,,,57.0,,Péter Gulácsi,4-2-3-1,4-2-3-1,Marco Fritz,Match Report,,14.0,8.0,,,0.0,0.0,2021,RB Leipzig
2021-03-03,20:45,DFB-Pokal,Quarter-finals,Wed,Away,L,0,2,RB Leipzig,,,44.0,,Koen Casteels,4-2-3-1,4-2-3-1,Marco Fritz,Match Report,,8.0,4.0,,,0.0,1.0,2021,Wolfsburg
2021-03-05,20:30,Bundesliga,Matchweek 24,Fri,Home,D,0,0,Mainz 05,0.2,0.9,49.0,,Sead Kolašinac,3-4-1-2,3-5-2,Felix Brych,Match Report,,2.0,2.0,17.9,0.0,0.0,0.0,2021,Schalke 04
2021-03-05,20:30,Bundesliga,Matchweek 24,Fri,Away,D,0,0,Schalke 04,0.9,0.2,51.0,,Danny Latza,3-5-2,3-4-1-2,Felix Brych,Match Report,,19.0,2.0,21.2,0.0,0.0,0.0,2021,Mainz 05
2021-03-06,15:30,Bundesliga,Matchweek 24,Sat,Away,W,3,0,Freiburg,1.5,0.2,57.0,,Péter Gulácsi,3-1-4-2,4-2-2-2,Guido Winkmann,Match Report,,13.0,7.0,18.3,0.0,0.0,0.0,2021,RB Leipzig
2021-03-06,15:30,Bundesliga,Matchweek 24,Sat,Home,D,1,1,Stuttgart,1.5,0.5,58.0,,Makoto Hasebe,3-4-1-2,3-4-3,Robert Schröder,Match Report,,20.0,7.0,15.8,0.0,0.0,0.0,2021,Eint Frankfurt
2021-03-06,15:30,Bundesliga,Matchweek 24,Sat,Home,W,2,1,Augsburg,2.5,0.7,65.0,,Niklas Stark,3-1-4-2,4-2-3-1,Florian Badstübner,Match Report,,16.0,6.0,16.2,0.0,1.0,1.0,2021,Hertha BSC
2021-03-06,15:30,Bundesliga,Matchweek 24,Sat,Home,L,0,1,Leverkusen,0.5,1.4,43.0,,Yann Sommer,4-2-3-1,4-3-3,Daniel Siebert,Match Report,,8.0,3.0,17.8,1.0,0.0,0.0,2021,Gladbach
2021-03-06,15:30,Bundesliga,Matchweek 24,Sat,Home,L,0,3,RB Leipzig,0.2,1.5,43.0,,Christian Günter,4-2-2-2,3-1-4-2,Guido Winkmann,Match Report,,5.0,1.0,24.6,1.0,0.0,0.0,2021,Freiburg
2021-03-06,18:30,Bundesliga,Matchweek 24,Sat,Away,L,2,4,Bayern Munich,0.6,3.1,34.0,,Marco Reus,3-4-3,4-2-3-1,Marco Fritz,Match Report,,4.0,3.0,24.0,0.0,0.0,0.0,2021,Dortmund
2021-03-06,15:30,Bundesliga,Matchweek 24,Sat,Away,L,1,2,Hoffenheim,2.4,1.1,61.0,,Koen Casteels,4-2-3-1,3-4-1-2,Markus Schmidt,Match Report,,18.0,5.0,17.6,0.0,0.0,0.0,2021,Wolfsburg
2021-03-06,18:30,Bundesliga,Matchweek 24,Sat,Home,W,4,2,Dortmund,3.1,0.6,66.0,,Manuel Neuer,4-2-3-1,3-4-3,Marco Fritz,Match Report,,26.0,8.0,16.7,0.0,1.0,1.0,2021,Bayern Munich
2021-03-06,15:30,Bundesliga,Matchweek 24,Sat,Away,L,1,2,Hertha BSC,0.7,2.5,35.0,,Jeffrey Gouweleeuw,4-2-3-1,3-1-4-2,Florian Badstübner,Match Report,,8.0,4.0,18.9,0.0,0.0,0.0,2021,Augsburg
2021-03-06,15:30,Bundesliga,Matchweek 24,Sat,Away,D,1,1,Eint Frankfurt,0.5,1.5,42.0,,Marc-Oliver Kempf,3-4-3,3-4-1-2,Robert Schröder,Match Report,,8.0,1.0,17.9,0.0,0.0,0.0,2021,Stuttgart
2021-03-06,15:30,Bundesliga,Matchweek 24,Sat,Home,W,2,1,Wolfsburg,1.1,2.4,39.0,,Oliver Baumann,3-4-1-2,4-2-3-1,Markus Schmidt,Match Report,,9.0,4.0,17.3,2.0,0.0,0.0,2021,Hoffenheim
2021-03-06,15:30,Bundesliga,Matchweek 24,Sat,Away,W,1,0,Gladbach,1.4,0.5,57.0,,Charles Aránguiz,4-3-3,4-2-3-1,Daniel Siebert,Match Report,,13.0,5.0,15.3,0.0,0.0,0.0,2021,Leverkusen
2021-03-07,18:00,Bundesliga,Matchweek 24,Sun,Away,D,0,0,Arminia,1.4,0.4,59.0,,Christopher Trimmel,4-4-2,4-2-3-1,Harm Osmers,Match Report,,8.0,3.0,14.0,0.0,0.0,0.0,2021,Union Berlin
2021-03-07,15:30,Bundesliga,Matchweek 24,Sun,Home,D,1,1,Werder Bremen,1.5,1.1,68.0,,Timo Horn,4-4-1-1,3-4-1-2,Matthias Jöllenbeck,Match Report,,16.0,4.0,18.4,2.0,0.0,0.0,2021,Köln
2021-03-07,18:00,Bundesliga,Matchweek 24,Sun,Home,D,0,0,Union Berlin,0.4,1.4,41.0,,Fabian Klos,4-2-3-1,4-4-2,Harm Osmers,Match Report,,4.0,2.0,17.2,0.0,0.0,0.0,2021,Arminia
2021-03-07,15:30,Bundesliga,Matchweek 24,Sun,Away,D,1,1,Köln,1.1,1.5,32.0,,Theodor Gebre Selassie,3-4-1-2,4-4-1-1,Matthias Jöllenbeck,Match Report,,12.0,5.0,15.3,0.0,0.0,0.0,2021,Werder Bremen
2021-03-09,21:00,Champions Lg,Round of 16,Tue,Home,D,2,2,es Sevilla,2.2,2.0,32.0,,Marco Reus,4-3-3,4-3-3,Cüneyt Çakιr,Match Report,Leg 2 of 2; Dortmund won,8.0,4.0,19.7,0.0,1.0,1.0,2021,Dortmund
2021-03-10,18:30,Bundesliga,Matchweek 20,Wed,Away,W,2,0,Arminia,1.6,3.1,41.0,,Theodor Gebre Selassie,3-4-3,4-2-3-1,Markus Schmidt,Match Report,,5.0,2.0,12.4,0.0,0.0,0.0,2021,Werder Bremen
2021-03-10,18:30,Bundesliga,Matchweek 20,Wed,Home,L,0,2,Werder Bremen,3.1,1.6,59.0,,Stefan Ortega,4-2-3-1,3-4-3,Markus Schmidt,Match Report,,26.0,8.0,14.5,1.0,0.0,0.0,2021,Arminia
2021-03-10,20:00 (21:00),Champions Lg,Round of 16,Wed,Neutral,L,0,2,eng Liverpool,0.9,2.4,59.0,,Marcel Sabitzer,3-1-4-2,4-3-3,Clément Turpin,Match Report,Leg 2 of 2; Liverpool won,11.0,2.0,20.0,0.0,0.0,0.0,2021,RB Leipzig
2021-03-12,20:30,Bundesliga,Matchweek 25,Fri,Away,L,1,3,Augsburg,3.1,1.4,64.0,,Lars Stindl,4-2-3-1,4-2-3-1,Sven Jablonski,Match Report,,25.0,7.0,16.6,0.0,0.0,1.0,2021,Gladbach
2021-03-12,20:30,Bundesliga,Matchweek 25,Fri,Home,W,3,1,Gladbach,1.4,3.1,36.0,,Jeffrey Gouweleeuw,4-2-3-1,4-2-3-1,Sven Jablonski,Match Report,,10.0,3.0,15.0,0.0,0.0,0.0,2021,Augsburg
2021-03-13,15:30,Bundesliga,Matchweek 25,Sat,Home,W,2,1,Köln,2.5,1.3,42.0,,Christopher Trimmel,3-5-2,4-2-3-1,Deniz Aytekin,Match Report,,13.0,5.0,12.3,0.0,1.0,1.0,2021,Union Berlin
2021-03-13,15:30,Bundesliga,Matchweek 25,Sat,Home,L,1,3,Bayern Munich,1.0,3.9,43.0,,Niklas Moisander,3-4-3,4-2-3-1,Manuel Gräfe,Match Report,,8.0,4.0,16.6,0.0,0.0,0.0,2021,Werder Bremen
2021-03-13,18:30,Bundesliga,Matchweek 25,Sat,Home,W,2,0,Hertha BSC,1.7,0.1,71.0,,Marco Reus,4-2-3-1,3-1-4-2,Martin Petersen,Match Report,,12.0,4.0,18.4,1.0,0.0,0.0,2021,Dortmund
2021-03-13,18:30,Bundesliga,Matchweek 25,Sat,Away,L,0,2,Dortmund,0.1,1.7,29.0,,Niklas Stark,3-1-4-2,4-2-3-1,Martin Petersen,Match Report,,3.0,0.0,26.6,0.0,0.0,0.0,2021,Hertha BSC
2021-03-13,15:30,Bundesliga,Matchweek 25,Sat,Home,W,1,0,Freiburg,1.8,0.9,48.0,,Moussa Niakhate,3-4-3,3-4-3,Benjamin Cortus,Match Report,,11.0,7.0,15.6,0.0,0.0,0.0,2021,Mainz 05
2021-03-13,15:30,Bundesliga,Matchweek 25,Sat,Away,W,3,1,Werder Bremen,3.9,1.0,57.0,,Manuel Neuer,4-2-3-1,3-4-3,Manuel Gräfe,Match Report,,21.0,6.0,11.8,0.0,0.0,0.0,2021,Bayern Munich
2021-03-13,15:30,Bundesliga,Matchweek 25,Sat,Away,L,0,1,Mainz 05,0.9,1.8,52.0,,Christian Günter,3-4-3,3-4-3,Benjamin Cortus,Match Report,,12.0,2.0,17.3,2.0,0.0,0.0,2021,Freiburg
2021-03-13,15:30,Bundesliga,Matchweek 25,Sat,Away,L,1,2,Union Berlin,1.3,2.5,58.0,,Jonas Hector,4-2-3-1,3-5-2,Deniz Aytekin,Match Report,,8.0,4.0,21.9,0.0,1.0,1.0,2021,Köln
2021-03-13,15:30,Bundesliga,Matchweek 25,Sat,Home,W,5,0,Schalke 04,1.8,0.2,53.0,,Josuha Guilavogui,4-2-3-1,3-5-2,Sören Storks,Match Report,,16.0,7.0,19.6,0.0,0.0,0.0,2021,Wolfsburg
2021-03-13,15:30,Bundesliga,Matchweek 25,Sat,Away,L,0,5,Wolfsburg,0.2,1.8,47.0,,Sead Kolašinac,3-5-2,4-2-3-1,Sören Storks,Match Report,,5.0,1.0,19.4,0.0,0.0,0.0,2021,Schalke 04
2021-03-14,13:30,Bundesliga,Matchweek 25,Sun,Away,W,2,1,Leverkusen,1.7,2.2,25.0,,Fabian Klos,4-4-2,4-3-3,Sascha Stegemann,Match Report,,11.0,6.0,13.9,1.0,0.0,0.0,2021,Arminia
2021-03-14,18:00,Bundesliga,Matchweek 25,Sun,Away,L,0,2,Stuttgart,1.2,0.9,57.0,,Oliver Baumann,3-4-1-2,3-4-3,Christian Dingert,Match Report,,16.0,5.0,18.7,1.0,0.0,0.0,2021,Hoffenheim
2021-03-14,15:30,Bundesliga,Matchweek 25,Sun,Home,D,1,1,Eint Frankfurt,1.5,1.1,57.0,,Marcel Sabitzer,4-2-3-1,3-5-1-1,Felix Zwayer,Match Report,,14.0,8.0,18.5,2.0,0.0,0.0,2021,RB Leipzig
2021-03-14,15:30,Bundesliga,Matchweek 25,Sun,Away,D,1,1,RB Leipzig,1.1,1.5,43.0,,Makoto Hasebe,3-5-1-1,4-2-3-1,Felix Zwayer,Match Report,,5.0,2.0,11.0,0.0,0.0,0.0,2021,Eint Frankfurt
2021-03-14,13:30,Bundesliga,Matchweek 25,Sun,Home,L,1,2,Arminia,2.2,1.7,75.0,,Charles Aránguiz,4-3-3,4-4-2,Sascha Stegemann,Match Report,,20.0,5.0,15.7,0.0,0.0,0.0,2021,Leverkusen
2021-03-14,18:00,Bundesliga,Matchweek 25,Sun,Home,W,2,0,Hoffenheim,0.9,1.2,43.0,,Gonzalo Castro,3-4-3,3-4-1-2,Christian Dingert,Match Report,,7.0,4.0,22.8,0.0,0.0,0.0,2021,Stuttgart
2021-03-16,20:00 (21:00),Champions Lg,Round of 16,Tue,Neutral,L,0,2,eng Manchester City,0.3,1.4,33.0,,Lars Stindl,4-2-3-1,4-2-3-1,Sergey Karasev,Match Report,Leg 2 of 2; Manchester City won,6.0,3.0,19.7,0.0,0.0,0.0,2021,Gladbach
2021-03-17,21:00,Champions Lg,Round of 16,Wed,Home,W,2,1,it Lazio,1.9,1.1,58.0,,Thomas Müller,4-2-3-1,3-5-2,István Kovács,Match Report,Leg 2 of 2; Bayern Munich won,11.0,3.0,21.9,1.0,1.0,1.0,2021,Bayern Munich
2021-03-19,20:30,Bundesliga,Matchweek 26,Fri,Home,L,0,1,RB Leipzig,0.3,2.2,19.0,,Fabian Klos,4-3-1-2,3-4-3,Frank Willenborg,Match Report,,7.0,0.0,19.1,0.0,0.0,0.0,2021,Arminia
2021-03-19,20:30,Bundesliga,Matchweek 26,Fri,Away,W,1,0,Arminia,2.2,0.3,81.0,,Marcel Sabitzer,3-4-3,4-3-1-2,Frank Willenborg,Match Report,,20.0,8.0,19.9,0.0,0.0,0.0,2021,RB Leipzig
2021-03-20,15:30,Bundesliga,Matchweek 26,Sat,Away,W,2,1,Werder Bremen,0.9,0.6,49.0,,Koen Casteels,4-2-3-1,3-1-4-2,Robert Schröder,Match Report,,15.0,3.0,18.6,0.0,0.0,0.0,2021,Wolfsburg
2021-03-20,15:30,Bundesliga,Matchweek 26,Sat,Home,W,5,2,Union Berlin,2.3,2.7,53.0,,Makoto Hasebe,3-4-1-2,3-5-2,Markus Schmidt,Match Report,,9.0,5.0,14.1,0.0,0.0,0.0,2021,Eint Frankfurt
2021-03-20,15:30,Bundesliga,Matchweek 26,Sat,Away,L,2,5,Eint Frankfurt,2.7,2.3,47.0,,Christopher Trimmel,3-5-2,3-4-1-2,Markus Schmidt,Match Report,,25.0,6.0,14.4,1.0,0.0,0.0,2021,Union Berlin
2021-03-20,18:30,Bundesliga,Matchweek 26,Sat,Home,L,0,3,Gladbach,0.2,2.4,30.0,,Sead Kolašinac,3-5-2,4-2-3-1,Tobias Stieler,Match Report,,4.0,1.0,18.9,0.0,0.0,0.0,2021,Schalke 04
2021-03-20,15:30,Bundesliga,Matchweek 26,Sat,Away,D,2,2,Köln,2.0,1.5,57.0,,Mats Hummels,4-1-4-1,4-4-2,Daniel Siebert,Match Report,,13.0,4.0,16.0,2.0,0.0,0.0,2021,Dortmund
2021-03-20,15:30,Bundesliga,Matchweek 26,Sat,Home,W,4,0,Stuttgart,2.4,1.1,43.0,,Manuel Neuer,4-2-3-1,3-4-3,Daniel Schlager,Match Report,,15.0,7.0,16.6,0.0,0.0,0.0,2021,Bayern Munich
2021-03-20,15:30,Bundesliga,Matchweek 26,Sat,Home,L,1,2,Wolfsburg,0.6,0.9,51.0,,Theodor Gebre Selassie,3-1-4-2,4-2-3-1,Robert Schröder,Match Report,,10.0,4.0,17.1,0.0,0.0,0.0,2021,Werder Bremen
2021-03-20,15:30,Bundesliga,Matchweek 26,Sat,Away,L,0,4,Bayern Munich,1.1,2.4,57.0,,Gonzalo Castro,3-4-3,4-2-3-1,Daniel Schlager,Match Report,,12.0,4.0,22.2,1.0,0.0,0.0,2021,Stuttgart
2021-03-20,15:30,Bundesliga,Matchweek 26,Sat,Home,D,2,2,Dortmund,1.5,2.0,43.0,,Jonas Hector,4-4-2,4-1-4-1,Daniel Siebert,Match Report,,9.0,1.0,16.9,0.0,1.0,1.0,2021,Köln
2021-03-20,18:30,Bundesliga,Matchweek 26,Sat,Away,W,3,0,Schalke 04,2.4,0.2,70.0,,Lars Stindl,4-2-3-1,3-5-2,Tobias Stieler,Match Report,,21.0,7.0,16.0,0.0,0.0,0.0,2021,Gladbach
2021-03-21,15:30,Bundesliga,Matchweek 26,Sun,Home,W,3,0,Leverkusen,2.0,1.9,30.0,,Niklas Stark,3-4-1-2,4-2-3-1,Felix Brych,Match Report,,13.0,9.0,21.1,0.0,0.0,0.0,2021,Hertha BSC
2021-03-21,18:00,Bundesliga,Matchweek 26,Sun,Away,L,0,2,Freiburg,1.0,1.8,43.0,,Jeffrey Gouweleeuw,4-4-2,4-4-2,Bastian Dankert,Match Report,,20.0,7.0,20.1,1.0,0.0,0.0,2021,Augsburg
2021-03-21,15:30,Bundesliga,Matchweek 26,Sun,Away,L,0,3,Hertha BSC,1.9,2.0,70.0,,Charles Aránguiz,4-2-3-1,3-4-1-2,Felix Brych,Match Report,,12.0,1.0,13.4,0.0,0.0,0.0,2021,Leverkusen
2021-03-21,13:30,Bundesliga,Matchweek 26,Sun,Away,W,2,1,Hoffenheim,2.6,1.3,37.0,,Moussa Niakhate,3-4-3,3-4-1-2,Marco Fritz,Match Report,,15.0,7.0,14.1,1.0,0.0,0.0,2021,Mainz 05
2021-03-21,13:30,Bundesliga,Matchweek 26,Sun,Home,L,1,2,Mainz 05,1.3,2.6,63.0,,Oliver Baumann,3-4-1-2,3-4-3,Marco Fritz,Match Report,,8.0,2.0,19.5,1.0,0.0,0.0,2021,Hoffenheim
2021-03-21,18:00,Bundesliga,Matchweek 26,Sun,Home,W,2,0,Augsburg,1.8,1.0,57.0,,Christian Günter,4-4-2,4-4-2,Bastian Dankert,Match Report,,13.0,5.0,15.8,0.0,0.0,0.0,2021,Freiburg
2021-04-03,15:30,Bundesliga,Matchweek 27,Sat,Home,W,2,1,Hoffenheim,0.6,0.9,31.0,,Jeffrey Gouweleeuw,4-2-2-2,3-4-1-2,Guido Winkmann,Match Report,,7.0,2.0,14.3,0.0,0.0,0.0,2021,Augsburg
2021-04-03,20:30,Bundesliga,Matchweek 27,Sat,Away,L,1,2,Gladbach,1.7,1.5,52.0,,Christian Günter,5-3-2,4-2-3-1,Christian Dingert,Match Report,,10.0,4.0,16.5,0.0,0.0,0.0,2021,Freiburg
2021-04-03,15:30,Bundesliga,Matchweek 27,Sat,Home,W,2,1,Schalke 04,1.0,1.0,64.0,,Charles Aránguiz,3-5-1-1,3-5-2,Sven Jablonski,Match Report,,8.0,3.0,16.5,0.0,0.0,0.0,2021,Leverkusen
2021-04-03,15:30,Bundesliga,Matchweek 27,Sat,Away,L,0,1,Wolfsburg,1.3,0.9,49.0,,Jonas Hector,4-1-4-1,4-2-3-1,Robert Hartmann,Match Report,,9.0,1.0,14.2,0.0,0.0,0.0,2021,Köln
2021-04-03,15:30,Bundesliga,Matchweek 27,Sat,Home,W,1,0,Köln,0.9,1.3,51.0,,Koen Casteels,4-2-3-1,4-1-4-1,Robert Hartmann,Match Report,,12.0,5.0,15.2,0.0,0.0,0.0,2021,Wolfsburg
2021-04-03,15:30,Bundesliga,Matchweek 27,Sat,Away,D,1,1,Mainz 05,0.5,2.1,42.0,,Stefan Ortega,4-1-2-1-2◆,3-5-2,Deniz Aytekin,Match Report,,10.0,2.0,20.6,1.0,0.0,0.0,2021,Arminia
2021-04-03,15:30,Bundesliga,Matchweek 27,Sat,Away,W,2,1,Dortmund,1.4,2.1,43.0,,Sebastian Rode,3-4-1-2,4-1-4-1,Manuel Gräfe,Match Report,,14.0,3.0,15.8,0.0,0.0,0.0,2021,Eint Frankfurt
2021-04-03,15:30,Bundesliga,Matchweek 27,Sat,Away,L,1,2,Augsburg,0.9,0.6,69.0,,Oliver Baumann,3-4-1-2,4-2-2-2,Guido Winkmann,Match Report,,15.0,5.0,17.3,0.0,0.0,0.0,2021,Hoffenheim
2021-04-03,15:30,Bundesliga,Matchweek 27,Sat,Away,L,1,2,Leverkusen,1.0,1.0,36.0,,Sead Kolašinac,3-5-2,3-5-1-1,Sven Jablonski,Match Report,,6.0,2.0,13.7,0.0,0.0,0.0,2021,Schalke 04
2021-04-03,15:30,Bundesliga,Matchweek 27,Sat,Home,D,1,1,Arminia,2.1,0.5,58.0,,Moussa Niakhate,3-5-2,4-1-2-1-2,Deniz Aytekin,Match Report,,10.0,4.0,16.9,1.0,1.0,1.0,2021,Mainz 05
2021-04-03,18:30,Bundesliga,Matchweek 27,Sat,Away,W,1,0,RB Leipzig,0.6,0.6,46.0,,Manuel Neuer,4-2-3-1,4-3-3,Daniel Siebert,Match Report,,9.0,5.0,16.6,0.0,0.0,0.0,2021,Bayern Munich
2021-04-03,20:30,Bundesliga,Matchweek 27,Sat,Home,W,2,1,Freiburg,1.5,1.7,48.0,,Lars Stindl,4-2-3-1,5-3-2,Christian Dingert,Match Report,,19.0,6.0,20.0,2.0,0.0,0.0,2021,Gladbach
2021-04-03,18:30,Bundesliga,Matchweek 27,Sat,Home,L,0,1,Bayern Munich,0.6,0.6,54.0,,Marcel Sabitzer,4-3-3,4-2-3-1,Daniel Siebert,Match Report,,14.0,2.0,20.6,0.0,0.0,0.0,2021,RB Leipzig
2021-04-03,15:30,Bundesliga,Matchweek 27,Sat,Home,L,1,2,Eint Frankfurt,2.1,1.4,57.0,,Marco Reus,4-1-4-1,3-4-1-2,Manuel Gräfe,Match Report,,19.0,5.0,16.5,0.0,0.0,0.0,2021,Dortmund
2021-04-04,15:30,Bundesliga,Matchweek 27,Sun,Away,L,0,1,Stuttgart,0.4,0.7,41.0,,Theodor Gebre Selassie,4-2-3-1,3-4-3,Felix Zwayer,Match Report,,10.0,2.0,23.3,0.0,0.0,0.0,2021,Werder Bremen
2021-04-04,18:00,Bundesliga,Matchweek 27,Sun,Away,D,1,1,Union Berlin,0.9,0.9,41.0,,Niklas Stark,4-3-3,3-4-1-2,Sascha Stegemann,Match Report,,3.0,0.0,27.8,1.0,1.0,1.0,2021,Hertha BSC
2021-04-04,15:30,Bundesliga,Matchweek 27,Sun,Home,W,1,0,Werder Bremen,0.7,0.4,59.0,,Gonzalo Castro,3-4-3,4-2-3-1,Felix Zwayer,Match Report,,14.0,3.0,17.7,0.0,0.0,0.0,2021,Stuttgart
2021-04-04,18:00,Bundesliga,Matchweek 27,Sun,Home,D,1,1,Hertha BSC,0.9,0.9,59.0,,Christopher Trimmel,3-4-1-2,4-3-3,Sascha Stegemann,Match Report,,13.0,3.0,18.3,0.0,0.0,0.0,2021,Union Berlin
2021-04-06,20:00 (21:00),Champions Lg,Quarter-finals,Tue,Away,L,1,2,eng Manchester City,1.1,2.1,39.0,,Marco Reus,4-3-3,4-2-3-1,Ovidiu Hațegan,Match Report,Leg 1 of 2,7.0,3.0,18.9,1.0,0.0,0.0,2021,Dortmund
2021-04-07,18:30,DFB-Pokal,Quarter-finals,Wed,Away,W,1,0,Jahn R'burg,,,56.0,,Niklas Moisander,3-4-3,4-2-3-1,Guido Winkmann,Match Report,,16.0,5.0,,,0.0,0.0,2021,Werder Bremen
2021-04-07,21:00,Champions Lg,Quarter-finals,Wed,Home,L,2,3,fr Paris S-G,3.7,1.3,64.0,,Manuel Neuer,4-2-3-1,4-2-3-1,Antonio Matéu Lahoz,Match Report,Leg 1 of 2,31.0,12.0,15.3,1.0,0.0,0.0,2021,Bayern Munich
2021-04-09,20:30,Bundesliga,Matchweek 28,Fri,Away,L,0,1,Arminia,0.4,1.3,55.0,,Christian Günter,3-5-2,4-2-3-1,Martin Petersen,Match Report,,9.0,0.0,19.0,0.0,0.0,0.0,2021,Freiburg
2021-04-09,20:30,Bundesliga,Matchweek 28,Fri,Home,W,1,0,Freiburg,1.3,0.4,45.0,,Fabian Klos,4-2-3-1,3-5-2,Martin Petersen,Match Report,,13.0,4.0,15.9,2.0,0.0,0.0,2021,Arminia
2021-04-10,15:30,Bundesliga,Matchweek 28,Sat,Away,L,3,4,Eint Frankfurt,1.2,0.9,55.0,,Koen Casteels,4-2-3-1,3-4-1-2,Marco Fritz,Match Report,,20.0,7.0,18.3,0.0,0.0,0.0,2021,Wolfsburg
2021-04-10,18:30,Bundesliga,Matchweek 28,Sat,Home,L,2,3,Dortmund,1.7,1.1,49.0,,Marc-Oliver Kempf,3-4-3,4-2-3-1,Robert Schröder,Match Report,,13.0,3.0,14.5,0.0,0.0,0.0,2021,Stuttgart
2021-04-10,15:30,Bundesliga,Matchweek 28,Sat,Away,W,4,1,Werder Bremen,1.5,1.7,63.0,,Marcel Sabitzer,3-4-3,3-4-3,Florian Badstübner,Match Report,,8.0,4.0,13.5,0.0,0.0,0.0,2021,RB Leipzig
2021-04-10,15:30,Bundesliga,Matchweek 28,Sat,Away,D,2,2,Hertha BSC,1.3,1.8,38.0,,Lars Stindl,3-4-3,3-4-3,Patrick Ittrich,Match Report,,6.0,3.0,21.3,0.0,1.0,1.0,2021,Gladbach
2021-04-10,15:30,Bundesliga,Matchweek 28,Sat,Home,L,1,4,RB Leipzig,1.7,1.5,37.0,,Niklas Moisander,3-4-3,3-4-3,Florian Badstübner,Match Report,,11.0,1.0,21.7,1.0,1.0,1.0,2021,Werder Bremen
2021-04-10,15:30,Bundesliga,Matchweek 28,Sat,Home,D,1,1,Union Berlin,0.8,1.3,59.0,,Manuel Neuer,4-2-3-1,4-2-3-1,Tobias Stieler,Match Report,,14.0,2.0,17.1,0.0,0.0,0.0,2021,Bayern Munich
2021-04-10,15:30,Bundesliga,Matchweek 28,Sat,Away,D,1,1,Bayern Munich,1.3,0.8,41.0,,Christopher Trimmel,4-2-3-1,4-2-3-1,Tobias Stieler,Match Report,,7.0,2.0,13.2,0.0,0.0,0.0,2021,Union Berlin
2021-04-10,15:30,Bundesliga,Matchweek 28,Sat,Home,W,4,3,Wolfsburg,0.9,1.2,45.0,,Sebastian Rode,3-4-1-2,4-2-3-1,Marco Fritz,Match Report,,8.0,5.0,14.1,0.0,0.0,0.0,2021,Eint Frankfurt
2021-04-10,18:30,Bundesliga,Matchweek 28,Sat,Away,W,3,2,Stuttgart,1.1,1.7,51.0,,Marco Reus,4-2-3-1,3-4-3,Robert Schröder,Match Report,,17.0,7.0,20.6,1.0,0.0,0.0,2021,Dortmund
2021-04-10,15:30,Bundesliga,Matchweek 28,Sat,Home,D,2,2,Gladbach,1.8,1.3,62.0,,Niklas Stark,3-4-3,3-4-3,Patrick Ittrich,Match Report,,23.0,7.0,19.2,1.0,0.0,0.0,2021,Hertha BSC
2021-04-11,18:00,Bundesliga,Matchweek 28,Sun,Home,L,2,3,Mainz 05,2.4,1.6,62.0,,Jonas Hector,4-2-3-1,3-4-3,Felix Brych,Match Report,,22.0,3.0,17.2,0.0,1.0,1.0,2021,Köln
2021-04-11,15:30,Bundesliga,Matchweek 28,Sun,Away,L,0,1,Schalke 04,1.3,0.9,56.0,,Jeffrey Gouweleeuw,4-2-2-2,3-5-2,Harm Osmers,Match Report,,12.0,4.0,17.9,0.0,0.0,0.0,2021,Augsburg
2021-04-11,18:00,Bundesliga,Matchweek 28,Sun,Away,W,3,2,Köln,1.6,2.4,38.0,,Moussa Niakhate,3-4-3,4-2-3-1,Felix Brych,Match Report,,9.0,5.0,16.0,0.0,0.0,0.0,2021,Mainz 05
2021-04-11,15:30,Bundesliga,Matchweek 28,Sun,Home,W,1,0,Augsburg,0.9,1.3,44.0,,Omar Mascarell,3-5-2,4-2-2-2,Harm Osmers,Match Report,,7.0,2.0,19.2,1.0,0.0,0.0,2021,Schalke 04
2021-04-12,20:30,Bundesliga,Matchweek 28,Mon,Home,D,0,0,Leverkusen,0.1,0.3,46.0,,Oliver Baumann,3-1-4-2,3-4-3,Matthias Jöllenbeck,Match Report,,2.0,0.0,17.3,0.0,0.0,0.0,2021,Hoffenheim
2021-04-12,20:30,Bundesliga,Matchweek 28,Mon,Away,D,0,0,Hoffenheim,0.3,0.1,54.0,,Charles Aránguiz,3-4-3,3-1-4-2,Matthias Jöllenbeck,Match Report,,5.0,3.0,15.5,0.0,0.0,0.0,2021,Leverkusen
2021-04-13,21:00,Champions Lg,Quarter-finals,Tue,Away,W,1,0,fr Paris S-G,1.5,1.6,55.0,,Manuel Neuer,4-2-3-1,4-2-3-1,Daniele Orsato,Match Report,Leg 2 of 2; Paris S-G won,14.0,5.0,18.0,0.0,0.0,0.0,2021,Bayern Munich
2021-04-14,21:00,Champions Lg,Quarter-finals,Wed,Home,L,1,2,eng Manchester City,0.5,2.5,39.0,,Marco Reus,4-3-3,4-3-3,Carlos del Cerro,Match Report,Leg 2 of 2; Manchester City won,10.0,3.0,17.4,0.0,0.0,0.0,2021,Dortmund
2021-04-16,20:30,Bundesliga,Matchweek 29,Fri,Home,D,0,0,Hoffenheim,1.4,0.3,63.0,,Marcel Sabitzer,3-5-2,4-2-3-1,Manuel Gräfe,Match Report,,16.0,2.0,17.8,2.0,0.0,0.0,2021,RB Leipzig
2021-04-16,20:30,Bundesliga,Matchweek 29,Fri,Away,D,0,0,RB Leipzig,0.3,1.4,37.0,,Oliver Baumann,4-2-3-1,3-5-2,Manuel Gräfe,Match Report,,5.0,0.0,16.2,0.0,0.0,0.0,2021,Hoffenheim
2021-04-17,15:30,Bundesliga,Matchweek 29,Sat,Away,W,3,2,Wolfsburg,1.9,1.4,52.0,,Manuel Neuer,4-2-3-1,4-2-3-1,Felix Zwayer,Match Report,,14.0,8.0,15.1,0.0,0.0,0.0,2021,Bayern Munich
2021-04-17,15:30,Bundesliga,Matchweek 29,Sat,Away,L,0,4,Freiburg,0.7,2.0,42.0,,Sead Kolašinac,3-5-2,3-4-3,Tobias Reichel,Match Report,,4.0,2.0,15.7,0.0,0.0,0.0,2021,Schalke 04
2021-04-17,15:30,Bundesliga,Matchweek 29,Sat,Away,D,0,0,Augsburg,0.7,0.7,49.0,,Fabian Klos,4-3-3,4-4-2,Markus Schmidt,Match Report,,9.0,1.0,18.7,0.0,0.0,0.0,2021,Arminia
2021-04-17,15:30,Bundesliga,Matchweek 29,Sat,Home,L,2,3,Bayern Munich,1.4,1.9,48.0,,Koen Casteels,4-2-3-1,4-2-3-1,Felix Zwayer,Match Report,,8.0,3.0,13.6,0.0,0.0,0.0,2021,Wolfsburg
2021-04-17,15:30,Bundesliga,Matchweek 29,Sat,Home,D,0,0,Arminia,0.7,0.7,51.0,,Jeffrey Gouweleeuw,4-4-2,4-3-3,Markus Schmidt,Match Report,,10.0,3.0,20.6,0.0,0.0,0.0,2021,Augsburg
2021-04-17,15:30,Bundesliga,Matchweek 29,Sat,Home,W,4,0,Eint Frankfurt,2.3,0.7,37.0,,Matthias Ginter,4-4-2,3-4-1-2,Deniz Aytekin,Match Report,,21.0,4.0,16.3,0.0,0.0,0.0,2021,Gladbach
2021-04-17,15:30,Bundesliga,Matchweek 29,Sat,Home,W,4,0,Schalke 04,2.0,0.7,58.0,,Christian Günter,3-4-3,3-5-2,Tobias Reichel,Match Report,,12.0,7.0,17.6,1.0,1.0,1.0,2021,Freiburg
2021-04-17,15:30,Bundesliga,Matchweek 29,Sat,Home,W,2,1,Stuttgart,1.4,1.0,44.0,,Christopher Trimmel,3-1-4-2,3-4-3,Benjamin Cortus,Match Report,,9.0,4.0,12.6,0.0,0.0,0.0,2021,Union Berlin
2021-04-17,15:30,Bundesliga,Matchweek 29,Sat,Away,L,0,4,Gladbach,0.7,2.3,63.0,,Sebastian Rode,3-4-1-2,4-4-2,Deniz Aytekin,Match Report,,16.0,4.0,17.7,0.0,0.0,0.0,2021,Eint Frankfurt
2021-04-17,15:30,Bundesliga,Matchweek 29,Sat,Away,L,1,2,Union Berlin,1.0,1.4,56.0,,Wataru Endo,3-4-3,3-1-4-2,Benjamin Cortus,Match Report,,9.0,2.0,17.1,0.0,0.0,0.0,2021,Stuttgart
2021-04-17,18:30,Bundesliga,Matchweek 29,Sat,Away,L,0,3,Leverkusen,1.0,1.6,57.0,,Jonas Hector,4-2-3-1,3-4-3,Sören Storks,Match Report,,13.0,2.0,16.6,0.0,0.0,0.0,2021,Köln
2021-04-17,18:30,Bundesliga,Matchweek 29,Sat,Home,W,3,0,Köln,1.6,1.0,43.0,,Charles Aránguiz,3-4-3,4-2-3-1,Sören Storks,Match Report,,8.0,5.0,13.3,1.0,0.0,0.0,2021,Leverkusen
2021-04-18,15:30,Bundesliga,Matchweek 29,Sun,Home,W,4,1,Werder Bremen,3.0,1.0,69.0,,Marco Reus,4-1-4-1,5-3-2,Bastian Dankert,Match Report,,16.0,7.0,17.3,0.0,1.0,1.0,2021,Dortmund
2021-04-18,15:30,Bundesliga,Matchweek 29,Sun,Away,L,1,4,Dortmund,1.0,3.0,31.0,,Niklas Moisander,5-3-2,4-1-4-1,Bastian Dankert,Match Report,,10.0,3.0,17.2,0.0,0.0,0.0,2021,Werder Bremen
2021-04-20,20:30,Bundesliga,Matchweek 30,Tue,Home,W,1,0,Schalke 04,2.2,0.3,44.0,,Fabian Klos,4-3-3,3-4-1-2,Christian Dingert,Match Report,,14.0,4.0,19.1,1.0,0.0,1.0,2021,Arminia
2021-04-20,18:30,Bundesliga,Matchweek 30,Tue,Home,W,2,1,RB Leipzig,0.5,2.4,29.0,,Jonas Hector,4-4-1-1,4-2-2-2,Frank Willenborg,Match Report,,5.0,3.0,16.5,0.0,0.0,0.0,2021,Köln
2021-04-20,20:30,Bundesliga,Matchweek 30,Tue,Home,W,2,0,Leverkusen,1.7,0.6,60.0,,Manuel Neuer,4-2-3-1,3-4-3,Guido Winkmann,Match Report,,24.0,8.0,21.8,1.0,0.0,0.0,2021,Bayern Munich
2021-04-20,18:30,Bundesliga,Matchweek 30,Tue,Away,L,1,2,Köln,2.4,0.5,71.0,,Péter Gulácsi,4-2-2-2,4-4-1-1,Frank Willenborg,Match Report,,25.0,6.0,16.0,2.0,0.0,0.0,2021,RB Leipzig
2021-04-20,20:30,Bundesliga,Matchweek 30,Tue,Home,W,2,0,Augsburg,1.3,1.6,60.0,,Sebastian Rode,3-4-1-2,3-4-3,Robert Schröder,Match Report,,12.0,4.0,16.4,1.0,0.0,0.0,2021,Eint Frankfurt
2021-04-20,20:30,Bundesliga,Matchweek 30,Tue,Away,L,0,2,Bayern Munich,0.6,1.7,40.0,,Charles Aránguiz,3-4-3,4-2-3-1,Guido Winkmann,Match Report,,7.0,4.0,17.7,0.0,0.0,0.0,2021,Leverkusen
2021-04-20,20:30,Bundesliga,Matchweek 30,Tue,Away,L,0,2,Eint Frankfurt,1.6,1.3,40.0,,Ohis Felix Uduokhai,3-4-3,3-4-1-2,Robert Schröder,Match Report,,14.0,4.0,18.4,1.0,0.0,1.0,2021,Augsburg
2021-04-20,20:30,Bundesliga,Matchweek 30,Tue,Away,L,0,1,Arminia,0.3,2.2,56.0,,Sead Kolašinac,3-4-1-2,4-3-3,Christian Dingert,Match Report,,5.0,0.0,20.2,2.0,0.0,0.0,2021,Schalke 04
2021-04-21,20:30,Bundesliga,Matchweek 30,Wed,Home,W,3,2,Gladbach,2.3,0.9,55.0,,Oliver Baumann,4-3-3,4-4-2,Daniel Siebert,Match Report,,19.0,6.0,16.2,0.0,0.0,0.0,2021,Hoffenheim
2021-04-21,20:30,Bundesliga,Matchweek 30,Wed,Home,W,2,0,Union Berlin,4.8,0.3,52.0,,Marco Reus,4-1-4-1,4-2-3-1,Daniel Schlager,Match Report,,19.0,9.0,14.2,0.0,0.0,1.0,2021,Dortmund
2021-04-21,20:30,Bundesliga,Matchweek 30,Wed,Away,W,3,1,Stuttgart,1.5,1.9,39.0,,Koen Casteels,4-2-3-1,3-4-3,Felix Brych,Match Report,,13.0,4.0,18.0,1.0,0.0,0.0,2021,Wolfsburg
2021-04-21,20:30,Bundesliga,Matchweek 30,Wed,Home,L,0,1,Mainz 05,1.2,1.7,65.0,,Niklas Moisander,3-4-1-2,3-5-2,Marco Fritz,Match Report,,20.0,3.0,20.5,2.0,0.0,0.0,2021,Werder Bremen
2021-04-21,20:30,Bundesliga,Matchweek 30,Wed,Away,L,0,2,Dortmund,0.3,4.8,48.0,,Christopher Trimmel,4-2-3-1,4-1-4-1,Daniel Schlager,Match Report,,5.0,1.0,21.4,1.0,0.0,0.0,2021,Union Berlin
2021-04-21,20:30,Bundesliga,Matchweek 30,Wed,Away,L,2,3,Hoffenheim,0.9,2.3,45.0,,Matthias Ginter,4-4-2,4-3-3,Daniel Siebert,Match Report,,6.0,2.0,15.5,0.0,0.0,0.0,2021,Gladbach
2021-04-21,20:30,Bundesliga,Matchweek 30,Wed,Away,W,1,0,Werder Bremen,1.7,1.2,35.0,,Moussa Niakhate,3-5-2,3-4-1-2,Marco Fritz,Match Report,,14.0,5.0,17.4,0.0,0.0,0.0,2021,Mainz 05
2021-04-21,20:30,Bundesliga,Matchweek 30,Wed,Home,L,1,3,Wolfsburg,1.9,1.5,61.0,,Wataru Endo,3-4-3,4-2-3-1,Felix Brych,Match Report,,9.0,3.0,18.9,0.0,0.0,1.0,2021,Stuttgart
2021-04-23,20:30,Bundesliga,Matchweek 31,Fri,Home,L,2,3,Köln,1.9,1.8,53.0,,Jeffrey Gouweleeuw,4-4-2,4-1-4-1,Martin Petersen,Match Report,,13.0,4.0,11.8,1.0,0.0,0.0,2021,Augsburg
2021-04-23,20:30,Bundesliga,Matchweek 31,Fri,Away,W,3,2,Augsburg,1.8,1.9,47.0,,Jonas Hector,4-1-4-1,4-4-2,Martin Petersen,Match Report,,15.0,6.0,15.7,0.0,0.0,0.0,2021,Köln
2021-04-24,15:30,Bundesliga,Matchweek 31,Sat,Home,D,1,1,Hoffenheim,1.6,1.4,49.0,,Christian Günter,3-4-3,4-2-3-1,Manuel Gräfe,Match Report,,13.0,5.0,20.6,1.0,1.0,1.0,2021,Freiburg
2021-04-24,15:30,Bundesliga,Matchweek 31,Sat,Home,W,3,1,Werder Bremen,1.6,0.4,55.0,,Marvin Friedrich,3-5-2,3-5-2,Patrick Ittrich,Match Report,,16.0,6.0,16.1,0.0,0.0,0.0,2021,Union Berlin
2021-04-24,15:30,Bundesliga,Matchweek 31,Sat,Away,W,2,0,Wolfsburg,1.4,1.2,47.0,,Marco Reus,4-2-3-1,4-2-3-1,Tobias Stieler,Match Report,,8.0,3.0,14.0,0.0,0.0,0.0,2021,Dortmund
2021-04-24,15:30,Bundesliga,Matchweek 31,Sat,Away,L,1,2,Mainz 05,1.5,0.9,70.0,,Manuel Neuer,4-2-3-1,3-4-1-2,Harm Osmers,Match Report,,15.0,4.0,18.6,0.0,0.0,0.0,2021,Bayern Munich
2021-04-24,15:30,Bundesliga,Matchweek 31,Sat,Away,L,1,3,Union Berlin,0.4,1.6,45.0,,Niklas Moisander,3-5-2,3-5-2,Patrick Ittrich,Match Report,,9.0,6.0,20.0,0.0,0.0,0.0,2021,Werder Bremen
2021-04-24,15:30,Bundesliga,Matchweek 31,Sat,Away,D,1,1,Freiburg,1.4,1.6,51.0,,Oliver Baumann,4-2-3-1,3-4-3,Manuel Gräfe,Match Report,,17.0,4.0,20.9,2.0,0.0,0.0,2021,Hoffenheim
2021-04-24,18:30,Bundesliga,Matchweek 31,Sat,Away,L,1,3,Leverkusen,2.2,2.0,49.0,,Makoto Hasebe,3-4-3,4-2-3-1,Felix Zwayer,Match Report,,13.0,5.0,12.2,0.0,0.0,0.0,2021,Eint Frankfurt
2021-04-24,15:30,Bundesliga,Matchweek 31,Sat,Home,L,0,2,Dortmund,1.2,1.4,53.0,,Koen Casteels,4-2-3-1,4-2-3-1,Tobias Stieler,Match Report,,21.0,2.0,19.7,0.0,0.0,0.0,2021,Wolfsburg
2021-04-24,18:30,Bundesliga,Matchweek 31,Sat,Home,W,3,1,Eint Frankfurt,2.0,2.2,51.0,,Jonathan Tah,4-2-3-1,3-4-3,Felix Zwayer,Match Report,,19.0,9.0,16.4,0.0,0.0,0.0,2021,Leverkusen
2021-04-24,15:30,Bundesliga,Matchweek 31,Sat,Home,W,2,1,Bayern Munich,0.9,1.5,30.0,,Danny Latza,3-4-1-2,4-2-3-1,Harm Osmers,Match Report,,6.0,3.0,19.3,1.0,0.0,0.0,2021,Mainz 05
2021-04-25,15:30,Bundesliga,Matchweek 31,Sun,Home,W,2,0,Stuttgart,3.6,0.1,66.0,,Péter Gulácsi,3-1-4-2,3-4-3,Deniz Aytekin,Match Report,,24.0,10.0,15.8,0.0,1.0,1.0,2021,RB Leipzig
2021-04-25,18:00,Bundesliga,Matchweek 31,Sun,Home,W,5,0,Arminia,3.5,0.7,62.0,,Yann Sommer,3-4-1-2,4-4-2,Robert Hartmann,Match Report,,19.0,11.0,16.6,0.0,1.0,1.0,2021,Gladbach
2021-04-25,15:30,Bundesliga,Matchweek 31,Sun,Away,L,0,2,RB Leipzig,0.1,3.6,34.0,,Gonzalo Castro,3-4-3,3-1-4-2,Deniz Aytekin,Match Report,,1.0,0.0,6.9,0.0,0.0,0.0,2021,Stuttgart
2021-04-25,18:00,Bundesliga,Matchweek 31,Sun,Away,L,0,5,Gladbach,0.7,3.5,38.0,,Fabian Klos,4-4-2,3-4-1-2,Robert Hartmann,Match Report,,9.0,4.0,20.8,1.0,0.0,0.0,2021,Arminia
2021-04-30,20:30,DFB-Pokal,Semi-finals,Fri,Home,L,1,2,RB Leipzig,,,34.0,,Niklas Moisander,4-3-3,3-1-4-2,Manuel Gräfe,Match Report,Required Extra Time,12.0,3.0,,,0.0,0.0,2021,Werder Bremen
2021-04-30,20:30,DFB-Pokal,Semi-finals,Fri,Away,W,2,1,Werder Bremen,,,66.0,,Marcel Sabitzer,3-1-4-2,4-3-3,Manuel Gräfe,Match Report,Required Extra Time,28.0,7.0,,,0.0,0.0,2021,RB Leipzig
2021-05-01,20:30,DFB-Pokal,Semi-finals,Sat,Home,W,5,0,Holstein Kiel,,,63.0,,Marco Reus,4-2-3-1,4-1-4-1,Christian Dingert,Match Report,,17.0,9.0,,,0.0,0.0,2021,Dortmund
2021-05-03,18:00,Bundesliga,Matchweek 29,Mon,Home,D,1,1,Hertha BSC,2.8,1.4,56.0,,Moussa Niakhate,3-1-4-2,3-1-4-2,Sascha Stegemann,Match Report,,16.0,9.0,15.3,1.0,0.0,0.0,2021,Mainz 05
2021-05-03,18:00,Bundesliga,Matchweek 29,Mon,Away,D,1,1,Mainz 05,1.4,2.8,44.0,,Niklas Stark,3-1-4-2,3-1-4-2,Sascha Stegemann,Match Report,,7.0,5.0,13.2,1.0,0.0,0.0,2021,Hertha BSC
2021-05-06,18:30,Bundesliga,Matchweek 30,Thu,Away,L,0,3,Hertha BSC,1.0,1.8,61.0,,Christian Günter,3-4-3,4-3-3,Benjamin Cortus,Match Report,,13.0,4.0,16.6,0.0,0.0,0.0,2021,Freiburg
2021-05-06,18:30,Bundesliga,Matchweek 30,Thu,Home,W,3,0,Freiburg,1.8,1.0,39.0,,Dedryck Boyata,4-3-3,3-4-3,Benjamin Cortus,Match Report,,13.0,6.0,19.8,0.0,0.0,0.0,2021,Hertha BSC
2021-05-07,20:30,Bundesliga,Matchweek 32,Fri,Home,W,2,1,Augsburg,1.7,2.2,57.0,,Wataru Endo,3-4-3,4-4-2,Manuel Gräfe,Match Report,,16.0,7.0,15.4,0.0,0.0,0.0,2021,Stuttgart
2021-05-07,20:30,Bundesliga,Matchweek 32,Fri,Away,L,1,2,Stuttgart,2.2,1.7,43.0,,Jeffrey Gouweleeuw,4-4-2,3-4-3,Manuel Gräfe,Match Report,,21.0,9.0,18.5,0.0,0.0,0.0,2021,Augsburg
2021-05-08,15:30,Bundesliga,Matchweek 32,Sat,Home,D,0,0,Leverkusen,0.7,1.1,38.0,,Niklas Moisander,4-3-2-1,4-2-3-1,Markus Schmidt,Match Report,,12.0,1.0,17.4,0.0,0.0,0.0,2021,Werder Bremen
2021-05-08,15:30,Bundesliga,Matchweek 32,Sat,Away,L,0,3,Wolfsburg,0.7,1.7,40.0,,Christopher Trimmel,3-1-4-2,4-2-3-1,Sven Jablonski,Match Report,,9.0,1.0,17.4,0.0,0.0,0.0,2021,Union Berlin
2021-05-08,15:30,Bundesliga,Matchweek 32,Sat,Away,L,2,3,Dortmund,1.5,1.7,56.0,,Marcel Sabitzer,3-1-4-2,4-2-3-1,Daniel Siebert,Match Report,,14.0,8.0,18.5,0.0,0.0,0.0,2021,RB Leipzig
2021-05-08,15:30,Bundesliga,Matchweek 32,Sat,Away,L,2,4,Hoffenheim,1.0,1.7,38.0,,Sead Kolašinac,3-5-2,4-2-3-1,Guido Winkmann,Match Report,,6.0,3.0,16.7,1.0,0.0,0.0,2021,Schalke 04
2021-05-08,15:30,Bundesliga,Matchweek 32,Sat,Home,W,3,2,RB Leipzig,1.7,1.5,44.0,,Marco Reus,4-2-3-1,3-1-4-2,Daniel Siebert,Match Report,,15.0,4.0,16.6,0.0,0.0,0.0,2021,Dortmund
2021-05-08,18:30,Bundesliga,Matchweek 32,Sat,Home,W,6,0,Gladbach,3.0,1.1,57.0,,Manuel Neuer,4-2-3-1,4-4-2,Tobias Stieler,Match Report,,21.0,6.0,16.1,0.0,1.0,1.0,2021,Bayern Munich
2021-05-08,15:30,Bundesliga,Matchweek 32,Sat,Home,W,4,2,Schalke 04,1.7,1.0,62.0,,Oliver Baumann,4-2-3-1,3-5-2,Guido Winkmann,Match Report,,21.0,12.0,18.6,2.0,0.0,0.0,2021,Hoffenheim
2021-05-08,15:30,Bundesliga,Matchweek 32,Sat,Away,D,0,0,Werder Bremen,1.1,0.7,62.0,,Jonathan Tah,4-2-3-1,4-3-2-1,Markus Schmidt,Match Report,,14.0,4.0,18.8,0.0,0.0,0.0,2021,Leverkusen
2021-05-08,18:30,Bundesliga,Matchweek 32,Sat,Away,L,0,6,Bayern Munich,1.1,3.0,43.0,,Yann Sommer,4-4-2,4-2-3-1,Tobias Stieler,Match Report,,14.0,3.0,20.1,1.0,0.0,0.0,2021,Gladbach
2021-05-08,15:30,Bundesliga,Matchweek 32,Sat,Home,W,3,0,Union Berlin,1.7,0.7,60.0,,Koen Casteels,4-2-3-1,3-1-4-2,Sven Jablonski,Match Report,,17.0,8.0,21.0,3.0,0.0,0.0,2021,Wolfsburg
2021-05-09,18:00,Bundesliga,Matchweek 32,Sun,Away,D,0,0,Hertha BSC,0.6,0.6,35.0,,Fabian Klos,4-3-3,3-1-4-2,Bastian Dankert,Match Report,,13.0,6.0,20.9,1.0,0.0,0.0,2021,Arminia
2021-05-09,13:30,Bundesliga,Matchweek 32,Sun,Home,L,1,4,Freiburg,1.9,2.5,55.0,,Jonas Hector,4-1-4-1,4-2-2-2,Marco Fritz,Match Report,,17.0,2.0,21.8,3.0,0.0,1.0,2021,Köln
2021-05-09,15:30,Bundesliga,Matchweek 32,Sun,Away,D,1,1,Eint Frankfurt,0.7,0.8,27.0,,Moussa Niakhate,3-4-3,3-5-2,Felix Brych,Match Report,,6.0,3.0,21.4,0.0,0.0,0.0,2021,Mainz 05
2021-05-09,18:00,Bundesliga,Matchweek 32,Sun,Home,D,0,0,Arminia,0.6,0.6,65.0,,Niklas Stark,3-1-4-2,4-3-3,Bastian Dankert,Match Report,,11.0,4.0,18.1,0.0,0.0,0.0,2021,Hertha BSC
2021-05-09,15:30,Bundesliga,Matchweek 32,Sun,Home,D,1,1,Mainz 05,0.8,0.7,73.0,,Makoto Hasebe,3-5-2,3-4-3,Felix Brych,Match Report,,14.0,3.0,17.6,0.0,0.0,0.0,2021,Eint Frankfurt
2021-05-09,13:30,Bundesliga,Matchweek 32,Sun,Away,W,4,1,Köln,2.5,1.9,45.0,,Christian Günter,4-2-2-2,4-1-4-1,Marco Fritz,Match Report,,11.0,6.0,14.0,0.0,0.0,0.0,2021,Freiburg
2021-05-12,18:00,Bundesliga,Matchweek 31,Wed,Home,L,1,2,Hertha BSC,0.9,1.5,45.0,,Sead Kolašinac,3-1-4-2,4-2-3-1,Markus Schmidt,Match Report,,12.0,1.0,16.0,0.0,0.0,0.0,2021,Schalke 04
2021-05-12,18:00,Bundesliga,Matchweek 31,Wed,Away,W,2,1,Schalke 04,1.5,0.9,55.0,,Dedryck Boyata,4-2-3-1,3-1-4-2,Markus Schmidt,Match Report,,17.0,6.0,16.2,0.0,0.0,0.0,2021,Hertha BSC
2021-05-13,20:45,DFB-Pokal,Final,Thu,Home,L,1,4,Dortmund,,,60.0,,Marcel Sabitzer,3-1-4-2,4-3-3,Felix Brych,Match Report,,22.0,4.0,,,0.0,0.0,2021,RB Leipzig
2021-05-13,20:45,DFB-Pokal,Final,Thu,Away,W,4,1,RB Leipzig,,,40.0,,Marco Reus,4-3-3,3-1-4-2,Felix Brych,Match Report,,10.0,5.0,,,0.0,0.0,2021,Dortmund
2021-05-15,15:30,Bundesliga,Matchweek 33,Sat,Away,D,1,1,Arminia,1.6,1.9,59.0,,Andrej Kramarić,4-2-3-1,4-3-3,Daniel Schlager,Match Report,,7.0,3.0,15.7,0.0,0.0,0.0,2021,Hoffenheim
2021-05-15,15:30,Bundesliga,Matchweek 33,Sat,Away,L,3,4,Schalke 04,3.1,2.8,64.0,,Makoto Hasebe,3-4-3,3-5-2,Sven Jablonski,Match Report,,25.0,8.0,15.1,1.0,0.0,0.0,2021,Eint Frankfurt
2021-05-15,15:30,Bundesliga,Matchweek 33,Sat,Home,D,2,2,Bayern Munich,1.3,2.9,39.0,,Christian Günter,4-4-2,4-2-3-1,Florian Badstübner,Match Report,,14.0,4.0,17.9,2.0,0.0,0.0,2021,Freiburg
2021-05-15,15:30,Bundesliga,Matchweek 33,Sat,Home,L,1,2,Stuttgart,0.5,0.6,50.0,,Lars Stindl,4-2-3-1,3-4-3,Sascha Stegemann,Match Report,,9.0,4.0,19.0,0.0,0.0,0.0,2021,Gladbach
2021-05-15,15:30,Bundesliga,Matchweek 33,Sat,Away,D,2,2,Freiburg,2.9,1.3,61.0,,Thomas Müller,4-2-3-1,4-4-2,Florian Badstübner,Match Report,,16.0,5.0,18.4,0.0,1.0,1.0,2021,Bayern Munich
2021-05-15,15:30,Bundesliga,Matchweek 33,Sat,Away,W,2,1,Gladbach,0.6,0.5,50.0,,Wataru Endo,3-4-3,4-2-3-1,Sascha Stegemann,Match Report,,11.0,6.0,19.3,0.0,0.0,0.0,2021,Stuttgart
2021-05-15,15:30,Bundesliga,Matchweek 33,Sat,Home,D,1,1,Union Berlin,1.5,1.3,49.0,,Charles Aránguiz,3-4-3,3-5-2,Patrick Ittrich,Match Report,,10.0,4.0,16.2,0.0,0.0,0.0,2021,Leverkusen
2021-05-15,15:30,Bundesliga,Matchweek 33,Sat,Home,D,1,1,Hoffenheim,1.9,1.6,41.0,,Fabian Klos,4-3-3,4-2-3-1,Daniel Schlager,Match Report,,19.0,6.0,15.1,1.0,0.0,0.0,2021,Arminia
2021-05-15,15:30,Bundesliga,Matchweek 33,Sat,Away,D,0,0,Hertha BSC,1.6,0.1,58.0,,Timo Horn,4-1-4-1,4-2-3-1,Deniz Aytekin,Match Report,,12.0,4.0,15.3,0.0,0.0,0.0,2021,Köln
2021-05-15,15:30,Bundesliga,Matchweek 33,Sat,Home,W,2,0,Werder Bremen,1.5,0.9,33.0,,Jeffrey Gouweleeuw,4-2-3-1,4-3-3,Robert Schröder,Match Report,,12.0,4.0,17.9,0.0,1.0,1.0,2021,Augsburg
2021-05-15,15:30,Bundesliga,Matchweek 33,Sat,Away,L,0,2,Augsburg,0.9,1.5,67.0,,Niklas Moisander,4-3-3,4-2-3-1,Robert Schröder,Match Report,,15.0,4.0,16.7,0.0,0.0,0.0,2021,Werder Bremen
2021-05-15,15:30,Bundesliga,Matchweek 33,Sat,Away,D,1,1,Leverkusen,1.3,1.5,51.0,,Christopher Trimmel,3-5-2,3-4-3,Patrick Ittrich,Match Report,,13.0,6.0,16.8,1.0,0.0,0.0,2021,Union Berlin
2021-05-15,15:30,Bundesliga,Matchweek 33,Sat,Home,D,0,0,Köln,0.1,1.6,42.0,,Dedryck Boyata,4-2-3-1,4-1-4-1,Deniz Aytekin,Match Report,,1.0,1.0,12.5,0.0,0.0,0.0,2021,Hertha BSC
2021-05-15,15:30,Bundesliga,Matchweek 33,Sat,Home,W,4,3,Eint Frankfurt,2.8,3.1,36.0,,Klaas-Jan Huntelaar,3-5-2,3-4-3,Sven Jablonski,Match Report,,10.0,5.0,15.4,0.0,0.0,1.0,2021,Schalke 04
2021-05-16,20:30,Bundesliga,Matchweek 33,Sun,Home,D,2,2,Wolfsburg,2.1,1.2,64.0,,Marcel Sabitzer,3-5-2,4-2-3-1,Felix Zwayer,Match Report,,12.0,3.0,14.4,0.0,1.0,1.0,2021,RB Leipzig
2021-05-16,18:00,Bundesliga,Matchweek 33,Sun,Away,W,3,1,Mainz 05,1.6,1.5,65.0,,Marco Reus,4-2-3-1,3-1-4-2,Harm Osmers,Match Report,,13.0,4.0,15.0,0.0,0.0,0.0,2021,Dortmund
2021-05-16,20:30,Bundesliga,Matchweek 33,Sun,Away,D,2,2,RB Leipzig,1.2,2.1,36.0,,Koen Casteels,4-2-3-1,3-5-2,Felix Zwayer,Match Report,,13.0,5.0,19.1,1.0,0.0,0.0,2021,Wolfsburg
2021-05-16,18:00,Bundesliga,Matchweek 33,Sun,Home,L,1,3,Dortmund,1.5,1.6,35.0,,Danny Latza,3-1-4-2,4-2-3-1,Harm Osmers,Match Report,,10.0,4.0,20.2,0.0,1.0,1.0,2021,Mainz 05
2021-05-22,15:30,Bundesliga,Matchweek 34,Sat,Home,W,2,1,Hertha BSC,2.4,1.6,57.0,100.0,Andrej Kramarić,4-2-3-1,4-2-3-1,Frank Willenborg,Match Report,,21.0,4.0,18.0,0.0,0.0,0.0,2021,Hoffenheim
2021-05-22,15:30,Bundesliga,Matchweek 34,Sat,Home,W,1,0,Schalke 04,2.0,0.4,65.0,,Jonas Hector,4-2-3-1,3-5-2,Daniel Siebert,Match Report,,21.0,10.0,15.0,0.0,0.0,0.0,2021,Köln
2021-05-22,15:30,Bundesliga,Matchweek 34,Sat,Away,W,4,2,Werder Bremen,1.8,1.9,54.0,100.0,Lars Stindl,3-4-1-2,4-1-2-1-2,Felix Brych,Match Report,,16.0,8.0,16.5,0.0,0.0,0.0,2021,Gladbach
2021-05-22,15:30,Bundesliga,Matchweek 34,Sat,Home,W,3,1,Freiburg,2.0,0.5,52.0,,Makoto Hasebe,3-4-3,4-4-2,Christian Dingert,Match Report,,15.0,9.0,21.0,1.0,1.0,1.0,2021,Eint Frankfurt
2021-05-22,15:30,Bundesliga,Matchweek 34,Sat,Home,L,0,2,Arminia,1.0,1.7,72.0,,Gonzalo Castro,3-4-3,4-1-4-1,Tobias Stieler,Match Report,,12.0,0.0,17.8,0.0,0.0,0.0,2021,Stuttgart
2021-05-22,15:30,Bundesliga,Matchweek 34,Sat,Away,L,1,3,Eint Frankfurt,0.5,2.0,48.0,,Christian Günter,4-4-2,3-4-3,Christian Dingert,Match Report,,11.0,6.0,21.8,0.0,0.0,0.0,2021,Freiburg
2021-05-22,15:30,Bundesliga,Matchweek 34,Sat,Home,W,2,1,RB Leipzig,1.1,2.6,39.0,2000.0,Christopher Trimmel,3-5-2,4-3-3,Guido Winkmann,Match Report,,10.0,4.0,19.6,0.0,0.0,0.0,2021,Union Berlin
2021-05-22,15:30,Bundesliga,Matchweek 34,Sat,Away,W,2,0,Stuttgart,1.7,1.0,28.0,,Fabian Klos,4-1-4-1,3-4-3,Tobias Stieler,Match Report,,9.0,2.0,19.4,0.0,1.0,1.0,2021,Arminia
2021-05-22,15:30,Bundesliga,Matchweek 34,Sat,Away,L,1,3,Dortmund,1.8,1.1,47.0,,Charles Aránguiz,4-2-3-1,4-2-3-1,Manuel Gräfe,Match Report,,15.0,6.0,19.0,0.0,1.0,1.0,2021,Leverkusen
2021-05-22,15:30,Bundesliga,Matchweek 34,Sat,Away,L,2,5,Bayern Munich,2.0,4.4,30.0,250.0,Jeffrey Gouweleeuw,4-2-3-1,4-2-3-1,Markus Schmidt,Match Report,,8.0,3.0,20.5,0.0,0.0,1.0,2021,Augsburg
2021-05-22,15:30,Bundesliga,Matchweek 34,Sat,Away,W,3,2,Wolfsburg,1.9,1.2,40.0,,Moussa Niakhate,3-1-4-2,4-2-3-1,Bastian Dankert,Match Report,,16.0,7.0,13.8,0.0,0.0,0.0,2021,Mainz 05
2021-05-22,15:30,Bundesliga,Matchweek 34,Sat,Home,W,3,1,Leverkusen,1.1,1.8,53.0,,Łukasz Piszczek,4-2-3-1,4-2-3-1,Manuel Gräfe,Match Report,,9.0,3.0,16.5,1.0,0.0,0.0,2021,Dortmund
2021-05-22,15:30,Bundesliga,Matchweek 34,Sat,Home,L,2,4,Gladbach,1.9,1.8,46.0,100.0,Niklas Moisander,4-1-2-1-2◆,3-4-1-2,Felix Brych,Match Report,,16.0,8.0,17.7,0.0,0.0,0.0,2021,Werder Bremen
2021-05-22,15:30,Bundesliga,Matchweek 34,Sat,Away,L,0,1,Köln,0.4,2.0,35.0,,Ralf Fährmann,3-5-2,4-2-3-1,Daniel Siebert,Match Report,,6.0,0.0,17.7,0.0,0.0,0.0,2021,Schalke 04
2021-05-22,15:30,Bundesliga,Matchweek 34,Sat,Away,L,1,2,Hoffenheim,1.6,2.4,43.0,100.0,Dedryck Boyata,4-2-3-1,4-2-3-1,Frank Willenborg,Match Report,,9.0,5.0,15.6,0.0,0.0,0.0,2021,Hertha BSC
2021-05-22,15:30,Bundesliga,Matchweek 34,Sat,Away,L,1,2,Union Berlin,2.6,1.1,61.0,2000.0,Marcel Sabitzer,4-3-3,3-5-2,Guido Winkmann,Match Report,,19.0,8.0,16.7,0.0,0.0,0.0,2021,RB Leipzig
2021-05-22,15:30,Bundesliga,Matchweek 34,Sat,Home,W,5,2,Augsburg,4.4,2.0,70.0,250.0,Manuel Neuer,4-2-3-1,4-2-3-1,Markus Schmidt,Match Report,,26.0,13.0,13.0,1.0,0.0,0.0,2021,Bayern Munich
2021-05-22,15:30,Bundesliga,Matchweek 34,Sat,Home,L,2,3,Mainz 05,1.2,1.9,60.0,,Maximilian Arnold,4-2-3-1,3-1-4-2,Bastian Dankert,Match Report,,16.0,5.0,18.9,0.0,0.0,0.0,2021,Wolfsburg
2021-05-26,18:30,Rel/Pro play-offs,German 1/2 Relegation/Promotion play-offs,Wed,Home,L,0,1,Holstein Kiel,,,57.0,,Jonas Hector,4-2-3-1,4-1-4-1,Felix Zwayer,Match Report,Leg 1 of 2,17.0,5.0,,,0.0,0.0,2021,Köln
2021-05-29,18:00,Rel/Pro play-offs,German 1/2 Relegation/Promotion play-offs,Sat,Away,W,5,1,Holstein Kiel,,,40.0,,Jonas Hector,4-2-3-1,4-1-4-1,Deniz Aytekin,Match Report,Leg 2 of 2; Köln won,19.0,11.0,,,0.0,0.0,2021,Köln
2021-08-07,15:30,DFB-Pokal,Round of 64,Sat,Away,W,3,0,Loko Leipzig,,,60.0,6800.0,Lukáš Hrádecký,4-2-3-1,4-2-3-1,Florian Lechner,Match Report,,9.0,5.0,,,1.0,1.0,2022,Leverkusen
2021-08-07,15:30,DFB-Pokal,Round of 64,Sat,Away,W,6,3,SpVgg Bayreuth,,,54.0,5000.0,Manuel Prietl,4-4-2◆,4-2-3-1,Robert Hartmann,Match Report,,27.0,14.0,,,0.0,0.0,2022,Arminia
2021-08-07,15:30,DFB-Pokal,Round of 64,Sat,Away,W,4,0,Sandhausen,,,73.0,4067.0,Péter Gulácsi,4-2-3-1,5-4-1,Daniel Schlager,Match Report,,15.0,8.0,,,0.0,0.0,2022,RB Leipzig
2021-08-07,15:30,DFB-Pokal,Round of 64,Sat,Away,W,2,1,Wuppertaler,,,70.0,4490.0,Anthony Losilla,4-2-3-1,5-3-2,Patrick Alt,Match Report,Required Extra Time,21.0,6.0,,,0.0,0.0,2022,Bochum
2021-08-07,15:30,DFB-Pokal,Round of 64,Sat,Away,W,4,2,Greifswalder SV 04,,,65.0,4000.0,Alfreð Finnbogason,4-4-2,4-4-2,Max Burda,Match Report,,27.0,15.0,,,0.0,0.0,2022,Augsburg
2021-08-07,18:30,DFB-Pokal,Round of 64,Sat,Away,D,2 (4),2 (5),Babelsberg 03,,,69.0,3030.0,Branimir Hrgota,4-4-2◆,4-2-3-1,Robin Braun,Match Report,Babelsberg 03 won on penalty kicks following extra time,30.0,17.0,,,1.0,1.0,2022,Greuther Fürth
2021-08-07,15:30,DFB-Pokal,Round of 64,Sat,Away,W,6,0,Berliner FC Dynamo,,,65.0,3500.0,Borna Sosa,3-4-3,4-3-3,Eric Müller,Match Report,,15.0,8.0,,,0.0,0.0,2022,Stuttgart
2021-08-07,20:45,DFB-Pokal,Round of 64,Sat,Away,W,3,0,Wehen,,,64.0,4882.0,Marco Reus,4-4-2◆,3-4-1-2,Benjamin Cortus,Match Report,,20.0,10.0,,,1.0,1.0,2022,Dortmund
2021-08-08,15:30,DFB-Pokal,Round of 64,Sun,Away,L,0,2,Preußen Münster,,,67.0,6703.0,Koen Casteels,4-2-3-1,4-5-1,Christian Dingert,Match Report,Match awarded to Preußen Münster; Required Extra Time,30.0,11.0,,,0.0,0.0,2022,Wolfsburg
2021-08-08,15:30,DFB-Pokal,Round of 64,Sun,Away,D,2 (8),2 (7),Elversberg,,,68.0,2600.0,Moussa Niakhate,5-3-2,4-2-3-1,Thorben Siewer,Match Report,Mainz 05 won on penalty kicks following extra time,38.0,9.0,,,0.0,0.0,2022,Mainz 05
2021-08-08,15:30,DFB-Pokal,Round of 64,Sun,Away,D,1 (4),1 (2),Carl Zeiss Jena,,,72.0,2728.0,Jonas Hector,4-3-3,3-4-3,Florian Badstübner,Match Report,Köln won on penalty kicks following extra time,44.0,11.0,,,0.0,0.0,2022,Köln
2021-08-08,15:30,DFB-Pokal,Round of 64,Sun,Away,W,1,0,Türkgücü München,,,52.0,2500.0,Christopher Trimmel,3-4-3,3-5-2,Martin Petersen,Match Report,,13.0,5.0,,,0.0,0.0,2022,Union Berlin
2021-08-08,15:30,DFB-Pokal,Round of 64,Sun,Away,L,0,2,SV Waldhof,,,73.0,11000.0,Sebastian Rode,3-4-3,4-2-3-1,Sascha Stegemann,Match Report,,11.0,1.0,,,0.0,0.0,2022,Eint Frankfurt
2021-08-08,18:30,DFB-Pokal,Round of 64,Sun,Away,W,1,0,W'burg Kickers,,,65.0,2820.0,Christian Günter,3-4-3,4-4-2,Benjamin Brand,Match Report,,18.0,6.0,,,0.0,0.0,2022,Freiburg
2021-08-08,15:30,DFB-Pokal,Round of 64,Sun,Away,W,1,0,Meppen,,,70.0,6000.0,Niklas Stark,4-2-3-1,4-3-3,Robert Kampka,Match Report,,19.0,6.0,,,0.0,0.0,2022,Hertha BSC
2021-08-09,20:45,DFB-Pokal,Round of 64,Mon,Away,W,1,0,Kaiserslautern,,,50.0,5000.0,Lars Stindl,4-2-3-1,3-4-3,Harm Osmers,Match Report,,15.0,6.0,,,0.0,0.0,2022,Gladbach
2021-08-09,18:30,DFB-Pokal,Round of 64,Mon,Away,W,3,2,Viktoria Köln,,,62.0,3402.0,Andrej Kramarić,4-2-3-1,3-4-3,Franz Bokop,Match Report,Required Extra Time,26.0,10.0,,,1.0,1.0,2022,Hoffenheim
2021-08-13,20:30,Bundesliga,Matchweek 1,Fri,Home,D,1,1,Bayern Munich,2.3,2.5,35.0,22925.0,Lars Stindl,4-2-3-1,4-2-3-1,Marco Fritz,Match Report,,11.0,4.0,15.8,0.0,0.0,0.0,2022,Gladbach
2021-08-13,20:30,Bundesliga,Matchweek 1,Fri,Away,D,1,1,Gladbach,2.5,2.3,65.0,22925.0,Manuel Neuer,4-2-3-1,4-2-3-1,Marco Fritz,Match Report,,21.0,9.0,12.4,0.0,0.0,0.0,2022,Bayern Munich
2021-08-14,15:30,Bundesliga,Matchweek 1,Sat,Home,D,0,0,Freiburg,0.4,1.6,45.0,13750.0,Manuel Prietl,4-1-2-1-2◆,3-4-3,Sven Jablonski,Match Report,,10.0,3.0,20.7,0.0,0.0,0.0,2022,Arminia
2021-08-14,15:30,Bundesliga,Matchweek 1,Sat,Home,W,1,0,Bochum,2.0,0.4,60.0,8536.0,Koen Casteels,4-2-3-1,4-3-3,Frank Willenborg,Match Report,,18.0,7.0,18.3,1.0,0.0,1.0,2022,Wolfsburg
2021-08-14,15:30,Bundesliga,Matchweek 1,Sat,Away,L,1,5,Stuttgart,1.2,3.0,33.0,18109.0,Branimir Hrgota,3-5-2,3-4-3,Felix Zwayer,Match Report,,8.0,4.0,16.4,0.0,0.0,0.0,2022,Greuther Fürth
2021-08-14,15:30,Bundesliga,Matchweek 1,Sat,Away,L,0,1,Wolfsburg,0.4,2.0,40.0,8536.0,Anthony Losilla,4-3-3,4-2-3-1,Frank Willenborg,Match Report,,7.0,1.0,20.0,0.0,0.0,0.0,2022,Bochum
2021-08-14,15:30,Bundesliga,Matchweek 1,Sat,Home,D,1,1,Leverkusen,0.5,0.8,34.0,11000.0,Christopher Trimmel,5-3-2,4-2-3-1,Tobias Reichel,Match Report,,8.0,5.0,18.2,0.0,0.0,0.0,2022,Union Berlin
2021-08-14,15:30,Bundesliga,Matchweek 1,Sat,Home,L,0,4,Hoffenheim,0.6,3.8,46.0,9124.0,Jeffrey Gouweleeuw,4-2-3-1,4-2-3-1,Felix Brych,Match Report,,7.0,0.0,14.5,0.0,0.0,0.0,2022,Augsburg
2021-08-14,15:30,Bundesliga,Matchweek 1,Sat,Away,D,0,0,Arminia,1.6,0.4,55.0,13750.0,Christian Günter,3-4-3,4-1-2-1-2,Sven Jablonski,Match Report,,15.0,5.0,13.2,0.0,0.0,0.0,2022,Freiburg
2021-08-14,18:30,Bundesliga,Matchweek 1,Sat,Away,L,2,5,Dortmund,1.3,2.7,40.0,25000.0,Makoto Hasebe,3-4-3,4-2-3-1,Tobias Stieler,Match Report,,10.0,3.0,11.0,0.0,0.0,0.0,2022,Eint Frankfurt
2021-08-14,15:30,Bundesliga,Matchweek 1,Sat,Away,W,4,0,Augsburg,3.8,0.6,54.0,9124.0,Oliver Baumann,4-2-3-1,4-2-3-1,Felix Brych,Match Report,,15.0,8.0,17.0,1.0,0.0,0.0,2022,Hoffenheim
2021-08-14,18:30,Bundesliga,Matchweek 1,Sat,Home,W,5,2,Eint Frankfurt,2.7,1.3,60.0,25000.0,Marco Reus,4-2-3-1,3-4-3,Tobias Stieler,Match Report,,13.0,7.0,13.7,1.0,0.0,0.0,2022,Dortmund
2021-08-14,15:30,Bundesliga,Matchweek 1,Sat,Home,W,5,1,Greuther Fürth,3.0,1.2,67.0,18109.0,Wataru Endo,3-4-3,3-5-2,Felix Zwayer,Match Report,,33.0,15.0,14.8,0.0,0.0,0.0,2022,Stuttgart
2021-08-14,15:30,Bundesliga,Matchweek 1,Sat,Away,D,1,1,Union Berlin,0.8,0.5,66.0,11000.0,Lukáš Hrádecký,4-2-3-1,5-3-2,Tobias Reichel,Match Report,,16.0,3.0,17.8,0.0,0.0,0.0,2022,Leverkusen
2021-08-15,15:30,Bundesliga,Matchweek 1,Sun,Away,L,0,1,Mainz 05,1.1,1.2,70.0,10500.0,Willi Orban,4-2-3-1,3-4-1-2,Daniel Siebert,Match Report,,13.0,2.0,15.4,1.0,0.0,0.0,2022,RB Leipzig
2021-08-15,15:30,Bundesliga,Matchweek 1,Sun,Home,W,1,0,RB Leipzig,1.2,1.1,30.0,10500.0,Moussa Niakhate,3-4-1-2,4-2-3-1,Daniel Siebert,Match Report,,8.0,2.0,11.0,0.0,0.0,0.0,2022,Mainz 05
2021-08-15,17:30,Bundesliga,Matchweek 1,Sun,Away,L,1,3,Köln,1.8,1.6,41.0,16500.0,Niklas Stark,4-3-3,4-1-2-1-2,Robert Hartmann,Match Report,,10.0,5.0,15.0,1.0,0.0,0.0,2022,Hertha BSC
2021-08-15,17:30,Bundesliga,Matchweek 1,Sun,Home,W,3,1,Hertha BSC,1.6,1.8,59.0,16500.0,Jonas Hector,4-1-2-1-2◆,4-3-3,Robert Hartmann,Match Report,,14.0,5.0,14.2,0.0,0.0,0.0,2022,Köln
2021-08-17,20:30,DFL-Supercup,DFL-Supercup,Tue,Away,W,3,1,Dortmund,,,51.0,,Manuel Neuer,4-2-3-1,4-3-3,Sascha Stegemann,Match Report,,17.0,6.0,,,0.0,0.0,2022,Bayern Munich
2021-08-17,20:30,DFL-Supercup,DFL-Supercup,Tue,Home,L,1,3,Bayern Munich,,,49.0,,Marco Reus,4-3-3,4-2-3-1,Sascha Stegemann,Match Report,,8.0,5.0,,,0.0,0.0,2022,Dortmund
2021-08-19,19:00 (18:00),Conf Lg,Play-off round,Thu,Away,W,4,0,fi KuPS,,,,5632.0,Christopher Trimmel,3-5-2,5-3-2,Ivan Bebek,Match Report,Leg 1 of 2,,,,,0.0,0.0,2022,Union Berlin
2021-08-20,20:30,Bundesliga,Matchweek 2,Fri,Away,L,0,4,RB Leipzig,1.1,3.6,48.0,23100.0,Wataru Endo,3-4-3,4-2-3-1,Florian Badstübner,Match Report,,11.0,5.0,16.8,0.0,0.0,0.0,2022,Stuttgart
2021-08-20,20:30,Bundesliga,Matchweek 2,Fri,Home,W,4,0,Stuttgart,3.6,1.1,52.0,23100.0,Emil Forsberg,4-2-3-1,3-4-3,Florian Badstübner,Match Report,,27.0,11.0,16.9,2.0,1.0,1.0,2022,RB Leipzig
2021-08-21,15:30,Bundesliga,Matchweek 2,Sat,Home,D,1,1,Arminia,2.5,0.8,65.0,5890.0,Branimir Hrgota,4-1-2-1-2◆,4-1-2-1-2,Daniel Schlager,Match Report,,19.0,4.0,17.8,0.0,1.0,1.0,2022,Greuther Fürth
2021-08-21,15:30,Bundesliga,Matchweek 2,Sat,Away,L,1,2,Freiburg,1.6,1.3,76.0,10100.0,Marco Reus,4-1-2-1-2◆,4-4-2,Robert Schröder,Match Report,,18.0,4.0,18.0,0.0,0.0,0.0,2022,Dortmund
2021-08-21,18:30,Bundesliga,Matchweek 2,Sat,Away,L,0,4,Leverkusen,1.7,1.9,53.0,15105.0,Lars Stindl,4-2-3-1,4-2-3-1,Deniz Aytekin,Match Report,,10.0,5.0,18.5,0.0,0.0,1.0,2022,Gladbach
2021-08-21,15:30,Bundesliga,Matchweek 2,Sat,Home,D,0,0,Augsburg,1.6,0.3,61.0,22000.0,Martin Hinteregger,4-2-3-1,4-2-3-1,Harm Osmers,Match Report,,21.0,5.0,18.5,1.0,0.0,0.0,2022,Eint Frankfurt
2021-08-21,15:30,Bundesliga,Matchweek 2,Sat,Away,D,1,1,Greuther Fürth,0.8,2.5,35.0,5890.0,Manuel Prietl,4-1-2-1-2◆,4-1-2-1-2,Daniel Schlager,Match Report,,9.0,2.0,15.3,1.0,0.0,0.0,2022,Arminia
2021-08-21,15:30,Bundesliga,Matchweek 2,Sat,Away,L,0,2,Bochum,0.9,0.8,58.0,12548.0,Moussa Niakhate,3-5-2,4-2-3-1,Patrick Ittrich,Match Report,,15.0,3.0,19.7,0.0,0.0,0.0,2022,Mainz 05
2021-08-21,15:30,Bundesliga,Matchweek 2,Sat,Home,W,2,1,Dortmund,1.3,1.6,24.0,10100.0,Christian Günter,4-4-2,4-1-2-1-2,Robert Schröder,Match Report,,7.0,4.0,17.9,2.0,0.0,0.0,2022,Freiburg
2021-08-21,18:30,Bundesliga,Matchweek 2,Sat,Home,W,4,0,Gladbach,1.9,1.7,47.0,15105.0,Lukáš Hrádecký,4-2-3-1,4-2-3-1,Deniz Aytekin,Match Report,,12.0,6.0,14.2,0.0,0.0,0.0,2022,Leverkusen
2021-08-21,15:30,Bundesliga,Matchweek 2,Sat,Away,W,2,1,Hertha BSC,1.0,1.2,59.0,18241.0,Koen Casteels,4-2-3-1,4-2-3-1,Matthias Jöllenbeck,Match Report,,12.0,3.0,13.7,0.0,0.0,0.0,2022,Wolfsburg
2021-08-21,15:30,Bundesliga,Matchweek 2,Sat,Home,L,1,2,Wolfsburg,1.2,1.0,41.0,18241.0,Dedryck Boyata,4-2-3-1,4-2-3-1,Matthias Jöllenbeck,Match Report,,12.0,4.0,23.0,1.0,1.0,1.0,2022,Hertha BSC
2021-08-21,15:30,Bundesliga,Matchweek 2,Sat,Home,W,2,0,Mainz 05,0.8,0.9,42.0,12548.0,Anthony Losilla,4-2-3-1,3-5-2,Patrick Ittrich,Match Report,,8.0,4.0,17.0,1.0,0.0,0.0,2022,Bochum
2021-08-21,15:30,Bundesliga,Matchweek 2,Sat,Away,D,0,0,Eint Frankfurt,0.3,1.6,39.0,22000.0,Ohis Felix Uduokhai,4-2-3-1,4-2-3-1,Harm Osmers,Match Report,,4.0,0.0,20.3,0.0,0.0,0.0,2022,Augsburg
2021-08-22,17:30,Bundesliga,Matchweek 2,Sun,Home,W,3,2,Köln,2.6,1.1,57.0,20000.0,Manuel Neuer,4-2-3-1,4-1-3-2,Martin Petersen,Match Report,,18.0,6.0,18.0,1.0,0.0,0.0,2022,Bayern Munich
2021-08-22,15:30,Bundesliga,Matchweek 2,Sun,Home,D,2,2,Union Berlin,1.0,1.8,63.0,8014.0,Oliver Baumann,4-2-2-2,3-5-2,Sascha Stegemann,Match Report,,7.0,3.0,20.6,0.0,0.0,0.0,2022,Hoffenheim
2021-08-22,17:30,Bundesliga,Matchweek 2,Sun,Away,L,2,3,Bayern Munich,1.1,2.6,43.0,20000.0,Jonas Hector,4-1-3-2,4-2-3-1,Martin Petersen,Match Report,,10.0,3.0,18.7,1.0,0.0,0.0,2022,Köln
2021-08-22,15:30,Bundesliga,Matchweek 2,Sun,Away,D,2,2,Hoffenheim,1.8,1.0,37.0,8014.0,Marvin Friedrich,3-5-2,4-2-2-2,Sascha Stegemann,Match Report,,12.0,8.0,13.8,1.0,0.0,0.0,2022,Union Berlin
2021-08-25,20:15,DFB-Pokal,Round of 64,Wed,Away,W,12,0,Bremer SV,,,68.0,10093.0,Thomas Müller,4-2-3-1,4-1-4-1,Nicolas Winter,Match Report,,37.0,21.0,,,0.0,0.0,2022,Bayern Munich
2021-08-26,20:15,Conf Lg,Play-off round,Thu,Home,D,0,0,fi KuPS,,,,22159.0,Christopher Trimmel,3-5-2,4-4-2,Halil Umut Meler,Match Report,Leg 2 of 2; Union Berlin won,,,,,0.0,0.0,2022,Union Berlin
2021-08-27,20:30,Bundesliga,Matchweek 3,Fri,Home,W,3,2,Hoffenheim,3.4,2.2,59.0,25000.0,Marco Reus,4-1-2-1-2◆,4-2-3-1,Felix Zwayer,Match Report,,24.0,13.0,12.7,0.0,0.0,0.0,2022,Dortmund
2021-08-27,20:30,Bundesliga,Matchweek 3,Fri,Away,L,2,3,Dortmund,2.2,3.4,41.0,25000.0,Oliver Baumann,4-2-3-1,4-1-2-1-2,Felix Zwayer,Match Report,,10.0,5.0,11.5,1.0,0.0,0.0,2022,Hoffenheim
2021-08-28,15:30,Bundesliga,Matchweek 3,Sat,Home,W,3,0,Greuther Fürth,2.7,0.2,48.0,11500.0,Moussa Niakhate,3-5-2,4-1-2-1-2,Tobias Reichel,Match Report,,18.0,9.0,14.5,0.0,0.0,0.0,2022,Mainz 05
2021-08-28,15:30,Bundesliga,Matchweek 3,Sat,Home,W,2,1,Bochum,3.2,0.6,70.0,25000.0,Jonas Hector,4-1-3-2,4-3-3,Benjamin Cortus,Match Report,,22.0,5.0,16.2,0.0,0.0,0.0,2022,Köln
2021-08-28,15:30,Bundesliga,Matchweek 3,Sat,Away,W,4,1,Augsburg,2.0,1.8,57.0,10582.0,Lukáš Hrádecký,4-2-3-1,4-2-3-1,Benjamin Brand,Match Report,,14.0,5.0,17.0,0.0,0.0,0.0,2022,Leverkusen
2021-08-28,15:30,Bundesliga,Matchweek 3,Sat,Home,D,1,1,Eint Frankfurt,0.6,1.5,35.0,13750.0,Manuel Prietl,4-4-2,4-2-3-1,Bastian Dankert,Match Report,,13.0,4.0,21.3,1.0,0.0,0.0,2022,Arminia
2021-08-28,15:30,Bundesliga,Matchweek 3,Sat,Away,W,3,2,Stuttgart,1.3,1.8,36.0,25000.0,Christian Günter,4-4-2,3-4-3,Frank Willenborg,Match Report,,15.0,7.0,16.1,0.0,0.0,0.0,2022,Freiburg
2021-08-28,15:30,Bundesliga,Matchweek 3,Sat,Home,L,2,3,Freiburg,1.8,1.3,64.0,25000.0,Wataru Endo,3-4-3,4-4-2,Frank Willenborg,Match Report,,17.0,7.0,19.2,1.0,0.0,0.0,2022,Stuttgart
2021-08-28,15:30,Bundesliga,Matchweek 3,Sat,Away,D,1,1,Arminia,1.5,0.6,65.0,13750.0,Martin Hinteregger,4-2-3-1,4-4-2,Bastian Dankert,Match Report,,11.0,3.0,14.9,0.0,0.0,0.0,2022,Eint Frankfurt
2021-08-28,15:30,Bundesliga,Matchweek 3,Sat,Home,L,1,4,Leverkusen,1.8,2.0,43.0,10582.0,Ohis Felix Uduokhai,4-2-3-1,4-2-3-1,Benjamin Brand,Match Report,,14.0,4.0,16.9,0.0,0.0,0.0,2022,Augsburg
2021-08-28,18:30,Bundesliga,Matchweek 3,Sat,Home,W,5,0,Hertha BSC,2.8,0.4,63.0,25000.0,Manuel Neuer,4-2-3-1,4-2-3-1,Sven Jablonski,Match Report,,16.0,6.0,12.4,0.0,0.0,0.0,2022,Bayern Munich
2021-08-28,15:30,Bundesliga,Matchweek 3,Sat,Away,L,1,2,Köln,0.6,3.2,30.0,25000.0,Anthony Losilla,4-3-3,4-1-3-2,Benjamin Cortus,Match Report,,11.0,1.0,17.7,1.0,0.0,0.0,2022,Bochum
2021-08-28,18:30,Bundesliga,Matchweek 3,Sat,Away,L,0,5,Bayern Munich,0.4,2.8,37.0,25000.0,Dedryck Boyata,4-2-3-1,4-2-3-1,Sven Jablonski,Match Report,,7.0,3.0,18.2,0.0,0.0,0.0,2022,Hertha BSC
2021-08-28,15:30,Bundesliga,Matchweek 3,Sat,Away,L,0,3,Mainz 05,0.2,2.7,52.0,11500.0,Branimir Hrgota,4-1-2-1-2◆,3-5-2,Tobias Reichel,Match Report,,9.0,1.0,21.4,0.0,0.0,0.0,2022,Greuther Fürth
2021-08-29,15:30,Bundesliga,Matchweek 3,Sun,Away,L,1,2,Union Berlin,1.8,1.9,72.0,11006.0,Lars Stindl,4-2-3-1,3-5-2,Felix Brych,Match Report,,20.0,5.0,17.0,1.0,0.0,0.0,2022,Gladbach
2021-08-29,15:30,Bundesliga,Matchweek 3,Sun,Home,W,2,1,Gladbach,1.9,1.8,28.0,11006.0,Christopher Trimmel,3-5-2,4-2-3-1,Felix Brych,Match Report,,11.0,3.0,14.0,0.0,0.0,0.0,2022,Union Berlin
2021-08-29,17:30,Bundesliga,Matchweek 3,Sun,Away,L,0,1,Wolfsburg,1.1,0.8,52.0,12058.0,Péter Gulácsi,4-2-3-1,4-2-3-1,Tobias Stieler,Match Report,,11.0,2.0,19.8,1.0,0.0,0.0,2022,RB Leipzig
2021-08-29,17:30,Bundesliga,Matchweek 3,Sun,Home,W,1,0,RB Leipzig,0.8,1.1,48.0,12058.0,Koen Casteels,4-2-3-1,4-2-3-1,Tobias Stieler,Match Report,,8.0,2.0,19.7,1.0,0.0,0.0,2022,Wolfsburg
2021-09-11,15:30,Bundesliga,Matchweek 4,Sat,Home,L,3,4,Dortmund,0.7,1.8,42.0,17605.0,Lukáš Hrádecký,4-2-3-1,4-3-2-1,Daniel Siebert,Match Report,,11.0,5.0,21.9,2.0,0.0,0.0,2022,Leverkusen
2021-09-11,15:30,Bundesliga,Matchweek 4,Sat,Home,L,0,2,Mainz 05,0.7,0.9,64.0,8427.0,Oliver Baumann,4-2-3-1,3-5-2,Marco Fritz,Match Report,,9.0,0.0,14.7,1.0,0.0,0.0,2022,Hoffenheim
2021-09-11,15:30,Bundesliga,Matchweek 4,Sat,Home,L,0,2,Wolfsburg,0.3,1.4,30.0,9000.0,Branimir Hrgota,4-4-2,4-2-3-1,Robert Hartmann,Match Report,,9.0,4.0,20.4,1.0,0.0,0.0,2022,Greuther Fürth
2021-09-11,18:30,Bundesliga,Matchweek 4,Sat,Home,L,1,4,Bayern Munich,0.5,3.9,52.0,34000.0,Péter Gulácsi,4-2-3-1,4-2-3-1,Deniz Aytekin,Match Report,,10.0,4.0,22.2,1.0,0.0,0.0,2022,RB Leipzig
2021-09-11,15:30,Bundesliga,Matchweek 4,Sat,Away,W,2,0,Greuther Fürth,1.4,0.3,70.0,9000.0,Koen Casteels,4-2-3-1,4-4-2,Robert Hartmann,Match Report,,8.0,2.0,18.5,0.0,1.0,1.0,2022,Wolfsburg
2021-09-11,15:30,Bundesliga,Matchweek 4,Sat,Away,D,0,0,Union Berlin,1.0,1.0,40.0,10207.0,Jeffrey Gouweleeuw,5-3-2,3-5-2,Martin Petersen,Match Report,,14.0,6.0,16.4,0.0,0.0,0.0,2022,Augsburg
2021-09-11,15:30,Bundesliga,Matchweek 4,Sat,Home,D,0,0,Augsburg,1.0,1.0,60.0,10207.0,Christopher Trimmel,3-5-2,5-3-2,Martin Petersen,Match Report,,16.0,5.0,18.5,1.0,0.0,0.0,2022,Union Berlin
2021-09-11,18:30,Bundesliga,Matchweek 4,Sat,Away,W,4,1,RB Leipzig,3.9,0.5,48.0,34000.0,Manuel Neuer,4-2-3-1,4-2-3-1,Deniz Aytekin,Match Report,,17.0,5.0,18.1,0.0,1.0,1.0,2022,Bayern Munich
2021-09-11,15:30,Bundesliga,Matchweek 4,Sat,Home,D,1,1,Köln,0.8,1.1,54.0,10000.0,Christian Günter,4-4-2,4-1-3-2,Harm Osmers,Match Report,,9.0,3.0,15.9,0.0,0.0,0.0,2022,Freiburg
2021-09-11,15:30,Bundesliga,Matchweek 4,Sat,Away,W,4,3,Leverkusen,1.8,0.7,58.0,17605.0,Marco Reus,4-3-2-1,4-2-3-1,Daniel Siebert,Match Report,,13.0,5.0,18.0,1.0,1.0,1.0,2022,Dortmund
2021-09-11,15:30,Bundesliga,Matchweek 4,Sat,Away,D,1,1,Freiburg,1.1,0.8,46.0,10000.0,Jonas Hector,4-1-3-2,4-4-2,Harm Osmers,Match Report,,15.0,4.0,16.6,0.0,0.0,0.0,2022,Köln
2021-09-11,15:30,Bundesliga,Matchweek 4,Sat,Away,W,2,0,Hoffenheim,0.9,0.7,36.0,8427.0,Moussa Niakhate,3-5-2,4-2-3-1,Marco Fritz,Match Report,,13.0,5.0,19.6,1.0,0.0,0.0,2022,Mainz 05
2021-09-12,19:30,Bundesliga,Matchweek 4,Sun,Away,L,1,3,Gladbach,1.8,1.7,36.0,24500.0,Manuel Prietl,4-3-3,3-4-3,Sascha Stegemann,Match Report,,18.0,7.0,18.4,0.0,0.0,0.0,2022,Arminia
2021-09-12,17:30,Bundesliga,Matchweek 4,Sun,Home,L,1,3,Hertha BSC,1.2,0.3,66.0,14000.0,Anthony Losilla,4-2-3-1,3-4-3,Robert Schröder,Match Report,,18.0,5.0,25.2,4.0,0.0,0.0,2022,Bochum
2021-09-12,15:30,Bundesliga,Matchweek 4,Sun,Away,D,1,1,Eint Frankfurt,0.9,1.1,42.0,25000.0,Wataru Endo,3-4-3,4-2-3-1,Matthias Jöllenbeck,Match Report,,9.0,3.0,14.9,1.0,0.0,0.0,2022,Stuttgart
2021-09-12,19:30,Bundesliga,Matchweek 4,Sun,Home,W,3,1,Arminia,1.7,1.8,64.0,24500.0,Lars Stindl,3-4-3,4-3-3,Sascha Stegemann,Match Report,,18.0,4.0,17.9,0.0,0.0,0.0,2022,Gladbach
2021-09-12,17:30,Bundesliga,Matchweek 4,Sun,Away,W,3,1,Bochum,0.3,1.2,34.0,14000.0,Dedryck Boyata,3-4-3,4-2-3-1,Robert Schröder,Match Report,,5.0,4.0,27.7,0.0,0.0,0.0,2022,Hertha BSC
2021-09-12,15:30,Bundesliga,Matchweek 4,Sun,Home,D,1,1,Stuttgart,1.1,0.9,58.0,25000.0,Martin Hinteregger,4-2-3-1,3-4-3,Matthias Jöllenbeck,Match Report,,17.0,4.0,21.3,1.0,0.0,0.0,2022,Eint Frankfurt
2021-09-14,21:00,Champions Lg,Group stage,Tue,Away,W,3,0,es Barcelona,2.7,0.2,51.0,39737.0,Manuel Neuer,4-2-3-1,3-1-4-2,Michael Oliver,Match Report,,17.0,7.0,18.1,1.0,0.0,0.0,2022,Bayern Munich
2021-09-14,21:00,Champions Lg,Group stage,Tue,Away,D,0,0,fr Lille,0.1,1.6,46.0,34314.0,Koen Casteels,4-2-3-1,4-4-2,Danny Makkelie,Match Report,,2.0,0.0,21.4,0.0,0.0,0.0,2022,Wolfsburg
2021-09-15,19:45 (18:45),Champions Lg,Group stage,Wed,Away,W,2,1,tr Beşiktaş,3.0,1.2,43.0,22445.0,Marco Reus,4-2-3-1,4-1-4-1,Antonio Matéu Lahoz,Match Report,,14.0,7.0,13.4,1.0,0.0,0.0,2022,Dortmund
2021-09-15,20:00 (21:00),Champions Lg,Group stage,Wed,Away,L,3,6,eng Manchester City,0.9,1.9,50.0,38062.0,Péter Gulácsi,4-2-3-1,4-3-3,Serdar Gözübüyük,Match Report,,10.0,3.0,16.4,0.0,0.0,0.0,2022,RB Leipzig
2021-09-16,18:45,Europa Lg,Group stage,Thu,Home,W,2,1,hu Ferencváros,2.2,1.3,65.0,11013.0,Lukáš Hrádecký,4-2-3-1,5-3-2,Andris Treimanis,Match Report,,22.0,8.0,19.6,1.0,0.0,0.0,2022,Leverkusen
2021-09-16,18:45,Conf Lg,Group stage,Thu,Away,L,1,3,cz Slavia Prague,0.8,1.5,30.0,15286.0,Christopher Trimmel,3-5-2,4-2-3-1,Fábio Veríssimo,Match Report,,5.0,1.0,20.8,0.0,0.0,0.0,2022,Union Berlin
2021-09-16,21:00,Europa Lg,Group stage,Thu,Home,D,1,1,tr Fenerbahçe,1.0,2.4,56.0,25000.0,Martin Hinteregger,4-4-2,3-4-3,Maurizio Mariani,Match Report,,5.0,3.0,13.6,0.0,0.0,0.0,2022,Eint Frankfurt
2021-09-17,20:30,Bundesliga,Matchweek 5,Fri,Away,L,1,2,Hertha BSC,1.4,0.7,43.0,21372.0,Branimir Hrgota,4-2-2-2,3-4-3,Tobias Stieler,Match Report,,10.0,2.0,17.2,0.0,1.0,1.0,2022,Greuther Fürth
2021-09-17,20:30,Bundesliga,Matchweek 5,Fri,Home,W,2,1,Greuther Fürth,0.7,1.4,57.0,21372.0,Dedryck Boyata,3-4-3,4-2-2-2,Tobias Stieler,Match Report,,14.0,3.0,17.1,0.0,0.0,0.0,2022,Hertha BSC
2021-09-18,15:30,Bundesliga,Matchweek 5,Sat,Away,D,0,0,Mainz 05,0.4,0.9,54.0,13500.0,Christian Günter,3-4-3,3-5-2,Benjamin Brand,Match Report,,7.0,1.0,18.7,0.0,0.0,0.0,2022,Freiburg
2021-09-18,15:30,Bundesliga,Matchweek 5,Sat,Away,L,0,7,Bayern Munich,0.4,5.6,31.0,25000.0,Anthony Losilla,4-2-3-1,4-2-3-1,Tobias Welz,Match Report,,5.0,0.0,16.9,0.0,0.0,0.0,2022,Bochum
2021-09-18,15:30,Bundesliga,Matchweek 5,Sat,Home,W,7,0,Bochum,5.6,0.4,69.0,25000.0,Manuel Neuer,4-2-3-1,4-2-3-1,Tobias Welz,Match Report,,24.0,14.0,12.9,1.0,0.0,0.0,2022,Bayern Munich
2021-09-18,18:30,Bundesliga,Matchweek 5,Sat,Away,D,1,1,Köln,2.7,1.7,53.0,25000.0,Péter Gulácsi,4-2-3-1,4-1-3-2,Felix Brych,Match Report,,19.0,9.0,17.0,1.0,0.0,0.0,2022,RB Leipzig
2021-09-18,15:30,Bundesliga,Matchweek 5,Sat,Away,D,0,0,Arminia,1.1,1.1,58.0,13750.0,Oliver Baumann,4-2-3-1,4-4-2,Patrick Ittrich,Match Report,,16.0,3.0,15.4,0.0,0.0,0.0,2022,Hoffenheim
2021-09-18,15:30,Bundesliga,Matchweek 5,Sat,Away,L,0,1,Augsburg,0.6,0.3,70.0,12500.0,Lars Stindl,4-2-3-1,3-5-2,Florian Badstübner,Match Report,,11.0,0.0,18.9,2.0,0.0,0.0,2022,Gladbach
2021-09-18,15:30,Bundesliga,Matchweek 5,Sat,Home,W,1,0,Gladbach,0.3,0.6,30.0,12500.0,Jeffrey Gouweleeuw,3-5-2,4-2-3-1,Florian Badstübner,Match Report,,5.0,1.0,18.9,0.0,0.0,0.0,2022,Augsburg
2021-09-18,18:30,Bundesliga,Matchweek 5,Sat,Home,D,1,1,RB Leipzig,1.7,2.7,47.0,25000.0,Jonas Hector,4-1-3-2,4-2-3-1,Felix Brych,Match Report,,14.0,5.0,18.4,1.0,0.0,0.0,2022,Köln
2021-09-18,15:30,Bundesliga,Matchweek 5,Sat,Home,D,0,0,Freiburg,0.9,0.4,46.0,13500.0,Robin Zentner,3-5-2,3-4-3,Benjamin Brand,Match Report,,11.0,3.0,16.6,0.0,0.0,0.0,2022,Mainz 05
2021-09-18,15:30,Bundesliga,Matchweek 5,Sat,Home,D,0,0,Hoffenheim,1.1,1.1,42.0,13750.0,Manuel Prietl,4-4-2,4-2-3-1,Patrick Ittrich,Match Report,,9.0,2.0,15.2,0.0,0.0,0.0,2022,Arminia
2021-09-19,17:30,Bundesliga,Matchweek 5,Sun,Home,W,4,2,Union Berlin,0.9,1.6,63.0,25000.0,Marco Reus,4-3-3,3-4-1-2,Sven Jablonski,Match Report,,13.0,5.0,21.3,2.0,0.0,0.0,2022,Dortmund
2021-09-19,15:30,Bundesliga,Matchweek 5,Sun,Away,W,3,1,Stuttgart,1.4,1.6,36.0,23450.0,Lukáš Hrádecký,4-2-3-1,3-4-1-2,Benjamin Cortus,Match Report,,7.0,4.0,11.4,0.0,0.0,0.0,2022,Leverkusen
2021-09-19,19:30,Bundesliga,Matchweek 5,Sun,Home,D,1,1,Eint Frankfurt,1.2,0.3,60.0,9266.0,Koen Casteels,4-2-3-1,4-2-3-1,Felix Zwayer,Match Report,,14.0,6.0,12.7,1.0,0.0,0.0,2022,Wolfsburg
2021-09-19,15:30,Bundesliga,Matchweek 5,Sun,Home,L,1,3,Leverkusen,1.6,1.4,64.0,23450.0,Wataru Endo,3-4-1-2,4-2-3-1,Benjamin Cortus,Match Report,,17.0,6.0,18.3,0.0,0.0,0.0,2022,Stuttgart
2021-09-19,17:30,Bundesliga,Matchweek 5,Sun,Away,L,2,4,Dortmund,1.6,0.9,37.0,25000.0,Marvin Friedrich,3-4-1-2,4-3-3,Sven Jablonski,Match Report,,8.0,5.0,15.0,0.0,1.0,1.0,2022,Union Berlin
2021-09-19,19:30,Bundesliga,Matchweek 5,Sun,Away,D,1,1,Wolfsburg,0.3,1.2,40.0,9266.0,Martin Hinteregger,4-2-3-1,4-2-3-1,Felix Zwayer,Match Report,,5.0,2.0,24.0,0.0,0.0,0.0,2022,Eint Frankfurt
2021-09-24,20:30,Bundesliga,Matchweek 6,Fri,Away,W,3,1,Greuther Fürth,0.8,0.7,67.0,11740.0,Manuel Neuer,3-4-3,4-3-3,Robert Schröder,Match Report,,12.0,4.0,23.1,0.0,0.0,0.0,2022,Bayern Munich
2021-09-24,20:30,Bundesliga,Matchweek 6,Fri,Home,L,1,3,Bayern Munich,0.7,0.8,33.0,11740.0,Branimir Hrgota,4-3-3,3-4-3,Robert Schröder,Match Report,,10.0,5.0,22.1,2.0,0.0,0.0,2022,Greuther Fürth
2021-09-25,15:30,Bundesliga,Matchweek 6,Sat,Away,L,0,1,Leverkusen,0.9,1.5,33.0,16624.0,Robin Zentner,3-5-2,4-2-3-1,Bastian Dankert,Match Report,,14.0,5.0,22.0,0.0,0.0,0.0,2022,Mainz 05
2021-09-25,15:30,Bundesliga,Matchweek 6,Sat,Away,L,0,6,RB Leipzig,0.2,3.8,39.0,23500.0,Niklas Stark,3-4-3,3-4-3,Sascha Stegemann,Match Report,,4.0,2.0,20.4,0.0,0.0,0.0,2022,Hertha BSC
2021-09-25,15:30,Bundesliga,Matchweek 6,Sat,Away,D,1,1,Eint Frankfurt,0.9,0.9,54.0,24000.0,Jonas Hector,4-1-2-1-2◆,4-2-3-1,Martin Petersen,Match Report,,14.0,2.0,17.5,0.0,0.0,0.0,2022,Köln
2021-09-25,15:30,Bundesliga,Matchweek 6,Sat,Away,L,0,1,Union Berlin,0.5,1.2,46.0,11000.0,Manuel Prietl,4-2-2-2,3-5-2,Marco Fritz,Match Report,,10.0,2.0,17.9,0.0,0.0,0.0,2022,Arminia
2021-09-25,15:30,Bundesliga,Matchweek 6,Sat,Away,L,1,3,Hoffenheim,0.6,1.5,50.0,8523.0,Koen Casteels,4-2-3-1,4-2-2-2,Daniel Siebert,Match Report,,13.0,2.0,22.7,0.0,0.0,0.0,2022,Wolfsburg
2021-09-25,18:30,Bundesliga,Matchweek 6,Sat,Home,W,1,0,Dortmund,1.6,0.4,55.0,25000.0,Lars Stindl,3-4-3,3-5-2,Deniz Aytekin,Match Report,,15.0,3.0,15.9,1.0,0.0,0.0,2022,Gladbach
2021-09-25,15:30,Bundesliga,Matchweek 6,Sat,Home,W,3,1,Wolfsburg,1.5,0.6,50.0,8523.0,Oliver Baumann,4-2-2-2,4-2-3-1,Daniel Siebert,Match Report,,11.0,3.0,14.5,1.0,0.0,0.0,2022,Hoffenheim
2021-09-25,15:30,Bundesliga,Matchweek 6,Sat,Home,D,1,1,Köln,0.9,0.9,46.0,24000.0,Martin Hinteregger,4-2-3-1,4-1-2-1-2,Martin Petersen,Match Report,,10.0,3.0,16.6,0.0,0.0,0.0,2022,Eint Frankfurt
2021-09-25,15:30,Bundesliga,Matchweek 6,Sat,Home,W,1,0,Mainz 05,1.5,0.9,67.0,16624.0,Lukáš Hrádecký,4-2-3-1,3-5-2,Bastian Dankert,Match Report,,17.0,9.0,19.5,1.0,0.0,0.0,2022,Leverkusen
2021-09-25,18:30,Bundesliga,Matchweek 6,Sat,Away,L,0,1,Gladbach,0.4,1.6,45.0,25000.0,Mats Hummels,3-5-2,3-4-3,Deniz Aytekin,Match Report,,8.0,0.0,19.5,2.0,0.0,0.0,2022,Dortmund
2021-09-25,15:30,Bundesliga,Matchweek 6,Sat,Home,W,6,0,Hertha BSC,3.8,0.2,61.0,23500.0,Péter Gulácsi,3-4-3,3-4-3,Sascha Stegemann,Match Report,,17.0,8.0,14.7,1.0,1.0,1.0,2022,RB Leipzig
2021-09-25,15:30,Bundesliga,Matchweek 6,Sat,Home,W,1,0,Arminia,1.2,0.5,54.0,11000.0,Christopher Trimmel,3-5-2,4-2-2-2,Marco Fritz,Match Report,,17.0,4.0,16.1,0.0,0.0,0.0,2022,Union Berlin
2021-09-26,15:30,Bundesliga,Matchweek 6,Sun,Away,D,0,0,Bochum,0.3,0.8,56.0,15300.0,Wataru Endo,4-1-4-1,4-2-3-1,Christian Dingert,Match Report,,8.0,3.0,23.7,1.0,0.0,0.0,2022,Stuttgart
2021-09-26,15:30,Bundesliga,Matchweek 6,Sun,Home,D,0,0,Stuttgart,0.8,0.3,44.0,15300.0,Anthony Losilla,4-2-3-1,4-1-4-1,Christian Dingert,Match Report,,15.0,4.0,22.1,1.0,0.0,0.0,2022,Bochum
2021-09-26,17:30,Bundesliga,Matchweek 6,Sun,Home,W,3,0,Augsburg,3.1,0.2,59.0,14400.0,Christian Günter,3-4-3,3-5-2,Daniel Schlager,Match Report,,17.0,6.0,16.0,0.0,1.0,1.0,2022,Freiburg
2021-09-26,17:30,Bundesliga,Matchweek 6,Sun,Away,L,0,3,Freiburg,0.2,3.1,41.0,14400.0,Jeffrey Gouweleeuw,3-5-2,3-4-3,Daniel Schlager,Match Report,,9.0,2.0,27.0,0.0,0.0,0.0,2022,Augsburg
2021-09-28,21:00,Champions Lg,Group stage,Tue,Home,W,1,0,pt Sporting CP,0.3,0.4,58.0,25000.0,Marco Reus,4-2-3-1,3-4-3,Srdjan Stojanovic,Match Report,,6.0,3.0,19.4,0.0,0.0,0.0,2022,Dortmund
2021-09-28,21:00,Champions Lg,Group stage,Tue,Home,L,1,2,be Club Brugge,1.3,1.4,66.0,23500.0,Péter Gulácsi,3-4-3,4-4-1-1,Slavko Vinčič,Match Report,,13.0,4.0,21.1,1.0,0.0,0.0,2022,RB Leipzig
2021-09-29,21:00,Champions Lg,Group stage,Wed,Home,D,1,1,es Sevilla,1.2,1.1,31.0,11733.0,Koen Casteels,4-2-3-1,4-2-3-1,Georgi Kabakov,Match Report,,9.0,2.0,17.5,1.0,0.0,0.0,2022,Wolfsburg
2021-09-29,21:00,Champions Lg,Group stage,Wed,Home,W,5,0,ua Dynamo Kyiv,2.7,0.3,63.0,25000.0,Manuel Neuer,4-2-3-1,4-2-3-1,Marco Guida,Match Report,,21.0,6.0,18.6,1.0,1.0,1.0,2022,Bayern Munich
2021-09-30,21:00,Conf Lg,Group stage,Thu,Home,W,3,0,il Maccabi Haifa,1.3,0.3,50.0,23342.0,Christopher Trimmel,4-1-4-1,5-4-1,Nick Walsh,Match Report,,12.0,6.0,18.0,0.0,0.0,0.0,2022,Union Berlin
2021-09-30,18:45,Europa Lg,Group stage,Thu,Away,W,1,0,be Antwerp,1.7,0.7,57.0,13183.0,Makoto Hasebe,3-4-1-2,4-4-2,Jakob Kehlet,Match Report,,11.0,2.0,23.8,0.0,1.0,1.0,2022,Eint Frankfurt
2021-09-30,20:00 (21:00),Europa Lg,Group stage,Thu,Away,W,4,0,sct Celtic,3.4,1.7,45.0,55436.0,Lukáš Hrádecký,4-2-3-1,4-2-3-1,Marco Di Bello,Match Report,,17.0,10.0,14.9,0.0,1.0,1.0,2022,Leverkusen
2021-10-01,20:30,Bundesliga,Matchweek 7,Fri,Home,W,3,1,Greuther Fürth,2.9,1.3,67.0,40000.0,Jonas Hector,4-1-3-2,4-1-3-2,Matthias Jöllenbeck,Match Report,,18.0,8.0,15.5,0.0,0.0,0.0,2022,Köln
2021-10-01,20:30,Bundesliga,Matchweek 7,Fri,Away,L,1,3,Köln,1.3,2.9,33.0,40000.0,Branimir Hrgota,4-1-3-2,4-1-3-2,Matthias Jöllenbeck,Match Report,,7.0,3.0,11.4,0.0,0.0,0.0,2022,Greuther Fürth
2021-10-02,18:30,Bundesliga,Matchweek 7,Sat,Away,L,0,3,RB Leipzig,1.5,3.2,41.0,25598.0,Anthony Losilla,4-2-3-1,3-4-3,Robert Hartmann,Match Report,,9.0,2.0,15.1,0.0,0.0,0.0,2022,Bochum
2021-10-02,15:30,Bundesliga,Matchweek 7,Sat,Home,L,1,2,Freiburg,1.0,0.7,44.0,18376.0,Dedryck Boyata,3-4-3,3-4-3,Patrick Ittrich,Match Report,,12.0,3.0,21.4,2.0,0.0,0.0,2022,Hertha BSC
2021-10-02,15:30,Bundesliga,Matchweek 7,Sat,Home,W,3,1,Hoffenheim,0.8,1.0,41.0,24211.0,Wataru Endo,3-1-4-2,4-3-3,Harm Osmers,Match Report,,14.0,6.0,16.9,0.0,0.0,0.0,2022,Stuttgart
2021-10-02,15:30,Bundesliga,Matchweek 7,Sat,Home,L,1,3,Gladbach,1.3,3.3,52.0,12845.0,Koen Casteels,4-2-3-1,3-5-2,Frank Willenborg,Match Report,,12.0,5.0,17.4,0.0,0.0,0.0,2022,Wolfsburg
2021-10-02,15:30,Bundesliga,Matchweek 7,Sat,Away,W,3,1,Wolfsburg,3.3,1.3,48.0,12845.0,Lars Stindl,3-5-2,4-2-3-1,Frank Willenborg,Match Report,,18.0,9.0,17.5,1.0,0.0,1.0,2022,Gladbach
2021-10-02,15:30,Bundesliga,Matchweek 7,Sat,Home,W,2,1,Augsburg,3.0,0.8,69.0,41000.0,Marco Reus,4-2-3-1,3-4-1-2,Tobias Welz,Match Report,,19.0,3.0,19.0,0.0,1.0,1.0,2022,Dortmund
2021-10-02,15:30,Bundesliga,Matchweek 7,Sat,Away,L,1,2,Dortmund,0.8,3.0,31.0,41000.0,Jeffrey Gouweleeuw,3-4-1-2,4-2-3-1,Tobias Welz,Match Report,,6.0,3.0,15.1,0.0,0.0,0.0,2022,Augsburg
2021-10-02,15:30,Bundesliga,Matchweek 7,Sat,Away,W,2,1,Hertha BSC,0.7,1.0,56.0,18376.0,Christian Günter,3-4-3,3-4-3,Patrick Ittrich,Match Report,,11.0,5.0,14.9,0.0,0.0,0.0,2022,Freiburg
2021-10-02,15:30,Bundesliga,Matchweek 7,Sat,Away,L,1,3,Stuttgart,1.0,0.8,59.0,24211.0,Oliver Baumann,4-3-3,3-1-4-2,Harm Osmers,Match Report,,13.0,4.0,17.2,0.0,0.0,0.0,2022,Hoffenheim
2021-10-02,18:30,Bundesliga,Matchweek 7,Sat,Home,W,3,0,Bochum,3.2,1.5,59.0,25598.0,Péter Gulácsi,3-4-3,4-2-3-1,Robert Hartmann,Match Report,,16.0,8.0,14.1,0.0,0.0,0.0,2022,RB Leipzig
2021-10-03,19:30,Bundesliga,Matchweek 7,Sun,Home,L,0,4,Leverkusen,0.4,3.1,34.0,16250.0,Manuel Prietl,4-4-2,4-2-3-1,Felix Zwayer,Match Report,,10.0,2.0,19.5,0.0,0.0,0.0,2022,Arminia
2021-10-03,17:30,Bundesliga,Matchweek 7,Sun,Home,L,1,2,Eint Frankfurt,2.2,0.8,72.0,25000.0,Manuel Neuer,4-2-3-1,3-4-3,Florian Badstübner,Match Report,,20.0,10.0,18.8,1.0,0.0,0.0,2022,Bayern Munich
2021-10-03,19:30,Bundesliga,Matchweek 7,Sun,Away,W,4,0,Arminia,3.1,0.4,66.0,16250.0,Lukáš Hrádecký,4-2-3-1,4-4-2,Felix Zwayer,Match Report,,17.0,6.0,18.4,1.0,1.0,1.0,2022,Leverkusen
2021-10-03,15:30,Bundesliga,Matchweek 7,Sun,Away,W,2,1,Mainz 05,1.4,1.1,48.0,16000.0,Marvin Friedrich,3-4-1-2,3-4-3,Tobias Stieler,Match Report,,16.0,2.0,21.1,1.0,0.0,0.0,2022,Union Berlin
2021-10-03,15:30,Bundesliga,Matchweek 7,Sun,Home,L,1,2,Union Berlin,1.1,1.4,52.0,16000.0,Robin Zentner,3-4-3,3-4-1-2,Tobias Stieler,Match Report,,12.0,4.0,14.4,1.0,0.0,0.0,2022,Mainz 05
2021-10-03,17:30,Bundesliga,Matchweek 7,Sun,Away,W,2,1,Bayern Munich,0.8,2.2,28.0,25000.0,Martin Hinteregger,3-4-3,4-2-3-1,Florian Badstübner,Match Report,,5.0,3.0,26.5,0.0,0.0,0.0,2022,Eint Frankfurt
2021-10-15,20:30,Bundesliga,Matchweek 8,Fri,Home,W,5,0,Köln,3.7,0.7,51.0,14309.0,Oliver Baumann,3-4-1-2,4-1-3-2,Tobias Reichel,Match Report,,14.0,8.0,12.0,1.0,0.0,0.0,2022,Hoffenheim
2021-10-15,20:30,Bundesliga,Matchweek 8,Fri,Away,L,0,5,Hoffenheim,0.7,3.7,49.0,14309.0,Rafael Czichos,4-1-3-2,3-4-1-2,Tobias Reichel,Match Report,,10.0,0.0,17.6,0.0,0.0,0.0,2022,Köln
2021-10-16,15:30,Bundesliga,Matchweek 8,Sat,Home,L,0,1,Bochum,0.8,1.6,56.0,10586.0,Branimir Hrgota,4-3-1-2,4-3-3,Bastian Dankert,Match Report,,11.0,3.0,19.0,0.0,0.0,0.0,2022,Greuther Fürth
2021-10-16,15:30,Bundesliga,Matchweek 8,Sat,Away,L,1,3,Dortmund,0.8,2.3,33.0,63812.0,Moussa Niakhate,3-4-1-2,4-3-3,Daniel Schlager,Match Report,,5.0,2.0,24.1,1.0,0.0,0.0,2022,Mainz 05
2021-10-16,15:30,Bundesliga,Matchweek 8,Sat,Home,D,1,1,RB Leipzig,1.4,1.7,53.0,20000.0,Christian Günter,3-4-3,4-3-3,Daniel Siebert,Match Report,,15.0,4.0,15.9,1.0,0.0,0.0,2022,Freiburg
2021-10-16,15:30,Bundesliga,Matchweek 8,Sat,Away,D,1,1,Freiburg,1.7,1.4,47.0,20000.0,Péter Gulácsi,4-3-3,3-4-3,Daniel Siebert,Match Report,,11.0,2.0,19.4,0.0,1.0,1.0,2022,RB Leipzig
2021-10-16,18:30,Bundesliga,Matchweek 8,Sat,Away,D,1,1,Gladbach,0.3,2.6,41.0,41608.0,Wataru Endo,3-1-4-2,3-4-3,Felix Brych,Match Report,,5.0,2.0,20.9,0.0,0.0,0.0,2022,Stuttgart
2021-10-16,15:30,Bundesliga,Matchweek 8,Sat,Home,W,2,0,Wolfsburg,0.9,1.5,39.0,11000.0,Marvin Friedrich,3-5-2,4-2-3-1,Sascha Stegemann,Match Report,,5.0,3.0,12.9,1.0,0.0,0.0,2022,Union Berlin
2021-10-16,18:30,Bundesliga,Matchweek 8,Sat,Home,D,1,1,Stuttgart,2.6,0.3,59.0,41608.0,Lars Stindl,3-4-3,3-1-4-2,Felix Brych,Match Report,,31.0,8.0,17.9,1.0,0.0,0.0,2022,Gladbach
2021-10-16,15:30,Bundesliga,Matchweek 8,Sat,Away,L,0,2,Union Berlin,1.5,0.9,61.0,11000.0,Koen Casteels,4-2-3-1,3-5-2,Sascha Stegemann,Match Report,,13.0,4.0,18.2,0.0,0.0,0.0,2022,Wolfsburg
2021-10-16,15:30,Bundesliga,Matchweek 8,Sat,Home,W,3,1,Mainz 05,2.3,0.8,67.0,63812.0,Marco Reus,4-3-3,3-4-1-2,Daniel Schlager,Match Report,,10.0,3.0,15.3,0.0,1.0,1.0,2022,Dortmund
2021-10-16,15:30,Bundesliga,Matchweek 8,Sat,Away,W,1,0,Greuther Fürth,1.6,0.8,44.0,10586.0,Anthony Losilla,4-3-3,4-3-1-2,Bastian Dankert,Match Report,,10.0,2.0,16.1,0.0,0.0,0.0,2022,Bochum
2021-10-16,15:30,Bundesliga,Matchweek 8,Sat,Away,W,2,1,Eint Frankfurt,1.8,1.6,42.0,32000.0,Dedryck Boyata,4-2-3-1,3-4-1-2,Deniz Aytekin,Match Report,,12.0,6.0,13.5,1.0,0.0,0.0,2022,Hertha BSC
2021-10-16,15:30,Bundesliga,Matchweek 8,Sat,Home,L,1,2,Hertha BSC,1.6,1.8,58.0,32000.0,Makoto Hasebe,3-4-1-2,4-2-3-1,Deniz Aytekin,Match Report,,12.0,4.0,20.3,1.0,1.0,1.0,2022,Eint Frankfurt
2021-10-17,15:30,Bundesliga,Matchweek 8,Sun,Away,W,5,1,Leverkusen,3.2,0.7,59.0,29542.0,Manuel Neuer,4-2-3-1,4-2-3-1,Sven Jablonski,Match Report,,27.0,11.0,16.7,0.0,0.0,0.0,2022,Bayern Munich
2021-10-17,17:30,Bundesliga,Matchweek 8,Sun,Home,D,1,1,Arminia,0.6,0.3,50.0,17500.0,Jeffrey Gouweleeuw,3-5-2,4-3-1-2,Robert Schröder,Match Report,,14.0,6.0,18.0,1.0,0.0,0.0,2022,Augsburg
2021-10-17,15:30,Bundesliga,Matchweek 8,Sun,Home,L,1,5,Bayern Munich,0.7,3.2,41.0,29542.0,Lukáš Hrádecký,4-2-3-1,4-2-3-1,Sven Jablonski,Match Report,,6.0,4.0,16.1,0.0,0.0,0.0,2022,Leverkusen
2021-10-17,17:30,Bundesliga,Matchweek 8,Sun,Away,D,1,1,Augsburg,0.3,0.6,50.0,17500.0,Manuel Prietl,4-3-1-2,3-5-2,Robert Schröder,Match Report,,10.0,2.0,24.0,1.0,0.0,0.0,2022,Arminia
2021-10-19,21:00,Champions Lg,Group stage,Tue,Away,L,0,4,nl Ajax,1.2,2.1,45.0,54029.0,Marco Reus,4-3-3,4-2-3-1,Jesús Gil,Match Report,,10.0,4.0,17.3,1.0,0.0,0.0,2022,Dortmund
2021-10-19,21:00,Champions Lg,Group stage,Tue,Away,L,2,3,fr Paris S-G,2.1,3.0,36.0,47359.0,Péter Gulácsi,3-5-2,4-3-3,Marco Guida,Match Report,,18.0,4.0,15.5,1.0,0.0,0.0,2022,RB Leipzig
2021-10-20,20:00 (21:00),Champions Lg,Group stage,Wed,Away,W,4,0,pt Benfica,3.0,0.7,66.0,55201.0,Manuel Neuer,4-2-3-1,3-4-3,Ovidiu Hațegan,Match Report,,21.0,7.0,17.7,2.0,0.0,0.0,2022,Bayern Munich
2021-10-20,18:45,Champions Lg,Group stage,Wed,Away,L,1,3,at RB Salzburg,0.9,2.7,46.0,29520.0,Koen Casteels,4-2-3-1,4-1-2-1-2,Daniele Orsato,Match Report,,8.0,2.0,21.7,2.0,0.0,0.0,2022,Wolfsburg
2021-10-21,21:00,Europa Lg,Group stage,Thu,Home,W,3,1,gr Olympiacos,3.1,1.3,51.0,35000.0,Makoto Hasebe,3-4-1-2,4-3-3,Tiago Martins,Match Report,,18.0,5.0,16.1,1.0,1.0,1.0,2022,Eint Frankfurt
2021-10-21,18:45,Conf Lg,Group stage,Thu,Away,L,1,3,nl Feyenoord,0.9,4.3,47.0,36100.0,Christopher Trimmel,3-5-2,4-3-3,Giorgi Kruashvili,Match Report,,7.0,3.0,12.1,0.0,0.0,0.0,2022,Union Berlin
2021-10-21,18:45,Europa Lg,Group stage,Thu,Away,D,1,1,es Betis,1.0,2.1,54.0,39230.0,Lukáš Hrádecký,4-2-3-1,4-2-3-1,Bartosz Frankowski,Match Report,,12.0,7.0,16.3,0.0,0.0,0.0,2022,Leverkusen
2021-10-22,20:30,Bundesliga,Matchweek 9,Fri,Home,W,4,1,Augsburg,3.7,0.9,54.0,19400.0,Moussa Niakhate,3-5-2,3-4-1-2,Robert Hartmann,Match Report,,21.0,9.0,15.0,0.0,0.0,0.0,2022,Mainz 05
2021-10-22,20:30,Bundesliga,Matchweek 9,Fri,Away,L,1,4,Mainz 05,0.9,3.7,46.0,19400.0,Jeffrey Gouweleeuw,3-4-1-2,3-5-2,Robert Hartmann,Match Report,,6.0,2.0,20.0,0.0,0.0,0.0,2022,Augsburg
2021-10-23,15:30,Bundesliga,Matchweek 9,Sat,Home,W,4,0,Hoffenheim,2.8,0.7,61.0,60000.0,Manuel Neuer,4-2-3-1,3-4-3,Matthias Jöllenbeck,Match Report,,15.0,7.0,15.3,0.0,0.0,0.0,2022,Bayern Munich
2021-10-23,15:30,Bundesliga,Matchweek 9,Sat,Away,L,1,4,RB Leipzig,1.4,2.3,44.0,24758.0,Branimir Hrgota,4-2-3-1,3-4-3,Christian Dingert,Match Report,,8.0,3.0,21.2,0.0,1.0,1.0,2022,Greuther Fürth
2021-10-23,18:30,Bundesliga,Matchweek 9,Sat,Away,L,0,1,Hertha BSC,0.5,1.0,58.0,25000.0,Lars Stindl,3-4-1-2,4-2-3-1,Benjamin Cortus,Match Report,,10.0,1.0,16.9,0.0,0.0,0.0,2022,Gladbach
2021-10-23,15:30,Bundesliga,Matchweek 9,Sat,Home,L,1,3,Dortmund,1.4,2.4,31.0,25000.0,Manuel Prietl,3-4-1-2,3-4-3,Benjamin Brand,Match Report,,15.0,6.0,21.1,0.0,1.0,1.0,2022,Arminia
2021-10-23,15:30,Bundesliga,Matchweek 9,Sat,Away,L,0,4,Bayern Munich,0.7,2.8,39.0,60000.0,Oliver Baumann,3-4-3,4-2-3-1,Matthias Jöllenbeck,Match Report,,9.0,2.0,14.5,0.0,0.0,0.0,2022,Hoffenheim
2021-10-23,15:30,Bundesliga,Matchweek 9,Sat,Home,L,0,2,Freiburg,1.3,1.5,56.0,10251.0,Koen Casteels,4-3-3,3-4-3,Tobias Welz,Match Report,,18.0,4.0,15.4,1.0,0.0,0.0,2022,Wolfsburg
2021-10-23,15:30,Bundesliga,Matchweek 9,Sat,Away,W,3,1,Arminia,2.4,1.4,69.0,25000.0,Marco Reus,3-4-3,3-4-1-2,Benjamin Brand,Match Report,,13.0,6.0,17.1,0.0,1.0,1.0,2022,Dortmund
2021-10-23,15:30,Bundesliga,Matchweek 9,Sat,Home,W,4,1,Greuther Fürth,2.3,1.4,56.0,24758.0,Péter Gulácsi,3-4-3,4-2-3-1,Christian Dingert,Match Report,,12.0,4.0,18.4,0.0,1.0,1.0,2022,RB Leipzig
2021-10-23,15:30,Bundesliga,Matchweek 9,Sat,Away,W,2,0,Wolfsburg,1.5,1.3,44.0,10251.0,Christian Günter,3-4-3,4-3-3,Tobias Welz,Match Report,,11.0,4.0,15.5,1.0,0.0,0.0,2022,Freiburg
2021-10-23,18:30,Bundesliga,Matchweek 9,Sat,Home,W,1,0,Gladbach,1.0,0.5,42.0,25000.0,Dedryck Boyata,4-2-3-1,3-4-1-2,Benjamin Cortus,Match Report,,10.0,4.0,16.1,0.0,0.0,0.0,2022,Hertha BSC
2021-10-24,19:30,Bundesliga,Matchweek 9,Sun,Home,W,2,0,Eint Frankfurt,2.1,1.6,41.0,19510.0,Anthony Losilla,4-3-3,3-4-1-2,Marco Fritz,Match Report,,19.0,7.0,18.1,0.0,0.0,0.0,2022,Bochum
2021-10-24,19:30,Bundesliga,Matchweek 9,Sun,Away,L,0,2,Bochum,1.6,2.1,59.0,19510.0,Makoto Hasebe,3-4-1-2,4-3-3,Marco Fritz,Match Report,,15.0,5.0,18.7,1.0,0.0,1.0,2022,Eint Frankfurt
2021-10-24,17:30,Bundesliga,Matchweek 9,Sun,Away,D,1,1,Stuttgart,1.0,0.5,44.0,32595.0,Christopher Trimmel,3-5-2,3-1-4-2,Florian Badstübner,Match Report,,12.0,3.0,17.9,0.0,0.0,0.0,2022,Union Berlin
2021-10-24,15:30,Bundesliga,Matchweek 9,Sun,Away,D,2,2,Köln,0.9,1.8,38.0,49600.0,Lukáš Hrádecký,4-2-3-1,4-1-2-1-2,Felix Zwayer,Match Report,,9.0,6.0,16.0,0.0,0.0,0.0,2022,Leverkusen
2021-10-24,17:30,Bundesliga,Matchweek 9,Sun,Home,D,1,1,Union Berlin,0.5,1.0,56.0,32595.0,Wataru Endo,3-1-4-2,3-5-2,Florian Badstübner,Match Report,,8.0,2.0,16.6,0.0,0.0,0.0,2022,Stuttgart
2021-10-24,15:30,Bundesliga,Matchweek 9,Sun,Home,D,2,2,Leverkusen,1.8,0.9,62.0,49600.0,Jonas Hector,4-1-2-1-2◆,4-2-3-1,Felix Zwayer,Match Report,,19.0,5.0,16.3,0.0,0.0,0.0,2022,Köln
2021-10-26,20:00,DFB-Pokal,Round of 32,Tue,Home,W,2,0,Ingolstadt 04,,,83.0,28000.0,Mats Hummels,3-4-3,5-4-1,Matthias Jöllenbeck,Match Report,,18.0,5.0,,,0.0,0.0,2022,Dortmund
2021-10-26,20:45,DFB-Pokal,Round of 32,Tue,Away,D,2 (3),2 (2),Osnabrück,,,55.0,12000.0,Christian Günter,3-4-3,4-3-3,Robert Schröder,Match Report,Freiburg won on penalty kicks following extra time,13.0,4.0,,,0.0,0.0,2022,Freiburg
2021-10-26,20:45,DFB-Pokal,Round of 32,Tue,Away,L,2,3,Mainz 05,,,41.0,10000.0,Manuel Prietl,3-4-1-2,3-5-2,Sascha Stegemann,Match Report,Required Extra Time,24.0,7.0,,,0.0,0.0,2022,Arminia
2021-10-26,18:30,DFB-Pokal,Round of 32,Tue,Away,W,1,0,Babelsberg 03,,,73.0,6218.0,Willi Orban,4-2-2-2,4-4-1-1,Benjamin Cortus,Match Report,,23.0,8.0,,,0.0,0.0,2022,RB Leipzig
2021-10-26,18:30,DFB-Pokal,Round of 32,Tue,Home,W,5,1,Holstein Kiel,,,52.0,5033.0,Oliver Baumann,3-4-1-2,4-1-4-1,Robert Hartmann,Match Report,,21.0,7.0,,,0.0,0.0,2022,Hoffenheim
2021-10-26,20:45,DFB-Pokal,Round of 32,Tue,Home,W,3,2,Arminia,,,60.0,10000.0,Robin Zentner,3-5-2,3-4-1-2,Sascha Stegemann,Match Report,Required Extra Time,19.0,10.0,,,0.0,0.0,2022,Mainz 05
2021-10-26,18:30,DFB-Pokal,Round of 32,Tue,Away,W,3,1,Preußen Münster,,,56.0,11037.0,Dedryck Boyata,4-2-2-2,4-3-3,Frank Willenborg,Match Report,,19.0,8.0,,,0.0,0.0,2022,Hertha BSC
2021-10-27,18:30,DFB-Pokal,Round of 32,Wed,Home,L,1,2,Karlsruher,,,63.0,13060.0,Lukáš Hrádecký,4-2-3-1,4-2-3-1,Tobias Welz,Match Report,,20.0,3.0,,,0.0,0.0,2022,Leverkusen
2021-10-27,20:45,DFB-Pokal,Round of 32,Wed,Home,W,5,0,Bayern Munich,,,38.0,48500.0,Lars Stindl,3-4-3,4-2-3-1,Tobias Stieler,Match Report,,13.0,7.0,,,1.0,1.0,2022,Gladbach
2021-10-27,18:30,DFB-Pokal,Round of 32,Wed,Home,D,2 (5),2 (4),Augsburg,,,60.0,15220.0,Anthony Losilla,4-3-3,4-2-3-1,Martin Petersen,Match Report,Bochum won on penalty kicks following extra time,20.0,3.0,,,0.0,0.0,2022,Bochum
2021-10-27,18:30,DFB-Pokal,Round of 32,Wed,Away,D,2 (4),2 (5),Bochum,,,40.0,15220.0,Jeffrey Gouweleeuw,4-2-3-1,4-3-3,Martin Petersen,Match Report,Bochum won on penalty kicks following extra time,20.0,6.0,,,0.0,0.0,2022,Augsburg
2021-10-27,20:45,DFB-Pokal,Round of 32,Wed,Away,L,0,5,Gladbach,,,62.0,48500.0,Manuel Neuer,4-2-3-1,3-4-3,Tobias Stieler,Match Report,,15.0,8.0,,,0.0,0.0,2022,Bayern Munich
2021-10-27,18:30,DFB-Pokal,Round of 32,Wed,Away,W,3,1,SV Waldhof,,,57.0,14651.0,Christopher Trimmel,3-4-3,4-2-3-1,Benjamin Brand,Match Report,Required Extra Time,13.0,6.0,,,0.0,0.0,2022,Union Berlin
2021-10-27,20:45,DFB-Pokal,Round of 32,Wed,Home,L,0,2,Köln,,,53.0,26375.0,Fabian Bredlow,3-1-4-2,4-2-3-1,Deniz Aytekin,Match Report,,7.0,3.0,,,0.0,0.0,2022,Stuttgart
2021-10-27,20:45,DFB-Pokal,Round of 32,Wed,Away,W,2,0,Stuttgart,,,47.0,26375.0,Jonas Hector,4-2-3-1,3-1-4-2,Deniz Aytekin,Match Report,,18.0,8.0,,,0.0,0.0,2022,Köln
2021-10-29,20:30,Bundesliga,Matchweek 10,Fri,Home,W,2,0,Hertha BSC,0.9,0.3,54.0,8127.0,Oliver Baumann,3-4-1-2,4-2-3-1,Sven Jablonski,Match Report,,13.0,3.0,14.6,0.0,0.0,0.0,2022,Hoffenheim
2021-10-29,20:30,Bundesliga,Matchweek 10,Fri,Away,L,0,2,Hoffenheim,0.3,0.9,46.0,8127.0,Dedryck Boyata,4-2-3-1,3-4-1-2,Sven Jablonski,Match Report,,5.0,2.0,19.5,1.0,0.0,0.0,2022,Hertha BSC
2021-10-30,15:30,Bundesliga,Matchweek 10,Sat,Away,L,0,2,Dortmund,1.3,1.4,58.0,66709.0,Jonas Hector,4-1-3-2,3-4-3,Martin Petersen,Match Report,,21.0,5.0,18.2,0.0,0.0,0.0,2022,Köln
2021-10-30,15:30,Bundesliga,Matchweek 10,Sat,Away,L,1,3,Freiburg,0.8,1.5,50.0,31500.0,Branimir Hrgota,4-3-3,4-2-3-1,Felix Brych,Match Report,,8.0,4.0,21.3,0.0,0.0,0.0,2022,Greuther Fürth
2021-10-30,18:30,Bundesliga,Matchweek 10,Sat,Home,D,1,1,RB Leipzig,0.6,3.0,47.0,31000.0,Kevin Trapp,3-4-3,3-4-3,Daniel Schlager,Match Report,,11.0,3.0,21.3,0.0,0.0,0.0,2022,Eint Frankfurt
2021-10-30,15:30,Bundesliga,Matchweek 10,Sat,Home,W,3,1,Greuther Fürth,1.5,0.8,50.0,31500.0,Christian Günter,4-2-3-1,4-3-3,Felix Brych,Match Report,,11.0,4.0,22.4,0.0,1.0,1.0,2022,Freiburg
2021-10-30,15:30,Bundesliga,Matchweek 10,Sat,Away,W,2,1,Arminia,2.5,0.6,51.0,19477.0,Robin Zentner,3-1-4-2,3-1-4-2,Bastian Dankert,Match Report,,16.0,4.0,17.0,1.0,0.0,0.0,2022,Mainz 05
2021-10-30,15:30,Bundesliga,Matchweek 10,Sat,Home,W,2,0,Köln,1.4,1.3,42.0,66709.0,Marco Reus,3-4-3,4-1-3-2,Martin Petersen,Match Report,,8.0,5.0,14.4,1.0,0.0,0.0,2022,Dortmund
2021-10-30,15:30,Bundesliga,Matchweek 10,Sat,Away,W,2,0,Leverkusen,1.8,1.5,35.0,20132.0,Koen Casteels,3-4-3,3-4-3,Deniz Aytekin,Match Report,,12.0,8.0,15.9,0.0,0.0,0.0,2022,Wolfsburg
2021-10-30,15:30,Bundesliga,Matchweek 10,Sat,Home,L,1,2,Mainz 05,0.6,2.5,49.0,19477.0,Manuel Prietl,3-1-4-2,3-1-4-2,Bastian Dankert,Match Report,,14.0,5.0,25.2,0.0,0.0,0.0,2022,Arminia
2021-10-30,15:30,Bundesliga,Matchweek 10,Sat,Away,W,5,2,Union Berlin,3.2,0.9,60.0,16509.0,Manuel Neuer,4-2-3-1,3-5-2,Harm Osmers,Match Report,,10.0,5.0,15.1,0.0,1.0,1.0,2022,Bayern Munich
2021-10-30,15:30,Bundesliga,Matchweek 10,Sat,Home,L,0,2,Wolfsburg,1.5,1.8,65.0,20132.0,Lukáš Hrádecký,3-4-3,3-4-3,Deniz Aytekin,Match Report,,12.0,0.0,21.4,1.0,0.0,1.0,2022,Leverkusen
2021-10-30,15:30,Bundesliga,Matchweek 10,Sat,Home,L,2,5,Bayern Munich,0.9,3.2,40.0,16509.0,Christopher Trimmel,3-5-2,4-2-3-1,Harm Osmers,Match Report,,9.0,6.0,18.7,1.0,0.0,0.0,2022,Union Berlin
2021-10-30,18:30,Bundesliga,Matchweek 10,Sat,Away,D,1,1,Eint Frankfurt,3.0,0.6,53.0,31000.0,Péter Gulácsi,3-4-3,3-4-3,Daniel Schlager,Match Report,,14.0,6.0,10.6,0.0,0.0,0.0,2022,RB Leipzig
2021-10-31,17:30,Bundesliga,Matchweek 10,Sun,Away,L,1,2,Gladbach,0.8,1.9,35.0,42361.0,Anthony Losilla,4-3-3,4-2-3-1,Tobias Reichel,Match Report,,12.0,4.0,15.1,1.0,0.0,0.0,2022,Bochum
2021-10-31,15:30,Bundesliga,Matchweek 10,Sun,Away,L,1,4,Augsburg,0.9,2.1,67.0,17500.0,Wataru Endo,3-1-4-2,4-4-2,Patrick Ittrich,Match Report,,13.0,3.0,15.9,1.0,0.0,0.0,2022,Stuttgart
2021-10-31,15:30,Bundesliga,Matchweek 10,Sun,Home,W,4,1,Stuttgart,2.1,0.9,33.0,17500.0,Jeffrey Gouweleeuw,4-4-2,3-1-4-2,Patrick Ittrich,Match Report,,18.0,10.0,17.5,0.0,0.0,0.0,2022,Augsburg
2021-10-31,17:30,Bundesliga,Matchweek 10,Sun,Home,W,2,1,Bochum,1.9,0.8,65.0,42361.0,Yann Sommer,4-2-3-1,4-3-3,Tobias Reichel,Match Report,,15.0,4.0,15.6,0.0,0.0,0.0,2022,Gladbach
2021-11-02,18:45,Champions Lg,Group stage,Tue,Home,W,2,1,at RB Salzburg,1.7,1.6,42.0,16112.0,Koen Casteels,3-4-3,4-1-2-1-2,Artur Dias,Match Report,,8.0,4.0,15.8,0.0,0.0,0.0,2022,Wolfsburg
2021-11-02,21:00,Champions Lg,Group stage,Tue,Home,W,5,2,pt Benfica,4.8,1.0,65.0,50000.0,Manuel Neuer,4-2-3-1,3-4-3,Szymon Marciniak,Match Report,,23.0,11.0,17.1,0.0,0.0,1.0,2022,Bayern Munich
2021-11-03,21:00,Champions Lg,Group stage,Wed,Home,L,1,3,nl Ajax,1.7,2.0,31.0,54820.0,Marco Reus,4-3-3,4-2-3-1,Michael Oliver,Match Report,,13.0,3.0,19.4,0.0,1.0,1.0,2022,Dortmund
2021-11-03,21:00,Champions Lg,Group stage,Wed,Home,D,2,2,fr Paris S-G,3.3,2.1,54.0,39794.0,Péter Gulácsi,3-4-3,4-3-3,Andreas Ekberg,Match Report,,15.0,3.0,19.9,1.0,1.0,2.0,2022,RB Leipzig
2021-11-04,21:00,Conf Lg,Group stage,Thu,Home,L,1,2,nl Feyenoord,1.7,2.2,43.0,30000.0,Paul Jaeckel,5-3-2,4-3-3,Daniel Stefański,Match Report,,20.0,6.0,19.9,0.0,0.0,0.0,2022,Union Berlin
2021-11-04,21:00,Europa Lg,Group stage,Thu,Home,W,4,0,es Betis,2.7,0.9,44.0,15208.0,Lukáš Hrádecký,4-4-2,4-2-3-1,Anthony Taylor,Match Report,,22.0,10.0,19.2,0.0,0.0,0.0,2022,Leverkusen
2021-11-04,19:45 (18:45),Europa Lg,Group stage,Thu,Away,W,2,1,gr Olympiacos,0.9,1.4,47.0,23050.0,Makoto Hasebe,3-4-1-2,4-2-3-1,Aliaksei Kulbakou,Match Report,,5.0,3.0,20.4,0.0,0.0,0.0,2022,Eint Frankfurt
2021-11-05,20:30,Bundesliga,Matchweek 11,Fri,Away,D,1,1,Mainz 05,1.6,1.1,52.0,25000.0,Yann Sommer,3-4-3,3-5-2,Robert Schröder,Match Report,,12.0,5.0,19.1,0.0,0.0,0.0,2022,Gladbach
2021-11-05,20:30,Bundesliga,Matchweek 11,Fri,Home,D,1,1,Gladbach,1.1,1.6,48.0,25000.0,Moussa Niakhate,3-5-2,3-4-3,Robert Schröder,Match Report,,19.0,8.0,18.1,1.0,0.0,0.0,2022,Mainz 05
2021-11-06,15:30,Bundesliga,Matchweek 11,Sat,Away,L,0,1,Wolfsburg,0.7,0.5,38.0,16095.0,Jeffrey Gouweleeuw,4-4-1-1,3-4-3,Marco Fritz,Match Report,,10.0,3.0,21.6,1.0,0.0,0.0,2022,Augsburg
2021-11-06,15:30,Bundesliga,Matchweek 11,Sat,Away,W,1,0,Stuttgart,1.7,0.9,34.0,33550.0,Manuel Prietl,4-2-3-1,3-4-1-2,Christian Dingert,Match Report,,15.0,3.0,23.5,0.0,0.0,0.0,2022,Arminia
2021-11-06,15:30,Bundesliga,Matchweek 11,Sat,Away,L,0,2,Bochum,0.6,2.9,62.0,19600.0,Oliver Baumann,3-1-4-2,4-3-3,Frank Willenborg,Match Report,,10.0,1.0,22.8,0.0,0.0,0.0,2022,Hoffenheim
2021-11-06,15:30,Bundesliga,Matchweek 11,Sat,Away,L,1,2,Bayern Munich,1.0,2.8,37.0,75000.0,Christian Günter,3-4-3,4-2-3-1,Sascha Stegemann,Match Report,,13.0,3.0,18.7,1.0,0.0,0.0,2022,Freiburg
2021-11-06,15:30,Bundesliga,Matchweek 11,Sat,Home,W,2,0,Hoffenheim,2.9,0.6,38.0,19600.0,Anthony Losilla,4-3-3,3-1-4-2,Frank Willenborg,Match Report,,11.0,4.0,23.5,1.0,0.0,1.0,2022,Bochum
2021-11-06,18:30,Bundesliga,Matchweek 11,Sat,Away,L,1,2,RB Leipzig,0.9,2.6,46.0,43429.0,Marco Reus,3-4-3,3-4-3,Felix Zwayer,Match Report,,11.0,3.0,17.1,0.0,0.0,0.0,2022,Dortmund
2021-11-06,18:30,Bundesliga,Matchweek 11,Sat,Home,W,2,1,Dortmund,2.6,0.9,54.0,43429.0,Péter Gulácsi,3-4-3,3-4-3,Felix Zwayer,Match Report,,14.0,6.0,16.2,0.0,0.0,0.0,2022,RB Leipzig
2021-11-06,15:30,Bundesliga,Matchweek 11,Sat,Home,L,0,1,Arminia,0.9,1.7,66.0,33550.0,Wataru Endo,3-4-1-2,4-2-3-1,Christian Dingert,Match Report,,9.0,3.0,19.5,0.0,0.0,0.0,2022,Stuttgart
2021-11-06,15:30,Bundesliga,Matchweek 11,Sat,Home,W,2,1,Freiburg,2.8,1.0,63.0,75000.0,Manuel Neuer,4-2-3-1,3-4-3,Sascha Stegemann,Match Report,,29.0,11.0,16.9,1.0,0.0,0.0,2022,Bayern Munich
2021-11-06,15:30,Bundesliga,Matchweek 11,Sat,Home,W,1,0,Augsburg,0.5,0.7,62.0,16095.0,Koen Casteels,3-4-3,4-4-1-1,Marco Fritz,Match Report,,8.0,3.0,19.4,2.0,0.0,0.0,2022,Wolfsburg
2021-11-07,17:30,Bundesliga,Matchweek 11,Sun,Home,D,2,2,Union Berlin,1.8,1.0,70.0,49000.0,Jonas Hector,4-2-3-1,3-5-2,Tobias Stieler,Match Report,,18.0,5.0,15.4,0.0,0.0,0.0,2022,Köln
2021-11-07,19:30,Bundesliga,Matchweek 11,Sun,Away,W,2,1,Greuther Fürth,1.2,2.4,46.0,10244.0,Martin Hinteregger,3-4-3,4-3-3,Daniel Siebert,Match Report,,16.0,4.0,20.6,1.0,0.0,0.0,2022,Eint Frankfurt
2021-11-07,15:30,Bundesliga,Matchweek 11,Sun,Home,D,1,1,Leverkusen,0.8,1.0,46.0,22187.0,Niklas Stark,4-2-3-1,4-2-3-1,Robert Hartmann,Match Report,,15.0,5.0,22.5,0.0,0.0,0.0,2022,Hertha BSC
2021-11-07,17:30,Bundesliga,Matchweek 11,Sun,Away,D,2,2,Köln,1.0,1.8,30.0,49000.0,Marvin Friedrich,3-5-2,4-2-3-1,Tobias Stieler,Match Report,,10.0,3.0,14.7,0.0,0.0,0.0,2022,Union Berlin
2021-11-07,15:30,Bundesliga,Matchweek 11,Sun,Away,D,1,1,Hertha BSC,1.0,0.8,54.0,22187.0,Lukáš Hrádecký,4-2-3-1,4-2-3-1,Robert Hartmann,Match Report,,9.0,4.0,19.5,0.0,0.0,0.0,2022,Leverkusen
2021-11-07,19:30,Bundesliga,Matchweek 11,Sun,Home,L,1,2,Eint Frankfurt,2.4,1.2,54.0,10244.0,Branimir Hrgota,4-3-3,3-4-3,Daniel Siebert,Match Report,,20.0,2.0,14.9,0.0,0.0,0.0,2022,Greuther Fürth
2021-11-19,20:30,Bundesliga,Matchweek 12,Fri,Away,L,1,2,Augsburg,1.2,0.4,78.0,26000.0,Manuel Neuer,4-2-3-1,4-4-2,Daniel Siebert,Match Report,,18.0,4.0,17.9,0.0,0.0,0.0,2022,Bayern Munich
2021-11-19,20:30,Bundesliga,Matchweek 12,Fri,Home,W,2,1,Bayern Munich,0.4,1.2,22.0,26000.0,Jeffrey Gouweleeuw,4-4-2,4-2-3-1,Daniel Siebert,Match Report,,5.0,3.0,18.3,0.0,0.0,0.0,2022,Augsburg
2021-11-20,15:30,Bundesliga,Matchweek 12,Sat,Home,D,2,2,Wolfsburg,1.3,1.9,37.0,19801.0,Manuel Prietl,4-2-3-1,3-4-3,Martin Petersen,Match Report,,9.0,2.0,23.6,0.0,1.0,1.0,2022,Arminia
2021-11-20,15:30,Bundesliga,Matchweek 12,Sat,Away,L,1,2,Dortmund,1.6,2.2,36.0,57900.0,Wataru Endo,3-1-4-2,4-2-3-1,Harm Osmers,Match Report,,13.0,4.0,17.4,0.0,0.0,0.0,2022,Stuttgart
2021-11-20,15:30,Bundesliga,Matchweek 12,Sat,Away,L,0,2,Hoffenheim,0.2,3.1,58.0,13233.0,Péter Gulácsi,3-4-3,3-4-3,Tobias Welz,Match Report,,5.0,0.0,19.2,0.0,0.0,0.0,2022,RB Leipzig
2021-11-20,15:30,Bundesliga,Matchweek 12,Sat,Away,D,2,2,Arminia,1.9,1.3,63.0,19801.0,Koen Casteels,3-4-3,4-2-3-1,Martin Petersen,Match Report,,13.0,5.0,16.2,1.0,0.0,0.0,2022,Wolfsburg
2021-11-20,18:30,Bundesliga,Matchweek 12,Sat,Home,W,2,0,Hertha BSC,1.5,0.4,42.0,22012.0,Christopher Trimmel,3-5-2,4-2-3-1,Felix Brych,Match Report,,15.0,5.0,17.0,0.0,0.0,0.0,2022,Union Berlin
2021-11-20,18:30,Bundesliga,Matchweek 12,Sat,Away,L,0,2,Union Berlin,0.4,1.5,58.0,22012.0,Niklas Stark,4-2-3-1,3-5-2,Felix Brych,Match Report,,8.0,2.0,16.8,0.0,0.0,0.0,2022,Hertha BSC
2021-11-20,15:30,Bundesliga,Matchweek 12,Sat,Home,W,2,0,RB Leipzig,3.1,0.2,42.0,13233.0,Oliver Baumann,3-4-3,3-4-3,Tobias Welz,Match Report,,23.0,8.0,12.9,0.0,0.0,0.0,2022,Hoffenheim
2021-11-20,15:30,Bundesliga,Matchweek 12,Sat,Home,W,1,0,Bochum,1.7,0.8,55.0,22538.0,Lukáš Hrádecký,4-4-2,4-3-3,Daniel Schlager,Match Report,,11.0,5.0,18.3,1.0,0.0,0.0,2022,Leverkusen
2021-11-20,15:30,Bundesliga,Matchweek 12,Sat,Home,W,4,0,Greuther Fürth,3.1,0.2,57.0,38621.0,Lars Stindl,3-4-3,4-2-3-1,Benjamin Brand,Match Report,,18.0,11.0,19.0,0.0,0.0,0.0,2022,Gladbach
2021-11-20,15:30,Bundesliga,Matchweek 12,Sat,Home,W,2,1,Stuttgart,2.2,1.6,64.0,57900.0,Marco Reus,4-2-3-1,3-1-4-2,Harm Osmers,Match Report,,21.0,5.0,19.8,2.0,0.0,0.0,2022,Dortmund
2021-11-20,15:30,Bundesliga,Matchweek 12,Sat,Away,L,0,4,Gladbach,0.2,3.1,43.0,38621.0,Branimir Hrgota,4-2-3-1,3-4-3,Benjamin Brand,Match Report,,5.0,1.0,11.5,0.0,0.0,0.0,2022,Greuther Fürth
2021-11-20,15:30,Bundesliga,Matchweek 12,Sat,Away,L,0,1,Leverkusen,0.8,1.7,45.0,22538.0,Anthony Losilla,4-3-3,4-4-2,Daniel Schlager,Match Report,,21.0,7.0,21.7,2.0,0.0,0.0,2022,Bochum
2021-11-21,15:30,Bundesliga,Matchweek 12,Sun,Home,L,0,2,Eint Frankfurt,1.4,1.2,62.0,32500.0,Christian Günter,3-4-3,3-4-3,Florian Badstübner,Match Report,,21.0,4.0,15.7,1.0,0.0,0.0,2022,Freiburg
2021-11-21,17:30,Bundesliga,Matchweek 12,Sun,Away,D,1,1,Mainz 05,2.2,0.8,57.0,25500.0,Jonas Hector,4-2-3-1,3-5-2,Deniz Aytekin,Match Report,,11.0,5.0,17.8,1.0,0.0,0.0,2022,Köln
2021-11-21,15:30,Bundesliga,Matchweek 12,Sun,Away,W,2,0,Freiburg,1.2,1.4,38.0,32500.0,Makoto Hasebe,3-4-3,3-4-3,Florian Badstübner,Match Report,,13.0,7.0,24.1,1.0,0.0,0.0,2022,Eint Frankfurt
2021-11-21,17:30,Bundesliga,Matchweek 12,Sun,Home,D,1,1,Köln,0.8,2.2,43.0,25500.0,Moussa Niakhate,3-5-2,4-2-3-1,Deniz Aytekin,Match Report,,11.0,2.0,16.1,0.0,0.0,0.0,2022,Mainz 05
2021-11-23,19:45 (18:45),Champions Lg,Group stage,Tue,Away,W,2,1,ua Dynamo Kyiv,1.0,1.1,60.0,28732.0,Manuel Neuer,4-2-3-1,4-2-3-1,Halil Umut Meler,Match Report,,11.0,5.0,19.3,0.0,0.0,0.0,2022,Bayern Munich
2021-11-23,21:00,Champions Lg,Group stage,Tue,Away,L,0,2,es Sevilla,0.3,1.6,38.0,28663.0,Maximilian Arnold,4-3-3,4-3-3,Cüneyt Çakιr,Match Report,,6.0,1.0,22.7,0.0,0.0,0.0,2022,Wolfsburg
2021-11-24,20:00 (21:00),Champions Lg,Group stage,Wed,Away,L,1,3,pt Sporting CP,1.6,1.9,64.0,41341.0,Marco Reus,4-2-3-1,3-4-3,Carlos del Cerro,Match Report,,12.0,4.0,21.1,0.0,0.0,0.0,2022,Dortmund
2021-11-24,21:00,Champions Lg,Group stage,Wed,Away,W,5,0,be Club Brugge,3.8,0.9,44.0,24072.0,Kevin Kampl,4-1-2-1-2◆,3-4-3,Davide Massa,Match Report,,22.0,12.0,17.1,0.0,1.0,1.0,2022,RB Leipzig
2021-11-25,18:45,Europa Lg,Group stage,Thu,Home,W,3,2,sct Celtic,2.4,1.4,57.0,19830.0,Lukáš Hrádecký,4-4-2,4-1-4-1,Anastasios Sidiropoulos,Match Report,,16.0,7.0,12.6,0.0,0.0,0.0,2022,Leverkusen
2021-11-25,19:45 (18:45),Conf Lg,Group stage,Thu,Away,W,1,0,il Maccabi Haifa,0.4,0.9,47.0,22150.0,Marvin Friedrich,5-3-2,5-3-2,Michal Očenáš,Match Report,,7.0,2.0,26.5,0.0,0.0,0.0,2022,Union Berlin
2021-11-25,21:00,Europa Lg,Group stage,Thu,Home,D,2,2,be Antwerp,1.6,1.2,58.0,30000.0,Makoto Hasebe,3-4-3,4-3-1-2,Paul Tierney,Match Report,,17.0,4.0,18.0,0.0,0.0,0.0,2022,Eint Frankfurt
2021-11-26,20:30,Bundesliga,Matchweek 13,Fri,Away,L,1,2,Stuttgart,0.8,0.3,55.0,25000.0,Moussa Niakhate,3-5-2,3-4-3,Matthias Jöllenbeck,Match Report,,18.0,5.0,21.2,1.0,0.0,0.0,2022,Mainz 05
2021-11-26,20:30,Bundesliga,Matchweek 13,Fri,Home,W,2,1,Mainz 05,0.3,0.8,45.0,25000.0,Wataru Endo,3-4-3,3-5-2,Matthias Jöllenbeck,Match Report,,7.0,3.0,20.0,0.0,0.0,0.0,2022,Stuttgart
2021-11-27,15:30,Bundesliga,Matchweek 13,Sat,Away,D,1,1,Hertha BSC,1.2,1.7,48.0,14523.0,André Hahn,4-4-2,3-4-3,Frank Willenborg,Match Report,,18.0,6.0,20.5,1.0,0.0,0.0,2022,Augsburg
2021-11-27,15:30,Bundesliga,Matchweek 13,Sat,Home,D,1,1,Augsburg,1.7,1.2,52.0,14523.0,Niklas Stark,3-4-3,4-4-2,Frank Willenborg,Match Report,,12.0,4.0,15.5,1.0,0.0,0.0,2022,Hertha BSC
2021-11-27,15:30,Bundesliga,Matchweek 13,Sat,Home,L,3,6,Hoffenheim,1.1,4.0,49.0,3385.0,Branimir Hrgota,4-3-3,4-3-3,Bastian Dankert,Match Report,,16.0,7.0,14.7,0.0,0.0,0.0,2022,Greuther Fürth
2021-11-27,15:30,Bundesliga,Matchweek 13,Sat,Home,L,1,3,Dortmund,1.9,2.3,42.0,13281.0,Maximilian Arnold,3-4-3,4-2-3-1,Sven Jablonski,Match Report,,15.0,7.0,17.8,0.0,0.0,0.0,2022,Wolfsburg
2021-11-27,15:30,Bundesliga,Matchweek 13,Sat,Home,W,2,1,Freiburg,1.1,2.2,41.0,19700.0,Anthony Losilla,4-3-3,4-4-1-1,Patrick Ittrich,Match Report,,13.0,6.0,23.3,0.0,0.0,0.0,2022,Bochum
2021-11-27,18:30,Bundesliga,Matchweek 13,Sat,Away,L,0,1,Bayern Munich,0.3,2.2,27.0,12000.0,Manuel Prietl,4-3-3,4-2-3-1,Marco Fritz,Match Report,,8.0,0.0,20.3,0.0,0.0,0.0,2022,Arminia
2021-11-27,15:30,Bundesliga,Matchweek 13,Sat,Away,L,1,4,Köln,1.0,1.4,51.0,50000.0,Lars Stindl,3-4-3,4-2-3-1,Robert Schröder,Match Report,,16.0,5.0,18.7,1.0,0.0,0.0,2022,Gladbach
2021-11-27,15:30,Bundesliga,Matchweek 13,Sat,Home,W,4,1,Gladbach,1.4,1.0,49.0,50000.0,Jonas Hector,4-2-3-1,3-4-3,Robert Schröder,Match Report,,15.0,9.0,15.9,0.0,0.0,0.0,2022,Köln
2021-11-27,15:30,Bundesliga,Matchweek 13,Sat,Away,W,3,1,Wolfsburg,2.3,1.9,58.0,13281.0,Marco Reus,4-2-3-1,3-4-3,Sven Jablonski,Match Report,,14.0,7.0,18.9,1.0,1.0,1.0,2022,Dortmund
2021-11-27,18:30,Bundesliga,Matchweek 13,Sat,Home,W,1,0,Arminia,2.2,0.3,73.0,12000.0,Manuel Neuer,4-2-3-1,4-3-3,Marco Fritz,Match Report,,22.0,9.0,15.4,0.0,0.0,0.0,2022,Bayern Munich
2021-11-27,15:30,Bundesliga,Matchweek 13,Sat,Away,L,1,2,Bochum,2.2,1.1,59.0,19700.0,Christian Günter,4-4-1-1,4-3-3,Patrick Ittrich,Match Report,,21.0,11.0,13.5,0.0,0.0,0.0,2022,Freiburg
2021-11-27,15:30,Bundesliga,Matchweek 13,Sat,Away,W,6,3,Greuther Fürth,4.0,1.1,51.0,3385.0,Florian Grillitsch,4-3-3,4-3-3,Bastian Dankert,Match Report,,21.0,11.0,12.4,0.0,0.0,0.0,2022,Hoffenheim
2021-11-28,17:30,Bundesliga,Matchweek 13,Sun,Home,L,1,3,Leverkusen,1.5,1.4,58.0,,Kevin Kampl,4-3-1-2,4-2-3-1,Benjamin Cortus,Match Report,,12.0,3.0,19.4,0.0,0.0,1.0,2022,RB Leipzig
2021-11-28,15:30,Bundesliga,Matchweek 13,Sun,Home,W,2,1,Union Berlin,1.3,1.1,54.0,24000.0,Makoto Hasebe,3-4-3,3-5-2,Sascha Stegemann,Match Report,,13.0,2.0,13.8,0.0,0.0,0.0,2022,Eint Frankfurt
2021-11-28,15:30,Bundesliga,Matchweek 13,Sun,Away,L,1,2,Eint Frankfurt,1.1,1.3,46.0,24000.0,Christopher Trimmel,3-5-2,3-4-3,Sascha Stegemann,Match Report,,6.0,3.0,19.8,0.0,1.0,1.0,2022,Union Berlin
2021-11-28,17:30,Bundesliga,Matchweek 13,Sun,Away,W,3,1,RB Leipzig,1.4,1.5,42.0,,Lukáš Hrádecký,4-2-3-1,4-3-1-2,Benjamin Cortus,Match Report,,11.0,4.0,15.6,0.0,0.0,0.0,2022,Leverkusen
2021-12-03,20:30,Bundesliga,Matchweek 14,Fri,Home,W,2,1,RB Leipzig,2.4,1.4,37.0,13506.0,Marvin Friedrich,5-3-2,3-4-3,Harm Osmers,Match Report,,15.0,4.0,13.4,0.0,0.0,0.0,2022,Union Berlin
2021-12-03,20:30,Bundesliga,Matchweek 14,Fri,Away,L,1,2,Union Berlin,1.4,2.4,63.0,13506.0,Péter Gulácsi,3-4-3,5-3-2,Harm Osmers,Match Report,,12.0,3.0,16.5,1.0,0.0,0.0,2022,RB Leipzig
2021-12-04,18:30,Bundesliga,Matchweek 14,Sat,Home,L,2,3,Bayern Munich,1.2,3.1,47.0,15000.0,Marco Reus,4-1-3-2,4-2-3-1,Felix Zwayer,Match Report,,12.0,4.0,17.8,0.0,0.0,0.0,2022,Dortmund
2021-12-04,15:30,Bundesliga,Matchweek 14,Sat,Away,W,3,2,Augsburg,2.1,2.9,48.0,,Anthony Losilla,4-3-3,4-4-2,Deniz Aytekin,Match Report,,12.0,6.0,19.3,0.0,0.0,0.0,2022,Bochum
2021-12-04,15:30,Bundesliga,Matchweek 14,Sat,Home,L,2,3,Bochum,2.9,2.1,52.0,,André Hahn,4-4-2,4-3-3,Deniz Aytekin,Match Report,,15.0,5.0,15.7,0.0,1.0,1.0,2022,Augsburg
2021-12-04,15:30,Bundesliga,Matchweek 14,Sat,Away,L,2,3,Hoffenheim,1.5,0.9,51.0,,Makoto Hasebe,3-4-3,3-4-3,Daniel Schlager,Match Report,,16.0,3.0,15.6,0.0,0.0,0.0,2022,Eint Frankfurt
2021-12-04,15:30,Bundesliga,Matchweek 14,Sat,Home,W,3,2,Eint Frankfurt,0.9,1.5,49.0,,Oliver Baumann,3-4-3,3-4-3,Daniel Schlager,Match Report,,8.0,4.0,16.9,0.0,0.0,0.0,2022,Hoffenheim
2021-12-04,15:30,Bundesliga,Matchweek 14,Sat,Home,W,3,0,Wolfsburg,1.2,0.7,42.0,10000.0,Moussa Niakhate,3-5-2,3-4-3,Florian Badstübner,Match Report,,12.0,4.0,16.8,1.0,0.0,0.0,2022,Mainz 05
2021-12-04,15:30,Bundesliga,Matchweek 14,Sat,Home,D,1,1,Köln,1.1,1.1,43.0,8231.0,Manuel Prietl,4-2-3-1,4-2-3-1,Felix Brych,Match Report,,18.0,4.0,19.4,0.0,0.0,0.0,2022,Arminia
2021-12-04,15:30,Bundesliga,Matchweek 14,Sat,Home,W,7,1,Greuther Fürth,2.8,0.3,60.0,10455.0,Lukáš Hrádecký,4-2-3-1,4-4-1-1,Tobias Reichel,Match Report,,13.0,8.0,13.2,0.0,0.0,0.0,2022,Leverkusen
2021-12-04,18:30,Bundesliga,Matchweek 14,Sat,Away,W,3,2,Dortmund,3.1,1.2,53.0,15000.0,Manuel Neuer,4-2-3-1,4-1-3-2,Felix Zwayer,Match Report,,16.0,5.0,21.2,2.0,1.0,1.0,2022,Bayern Munich
2021-12-04,15:30,Bundesliga,Matchweek 14,Sat,Away,L,0,3,Mainz 05,0.7,1.2,58.0,10000.0,Maximilian Arnold,3-4-3,3-5-2,Florian Badstübner,Match Report,,15.0,0.0,20.6,1.0,0.0,0.0,2022,Wolfsburg
2021-12-04,15:30,Bundesliga,Matchweek 14,Sat,Away,L,1,7,Leverkusen,0.3,2.8,40.0,10455.0,Branimir Hrgota,4-4-1-1,4-2-3-1,Tobias Reichel,Match Report,,8.0,3.0,20.1,0.0,0.0,0.0,2022,Greuther Fürth
2021-12-04,15:30,Bundesliga,Matchweek 14,Sat,Away,D,1,1,Arminia,1.1,1.1,57.0,8231.0,Rafael Czichos,4-2-3-1,4-2-3-1,Felix Brych,Match Report,,10.0,3.0,15.1,1.0,0.0,0.0,2022,Köln
2021-12-05,15:30,Bundesliga,Matchweek 14,Sun,Home,D,2,2,Hertha BSC,1.4,1.3,54.0,395.0,Wataru Endo,3-5-2,4-4-2,Benjamin Brand,Match Report,,10.0,3.0,17.6,0.0,0.0,0.0,2022,Stuttgart
2021-12-05,17:30,Bundesliga,Matchweek 14,Sun,Away,W,6,0,Gladbach,2.0,0.9,36.0,10025.0,Christian Günter,4-4-2,3-4-1-2,Robert Hartmann,Match Report,,13.0,7.0,12.2,0.0,0.0,0.0,2022,Freiburg
2021-12-05,15:30,Bundesliga,Matchweek 14,Sun,Away,D,2,2,Stuttgart,1.3,1.4,46.0,395.0,Dedryck Boyata,4-4-2,3-5-2,Benjamin Brand,Match Report,,15.0,6.0,18.4,1.0,0.0,0.0,2022,Hertha BSC
2021-12-05,17:30,Bundesliga,Matchweek 14,Sun,Home,L,0,6,Freiburg,0.9,2.0,64.0,10025.0,Yann Sommer,3-4-1-2,4-4-2,Robert Hartmann,Match Report,,17.0,3.0,18.6,0.0,0.0,0.0,2022,Gladbach
2021-12-07,21:00,Champions Lg,Group stage,Tue,Home,W,5,0,tr Beşiktaş,3.5,0.1,70.0,15000.0,Marco Reus,4-3-3,4-2-3-1,François Letexier,Match Report,,28.0,6.0,16.2,1.0,1.0,1.0,2022,Dortmund
2021-12-07,18:45,Champions Lg,Group stage,Tue,Home,W,2,1,eng Manchester City,1.7,1.2,44.0,,Péter Gulácsi,4-2-3-1,4-3-3,Sandro Schärer,Match Report,,9.0,5.0,12.8,0.0,0.0,0.0,2022,RB Leipzig
2021-12-08,21:00,Champions Lg,Group stage,Wed,Home,L,1,3,fr Lille,0.7,2.5,56.0,6544.0,Koen Casteels,4-2-3-1,4-4-2,Daniele Orsato,Match Report,,9.0,2.0,14.2,0.0,0.0,0.0,2022,Wolfsburg
2021-12-08,21:00,Champions Lg,Group stage,Wed,Home,W,3,0,es Barcelona,2.4,0.4,52.0,,Manuel Neuer,4-2-3-1,4-3-3,Ovidiu Hațegan,Match Report,,10.0,6.0,15.4,2.0,0.0,0.0,2022,Bayern Munich
2021-12-09,21:00,Conf Lg,Group stage,Thu,Home,D,1,1,cz Slavia Prague,1.2,0.7,51.0,4380.0,Christopher Trimmel,3-5-2,5-3-2,Rade Obrenović,Match Report,,13.0,2.0,14.3,0.0,0.0,0.0,2022,Union Berlin
2021-12-09,20:45 (18:45),Europa Lg,Group stage,Thu,Away,D,1,1,tr Fenerbahçe,1.0,0.6,57.0,8932.0,Makoto Hasebe,3-4-3,3-4-3,Srđan Jovanović,Match Report,,10.0,4.0,15.6,0.0,0.0,0.0,2022,Eint Frankfurt
2021-12-09,21:00,Europa Lg,Group stage,Thu,Away,L,0,1,hu Ferencváros,1.2,0.6,56.0,12127.0,Charles Aránguiz,4-2-3-1,3-1-4-2,Kirill Levnikov,Match Report,,13.0,4.0,16.1,0.0,0.0,0.0,2022,Leverkusen
2021-12-10,20:30,Bundesliga,Matchweek 15,Fri,Away,W,2,0,Köln,0.8,1.0,36.0,15000.0,Jeffrey Gouweleeuw,4-4-2,4-1-3-2,Patrick Ittrich,Match Report,,12.0,4.0,19.2,1.0,0.0,0.0,2022,Augsburg
2021-12-10,20:30,Bundesliga,Matchweek 15,Fri,Home,L,0,2,Augsburg,1.0,0.8,64.0,15000.0,Jonas Hector,4-1-3-2,4-4-2,Patrick Ittrich,Match Report,,14.0,3.0,16.6,0.0,0.0,0.0,2022,Köln
2021-12-11,15:30,Bundesliga,Matchweek 15,Sat,Away,D,1,1,Bochum,2.3,0.9,67.0,13799.0,Marco Reus,4-2-3-1,4-1-4-1,Matthias Jöllenbeck,Match Report,,20.0,6.0,14.2,0.0,0.0,0.0,2022,Dortmund
2021-12-11,15:30,Bundesliga,Matchweek 15,Sat,Away,L,1,4,RB Leipzig,1.2,4.7,47.0,,Lars Stindl,4-3-3,3-4-1-2,Bastian Dankert,Match Report,,11.0,5.0,15.1,0.0,0.0,0.0,2022,Gladbach
2021-12-11,15:30,Bundesliga,Matchweek 15,Sat,Home,W,4,1,Gladbach,4.7,1.2,53.0,,Péter Gulácsi,3-4-1-2,4-3-3,Bastian Dankert,Match Report,,19.0,10.0,15.4,1.0,0.0,0.0,2022,RB Leipzig
2021-12-11,15:30,Bundesliga,Matchweek 15,Sat,Home,W,2,1,Mainz 05,1.6,0.8,64.0,,Manuel Neuer,4-2-3-1,3-5-2,Benjamin Cortus,Match Report,,20.0,7.0,15.9,1.0,0.0,0.0,2022,Bayern Munich
2021-12-11,15:30,Bundesliga,Matchweek 15,Sat,Away,L,1,2,Bayern Munich,0.8,1.6,36.0,,Moussa Niakhate,3-5-2,4-2-3-1,Benjamin Cortus,Match Report,,8.0,4.0,19.9,0.0,0.0,0.0,2022,Mainz 05
2021-12-11,15:30,Bundesliga,Matchweek 15,Sat,Away,W,2,1,Freiburg,1.0,1.6,57.0,750.0,Oliver Baumann,3-4-3,4-4-1-1,Frank Willenborg,Match Report,,13.0,5.0,20.7,2.0,0.0,0.0,2022,Hoffenheim
2021-12-11,15:30,Bundesliga,Matchweek 15,Sat,Home,D,1,1,Dortmund,0.9,2.3,33.0,13799.0,Anthony Losilla,4-1-4-1,4-2-3-1,Matthias Jöllenbeck,Match Report,,4.0,2.0,16.5,0.0,1.0,1.0,2022,Bochum
2021-12-11,15:30,Bundesliga,Matchweek 15,Sat,Home,L,1,2,Hoffenheim,1.6,1.0,43.0,750.0,Christian Günter,4-4-1-1,3-4-3,Frank Willenborg,Match Report,,14.0,5.0,17.9,0.0,0.0,1.0,2022,Freiburg
2021-12-11,15:30,Bundesliga,Matchweek 15,Sat,Away,L,0,2,Hertha BSC,0.5,2.0,40.0,5000.0,Manuel Prietl,4-2-3-1,4-2-2-2,Tobias Welz,Match Report,,9.0,0.0,20.7,1.0,0.0,0.0,2022,Arminia
2021-12-11,18:30,Bundesliga,Matchweek 15,Sat,Away,W,2,0,Wolfsburg,1.2,1.5,47.0,5000.0,Wataru Endo,3-4-3,4-2-3-1,Sascha Stegemann,Match Report,,10.0,3.0,22.4,0.0,0.0,1.0,2022,Stuttgart
2021-12-11,15:30,Bundesliga,Matchweek 15,Sat,Home,W,2,0,Arminia,2.0,0.5,60.0,5000.0,Dedryck Boyata,4-2-2-2,4-2-3-1,Tobias Welz,Match Report,,20.0,8.0,14.1,0.0,0.0,0.0,2022,Hertha BSC
2021-12-11,18:30,Bundesliga,Matchweek 15,Sat,Home,L,0,2,Stuttgart,1.5,1.2,53.0,5000.0,Koen Casteels,4-2-3-1,3-4-3,Sascha Stegemann,Match Report,,18.0,4.0,19.8,1.0,0.0,0.0,2022,Wolfsburg
2021-12-12,15:30,Bundesliga,Matchweek 15,Sun,Away,L,0,1,Greuther Fürth,1.4,0.7,63.0,,Grischa Prömel,3-5-2,4-3-3,Sven Jablonski,Match Report,,15.0,6.0,18.3,0.0,0.0,0.0,2022,Union Berlin
2021-12-12,17:30,Bundesliga,Matchweek 15,Sun,Home,W,5,2,Leverkusen,1.6,1.7,44.0,12000.0,Martin Hinteregger,3-4-3,4-2-3-1,Marco Fritz,Match Report,,17.0,7.0,15.1,1.0,0.0,0.0,2022,Eint Frankfurt
2021-12-12,17:30,Bundesliga,Matchweek 15,Sun,Away,L,2,5,Eint Frankfurt,1.7,1.6,56.0,12000.0,Lukáš Hrádecký,4-2-3-1,3-4-3,Marco Fritz,Match Report,,10.0,2.0,19.2,0.0,1.0,1.0,2022,Leverkusen
2021-12-12,15:30,Bundesliga,Matchweek 15,Sun,Home,W,1,0,Union Berlin,0.7,1.4,37.0,,Branimir Hrgota,4-3-3,3-5-2,Sven Jablonski,Match Report,,5.0,3.0,15.4,0.0,0.0,0.0,2022,Greuther Fürth
2021-12-14,18:30,Bundesliga,Matchweek 16,Tue,Home,L,0,5,Bayern Munich,1.2,3.5,44.0,750.0,Wataru Endo,3-1-4-2,4-2-3-1,Robert Schröder,Match Report,,13.0,1.0,18.7,1.0,0.0,0.0,2022,Stuttgart
2021-12-14,20:30,Bundesliga,Matchweek 16,Tue,Home,W,4,0,Hertha BSC,2.9,0.4,67.0,10000.0,Moussa Niakhate,3-5-2,4-4-2,Harm Osmers,Match Report,,21.0,10.0,16.7,1.0,0.0,0.0,2022,Mainz 05
2021-12-14,20:30,Bundesliga,Matchweek 16,Tue,Home,L,2,3,Köln,2.4,3.1,39.0,5000.0,Koen Casteels,4-2-3-1,4-1-3-2,Robert Hartmann,Match Report,,19.0,5.0,17.4,2.0,0.0,0.0,2022,Wolfsburg
2021-12-14,18:30,Bundesliga,Matchweek 16,Tue,Away,W,5,0,Stuttgart,3.5,1.2,56.0,750.0,Manuel Neuer,4-2-3-1,3-1-4-2,Robert Schröder,Match Report,,25.0,12.0,16.7,0.0,0.0,0.0,2022,Bayern Munich
2021-12-14,20:30,Bundesliga,Matchweek 16,Tue,Away,L,0,4,Mainz 05,0.4,2.9,33.0,10000.0,Dedryck Boyata,4-4-2,3-5-2,Harm Osmers,Match Report,,5.0,1.0,14.6,0.0,0.0,0.0,2022,Hertha BSC
2021-12-14,20:30,Bundesliga,Matchweek 16,Tue,Away,W,3,2,Wolfsburg,3.1,2.4,61.0,5000.0,Jonas Hector,4-1-3-2,4-2-3-1,Robert Hartmann,Match Report,,17.0,6.0,17.3,1.0,0.0,0.0,2022,Köln
2021-12-14,20:30,Bundesliga,Matchweek 16,Tue,Away,L,0,2,Arminia,0.9,0.7,49.0,13750.0,Anthony Losilla,4-1-4-1,4-1-2-1-2,Benjamin Brand,Match Report,,5.0,3.0,16.3,1.0,0.0,0.0,2022,Bochum
2021-12-14,20:30,Bundesliga,Matchweek 16,Tue,Home,W,2,0,Bochum,0.7,0.9,51.0,13750.0,Manuel Prietl,4-1-2-1-2◆,4-1-4-1,Benjamin Brand,Match Report,,13.0,4.0,19.2,0.0,0.0,0.0,2022,Arminia
2021-12-15,20:30,Bundesliga,Matchweek 16,Wed,Home,D,0,0,Freiburg,1.7,1.2,55.0,5000.0,Grischa Prömel,3-1-4-2,3-4-3,Deniz Aytekin,Match Report,,19.0,4.0,15.9,0.0,0.0,0.0,2022,Union Berlin
2021-12-15,20:30,Bundesliga,Matchweek 16,Wed,Away,D,0,0,Union Berlin,1.2,1.7,45.0,5000.0,Christian Günter,3-4-3,3-1-4-2,Deniz Aytekin,Match Report,,12.0,3.0,17.3,0.0,0.0,0.0,2022,Freiburg
2021-12-15,18:30,Bundesliga,Matchweek 16,Wed,Home,L,2,3,Eint Frankfurt,2.0,2.3,57.0,10028.0,Yann Sommer,3-4-3,3-4-3,Martin Petersen,Match Report,,17.0,7.0,18.7,0.0,1.0,1.0,2022,Gladbach
2021-12-15,18:30,Bundesliga,Matchweek 16,Wed,Away,W,3,2,Gladbach,2.3,2.0,43.0,10028.0,Martin Hinteregger,3-4-3,3-4-3,Martin Petersen,Match Report,,12.0,4.0,14.4,1.0,0.0,0.0,2022,Eint Frankfurt
2021-12-15,20:30,Bundesliga,Matchweek 16,Wed,Home,W,3,0,Greuther Fürth,1.8,0.4,68.0,15000.0,Marco Reus,4-2-3-1,4-3-3,Daniel Schlager,Match Report,,11.0,4.0,17.6,1.0,1.0,1.0,2022,Dortmund
2021-12-15,20:30,Bundesliga,Matchweek 16,Wed,Home,D,2,2,Hoffenheim,2.2,2.0,46.0,13272.0,Lukáš Hrádecký,4-2-3-1,3-4-1-2,Tobias Stieler,Match Report,,16.0,9.0,12.7,0.0,0.0,0.0,2022,Leverkusen
2021-12-15,20:30,Bundesliga,Matchweek 16,Wed,Away,D,2,2,Leverkusen,2.0,2.2,54.0,13272.0,Oliver Baumann,3-4-1-2,4-2-3-1,Tobias Stieler,Match Report,,18.0,6.0,13.5,0.0,0.0,0.0,2022,Hoffenheim
2021-12-15,20:30,Bundesliga,Matchweek 16,Wed,Home,D,1,1,RB Leipzig,1.2,2.2,32.0,,André Hahn,4-4-2,3-4-1-2,Florian Badstübner,Match Report,,8.0,0.0,16.5,0.0,1.0,1.0,2022,Augsburg
2021-12-15,20:30,Bundesliga,Matchweek 16,Wed,Away,D,1,1,Augsburg,2.2,1.2,68.0,,Péter Gulácsi,3-4-1-2,4-4-2,Florian Badstübner,Match Report,,12.0,2.0,11.1,0.0,0.0,0.0,2022,RB Leipzig
2021-12-15,20:30,Bundesliga,Matchweek 16,Wed,Away,L,0,3,Dortmund,0.4,1.8,32.0,15000.0,Sascha Burchert,4-3-3,4-2-3-1,Daniel Schlager,Match Report,,8.0,1.0,16.7,1.0,0.0,0.0,2022,Greuther Fürth
2021-12-17,20:30,Bundesliga,Matchweek 17,Fri,Away,L,0,4,Bayern Munich,1.0,3.6,37.0,,Koen Casteels,3-4-3,4-2-3-1,Tobias Welz,Match Report,,9.0,2.0,12.1,0.0,0.0,0.0,2022,Wolfsburg
2021-12-17,20:30,Bundesliga,Matchweek 17,Fri,Home,W,4,0,Wolfsburg,3.6,1.0,63.0,,Manuel Neuer,4-2-3-1,3-4-3,Tobias Welz,Match Report,,25.0,9.0,17.2,0.0,0.0,0.0,2022,Bayern Munich
2021-12-18,15:30,Bundesliga,Matchweek 17,Sat,Home,W,1,0,Mainz 05,1.8,0.6,51.0,15000.0,Sebastian Rode,3-4-3,3-5-2,Felix Brych,Match Report,,14.0,4.0,17.8,0.0,0.0,0.0,2022,Eint Frankfurt
2021-12-18,15:30,Bundesliga,Matchweek 17,Sat,Home,D,0,0,Augsburg,0.1,1.2,48.0,,Branimir Hrgota,4-3-1-2,4-4-2,Sascha Stegemann,Match Report,,3.0,1.0,24.5,0.0,0.0,0.0,2022,Greuther Fürth
2021-12-18,18:30,Bundesliga,Matchweek 17,Sat,Home,W,3,2,Dortmund,1.2,1.3,41.0,5000.0,Niklas Stark,4-2-2-2,4-2-3-1,Marco Fritz,Match Report,,13.0,5.0,18.1,1.0,0.0,0.0,2022,Hertha BSC
2021-12-18,15:30,Bundesliga,Matchweek 17,Sat,Home,L,0,2,Arminia,1.6,0.8,77.0,,Péter Gulácsi,3-5-2,4-2-3-1,Frank Willenborg,Match Report,,17.0,4.0,13.8,1.0,0.0,0.0,2022,RB Leipzig
2021-12-18,15:30,Bundesliga,Matchweek 17,Sat,Home,D,1,1,Gladbach,2.1,1.3,60.0,750.0,Oliver Baumann,3-4-3,4-2-3-1,Sven Jablonski,Match Report,,22.0,7.0,14.8,1.0,0.0,0.0,2022,Hoffenheim
2021-12-18,15:30,Bundesliga,Matchweek 17,Sat,Away,D,0,0,Greuther Fürth,1.2,0.1,52.0,,Jeffrey Gouweleeuw,4-4-2,4-3-1-2,Sascha Stegemann,Match Report,,14.0,4.0,13.2,0.0,0.0,0.0,2022,Augsburg
2021-12-18,15:30,Bundesliga,Matchweek 17,Sat,Away,D,1,1,Hoffenheim,1.3,2.1,40.0,750.0,Lars Stindl,4-2-3-1,3-4-3,Sven Jablonski,Match Report,,11.0,5.0,16.8,0.0,0.0,0.0,2022,Gladbach
2021-12-18,18:30,Bundesliga,Matchweek 17,Sat,Away,L,2,3,Hertha BSC,1.3,1.2,59.0,5000.0,Marco Reus,4-2-3-1,4-2-2-2,Marco Fritz,Match Report,,11.0,4.0,13.6,0.0,0.0,0.0,2022,Dortmund
2021-12-18,15:30,Bundesliga,Matchweek 17,Sat,Home,L,0,1,Union Berlin,1.1,0.8,55.0,13500.0,Anthony Losilla,4-3-3,3-4-1-2,Tobias Reichel,Match Report,,13.0,3.0,17.7,1.0,0.0,0.0,2022,Bochum
2021-12-18,15:30,Bundesliga,Matchweek 17,Sat,Away,W,1,0,Bochum,0.8,1.1,45.0,13500.0,Christopher Trimmel,3-4-1-2,4-3-3,Tobias Reichel,Match Report,,9.0,3.0,15.1,0.0,0.0,0.0,2022,Union Berlin
2021-12-18,15:30,Bundesliga,Matchweek 17,Sat,Away,W,2,0,RB Leipzig,0.8,1.6,23.0,,Cédric Brunner,4-2-3-1,3-5-2,Frank Willenborg,Match Report,,4.0,4.0,12.1,0.0,0.0,0.0,2022,Arminia
2021-12-18,15:30,Bundesliga,Matchweek 17,Sat,Away,L,0,1,Eint Frankfurt,0.6,1.8,49.0,15000.0,Moussa Niakhate,3-5-2,3-4-3,Felix Brych,Match Report,,11.0,5.0,20.5,0.0,0.0,0.0,2022,Mainz 05
2021-12-19,15:30,Bundesliga,Matchweek 17,Sun,Home,W,2,1,Leverkusen,2.1,0.8,43.0,750.0,Christian Günter,4-2-3-1,4-3-2-1,Benjamin Cortus,Match Report,,14.0,4.0,16.2,0.0,1.0,1.0,2022,Freiburg
2021-12-19,17:30,Bundesliga,Matchweek 17,Sun,Home,W,1,0,Stuttgart,2.0,0.4,51.0,15000.0,Jonas Hector,4-1-3-2,3-4-3,Bastian Dankert,Match Report,,10.0,3.0,13.4,0.0,0.0,0.0,2022,Köln
2021-12-19,15:30,Bundesliga,Matchweek 17,Sun,Away,L,1,2,Freiburg,0.8,2.1,57.0,750.0,Lukáš Hrádecký,4-3-2-1,4-2-3-1,Benjamin Cortus,Match Report,,7.0,4.0,15.0,0.0,0.0,0.0,2022,Leverkusen
2021-12-19,17:30,Bundesliga,Matchweek 17,Sun,Away,L,0,1,Köln,0.4,2.0,49.0,15000.0,Wataru Endo,3-4-3,4-1-3-2,Bastian Dankert,Match Report,,5.0,1.0,14.2,0.0,0.0,0.0,2022,Stuttgart
2022-01-07,20:30,Bundesliga,Matchweek 18,Fri,Away,W,2,1,Bayern Munich,1.0,1.9,38.0,,Lars Stindl,3-1-4-2,4-2-3-1,Daniel Siebert,Match Report,,10.0,4.0,13.0,0.0,0.0,0.0,2022,Gladbach
2022-01-07,20:30,Bundesliga,Matchweek 18,Fri,Home,L,1,2,Gladbach,1.9,1.0,62.0,,Thomas Müller,4-2-3-1,3-1-4-2,Daniel Siebert,Match Report,,18.0,6.0,18.0,1.0,0.0,0.0,2022,Bayern Munich
2022-01-08,18:30,Bundesliga,Matchweek 18,Sat,Away,W,3,2,Eint Frankfurt,2.0,1.4,64.0,250.0,Marco Reus,4-3-3,3-4-3,Robert Schröder,Match Report,,20.0,8.0,14.1,0.0,0.0,0.0,2022,Dortmund
2022-01-08,15:30,Bundesliga,Matchweek 18,Sat,Away,L,1,3,Hoffenheim,0.9,2.2,42.0,500.0,Jeffrey Gouweleeuw,4-2-2-2,3-1-4-2,Benjamin Cortus,Match Report,,10.0,3.0,20.8,0.0,0.0,0.0,2022,Augsburg
2022-01-08,15:30,Bundesliga,Matchweek 18,Sat,Home,D,2,2,Union Berlin,1.6,2.7,64.0,,Lukáš Hrádecký,4-2-3-1,3-1-4-2,Matthias Jöllenbeck,Match Report,,19.0,8.0,15.3,0.0,0.0,0.0,2022,Leverkusen
2022-01-08,15:30,Bundesliga,Matchweek 18,Sat,Home,W,4,1,Mainz 05,2.9,0.3,68.0,,Péter Gulácsi,3-4-1-2,3-5-2,Deniz Aytekin,Match Report,,14.0,6.0,19.3,1.0,1.0,1.0,2022,RB Leipzig
2022-01-08,15:30,Bundesliga,Matchweek 18,Sat,Away,D,0,0,Greuther Fürth,1.9,0.9,61.0,,Wataru Endo,3-4-3,4-1-2-1-2,Felix Brych,Match Report,,17.0,2.0,15.8,1.0,0.0,0.0,2022,Stuttgart
2022-01-08,15:30,Bundesliga,Matchweek 18,Sat,Home,D,0,0,Stuttgart,0.9,1.9,39.0,,Branimir Hrgota,4-1-2-1-2◆,3-4-3,Felix Brych,Match Report,,10.0,2.0,20.0,0.0,0.0,0.0,2022,Greuther Fürth
2022-01-08,15:30,Bundesliga,Matchweek 18,Sat,Away,D,2,2,Freiburg,1.0,1.8,51.0,,Cédric Brunner,4-3-3,4-2-3-1,Harm Osmers,Match Report,,15.0,5.0,17.3,0.0,0.0,0.0,2022,Arminia
2022-01-08,15:30,Bundesliga,Matchweek 18,Sat,Home,W,3,1,Augsburg,2.2,0.9,58.0,500.0,Oliver Baumann,3-1-4-2,4-2-2-2,Benjamin Cortus,Match Report,,13.0,5.0,13.8,0.0,0.0,0.0,2022,Hoffenheim
2022-01-08,15:30,Bundesliga,Matchweek 18,Sat,Home,D,2,2,Arminia,1.8,1.0,49.0,,Christian Günter,4-2-3-1,4-3-3,Harm Osmers,Match Report,,18.0,5.0,15.5,1.0,0.0,0.0,2022,Freiburg
2022-01-08,15:30,Bundesliga,Matchweek 18,Sat,Away,D,2,2,Leverkusen,2.7,1.6,36.0,,Christopher Trimmel,3-1-4-2,4-2-3-1,Matthias Jöllenbeck,Match Report,,19.0,7.0,14.3,0.0,0.0,0.0,2022,Union Berlin
2022-01-08,15:30,Bundesliga,Matchweek 18,Sat,Away,L,1,4,RB Leipzig,0.3,2.9,32.0,,Robin Zentner,3-5-2,3-4-1-2,Deniz Aytekin,Match Report,,2.0,1.0,13.1,1.0,0.0,0.0,2022,Mainz 05
2022-01-08,18:30,Bundesliga,Matchweek 18,Sat,Home,L,2,3,Dortmund,1.4,2.0,36.0,250.0,Sebastian Rode,3-4-3,4-3-3,Robert Schröder,Match Report,,12.0,5.0,17.4,0.0,0.0,0.0,2022,Eint Frankfurt
2022-01-09,17:30,Bundesliga,Matchweek 18,Sun,Home,W,1,0,Wolfsburg,0.9,0.4,50.0,,Anthony Losilla,4-3-3,3-4-3,Daniel Schlager,Match Report,,12.0,3.0,18.3,0.0,0.0,0.0,2022,Bochum
2022-01-09,17:30,Bundesliga,Matchweek 18,Sun,Away,L,0,1,Bochum,0.4,0.9,50.0,,Koen Casteels,3-4-3,4-3-3,Daniel Schlager,Match Report,,12.0,3.0,22.9,0.0,0.0,0.0,2022,Wolfsburg
2022-01-09,15:30,Bundesliga,Matchweek 18,Sun,Away,W,3,1,Hertha BSC,1.2,1.2,47.0,3000.0,Jonas Hector,4-1-3-2,4-2-2-2,Tobias Stieler,Match Report,,14.0,7.0,15.7,0.0,0.0,0.0,2022,Köln
2022-01-09,15:30,Bundesliga,Matchweek 18,Sun,Home,L,1,3,Köln,1.2,1.2,53.0,3000.0,Niklas Stark,4-2-2-2,4-1-3-2,Tobias Stieler,Match Report,,11.0,5.0,15.9,1.0,0.0,0.0,2022,Hertha BSC
2022-01-14,20:30,Bundesliga,Matchweek 19,Fri,Away,L,1,5,Dortmund,0.9,2.4,34.0,750.0,Christian Günter,4-4-2,4-3-3,Florian Badstübner,Match Report,,5.0,4.0,12.6,0.0,0.0,0.0,2022,Freiburg
2022-01-14,20:30,Bundesliga,Matchweek 19,Fri,Home,W,5,1,Freiburg,2.4,0.9,66.0,750.0,Marco Reus,4-3-3,4-4-2,Florian Badstübner,Match Report,,20.0,7.0,14.0,1.0,0.0,0.0,2022,Dortmund
2022-01-15,15:30,Bundesliga,Matchweek 19,Sat,Home,D,0,0,Hertha BSC,1.7,0.3,48.0,500.0,Koen Casteels,3-4-3,4-4-2,Robert Hartmann,Match Report,,9.0,3.0,15.1,0.0,0.0,0.0,2022,Wolfsburg
2022-01-15,15:30,Bundesliga,Matchweek 19,Sat,Home,L,0,2,RB Leipzig,1.0,1.5,51.0,500.0,Wataru Endo,3-4-3,3-4-3,Daniel Schlager,Match Report,,16.0,8.0,16.3,0.0,0.0,0.0,2022,Stuttgart
2022-01-15,15:30,Bundesliga,Matchweek 19,Sat,Away,W,4,0,Köln,3.3,1.0,51.0,1000.0,Manuel Neuer,4-2-3-1,4-1-3-2,Tobias Welz,Match Report,,23.0,9.0,13.3,0.0,0.0,0.0,2022,Bayern Munich
2022-01-15,18:30,Bundesliga,Matchweek 19,Sat,Home,L,1,2,Leverkusen,1.2,5.3,54.0,750.0,Lars Stindl,3-4-3,4-2-3-1,Sascha Stegemann,Match Report,,17.0,6.0,18.7,2.0,0.0,0.0,2022,Gladbach
2022-01-15,15:30,Bundesliga,Matchweek 19,Sat,Home,L,0,4,Bayern Munich,1.0,3.3,49.0,1000.0,Jonas Hector,4-1-3-2,4-2-3-1,Tobias Welz,Match Report,,12.0,3.0,15.5,0.0,0.0,0.0,2022,Köln
2022-01-15,15:30,Bundesliga,Matchweek 19,Sat,Home,W,1,0,Bochum,1.7,1.5,53.0,1000.0,Moussa Niakhate,3-5-2,4-3-3,Frank Willenborg,Match Report,,19.0,5.0,19.4,0.0,0.0,0.0,2022,Mainz 05
2022-01-15,15:30,Bundesliga,Matchweek 19,Sat,Away,L,0,1,Mainz 05,1.5,1.7,47.0,1000.0,Anthony Losilla,4-3-3,3-5-2,Frank Willenborg,Match Report,,11.0,3.0,15.3,0.0,0.0,1.0,2022,Bochum
2022-01-15,15:30,Bundesliga,Matchweek 19,Sat,Away,W,2,0,Stuttgart,1.5,1.0,49.0,500.0,Péter Gulácsi,3-4-3,3-4-3,Daniel Schlager,Match Report,,6.0,2.0,18.8,0.0,1.0,1.0,2022,RB Leipzig
2022-01-15,15:30,Bundesliga,Matchweek 19,Sat,Home,W,2,1,Hoffenheim,1.3,0.8,42.0,3000.0,Christopher Trimmel,3-5-2,3-1-4-2,Martin Petersen,Match Report,,9.0,4.0,9.6,0.0,0.0,0.0,2022,Union Berlin
2022-01-15,18:30,Bundesliga,Matchweek 19,Sat,Away,W,2,1,Gladbach,5.3,1.2,46.0,750.0,Lukáš Hrádecký,4-2-3-1,3-4-3,Sascha Stegemann,Match Report,,30.0,12.0,15.0,0.0,0.0,2.0,2022,Leverkusen
2022-01-15,15:30,Bundesliga,Matchweek 19,Sat,Away,L,1,2,Union Berlin,0.8,1.3,58.0,3000.0,Oliver Baumann,3-1-4-2,3-5-2,Martin Petersen,Match Report,,11.0,4.0,17.3,1.0,0.0,0.0,2022,Hoffenheim
2022-01-15,15:30,Bundesliga,Matchweek 19,Sat,Away,D,0,0,Wolfsburg,0.3,1.7,52.0,500.0,Niklas Stark,4-4-2,3-4-3,Robert Hartmann,Match Report,,6.0,1.0,15.8,0.0,0.0,0.0,2022,Hertha BSC
2022-01-16,15:30,Bundesliga,Matchweek 19,Sun,Away,D,1,1,Augsburg,2.6,1.0,51.0,,Sebastian Rode,3-4-3,4-4-2,Sven Jablonski,Match Report,,14.0,4.0,17.0,2.0,0.0,0.0,2022,Eint Frankfurt
2022-01-16,17:30,Bundesliga,Matchweek 19,Sun,Home,D,2,2,Greuther Fürth,0.5,0.7,45.0,750.0,Cédric Brunner,4-2-3-1,4-3-1-2,Christian Dingert,Match Report,,13.0,5.0,19.9,0.0,0.0,0.0,2022,Arminia
2022-01-16,15:30,Bundesliga,Matchweek 19,Sun,Home,D,1,1,Eint Frankfurt,1.0,2.6,49.0,,Jeffrey Gouweleeuw,4-4-2,3-4-3,Sven Jablonski,Match Report,,10.0,4.0,16.8,0.0,0.0,0.0,2022,Augsburg
2022-01-16,17:30,Bundesliga,Matchweek 19,Sun,Away,D,2,2,Arminia,0.7,0.5,55.0,750.0,Branimir Hrgota,4-3-1-2,4-2-3-1,Christian Dingert,Match Report,,6.0,3.0,16.1,1.0,0.0,0.0,2022,Greuther Fürth
2022-01-18,18:30,DFB-Pokal,Round of 16,Tue,Home,D,1 (3),1 (4),Hamburger SV,,,51.0,750.0,Jonas Hector,4-3-2-1,4-3-3,Daniel Schlager,Match Report,Hamburger SV won on penalty kicks following extra time,22.0,7.0,,,1.0,1.0,2022,Köln
2022-01-18,20:45,DFB-Pokal,Round of 16,Tue,Away,L,1,3,Bochum,,,43.0,750.0,Moussa Niakhate,3-5-2,4-3-3,Felix Brych,Match Report,,7.0,4.0,,,0.0,0.0,2022,Mainz 05
2022-01-18,20:45,DFB-Pokal,Round of 16,Tue,Home,W,3,1,Mainz 05,,,57.0,750.0,Anthony Losilla,4-3-3,3-5-2,Felix Brych,Match Report,,19.0,8.0,,,1.0,1.0,2022,Bochum
2022-01-18,20:45,DFB-Pokal,Round of 16,Tue,Away,L,1,2,St. Pauli,,,69.0,2000.0,Marco Reus,4-3-3,4-3-1-2,Harm Osmers,Match Report,,14.0,6.0,,,1.0,1.0,2022,Dortmund
2022-01-19,18:30,DFB-Pokal,Round of 16,Wed,Away,L,0,3,Hannover 96,,,62.0,500.0,Lars Stindl,3-4-3,4-2-3-1,Florian Badstübner,Match Report,,17.0,6.0,,,0.0,0.0,2022,Gladbach
2022-01-19,20:45,DFB-Pokal,Round of 16,Wed,Away,W,4,1,Hoffenheim,,,38.0,500.0,Christian Günter,4-4-1-1,3-1-4-2,Robert Schröder,Match Report,,12.0,6.0,,,1.0,1.0,2022,Freiburg
2022-01-19,18:30,DFB-Pokal,Round of 16,Wed,Home,W,2,0,Hansa Rostock,,,74.0,1000.0,Péter Gulácsi,3-4-3,5-3-2,Sven Jablonski,Match Report,,13.0,6.0,,,0.0,0.0,2022,RB Leipzig
2022-01-19,20:45,DFB-Pokal,Round of 16,Wed,Home,L,1,4,Freiburg,,,62.0,500.0,Oliver Baumann,3-1-4-2,4-4-1-1,Robert Schröder,Match Report,,17.0,2.0,,,0.0,0.0,2022,Hoffenheim
2022-01-19,20:45,DFB-Pokal,Round of 16,Wed,Away,W,3,2,Hertha BSC,,,33.0,3000.0,Grischa Prömel,3-1-4-2,4-1-4-1,Deniz Aytekin,Match Report,,11.0,5.0,,,0.0,0.0,2022,Union Berlin
2022-01-19,20:45,DFB-Pokal,Round of 16,Wed,Home,L,2,3,Union Berlin,,,67.0,3000.0,Dedryck Boyata,4-1-4-1,3-1-4-2,Deniz Aytekin,Match Report,,17.0,2.0,,,0.0,0.0,2022,Hertha BSC
2022-01-21,20:30,Bundesliga,Matchweek 20,Fri,Home,L,0,2,Arminia,1.9,1.3,68.0,1000.0,Sebastian Rode,3-4-3,4-3-3,Tobias Reichel,Match Report,,18.0,7.0,13.2,0.0,0.0,0.0,2022,Eint Frankfurt
2022-01-21,20:30,Bundesliga,Matchweek 20,Fri,Away,W,2,0,Eint Frankfurt,1.3,1.9,32.0,1000.0,Stefan Ortega,4-3-3,3-4-3,Tobias Reichel,Match Report,,8.0,5.0,14.1,0.0,0.0,0.0,2022,Arminia
2022-01-22,15:30,Bundesliga,Matchweek 20,Sat,Away,L,1,2,Greuther Fürth,1.7,1.3,58.0,,Moussa Niakhate,3-5-2,4-3-1-2,Robert Schröder,Match Report,,18.0,5.0,16.4,1.0,0.0,0.0,2022,Mainz 05
2022-01-22,15:30,Bundesliga,Matchweek 20,Sat,Home,L,1,2,Union Berlin,1.5,1.1,59.0,750.0,Yann Sommer,3-4-3,3-5-2,Felix Brych,Match Report,,11.0,5.0,20.3,1.0,0.0,0.0,2022,Gladbach
2022-01-22,15:30,Bundesliga,Matchweek 20,Sat,Away,W,3,2,Hoffenheim,1.6,1.7,42.0,500.0,Marco Reus,4-3-3,3-4-1-2,Deniz Aytekin,Match Report,,4.0,2.0,14.9,0.0,0.0,0.0,2022,Dortmund
2022-01-22,15:30,Bundesliga,Matchweek 20,Sat,Home,L,2,3,Dortmund,1.7,1.6,58.0,500.0,Benjamin Hübner,3-4-1-2,4-3-3,Deniz Aytekin,Match Report,,16.0,3.0,16.5,1.0,0.0,0.0,2022,Hoffenheim
2022-01-22,15:30,Bundesliga,Matchweek 20,Sat,Home,W,5,1,Augsburg,2.8,1.5,66.0,750.0,Lukáš Hrádecký,4-1-4-1,4-4-2,Daniel Schlager,Match Report,,22.0,12.0,15.0,0.0,0.0,0.0,2022,Leverkusen
2022-01-22,18:30,Bundesliga,Matchweek 20,Sat,Away,D,2,2,Bochum,1.1,1.8,46.0,750.0,Jonas Hector,4-1-3-2,4-3-3,Matthias Jöllenbeck,Match Report,,8.0,3.0,14.2,0.0,0.0,0.0,2022,Köln
2022-01-22,15:30,Bundesliga,Matchweek 20,Sat,Away,W,2,1,Gladbach,1.1,1.5,41.0,750.0,Christopher Trimmel,3-5-2,3-4-3,Felix Brych,Match Report,,5.0,2.0,16.9,0.0,1.0,1.0,2022,Union Berlin
2022-01-22,15:30,Bundesliga,Matchweek 20,Sat,Home,W,2,0,Stuttgart,1.6,0.3,50.0,500.0,Christian Günter,4-4-1-1,3-4-3,Tobias Stieler,Match Report,,15.0,4.0,16.4,0.0,0.0,0.0,2022,Freiburg
2022-01-22,15:30,Bundesliga,Matchweek 20,Sat,Away,L,1,5,Leverkusen,1.5,2.8,34.0,750.0,Jeffrey Gouweleeuw,4-4-2,4-1-4-1,Daniel Schlager,Match Report,,14.0,5.0,18.0,1.0,0.0,0.0,2022,Augsburg
2022-01-22,18:30,Bundesliga,Matchweek 20,Sat,Home,D,2,2,Köln,1.8,1.1,54.0,750.0,Anthony Losilla,4-3-3,4-1-3-2,Matthias Jöllenbeck,Match Report,,17.0,7.0,17.9,0.0,0.0,0.0,2022,Bochum
2022-01-22,15:30,Bundesliga,Matchweek 20,Sat,Away,L,0,2,Freiburg,0.3,1.6,50.0,500.0,Wataru Endo,3-4-3,4-4-1-1,Tobias Stieler,Match Report,,6.0,1.0,19.0,0.0,0.0,0.0,2022,Stuttgart
2022-01-22,15:30,Bundesliga,Matchweek 20,Sat,Home,W,2,1,Mainz 05,1.3,1.7,42.0,,Branimir Hrgota,4-3-1-2,3-5-2,Robert Schröder,Match Report,,9.0,5.0,21.3,2.0,0.0,0.0,2022,Greuther Fürth
2022-01-23,15:30,Bundesliga,Matchweek 20,Sun,Home,W,2,0,Wolfsburg,1.5,0.8,53.0,1000.0,Péter Gulácsi,3-4-3,3-4-3,Daniel Siebert,Match Report,,11.0,3.0,21.7,1.0,0.0,0.0,2022,RB Leipzig
2022-01-23,17:30,Bundesliga,Matchweek 20,Sun,Home,L,1,4,Bayern Munich,0.9,5.5,30.0,3000.0,Dedryck Boyata,5-3-2,3-2-4-1,Bastian Dankert,Match Report,,5.0,2.0,11.1,0.0,0.0,0.0,2022,Hertha BSC
2022-01-23,17:30,Bundesliga,Matchweek 20,Sun,Away,W,4,1,Hertha BSC,5.5,0.9,70.0,3000.0,Manuel Neuer,3-2-4-1,5-3-2,Bastian Dankert,Match Report,,30.0,18.0,15.2,0.0,0.0,0.0,2022,Bayern Munich
2022-01-23,15:30,Bundesliga,Matchweek 20,Sun,Away,L,0,2,RB Leipzig,0.8,1.5,47.0,1000.0,Koen Casteels,3-4-3,3-4-3,Daniel Siebert,Match Report,,10.0,3.0,19.5,1.0,0.0,0.0,2022,Wolfsburg
2022-02-04,20:30,Bundesliga,Matchweek 21,Fri,Home,D,1,1,Bochum,0.4,1.1,52.0,3000.0,Niklas Stark,4-4-2,4-1-4-1,Marco Fritz,Match Report,,13.0,3.0,24.2,0.0,0.0,0.0,2022,Hertha BSC
2022-02-04,20:30,Bundesliga,Matchweek 21,Fri,Away,D,1,1,Hertha BSC,1.1,0.4,48.0,3000.0,Manuel Riemann,4-1-4-1,4-4-2,Marco Fritz,Match Report,,10.0,3.0,17.4,0.0,0.0,0.0,2022,Bochum
2022-02-05,18:30,Bundesliga,Matchweek 21,Sat,Home,W,3,2,RB Leipzig,3.1,2.1,58.0,10000.0,Manuel Neuer,3-4-3,3-4-3,Sven Jablonski,Match Report,,23.0,7.0,17.3,1.0,0.0,0.0,2022,Bayern Munich
2022-02-05,15:30,Bundesliga,Matchweek 21,Sat,Home,W,1,0,Freiburg,1.0,0.7,42.0,10000.0,Jonas Hector,4-1-3-2,4-4-2,Felix Brych,Match Report,,12.0,3.0,16.8,0.0,0.0,0.0,2022,Köln
2022-02-05,18:30,Bundesliga,Matchweek 21,Sat,Away,L,2,3,Bayern Munich,2.1,3.1,42.0,10000.0,Péter Gulácsi,3-4-3,3-4-3,Sven Jablonski,Match Report,,12.0,7.0,13.2,0.0,0.0,0.0,2022,RB Leipzig
2022-02-05,15:30,Bundesliga,Matchweek 21,Sat,Home,W,2,0,Union Berlin,1.8,1.7,47.0,7600.0,Jeffrey Gouweleeuw,4-2-2-2,3-5-2,Harm Osmers,Match Report,,14.0,7.0,18.5,0.0,0.0,0.0,2022,Augsburg
2022-02-05,15:30,Bundesliga,Matchweek 21,Sat,Home,L,2,3,Eint Frankfurt,1.5,1.1,52.0,10000.0,Wataru Endo,4-4-2,3-5-2,Sascha Stegemann,Match Report,,15.0,5.0,13.9,0.0,0.0,0.0,2022,Stuttgart
2022-02-05,15:30,Bundesliga,Matchweek 21,Sat,Away,W,3,2,Stuttgart,1.1,1.5,48.0,10000.0,Sebastian Rode,3-5-2,4-4-2,Sascha Stegemann,Match Report,,15.0,6.0,15.3,0.0,0.0,0.0,2022,Eint Frankfurt
2022-02-05,15:30,Bundesliga,Matchweek 21,Sat,Home,D,1,1,Gladbach,0.5,2.0,39.0,10000.0,Stefan Ortega,4-2-3-1,3-4-3,Benjamin Cortus,Match Report,,11.0,5.0,18.5,0.0,0.0,0.0,2022,Arminia
2022-02-05,15:30,Bundesliga,Matchweek 21,Sat,Away,L,0,2,Augsburg,1.7,1.8,53.0,7600.0,Christopher Trimmel,3-5-2,4-2-2-2,Harm Osmers,Match Report,,14.0,4.0,16.3,0.0,0.0,0.0,2022,Union Berlin
2022-02-05,15:30,Bundesliga,Matchweek 21,Sat,Away,D,1,1,Arminia,2.0,0.5,61.0,10000.0,Yann Sommer,3-4-3,4-2-3-1,Benjamin Cortus,Match Report,,21.0,4.0,16.6,1.0,0.0,0.0,2022,Gladbach
2022-02-05,15:30,Bundesliga,Matchweek 21,Sat,Home,W,2,0,Hoffenheim,2.2,1.6,41.0,6800.0,Moussa Niakhate,3-5-2,3-4-3,Christian Dingert,Match Report,,9.0,3.0,17.2,1.0,1.0,1.0,2022,Mainz 05
2022-02-05,15:30,Bundesliga,Matchweek 21,Sat,Away,L,0,1,Köln,0.7,1.0,58.0,10000.0,Christian Günter,4-4-2,4-1-3-2,Felix Brych,Match Report,,15.0,2.0,20.9,1.0,0.0,0.0,2022,Freiburg
2022-02-05,15:30,Bundesliga,Matchweek 21,Sat,Away,L,0,2,Mainz 05,1.6,2.2,59.0,6800.0,Benjamin Hübner,3-4-3,3-5-2,Christian Dingert,Match Report,,16.0,3.0,13.5,0.0,0.0,0.0,2022,Hoffenheim
2022-02-06,17:30,Bundesliga,Matchweek 21,Sun,Home,W,4,1,Greuther Fürth,2.4,1.1,56.0,500.0,Koen Casteels,3-4-3,4-3-3,Martin Petersen,Match Report,,14.0,6.0,18.1,3.0,0.0,0.0,2022,Wolfsburg
2022-02-06,15:30,Bundesliga,Matchweek 21,Sun,Home,L,2,5,Leverkusen,1.7,2.0,64.0,10000.0,Marco Reus,4-3-3,4-2-3-1,Daniel Siebert,Match Report,,14.0,6.0,21.5,1.0,0.0,0.0,2022,Dortmund
2022-02-06,17:30,Bundesliga,Matchweek 21,Sun,Away,L,1,4,Wolfsburg,1.1,2.4,44.0,500.0,Branimir Hrgota,4-3-3,3-4-3,Martin Petersen,Match Report,,7.0,3.0,18.9,1.0,1.0,1.0,2022,Greuther Fürth
2022-02-06,15:30,Bundesliga,Matchweek 21,Sun,Away,W,5,2,Dortmund,2.0,1.7,36.0,10000.0,Jonathan Tah,4-2-3-1,4-3-3,Daniel Siebert,Match Report,,10.0,6.0,12.4,1.0,0.0,0.0,2022,Leverkusen
2022-02-11,20:30,Bundesliga,Matchweek 22,Fri,Home,W,3,1,Köln,0.9,0.9,50.0,15000.0,Péter Gulácsi,3-4-1-2,4-2-3-1,Florian Badstübner,Match Report,,6.0,4.0,18.4,1.0,0.0,0.0,2022,RB Leipzig
2022-02-11,20:30,Bundesliga,Matchweek 22,Fri,Away,L,1,3,RB Leipzig,0.9,0.9,50.0,15000.0,Jonas Hector,4-2-3-1,3-4-1-2,Florian Badstübner,Match Report,,9.0,2.0,17.2,0.0,0.0,0.0,2022,Köln
2022-02-12,18:30,Bundesliga,Matchweek 22,Sat,Away,L,2,4,Leverkusen,1.0,1.9,31.0,10000.0,Wataru Endo,4-5-1,4-2-3-1,Felix Brych,Match Report,,8.0,4.0,13.7,0.0,0.0,0.0,2022,Stuttgart
2022-02-12,15:30,Bundesliga,Matchweek 22,Sat,Away,L,2,4,Bochum,1.9,1.4,64.0,10000.0,Thomas Müller,4-2-3-1,4-3-3,Robert Schröder,Match Report,,21.0,4.0,17.4,2.0,0.0,0.0,2022,Bayern Munich
2022-02-12,15:30,Bundesliga,Matchweek 22,Sat,Away,W,2,0,Eint Frankfurt,1.5,1.0,39.0,10000.0,Koen Casteels,3-4-3,3-4-3,Frank Willenborg,Match Report,,10.0,2.0,18.9,0.0,1.0,1.0,2022,Wolfsburg
2022-02-12,15:30,Bundesliga,Matchweek 22,Sat,Home,W,2,1,Hertha BSC,2.4,2.1,40.0,9000.0,Branimir Hrgota,4-1-2-1-2◆,4-4-2,Daniel Schlager,Match Report,,17.0,4.0,16.0,1.0,1.0,1.0,2022,Greuther Fürth
2022-02-12,15:30,Bundesliga,Matchweek 22,Sat,Home,D,1,1,Mainz 05,1.7,2.3,60.0,10000.0,Christian Günter,4-2-3-1,3-4-3,Deniz Aytekin,Match Report,,17.0,5.0,20.6,3.0,0.0,0.0,2022,Freiburg
2022-02-12,18:30,Bundesliga,Matchweek 22,Sat,Home,W,4,2,Stuttgart,1.9,1.0,69.0,10000.0,Lukáš Hrádecký,4-2-3-1,4-5-1,Felix Brych,Match Report,,20.0,6.0,18.0,0.0,0.0,0.0,2022,Leverkusen
2022-02-12,15:30,Bundesliga,Matchweek 22,Sat,Away,L,2,3,Gladbach,1.6,2.4,43.0,10000.0,Jeffrey Gouweleeuw,4-2-2-2,3-4-3,Tobias Welz,Match Report,,15.0,6.0,14.1,0.0,0.0,0.0,2022,Augsburg
2022-02-12,15:30,Bundesliga,Matchweek 22,Sat,Away,L,1,2,Greuther Fürth,2.1,2.4,60.0,9000.0,Niklas Stark,4-4-2,4-1-2-1-2,Daniel Schlager,Match Report,,26.0,7.0,15.8,1.0,0.0,0.0,2022,Hertha BSC
2022-02-12,15:30,Bundesliga,Matchweek 22,Sat,Away,D,1,1,Freiburg,2.3,1.7,40.0,10000.0,Moussa Niakhate,3-4-3,4-2-3-1,Deniz Aytekin,Match Report,,20.0,5.0,19.3,1.0,0.0,0.0,2022,Mainz 05
2022-02-12,15:30,Bundesliga,Matchweek 22,Sat,Home,W,3,2,Augsburg,2.4,1.6,57.0,10000.0,Yann Sommer,3-4-3,4-2-2-2,Tobias Welz,Match Report,,14.0,5.0,13.9,0.0,0.0,0.0,2022,Gladbach
2022-02-12,15:30,Bundesliga,Matchweek 22,Sat,Home,L,0,2,Wolfsburg,1.0,1.5,61.0,10000.0,Martin Hinteregger,3-4-3,3-4-3,Frank Willenborg,Match Report,,17.0,3.0,15.5,0.0,0.0,0.0,2022,Eint Frankfurt
2022-02-12,15:30,Bundesliga,Matchweek 22,Sat,Home,W,4,2,Bayern Munich,1.4,1.9,36.0,10000.0,Anthony Losilla,4-3-3,4-2-3-1,Robert Schröder,Match Report,,10.0,5.0,19.5,0.0,1.0,1.0,2022,Bochum
2022-02-13,15:30,Bundesliga,Matchweek 22,Sun,Away,W,3,0,Union Berlin,2.2,1.2,60.0,10000.0,Marco Reus,4-3-3,5-3-2,Matthias Jöllenbeck,Match Report,,10.0,6.0,14.4,1.0,0.0,0.0,2022,Dortmund
2022-02-13,15:30,Bundesliga,Matchweek 22,Sun,Home,L,0,3,Dortmund,1.2,2.2,40.0,10000.0,Christopher Trimmel,5-3-2,4-3-3,Matthias Jöllenbeck,Match Report,,11.0,2.0,16.2,0.0,0.0,0.0,2022,Union Berlin
2022-02-13,17:30,Bundesliga,Matchweek 22,Sun,Away,L,0,2,Hoffenheim,0.9,2.8,47.0,10000.0,Stefan Ortega,4-1-4-1,3-5-2,Robert Hartmann,Match Report,,8.0,3.0,18.4,1.0,0.0,0.0,2022,Arminia
2022-02-13,17:30,Bundesliga,Matchweek 22,Sun,Home,W,2,0,Arminia,2.8,0.9,53.0,10000.0,Benjamin Hübner,3-5-2,4-1-4-1,Robert Hartmann,Match Report,,24.0,8.0,11.7,0.0,0.0,0.0,2022,Hoffenheim
2022-02-16,21:00,Champions Lg,Round of 16,Wed,Away,D,1,1,at RB Salzburg,2.3,1.1,71.0,29520.0,Thomas Müller,3-2-4-1,4-3-1-2,Michael Oliver,Match Report,Leg 1 of 2,22.0,9.0,15.9,0.0,0.0,0.0,2022,Bayern Munich
2022-02-17,21:00,Europa Lg,Knockout round play-offs,Thu,Home,D,2,2,es Real Sociedad,1.7,0.9,69.0,21113.0,Péter Gulácsi,3-4-1-2,5-4-1,Cüneyt Çakιr,Match Report,Leg 1 of 2,19.0,6.0,24.1,1.0,1.0,1.0,2022,RB Leipzig
2022-02-17,18:45,Europa Lg,Knockout round play-offs,Thu,Home,L,2,4,sct Rangers,1.5,2.1,64.0,10000.0,Marco Reus,4-2-3-1,4-2-3-1,Clément Turpin,Match Report,Leg 1 of 2,13.0,3.0,14.9,0.0,0.0,0.0,2022,Dortmund
2022-02-18,20:30,Bundesliga,Matchweek 23,Fri,Home,W,3,2,Leverkusen,0.9,1.0,41.0,10000.0,Moussa Niakhate,3-4-3,4-2-3-1,Benjamin Cortus,Match Report,,18.0,5.0,18.4,1.0,0.0,0.0,2022,Mainz 05
2022-02-18,20:30,Bundesliga,Matchweek 23,Fri,Away,L,2,3,Mainz 05,1.0,0.9,59.0,10000.0,Lukáš Hrádecký,4-2-3-1,3-4-3,Benjamin Cortus,Match Report,,7.0,6.0,16.1,0.0,0.0,0.0,2022,Leverkusen
2022-02-19,15:30,Bundesliga,Matchweek 23,Sat,Away,W,2,1,Augsburg,2.0,1.1,46.0,15000.0,Christian Günter,4-2-3-1,4-4-2,Daniel Siebert,Match Report,,16.0,5.0,18.6,3.0,0.0,0.0,2022,Freiburg
2022-02-19,18:30,Bundesliga,Matchweek 23,Sat,Home,W,1,0,Eint Frankfurt,1.1,0.6,58.0,10000.0,Jonas Hector,4-2-3-1,3-1-4-2,Christian Dingert,Match Report,,13.0,8.0,16.7,1.0,0.0,0.0,2022,Köln
2022-02-19,15:30,Bundesliga,Matchweek 23,Sat,Home,L,1,2,Freiburg,1.1,2.0,54.0,15000.0,Jeffrey Gouweleeuw,4-4-2,4-2-3-1,Daniel Siebert,Match Report,,17.0,4.0,19.5,0.0,0.0,0.0,2022,Augsburg
2022-02-19,15:30,Bundesliga,Matchweek 23,Sat,Away,W,2,1,Wolfsburg,1.5,1.5,45.0,7145.0,Kevin Vogt,3-5-1-1,3-4-3,Felix Zwayer,Match Report,,11.0,4.0,14.6,0.0,0.0,0.0,2022,Hoffenheim
2022-02-19,15:30,Bundesliga,Matchweek 23,Sat,Home,L,1,2,Hoffenheim,1.5,1.5,55.0,7145.0,Koen Casteels,3-4-3,3-5-1-1,Felix Zwayer,Match Report,,14.0,6.0,18.3,0.0,0.0,0.0,2022,Wolfsburg
2022-02-19,15:30,Bundesliga,Matchweek 23,Sat,Away,D,1,1,Stuttgart,2.0,1.2,45.0,20059.0,Anthony Losilla,4-3-3,4-3-3,Harm Osmers,Match Report,,11.0,3.0,22.4,0.0,1.0,1.0,2022,Bochum
2022-02-19,15:30,Bundesliga,Matchweek 23,Sat,Home,D,1,1,Bochum,1.2,2.0,55.0,20059.0,Wataru Endo,4-3-3,4-3-3,Harm Osmers,Match Report,,16.0,7.0,20.9,0.0,0.0,0.0,2022,Stuttgart
2022-02-19,15:30,Bundesliga,Matchweek 23,Sat,Home,W,1,0,Union Berlin,0.8,0.9,42.0,10000.0,Stefan Ortega,4-2-3-1,3-5-2,Daniel Schlager,Match Report,,12.0,2.0,19.4,1.0,0.0,0.0,2022,Arminia
2022-02-19,18:30,Bundesliga,Matchweek 23,Sat,Away,L,0,1,Köln,0.6,1.1,42.0,10000.0,Sebastian Rode,3-1-4-2,4-2-3-1,Christian Dingert,Match Report,,10.0,2.0,19.5,0.0,0.0,0.0,2022,Eint Frankfurt
2022-02-19,15:30,Bundesliga,Matchweek 23,Sat,Away,L,0,1,Arminia,0.9,0.8,58.0,10000.0,Grischa Prömel,3-5-2,4-2-3-1,Daniel Schlager,Match Report,,10.0,3.0,14.3,0.0,0.0,0.0,2022,Union Berlin
2022-02-20,17:30,Bundesliga,Matchweek 23,Sun,Away,L,0,6,Dortmund,0.9,3.8,50.0,10000.0,Yann Sommer,3-4-3,3-4-3,Marco Fritz,Match Report,,8.0,4.0,15.6,0.0,0.0,0.0,2022,Gladbach
2022-02-20,15:30,Bundesliga,Matchweek 23,Sun,Home,W,4,1,Greuther Fürth,1.8,0.8,78.0,25000.0,Thomas Müller,4-2-3-1,4-1-2-1-2,Robert Hartmann,Match Report,,20.0,8.0,17.6,1.0,0.0,0.0,2022,Bayern Munich
2022-02-20,19:30,Bundesliga,Matchweek 23,Sun,Home,L,1,6,RB Leipzig,1.0,3.4,36.0,10000.0,Peter Pekarík,4-3-3,3-1-4-2,Patrick Ittrich,Match Report,,8.0,4.0,15.3,1.0,0.0,0.0,2022,Hertha BSC
2022-02-20,19:30,Bundesliga,Matchweek 23,Sun,Away,W,6,1,Hertha BSC,3.4,1.0,64.0,10000.0,Péter Gulácsi,3-1-4-2,4-3-3,Patrick Ittrich,Match Report,,17.0,9.0,16.2,1.0,1.0,1.0,2022,RB Leipzig
2022-02-20,17:30,Bundesliga,Matchweek 23,Sun,Home,W,6,0,Gladbach,3.8,0.9,50.0,10000.0,Marco Reus,3-4-3,3-4-3,Marco Fritz,Match Report,,15.0,9.0,18.9,1.0,1.0,1.0,2022,Dortmund
2022-02-20,15:30,Bundesliga,Matchweek 23,Sun,Away,L,1,4,Bayern Munich,0.8,1.8,22.0,25000.0,Branimir Hrgota,4-1-2-1-2◆,4-2-3-1,Robert Hartmann,Match Report,,8.0,3.0,18.9,1.0,0.0,0.0,2022,Greuther Fürth
2022-02-24,18:45,Europa Lg,Knockout round play-offs,Thu,Away,W,3,1,es Real Sociedad,2.6,1.2,52.0,30113.0,Péter Gulácsi,3-4-1-2,5-4-1,Anthony Taylor,Match Report,Leg 2 of 2; RB Leipzig won,14.0,6.0,21.3,0.0,1.0,2.0,2022,RB Leipzig
2022-02-24,20:00 (21:00),Europa Lg,Knockout round play-offs,Thu,Away,D,2,2,sct Rangers,3.6,1.7,65.0,47709.0,Marco Reus,4-2-3-1,4-2-3-1,Antonio Matéu Lahoz,Match Report,Leg 2 of 2; Rangers won,16.0,6.0,13.5,0.0,0.0,0.0,2022,Dortmund
2022-02-25,20:30,Bundesliga,Matchweek 24,Fri,Home,W,2,1,Stuttgart,2.6,1.7,55.0,18099.0,Benjamin Hübner,3-4-3,4-5-1,Matthias Jöllenbeck,Match Report,,16.0,6.0,12.4,0.0,0.0,0.0,2022,Hoffenheim
2022-02-25,20:30,Bundesliga,Matchweek 24,Fri,Away,L,1,2,Hoffenheim,1.7,2.6,45.0,18099.0,Wataru Endo,4-5-1,3-4-3,Matthias Jöllenbeck,Match Report,,13.0,4.0,16.2,0.0,0.0,0.0,2022,Stuttgart
2022-02-26,15:30,Bundesliga,Matchweek 24,Sat,Home,D,1,1,Köln,0.7,0.6,41.0,9200.0,Branimir Hrgota,4-1-2-1-2◆,4-1-2-1-2,Robert Schörgenhofer,Match Report,,12.0,5.0,16.7,0.0,0.0,0.0,2022,Greuther Fürth
2022-02-26,18:30,Bundesliga,Matchweek 24,Sat,Away,W,1,0,Eint Frankfurt,2.4,0.9,68.0,25000.0,Robert Lewandowski,3-4-3,3-4-3,Florian Badstübner,Match Report,,21.0,9.0,17.2,0.0,0.0,0.0,2022,Bayern Munich
2022-02-26,18:30,Bundesliga,Matchweek 24,Sat,Home,L,0,1,Bayern Munich,0.9,2.4,32.0,25000.0,Kevin Trapp,3-4-3,3-4-3,Florian Badstübner,Match Report,,6.0,1.0,14.1,0.0,0.0,0.0,2022,Eint Frankfurt
2022-02-26,15:30,Bundesliga,Matchweek 24,Sat,Home,D,2,2,Wolfsburg,2.4,1.4,66.0,10000.0,Yann Sommer,3-4-3,3-4-3,Tobias Reichel,Match Report,,26.0,10.0,14.4,0.0,0.0,0.0,2022,Gladbach
2022-02-26,15:30,Bundesliga,Matchweek 24,Sat,Away,L,1,3,Union Berlin,1.0,1.0,51.0,10000.0,Moussa Niakhate,3-4-3,3-1-4-2,Bastian Dankert,Match Report,,15.0,1.0,20.3,2.0,0.0,0.0,2022,Mainz 05
2022-02-26,15:30,Bundesliga,Matchweek 24,Sat,Away,L,0,3,Freiburg,1.3,2.6,42.0,25000.0,Dedryck Boyata,4-3-3,4-2-3-1,Sven Jablonski,Match Report,,18.0,2.0,14.5,1.0,0.0,0.0,2022,Hertha BSC
2022-02-26,15:30,Bundesliga,Matchweek 24,Sat,Away,D,1,1,Greuther Fürth,0.6,0.7,59.0,9200.0,Jonas Hector,4-1-2-1-2◆,4-1-2-1-2,Robert Schörgenhofer,Match Report,,18.0,4.0,20.1,1.0,0.0,0.0,2022,Köln
2022-02-26,15:30,Bundesliga,Matchweek 24,Sat,Away,D,2,2,Gladbach,1.4,2.4,34.0,10000.0,Koen Casteels,3-4-3,3-4-3,Tobias Reichel,Match Report,,6.0,2.0,12.0,0.0,0.0,0.0,2022,Wolfsburg
2022-02-26,15:30,Bundesliga,Matchweek 24,Sat,Home,W,3,1,Mainz 05,1.0,1.0,49.0,10000.0,Christopher Trimmel,3-1-4-2,3-4-3,Bastian Dankert,Match Report,,6.0,3.0,18.3,0.0,0.0,0.0,2022,Union Berlin
2022-02-26,15:30,Bundesliga,Matchweek 24,Sat,Home,W,3,0,Arminia,2.1,0.4,71.0,10000.0,Lukáš Hrádecký,4-2-3-1,4-2-3-1,Martin Petersen,Match Report,,21.0,9.0,16.4,0.0,0.0,0.0,2022,Leverkusen
2022-02-26,15:30,Bundesliga,Matchweek 24,Sat,Away,L,0,3,Leverkusen,0.4,2.1,29.0,10000.0,Stefan Ortega,4-2-3-1,4-2-3-1,Martin Petersen,Match Report,,9.0,3.0,24.1,0.0,0.0,0.0,2022,Arminia
2022-02-26,15:30,Bundesliga,Matchweek 24,Sat,Home,W,3,0,Hertha BSC,2.6,1.3,58.0,25000.0,Christian Günter,4-2-3-1,4-3-3,Sven Jablonski,Match Report,,15.0,4.0,15.7,2.0,1.0,1.0,2022,Freiburg
2022-02-27,17:30,Bundesliga,Matchweek 24,Sun,Away,D,1,1,Augsburg,0.6,0.8,64.0,15330.0,Mats Hummels,3-5-2,3-4-1-2,Deniz Aytekin,Match Report,,10.0,6.0,19.5,1.0,0.0,0.0,2022,Dortmund
2022-02-27,17:30,Bundesliga,Matchweek 24,Sun,Home,D,1,1,Dortmund,0.8,0.6,36.0,15330.0,Jeffrey Gouweleeuw,3-4-1-2,3-5-2,Deniz Aytekin,Match Report,,8.0,3.0,12.3,0.0,0.0,0.0,2022,Augsburg
2022-02-27,15:30,Bundesliga,Matchweek 24,Sun,Home,L,0,1,RB Leipzig,0.8,0.7,51.0,10000.0,Anthony Losilla,4-3-3,3-4-1-2,Felix Brych,Match Report,,14.0,1.0,18.7,0.0,0.0,0.0,2022,Bochum
2022-02-27,15:30,Bundesliga,Matchweek 24,Sun,Away,W,1,0,Bochum,0.7,0.8,49.0,10000.0,Péter Gulácsi,3-4-1-2,4-3-3,Felix Brych,Match Report,,6.0,1.0,15.4,0.0,0.0,0.0,2022,RB Leipzig
2022-03-01,20:45,DFB-Pokal,Quarter-finals,Tue,Home,W,2,1,St. Pauli,,,56.0,10000.0,Christopher Trimmel,3-1-4-2,5-3-2,Florian Badstübner,Match Report,,16.0,6.0,,,0.0,0.0,2022,Union Berlin
2022-03-02,20:45,DFB-Pokal,Quarter-finals,Wed,Away,W,2,1,Bochum,,,47.0,10000.0,Christian Günter,4-2-3-1,4-1-4-1,Robert Schröder,Match Report,Required Extra Time,13.0,6.0,,,0.0,0.0,2022,Freiburg
2022-03-02,18:30,DFB-Pokal,Quarter-finals,Wed,Away,W,4,0,Hannover 96,,,65.0,25000.0,Péter Gulácsi,3-4-1-2,4-2-3-1,Marco Fritz,Match Report,,12.0,8.0,,,0.0,0.0,2022,RB Leipzig
2022-03-02,20:45,DFB-Pokal,Quarter-finals,Wed,Home,L,1,2,Freiburg,,,53.0,10000.0,Anthony Losilla,4-1-4-1,4-2-3-1,Robert Schröder,Match Report,Required Extra Time,15.0,4.0,,,0.0,0.0,2022,Bochum
2022-03-04,20:30,Bundesliga,Matchweek 25,Fri,Home,L,0,1,Augsburg,0.2,0.5,50.0,19460.0,Fabian Klos,4-2-3-1,3-4-3,Felix Brych,Match Report,,5.0,1.0,26.9,0.0,0.0,0.0,2022,Arminia
2022-03-04,20:30,Bundesliga,Matchweek 25,Fri,Away,W,1,0,Arminia,0.5,0.2,50.0,19460.0,Jeffrey Gouweleeuw,3-4-3,4-2-3-1,Felix Brych,Match Report,,7.0,1.0,18.2,0.0,0.0,0.0,2022,Augsburg
2022-03-05,15:30,Bundesliga,Matchweek 25,Sat,Away,L,1,2,Bochum,0.7,1.6,55.0,19800.0,Branimir Hrgota,4-1-2-1-2◆,4-3-3,Daniel Schlager,Match Report,,9.0,2.0,13.9,1.0,0.0,0.0,2022,Greuther Fürth
2022-03-05,15:30,Bundesliga,Matchweek 25,Sat,Home,L,1,4,Eint Frankfurt,0.4,1.2,47.0,25000.0,Dedryck Boyata,4-3-3,3-4-3,Harm Osmers,Match Report,,10.0,4.0,17.1,1.0,0.0,0.0,2022,Hertha BSC
2022-03-05,15:30,Bundesliga,Matchweek 25,Sat,Away,D,1,1,Bayern Munich,2.1,1.6,32.0,25000.0,Lukáš Hrádecký,3-4-3,4-2-3-1,Daniel Siebert,Match Report,,9.0,2.0,13.0,0.0,0.0,0.0,2022,Leverkusen
2022-03-05,15:30,Bundesliga,Matchweek 25,Sat,Home,W,2,1,Greuther Fürth,1.6,0.7,45.0,19800.0,Anthony Losilla,4-3-3,4-1-2-1-2,Daniel Schlager,Match Report,,14.0,7.0,18.8,1.0,0.0,0.0,2022,Bochum
2022-03-05,15:30,Bundesliga,Matchweek 25,Sat,Away,L,0,1,Wolfsburg,1.2,0.5,54.0,15703.0,Grischa Prömel,3-5-2,4-1-2-1-2,Patrick Ittrich,Match Report,,19.0,4.0,16.1,0.0,0.0,0.0,2022,Union Berlin
2022-03-05,15:30,Bundesliga,Matchweek 25,Sat,Away,D,1,1,RB Leipzig,0.4,0.6,29.0,24758.0,Christian Günter,3-5-2,3-4-1-2,Felix Zwayer,Match Report,,4.0,3.0,22.5,0.0,0.0,0.0,2022,Freiburg
2022-03-05,18:30,Bundesliga,Matchweek 25,Sat,Away,L,2,3,Stuttgart,0.9,2.4,43.0,25000.0,Yann Sommer,4-3-3,4-3-3,Christian Dingert,Match Report,,8.0,3.0,13.6,0.0,0.0,0.0,2022,Gladbach
2022-03-05,15:30,Bundesliga,Matchweek 25,Sat,Home,D,1,1,Leverkusen,1.6,2.1,68.0,25000.0,Thomas Müller,4-2-3-1,3-4-3,Daniel Siebert,Match Report,,19.0,5.0,16.7,0.0,0.0,0.0,2022,Bayern Munich
2022-03-05,18:30,Bundesliga,Matchweek 25,Sat,Home,W,3,2,Gladbach,2.4,0.9,57.0,25000.0,Wataru Endo,4-3-3,4-3-3,Christian Dingert,Match Report,,19.0,7.0,15.9,1.0,0.0,0.0,2022,Stuttgart
2022-03-05,15:30,Bundesliga,Matchweek 25,Sat,Home,D,1,1,Freiburg,0.6,0.4,71.0,24758.0,Péter Gulácsi,3-4-1-2,3-5-2,Felix Zwayer,Match Report,,14.0,6.0,17.3,0.0,0.0,0.0,2022,RB Leipzig
2022-03-05,15:30,Bundesliga,Matchweek 25,Sat,Away,W,4,1,Hertha BSC,1.2,0.4,53.0,25000.0,Kevin Trapp,3-4-3,4-3-3,Harm Osmers,Match Report,,12.0,6.0,17.0,1.0,0.0,0.0,2022,Eint Frankfurt
2022-03-05,15:30,Bundesliga,Matchweek 25,Sat,Home,W,1,0,Union Berlin,0.5,1.2,46.0,15703.0,Koen Casteels,4-1-2-1-2◆,3-5-2,Patrick Ittrich,Match Report,,8.0,3.0,19.1,0.0,0.0,0.0,2022,Wolfsburg
2022-03-06,17:30,Bundesliga,Matchweek 25,Sun,Home,L,0,1,Hoffenheim,1.6,2.5,56.0,37500.0,Anthony Modeste,4-2-3-1,3-5-2,Marco Fritz,Match Report,,10.0,4.0,12.6,0.0,0.0,0.0,2022,Köln
2022-03-06,17:30,Bundesliga,Matchweek 25,Sun,Away,W,1,0,Köln,2.5,1.6,44.0,37500.0,Oliver Baumann,3-5-2,4-2-3-1,Marco Fritz,Match Report,,13.0,3.0,15.0,0.0,0.0,0.0,2022,Hoffenheim
2022-03-08,21:00,Champions Lg,Round of 16,Tue,Home,W,7,1,at RB Salzburg,4.2,0.7,72.0,25000.0,Manuel Neuer,3-2-4-1,4-3-1-2,Clément Turpin,Match Report,Leg 2 of 2; Bayern Munich won,16.0,7.0,18.1,2.0,2.0,2.0,2022,Bayern Munich
2022-03-09,18:45,Europa Lg,Round of 16,Wed,Away,W,2,1,es Betis,2.5,0.9,36.0,36574.0,Kevin Trapp,3-4-3,4-2-3-1,Marco Guida,Match Report,Leg 1 of 2,13.0,8.0,20.5,0.0,0.0,1.0,2022,Eint Frankfurt
2022-03-10,21:00,Europa Lg,Round of 16,Thu,Away,L,2,3,it Atalanta,0.5,1.7,54.0,13134.0,Lukáš Hrádecký,4-2-3-1,3-4-1-2,Srđan Jovanović,Match Report,Leg 1 of 2,7.0,2.0,20.1,1.0,0.0,0.0,2022,Leverkusen
2022-03-12,18:30,Bundesliga,Matchweek 26,Sat,Away,L,0,2,Gladbach,0.6,1.8,47.0,30675.0,Niklas Stark,3-1-4-2,3-4-3,Florian Badstübner,Match Report,,12.0,3.0,21.7,0.0,0.0,0.0,2022,Hertha BSC
2022-03-12,15:30,Bundesliga,Matchweek 26,Sat,Home,D,1,1,Bayern Munich,1.7,2.9,38.0,25600.0,Oliver Baumann,5-4-1,3-2-4-1,Robert Schröder,Match Report,,9.0,6.0,13.2,0.0,0.0,0.0,2022,Hoffenheim
2022-03-12,18:30,Bundesliga,Matchweek 26,Sat,Home,W,2,0,Hertha BSC,1.8,0.6,53.0,30675.0,Yann Sommer,3-4-3,3-1-4-2,Florian Badstübner,Match Report,,12.0,4.0,15.1,0.0,1.0,1.0,2022,Gladbach
2022-03-12,15:30,Bundesliga,Matchweek 26,Sat,Home,D,1,1,Stuttgart,1.5,1.0,44.0,16509.0,Christopher Trimmel,3-5-2,4-3-3,Robert Hartmann,Match Report,,11.0,2.0,19.1,0.0,1.0,1.0,2022,Union Berlin
2022-03-12,15:30,Bundesliga,Matchweek 26,Sat,Away,D,1,1,Hoffenheim,2.9,1.7,62.0,25600.0,Manuel Neuer,3-2-4-1,5-4-1,Robert Schröder,Match Report,,18.0,7.0,14.6,0.0,0.0,0.0,2022,Bayern Munich
2022-03-12,15:30,Bundesliga,Matchweek 26,Sat,Away,L,2,3,Freiburg,1.3,1.3,58.0,25000.0,Maximilian Arnold,3-4-3,3-4-3,Martin Petersen,Match Report,,12.0,5.0,19.5,0.0,0.0,0.0,2022,Wolfsburg
2022-03-12,15:30,Bundesliga,Matchweek 26,Sat,Away,D,1,1,Union Berlin,1.0,1.5,56.0,16509.0,Wataru Endo,4-3-3,3-5-2,Robert Hartmann,Match Report,,11.0,3.0,17.9,0.0,0.0,0.0,2022,Stuttgart
2022-03-12,15:30,Bundesliga,Matchweek 26,Sat,Home,W,3,2,Wolfsburg,1.3,1.3,42.0,25000.0,Christian Günter,3-4-3,3-4-3,Martin Petersen,Match Report,,15.0,8.0,16.8,1.0,0.0,0.0,2022,Freiburg
2022-03-13,15:30,Bundesliga,Matchweek 26,Sun,Away,W,1,0,Leverkusen,0.5,2.4,45.0,22658.0,Jonas Hector,4-1-3-2,4-2-3-1,Sascha Stegemann,Match Report,,6.0,3.0,16.8,0.0,0.0,0.0,2022,Köln
2022-03-13,17:30,Bundesliga,Matchweek 26,Sun,Home,W,1,0,Arminia,2.0,0.7,59.0,33000.0,Axel Witsel,4-2-3-1,4-2-3-1,Bastian Dankert,Match Report,,19.0,3.0,15.0,0.0,0.0,0.0,2022,Dortmund
2022-03-13,19:30,Bundesliga,Matchweek 26,Sun,Away,W,6,1,Greuther Fürth,1.7,0.3,53.0,9418.0,Péter Gulácsi,3-4-1-2,4-1-2-1-2,Sven Jablonski,Match Report,,12.0,6.0,14.0,1.0,0.0,0.0,2022,RB Leipzig
2022-03-13,17:30,Bundesliga,Matchweek 26,Sun,Away,L,0,1,Dortmund,0.7,2.0,41.0,33000.0,Stefan Ortega,4-2-3-1,4-2-3-1,Bastian Dankert,Match Report,,12.0,5.0,17.1,1.0,0.0,0.0,2022,Arminia
2022-03-13,19:30,Bundesliga,Matchweek 26,Sun,Home,L,1,6,RB Leipzig,0.3,1.7,47.0,9418.0,Branimir Hrgota,4-1-2-1-2◆,3-4-1-2,Sven Jablonski,Match Report,,7.0,1.0,22.2,0.0,0.0,0.0,2022,Greuther Fürth
2022-03-13,15:30,Bundesliga,Matchweek 26,Sun,Home,L,0,1,Köln,2.4,0.5,55.0,22658.0,Lukáš Hrádecký,4-2-3-1,4-1-3-2,Sascha Stegemann,Match Report,,15.0,3.0,16.9,2.0,0.0,0.0,2022,Leverkusen
2022-03-13,17:30,Bundesliga,Matchweek 26,Sun,Away,L,1,2,Eint Frankfurt,1.1,1.8,47.0,24000.0,Anthony Losilla,4-1-4-1,3-4-3,Marco Fritz,Match Report,,7.0,5.0,15.2,0.0,0.0,0.0,2022,Bochum
2022-03-13,17:30,Bundesliga,Matchweek 26,Sun,Home,W,2,1,Bochum,1.8,1.1,53.0,24000.0,Kevin Trapp,3-4-3,4-1-4-1,Marco Fritz,Match Report,,14.0,4.0,15.3,1.0,0.0,0.0,2022,Eint Frankfurt
2022-03-16,18:30,Bundesliga,Matchweek 25,Wed,Home,L,0,1,Dortmund,0.9,0.8,41.0,25000.0,Moussa Niakhate,3-4-3,4-2-3-1,Sascha Stegemann,Match Report,,11.0,1.0,18.3,1.0,0.0,0.0,2022,Mainz 05
2022-03-16,18:30,Bundesliga,Matchweek 25,Wed,Away,W,1,0,Mainz 05,0.8,0.9,59.0,25000.0,Axel Witsel,4-2-3-1,3-4-3,Sascha Stegemann,Match Report,,11.0,4.0,16.0,2.0,0.0,0.0,2022,Dortmund
2022-03-17,21:00,Europa Lg,Round of 16,Thu,Home,D,1,1,es Betis,1.5,2.2,46.0,25000.0,Kevin Trapp,3-4-3,4-2-3-1,Michael Oliver,Match Report,Leg 2 of 2; Eint Frankfurt won; Required Extra Time,16.0,4.0,20.1,1.0,0.0,0.0,2022,Eint Frankfurt
2022-03-17,18:45,Europa Lg,Round of 16,Thu,Home,L,0,1,it Atalanta,1.5,1.2,63.0,19871.0,Lukáš Hrádecký,3-4-1-2,3-4-3,François Letexier,Match Report,Leg 2 of 2; Atalanta won,16.0,3.0,18.1,0.0,0.0,0.0,2022,Leverkusen
2022-03-18,20:30,Bundesliga,Matchweek 27,Fri,Home,L,0,2,Gladbach,,,51.0,,Anthony Losilla,4-3-3,3-4-3,Benjamin Cortus,Match Report,Match awarded to Gladbach,16.0,7.0,,,0.0,0.0,2022,Bochum
2022-03-18,20:30,Bundesliga,Matchweek 27,Fri,Away,W,2,0,Bochum,,,49.0,,Yann Sommer,3-4-3,4-3-3,Benjamin Cortus,Match Report,Match awarded to Gladbach,8.0,5.0,,,0.0,0.0,2022,Gladbach
2022-03-19,15:30,Bundesliga,Matchweek 27,Sat,Home,W,3,2,Augsburg,2.2,1.0,64.0,55785.0,Wataru Endo,4-3-3,3-4-3,Patrick Ittrich,Match Report,,24.0,8.0,18.3,2.0,0.0,0.0,2022,Stuttgart
2022-03-19,15:30,Bundesliga,Matchweek 27,Sat,Away,D,0,0,Greuther Fürth,1.2,1.0,61.0,9884.0,Christian Günter,4-4-2,3-4-1-2,Tobias Reichel,Match Report,,15.0,3.0,20.3,1.0,0.0,0.0,2022,Freiburg
2022-03-19,15:30,Bundesliga,Matchweek 27,Sat,Home,D,0,0,Freiburg,1.0,1.2,39.0,9884.0,Branimir Hrgota,3-4-1-2,4-4-2,Tobias Reichel,Match Report,,8.0,1.0,17.6,0.0,0.0,0.0,2022,Greuther Fürth
2022-03-19,15:30,Bundesliga,Matchweek 27,Sat,Home,W,3,0,Hoffenheim,1.3,0.8,32.0,25000.0,Dedryck Boyata,4-1-4-1,3-5-2,Daniel Schlager,Match Report,,13.0,6.0,17.1,0.0,0.0,0.0,2022,Hertha BSC
2022-03-19,15:30,Bundesliga,Matchweek 27,Sat,Away,L,2,3,Stuttgart,1.0,2.2,36.0,55785.0,Jeffrey Gouweleeuw,3-4-3,4-3-3,Patrick Ittrich,Match Report,,10.0,4.0,17.4,0.0,0.0,0.0,2022,Augsburg
2022-03-19,15:30,Bundesliga,Matchweek 27,Sat,Away,L,0,3,Hertha BSC,0.8,1.3,68.0,25000.0,Oliver Baumann,3-5-2,4-1-4-1,Daniel Schlager,Match Report,,8.0,0.0,16.1,1.0,0.0,0.0,2022,Hoffenheim
2022-03-19,18:30,Bundesliga,Matchweek 27,Sat,Home,W,4,0,Union Berlin,2.7,1.0,70.0,37000.0,Manuel Neuer,4-1-4-1,3-5-2,Harm Osmers,Match Report,,15.0,5.0,21.0,0.0,1.0,1.0,2022,Bayern Munich
2022-03-19,15:30,Bundesliga,Matchweek 27,Sat,Away,L,0,4,Mainz 05,0.2,4.3,44.0,25000.0,Stefan Ortega,4-3-3,3-4-3,Felix Zwayer,Match Report,,6.0,0.0,27.2,1.0,0.0,0.0,2022,Arminia
2022-03-19,18:30,Bundesliga,Matchweek 27,Sat,Away,L,0,4,Bayern Munich,1.0,2.7,30.0,37000.0,Rani Khedira,3-5-2,4-1-4-1,Harm Osmers,Match Report,,10.0,4.0,15.9,0.0,0.0,0.0,2022,Union Berlin
2022-03-19,15:30,Bundesliga,Matchweek 27,Sat,Home,W,4,0,Arminia,4.3,0.2,56.0,25000.0,Moussa Niakhate,3-4-3,4-3-3,Felix Zwayer,Match Report,,11.0,3.0,16.8,0.0,3.0,3.0,2022,Mainz 05
2022-03-20,17:30,Bundesliga,Matchweek 27,Sun,Away,W,2,0,Wolfsburg,1.0,1.1,50.0,16554.0,Lukáš Hrádecký,3-4-1-2,3-4-3,Felix Brych,Match Report,,15.0,5.0,19.9,1.0,0.0,0.0,2022,Leverkusen
2022-03-20,17:30,Bundesliga,Matchweek 27,Sun,Home,L,0,2,Leverkusen,1.1,1.0,50.0,16554.0,Maximilian Arnold,3-4-3,3-4-1-2,Felix Brych,Match Report,,14.0,3.0,19.2,1.0,0.0,0.0,2022,Wolfsburg
2022-03-20,19:30,Bundesliga,Matchweek 27,Sun,Away,D,1,1,Köln,1.2,1.1,46.0,50000.0,Axel Witsel,4-1-4-1,4-1-3-2,Daniel Siebert,Match Report,,9.0,3.0,18.9,0.0,0.0,0.0,2022,Dortmund
2022-03-20,15:30,Bundesliga,Matchweek 27,Sun,Away,D,0,0,RB Leipzig,0.2,1.2,45.0,43058.0,Sebastian Rode,3-1-4-2,3-4-1-2,Christian Dingert,Match Report,,5.0,0.0,16.6,0.0,0.0,0.0,2022,Eint Frankfurt
2022-03-20,19:30,Bundesliga,Matchweek 27,Sun,Home,D,1,1,Dortmund,1.1,1.2,54.0,50000.0,Anthony Modeste,4-1-3-2,4-1-4-1,Daniel Siebert,Match Report,,11.0,1.0,14.4,0.0,0.0,0.0,2022,Köln
2022-03-20,15:30,Bundesliga,Matchweek 27,Sun,Home,D,0,0,Eint Frankfurt,1.2,0.2,55.0,43058.0,Péter Gulácsi,3-4-1-2,3-1-4-2,Christian Dingert,Match Report,,15.0,6.0,19.0,1.0,0.0,0.0,2022,RB Leipzig
2022-04-01,20:30,Bundesliga,Matchweek 28,Fri,Away,L,0,1,Union Berlin,0.3,1.3,63.0,22012.0,Jonas Hector,4-2-3-1,3-5-2,Florian Badstübner,Match Report,,6.0,1.0,18.8,0.0,0.0,0.0,2022,Köln
2022-04-01,20:30,Bundesliga,Matchweek 28,Fri,Home,W,1,0,Köln,1.3,0.3,37.0,22012.0,Christopher Trimmel,3-5-2,4-2-3-1,Florian Badstübner,Match Report,,12.0,4.0,16.5,1.0,0.0,0.0,2022,Union Berlin
2022-04-02,15:30,Bundesliga,Matchweek 28,Sat,Home,D,1,1,Stuttgart,1.0,2.2,53.0,26011.0,Stefan Ortega,4-2-3-1,4-3-3,Patrick Ittrich,Match Report,,10.0,4.0,13.8,0.0,0.0,0.0,2022,Arminia
2022-04-02,15:30,Bundesliga,Matchweek 28,Sat,Away,W,2,1,Hoffenheim,2.1,2.0,42.0,15014.0,Anthony Losilla,4-2-3-1,3-4-1-2,Daniel Siebert,Match Report,,21.0,6.0,18.1,0.0,0.0,0.0,2022,Bochum
2022-04-02,15:30,Bundesliga,Matchweek 28,Sat,Home,L,1,4,Bayern Munich,0.6,2.1,39.0,34700.0,Christian Günter,3-4-3,4-2-3-1,Christian Dingert,Match Report,,8.0,3.0,18.9,1.0,0.0,0.0,2022,Freiburg
2022-04-02,15:30,Bundesliga,Matchweek 28,Sat,Home,L,1,2,Bochum,2.0,2.1,58.0,15014.0,Oliver Baumann,3-4-1-2,4-2-3-1,Daniel Siebert,Match Report,,13.0,6.0,16.2,1.0,0.0,0.0,2022,Hoffenheim
2022-04-02,15:30,Bundesliga,Matchweek 28,Sat,Home,D,0,0,Greuther Fürth,1.2,0.6,67.0,50500.0,Makoto Hasebe,3-5-2,3-4-1-2,Bastian Dankert,Match Report,,21.0,6.0,18.2,0.0,0.0,0.0,2022,Eint Frankfurt
2022-04-02,15:30,Bundesliga,Matchweek 28,Sat,Away,D,0,0,Eint Frankfurt,0.6,1.2,33.0,50500.0,Branimir Hrgota,3-4-1-2,3-5-2,Bastian Dankert,Match Report,,4.0,2.0,18.2,0.0,0.0,0.0,2022,Greuther Fürth
2022-04-02,18:30,Bundesliga,Matchweek 28,Sat,Away,W,4,1,Dortmund,1.1,0.7,36.0,81365.0,Péter Gulácsi,3-5-2,3-4-3,Marco Fritz,Match Report,,10.0,5.0,16.4,0.0,0.0,0.0,2022,RB Leipzig
2022-04-02,15:30,Bundesliga,Matchweek 28,Sat,Away,L,1,2,Leverkusen,0.8,1.5,32.0,23557.0,Dedryck Boyata,4-1-4-1,4-2-3-1,Matthias Jöllenbeck,Match Report,,7.0,4.0,13.9,0.0,0.0,0.0,2022,Hertha BSC
2022-04-02,18:30,Bundesliga,Matchweek 28,Sat,Home,L,1,4,RB Leipzig,0.7,1.1,64.0,81365.0,Marco Reus,3-4-3,3-5-2,Marco Fritz,Match Report,,10.0,2.0,17.4,1.0,0.0,0.0,2022,Dortmund
2022-04-02,15:30,Bundesliga,Matchweek 28,Sat,Home,W,2,1,Hertha BSC,1.5,0.8,68.0,23557.0,Lukáš Hrádecký,4-2-3-1,4-1-4-1,Matthias Jöllenbeck,Match Report,,19.0,6.0,15.7,1.0,0.0,0.0,2022,Leverkusen
2022-04-02,15:30,Bundesliga,Matchweek 28,Sat,Away,W,4,1,Freiburg,2.1,0.6,61.0,34700.0,Manuel Neuer,4-2-3-1,3-4-3,Christian Dingert,Match Report,,21.0,10.0,18.8,0.0,0.0,0.0,2022,Bayern Munich
2022-04-02,15:30,Bundesliga,Matchweek 28,Sat,Away,D,1,1,Arminia,2.2,1.0,47.0,26011.0,Hiroki Ito,4-3-3,4-2-3-1,Patrick Ittrich,Match Report,,14.0,3.0,17.6,0.0,1.0,1.0,2022,Stuttgart
2022-04-03,15:30,Bundesliga,Matchweek 28,Sun,Away,L,0,3,Augsburg,1.1,1.6,61.0,23143.0,Maximilian Arnold,3-4-3,3-4-3,Sascha Stegemann,Match Report,,18.0,5.0,17.6,0.0,0.0,0.0,2022,Wolfsburg
2022-04-03,17:30,Bundesliga,Matchweek 28,Sun,Home,D,1,1,Mainz 05,1.5,1.8,52.0,44156.0,Lars Stindl,3-4-3,3-4-3,Daniel Schlager,Match Report,,16.0,7.0,21.6,1.0,0.0,0.0,2022,Gladbach
2022-04-03,15:30,Bundesliga,Matchweek 28,Sun,Home,W,3,0,Wolfsburg,1.6,1.1,39.0,23143.0,Jeffrey Gouweleeuw,3-4-3,3-4-3,Sascha Stegemann,Match Report,,13.0,4.0,16.2,0.0,0.0,0.0,2022,Augsburg
2022-04-03,17:30,Bundesliga,Matchweek 28,Sun,Away,D,1,1,Gladbach,1.8,1.5,48.0,44156.0,Moussa Niakhate,3-4-3,3-4-3,Daniel Schlager,Match Report,,21.0,10.0,18.5,1.0,0.0,0.0,2022,Mainz 05
2022-04-06,18:30,Bundesliga,Matchweek 26,Wed,Away,L,1,2,Augsburg,1.8,1.8,62.0,18122.0,Moussa Niakhate,3-5-2,3-4-3,Matthias Jöllenbeck,Match Report,,16.0,3.0,18.2,2.0,0.0,0.0,2022,Mainz 05
2022-04-06,21:00,Champions Lg,Quarter-finals,Wed,Away,L,0,1,es Villarreal,1.6,1.5,61.0,21626.0,Manuel Neuer,4-2-3-1,4-4-2,Anthony Taylor,Match Report,Leg 1 of 2,22.0,4.0,21.3,0.0,0.0,0.0,2022,Bayern Munich
2022-04-06,18:30,Bundesliga,Matchweek 26,Wed,Home,W,2,1,Mainz 05,1.8,1.8,38.0,18122.0,Jeffrey Gouweleeuw,3-4-3,3-5-2,Matthias Jöllenbeck,Match Report,,10.0,3.0,21.9,1.0,1.0,1.0,2022,Augsburg
2022-04-07,18:45,Europa Lg,Quarter-finals,Thu,Home,D,1,1,it Atalanta,2.5,1.9,56.0,36029.0,Péter Gulácsi,3-4-1-2,4-2-3-1,Michael Oliver,Match Report,Leg 1 of 2,13.0,4.0,14.7,0.0,0.0,1.0,2022,RB Leipzig
2022-04-07,21:00,Europa Lg,Quarter-finals,Thu,Home,D,1,1,es Barcelona,1.4,0.9,35.0,48000.0,Kevin Trapp,3-4-3,4-3-3,Srđan Jovanović,Match Report,Leg 1 of 2,16.0,5.0,22.8,0.0,0.0,0.0,2022,Eint Frankfurt
2022-04-08,20:30,Bundesliga,Matchweek 29,Fri,Home,L,0,2,Dortmund,1.7,1.9,42.0,58248.0,Wataru Endo,4-3-3,4-2-3-1,Harm Osmers,Match Report,,13.0,2.0,15.9,0.0,0.0,0.0,2022,Stuttgart
2022-04-08,20:30,Bundesliga,Matchweek 29,Fri,Away,W,2,0,Stuttgart,1.9,1.7,58.0,58248.0,Marco Reus,4-2-3-1,4-3-3,Harm Osmers,Match Report,,12.0,4.0,17.3,0.0,0.0,0.0,2022,Dortmund
2022-04-09,15:30,Bundesliga,Matchweek 29,Sat,Away,L,0,1,Bayern Munich,0.2,1.5,33.0,75000.0,Jeffrey Gouweleeuw,4-4-2,4-2-3-1,Patrick Ittrich,Match Report,,6.0,1.0,22.0,0.0,0.0,0.0,2022,Augsburg
2022-04-09,15:30,Bundesliga,Matchweek 29,Sat,Away,W,2,0,Greuther Fürth,2.7,0.5,50.0,13900.0,Yann Sommer,3-4-3,3-4-3,Tobias Stieler,Match Report,,16.0,5.0,17.6,0.0,1.0,1.0,2022,Gladbach
2022-04-09,18:30,Bundesliga,Matchweek 29,Sat,Home,L,1,4,Union Berlin,0.7,1.8,52.0,74667.0,Dedryck Boyata,4-1-4-1,3-1-4-2,Sven Jablonski,Match Report,,11.0,3.0,17.4,0.0,0.0,0.0,2022,Hertha BSC
2022-04-09,15:30,Bundesliga,Matchweek 29,Sat,Away,L,0,4,Wolfsburg,0.4,2.0,47.0,22512.0,Manuel Prietl,4-2-3-1,3-4-3,Benjamin Brand,Match Report,,7.0,3.0,22.1,0.0,0.0,0.0,2022,Arminia
2022-04-09,15:30,Bundesliga,Matchweek 29,Sat,Home,L,0,2,Gladbach,0.5,2.7,50.0,13900.0,Branimir Hrgota,3-4-3,3-4-3,Tobias Stieler,Match Report,,10.0,1.0,21.3,1.0,0.0,0.0,2022,Greuther Fürth
2022-04-09,15:30,Bundesliga,Matchweek 29,Sat,Home,W,1,0,Augsburg,1.5,0.2,67.0,75000.0,Manuel Neuer,4-2-3-1,4-4-2,Patrick Ittrich,Match Report,,13.0,3.0,20.3,0.0,1.0,1.0,2022,Bayern Munich
2022-04-09,15:30,Bundesliga,Matchweek 29,Sat,Home,W,3,2,Mainz 05,1.8,0.9,54.0,49800.0,Jonas Hector,4-2-3-1,3-4-3,Martin Petersen,Match Report,,13.0,5.0,15.2,0.0,0.0,0.0,2022,Köln
2022-04-09,15:30,Bundesliga,Matchweek 29,Sat,Home,W,4,0,Arminia,2.0,0.4,53.0,22512.0,Koen Casteels,3-4-3,4-2-3-1,Benjamin Brand,Match Report,,11.0,6.0,16.0,1.0,0.0,0.0,2022,Wolfsburg
2022-04-09,18:30,Bundesliga,Matchweek 29,Sat,Away,W,4,1,Hertha BSC,1.8,0.7,48.0,74667.0,Christopher Trimmel,3-1-4-2,4-1-4-1,Sven Jablonski,Match Report,,16.0,12.0,17.0,1.0,0.0,0.0,2022,Union Berlin
2022-04-09,15:30,Bundesliga,Matchweek 29,Sat,Away,L,2,3,Köln,0.9,1.8,46.0,49800.0,Moussa Niakhate,3-4-3,4-2-3-1,Martin Petersen,Match Report,,10.0,6.0,15.0,0.0,0.0,0.0,2022,Mainz 05
2022-04-10,19:30,Bundesliga,Matchweek 29,Sun,Home,W,3,0,Hoffenheim,1.5,0.2,51.0,35112.0,Péter Gulácsi,3-4-3,3-4-1-2,Bastian Dankert,Match Report,,11.0,4.0,14.4,0.0,0.0,0.0,2022,RB Leipzig
2022-04-10,17:30,Bundesliga,Matchweek 29,Sun,Away,W,2,1,Eint Frankfurt,1.0,0.9,46.0,47000.0,Christian Günter,4-4-1-1,3-4-3,Felix Brych,Match Report,,12.0,4.0,14.9,0.0,0.0,0.0,2022,Freiburg
2022-04-10,15:30,Bundesliga,Matchweek 29,Sun,Away,D,0,0,Bochum,1.4,0.7,59.0,25000.0,Lukáš Hrádecký,4-2-3-1,4-2-3-1,Felix Zwayer,Match Report,,9.0,2.0,19.8,0.0,0.0,1.0,2022,Leverkusen
2022-04-10,17:30,Bundesliga,Matchweek 29,Sun,Home,L,1,2,Freiburg,0.9,1.0,54.0,47000.0,Sebastian Rode,3-4-3,4-4-1-1,Felix Brych,Match Report,,18.0,5.0,20.3,1.0,0.0,0.0,2022,Eint Frankfurt
2022-04-10,19:30,Bundesliga,Matchweek 29,Sun,Away,L,0,3,RB Leipzig,0.2,1.5,49.0,35112.0,Oliver Baumann,3-4-1-2,3-4-3,Bastian Dankert,Match Report,,3.0,0.0,18.5,0.0,0.0,0.0,2022,Hoffenheim
2022-04-10,15:30,Bundesliga,Matchweek 29,Sun,Home,D,0,0,Leverkusen,0.7,1.4,41.0,25000.0,Anthony Losilla,4-2-3-1,4-2-3-1,Felix Zwayer,Match Report,,12.0,2.0,14.8,0.0,0.0,0.0,2022,Bochum
2022-04-12,21:00,Champions Lg,Quarter-finals,Tue,Home,D,1,1,es Villarreal,1.4,0.7,68.0,70000.0,Manuel Neuer,3-2-4-1,4-4-2,Slavko Vinčič,Match Report,Leg 2 of 2; Villarreal won,23.0,4.0,21.2,1.0,0.0,0.0,2022,Bayern Munich
2022-04-14,18:45,Europa Lg,Quarter-finals,Thu,Away,W,2,0,it Atalanta,2.4,1.3,43.0,17905.0,Péter Gulácsi,3-4-3,3-4-3,Antonio Matéu Lahoz,Match Report,Leg 2 of 2; RB Leipzig won,10.0,6.0,17.9,0.0,1.0,1.0,2022,RB Leipzig
2022-04-14,21:00,Europa Lg,Quarter-finals,Thu,Away,W,3,2,es Barcelona,2.0,2.6,26.0,79468.0,Sebastian Rode,3-4-3,4-3-3,Artur Dias,Match Report,Leg 2 of 2; Eint Frankfurt won,14.0,6.0,20.5,0.0,1.0,1.0,2022,Eint Frankfurt
2022-04-16,15:30,Bundesliga,Matchweek 30,Sat,Home,L,0,1,Hertha BSC,1.0,1.1,59.0,28533.0,Jeffrey Gouweleeuw,4-4-2,4-4-2,Marco Fritz,Match Report,,13.0,2.0,15.3,2.0,0.0,0.0,2022,Augsburg
2022-04-16,18:30,Bundesliga,Matchweek 30,Sat,Home,L,1,3,Köln,1.2,2.0,58.0,54042.0,Yann Sommer,3-4-3,4-2-3-1,Deniz Aytekin,Match Report,,17.0,5.0,14.5,0.0,0.0,0.0,2022,Gladbach
2022-04-16,15:30,Bundesliga,Matchweek 30,Sat,Away,L,0,3,Freiburg,0.4,2.2,38.0,34000.0,Anthony Losilla,4-3-3,4-2-3-1,Sascha Stegemann,Match Report,,10.0,3.0,21.3,0.0,0.0,0.0,2022,Bochum
2022-04-16,15:30,Bundesliga,Matchweek 30,Sat,Home,W,3,0,Bochum,2.2,0.4,62.0,34000.0,Christian Günter,4-2-3-1,4-3-3,Sascha Stegemann,Match Report,,15.0,8.0,13.2,0.0,0.0,0.0,2022,Freiburg
2022-04-16,15:30,Bundesliga,Matchweek 30,Sat,Away,D,0,0,Mainz 05,0.7,0.6,53.0,30128.0,Waldemar Anton,4-3-3,5-3-2,Florian Badstübner,Match Report,,6.0,3.0,21.2,1.0,0.0,0.0,2022,Stuttgart
2022-04-16,18:30,Bundesliga,Matchweek 30,Sat,Away,W,3,1,Gladbach,2.0,1.2,42.0,54042.0,Jonas Hector,4-2-3-1,3-4-3,Deniz Aytekin,Match Report,,17.0,6.0,14.0,0.0,0.0,0.0,2022,Köln
2022-04-16,15:30,Bundesliga,Matchweek 30,Sat,Home,W,6,1,Wolfsburg,3.0,1.5,60.0,79200.0,Marco Reus,3-4-3,3-4-3,Robert Schröder,Match Report,,12.0,8.0,14.7,0.0,0.0,0.0,2022,Dortmund
2022-04-16,15:30,Bundesliga,Matchweek 30,Sat,Home,D,0,0,Stuttgart,0.6,0.7,47.0,30128.0,Moussa Niakhate,5-3-2,4-3-3,Florian Badstübner,Match Report,,11.0,0.0,18.4,1.0,0.0,0.0,2022,Mainz 05
2022-04-16,15:30,Bundesliga,Matchweek 30,Sat,Away,W,1,0,Augsburg,1.1,1.0,41.0,28533.0,Dedryck Boyata,4-4-2,4-4-2,Marco Fritz,Match Report,,13.0,1.0,17.8,1.0,0.0,0.0,2022,Hertha BSC
2022-04-16,15:30,Bundesliga,Matchweek 30,Sat,Away,L,1,6,Dortmund,1.5,3.0,40.0,79200.0,Koen Casteels,3-4-3,3-4-3,Robert Schröder,Match Report,,10.0,4.0,15.3,0.0,0.0,0.0,2022,Wolfsburg
2022-04-17,17:30,Bundesliga,Matchweek 30,Sun,Home,D,0,0,Greuther Fürth,1.0,0.3,58.0,16110.0,Oliver Baumann,3-1-4-2,3-1-4-2,Felix Zwayer,Match Report,,16.0,3.0,17.4,0.0,0.0,0.0,2022,Hoffenheim
2022-04-17,15:30,Bundesliga,Matchweek 30,Sun,Away,W,3,0,Arminia,2.7,0.4,75.0,26419.0,Manuel Neuer,3-4-3,4-2-3-1,Matthias Jöllenbeck,Match Report,,22.0,8.0,16.5,0.0,0.0,0.0,2022,Bayern Munich
2022-04-17,17:30,Bundesliga,Matchweek 30,Sun,Away,D,0,0,Hoffenheim,0.3,1.0,42.0,16110.0,Branimir Hrgota,3-1-4-2,3-1-4-2,Felix Zwayer,Match Report,,8.0,1.0,24.2,1.0,0.0,0.0,2022,Greuther Fürth
2022-04-17,17:30,Bundesliga,Matchweek 30,Sun,Home,W,2,0,Eint Frankfurt,1.1,0.5,44.0,22000.0,Grischa Prömel,3-5-2,3-4-3,Frank Willenborg,Match Report,,13.0,4.0,18.7,0.0,0.0,0.0,2022,Union Berlin
2022-04-17,19:30,Bundesliga,Matchweek 30,Sun,Away,W,1,0,Leverkusen,0.5,0.8,53.0,26119.0,Péter Gulácsi,3-5-2,5-3-2,Daniel Siebert,Match Report,,4.0,1.0,15.5,1.0,0.0,0.0,2022,RB Leipzig
2022-04-17,17:30,Bundesliga,Matchweek 30,Sun,Away,L,0,2,Union Berlin,0.5,1.1,56.0,22000.0,Martin Hinteregger,3-4-3,3-5-2,Frank Willenborg,Match Report,,10.0,3.0,19.2,0.0,0.0,0.0,2022,Eint Frankfurt
2022-04-17,15:30,Bundesliga,Matchweek 30,Sun,Home,L,0,3,Bayern Munich,0.4,2.7,25.0,26419.0,Manuel Prietl,4-2-3-1,3-4-3,Matthias Jöllenbeck,Match Report,,8.0,3.0,15.4,0.0,0.0,0.0,2022,Arminia
2022-04-17,19:30,Bundesliga,Matchweek 30,Sun,Home,L,0,1,RB Leipzig,0.8,0.5,47.0,26119.0,Lukáš Hrádecký,5-3-2,3-5-2,Daniel Siebert,Match Report,,12.0,4.0,17.9,0.0,0.0,0.0,2022,Leverkusen
2022-04-19,20:45,DFB-Pokal,Semi-finals,Tue,Away,W,3,1,Hamburger SV,,,37.0,57000.0,Christian Günter,4-2-3-1,4-2-3-1,Deniz Aytekin,Match Report,,12.0,5.0,,,1.0,1.0,2022,Freiburg
2022-04-20,20:45,DFB-Pokal,Semi-finals,Wed,Away,L,1,2,RB Leipzig,,,32.0,47069.0,Christopher Trimmel,3-5-2,3-1-4-2,Felix Brych,Match Report,,11.0,2.0,,,0.0,0.0,2022,Union Berlin
2022-04-20,20:45,DFB-Pokal,Semi-finals,Wed,Home,W,2,1,Union Berlin,,,68.0,47069.0,Péter Gulácsi,3-1-4-2,3-5-2,Felix Brych,Match Report,,10.0,4.0,,,1.0,1.0,2022,RB Leipzig
2022-04-22,20:30,Bundesliga,Matchweek 31,Fri,Away,L,0,5,Wolfsburg,0.7,3.7,40.0,19055.0,Moussa Niakhate,3-5-2,4-3-3,Harm Osmers,Match Report,,5.0,3.0,18.7,0.0,0.0,0.0,2022,Mainz 05
2022-04-22,20:30,Bundesliga,Matchweek 31,Fri,Home,W,5,0,Mainz 05,3.7,0.7,60.0,19055.0,Koen Casteels,4-3-3,3-5-2,Harm Osmers,Match Report,,14.0,7.0,17.4,1.0,1.0,1.0,2022,Wolfsburg
2022-04-23,15:30,Bundesliga,Matchweek 31,Sat,Away,D,3,3,Freiburg,1.6,2.3,38.0,34700.0,Yann Sommer,5-3-2,4-4-1-1,Benjamin Brand,Match Report,,6.0,3.0,18.6,0.0,1.0,1.0,2022,Gladbach
2022-04-23,15:30,Bundesliga,Matchweek 31,Sat,Away,D,2,2,Eint Frankfurt,0.7,1.3,50.0,50500.0,Oliver Baumann,3-4-3,3-4-3,Sven Jablonski,Match Report,,10.0,4.0,18.6,0.0,0.0,0.0,2022,Hoffenheim
2022-04-23,15:30,Bundesliga,Matchweek 31,Sat,Home,L,1,4,Leverkusen,0.9,2.5,52.0,11579.0,Branimir Hrgota,3-4-1-2,4-2-2-2,Tobias Reichel,Match Report,,8.0,3.0,15.6,0.0,0.0,0.0,2022,Greuther Fürth
2022-04-23,15:30,Bundesliga,Matchweek 31,Sat,Home,W,3,1,Arminia,2.0,0.9,55.0,50000.0,Jonas Hector,4-2-3-1,4-4-2,Tobias Stieler,Match Report,,19.0,6.0,17.0,2.0,0.0,0.0,2022,Köln
2022-04-23,15:30,Bundesliga,Matchweek 31,Sat,Home,D,2,2,Hoffenheim,1.3,0.7,50.0,50500.0,Sebastian Rode,3-4-3,3-4-3,Sven Jablonski,Match Report,,17.0,7.0,17.2,0.0,0.0,0.0,2022,Eint Frankfurt
2022-04-23,15:30,Bundesliga,Matchweek 31,Sat,Away,W,2,1,RB Leipzig,1.4,0.6,46.0,45770.0,Christopher Trimmel,3-5-2,3-1-4-2,Daniel Schlager,Match Report,,14.0,4.0,15.2,0.0,0.0,0.0,2022,Union Berlin
2022-04-23,18:30,Bundesliga,Matchweek 31,Sat,Home,W,3,1,Dortmund,1.7,1.3,58.0,75000.0,Manuel Neuer,4-2-3-1,4-2-3-1,Daniel Siebert,Match Report,,14.0,6.0,16.5,0.0,0.0,0.0,2022,Bayern Munich
2022-04-23,15:30,Bundesliga,Matchweek 31,Sat,Home,L,1,2,Union Berlin,0.6,1.4,54.0,45770.0,Péter Gulácsi,3-1-4-2,3-5-2,Daniel Schlager,Match Report,,5.0,1.0,18.9,0.0,0.0,0.0,2022,RB Leipzig
2022-04-23,18:30,Bundesliga,Matchweek 31,Sat,Away,L,1,3,Bayern Munich,1.3,1.7,42.0,75000.0,Marco Reus,4-2-3-1,4-2-3-1,Daniel Siebert,Match Report,,6.0,1.0,19.2,0.0,1.0,1.0,2022,Dortmund
2022-04-23,15:30,Bundesliga,Matchweek 31,Sat,Home,D,3,3,Gladbach,2.3,1.6,62.0,34700.0,Christian Günter,4-4-1-1,5-3-2,Benjamin Brand,Match Report,,18.0,5.0,18.0,0.0,1.0,1.0,2022,Freiburg
2022-04-23,15:30,Bundesliga,Matchweek 31,Sat,Away,W,4,1,Greuther Fürth,2.5,0.9,48.0,11579.0,Lukáš Hrádecký,4-2-2-2,3-4-1-2,Tobias Reichel,Match Report,,9.0,5.0,13.8,0.0,0.0,0.0,2022,Leverkusen
2022-04-23,15:30,Bundesliga,Matchweek 31,Sat,Away,L,1,3,Köln,0.9,2.0,45.0,50000.0,Manuel Prietl,4-4-2,4-2-3-1,Tobias Stieler,Match Report,,13.0,4.0,18.6,1.0,0.0,0.0,2022,Arminia
2022-04-24,17:30,Bundesliga,Matchweek 31,Sun,Away,L,0,2,Hertha BSC,0.6,1.4,58.0,54589.0,Wataru Endo,4-3-3,4-2-3-1,Felix Brych,Match Report,,12.0,5.0,21.0,0.0,0.0,0.0,2022,Stuttgart
2022-04-24,15:30,Bundesliga,Matchweek 31,Sun,Home,L,0,2,Augsburg,1.1,1.9,59.0,23500.0,Anthony Losilla,4-3-3,3-4-3,Bastian Dankert,Match Report,,18.0,3.0,21.0,2.0,0.0,0.0,2022,Bochum
2022-04-24,15:30,Bundesliga,Matchweek 31,Sun,Away,W,2,0,Bochum,1.9,1.1,41.0,23500.0,Jeffrey Gouweleeuw,3-4-3,4-3-3,Bastian Dankert,Match Report,,11.0,4.0,16.9,0.0,1.0,1.0,2022,Augsburg
2022-04-24,17:30,Bundesliga,Matchweek 31,Sun,Home,W,2,0,Stuttgart,1.4,0.6,42.0,54589.0,Dedryck Boyata,4-2-3-1,4-3-3,Felix Brych,Match Report,,9.0,2.0,13.2,0.0,0.0,0.0,2022,Hertha BSC
2022-04-28,20:00 (21:00),Europa Lg,Semi-finals,Thu,Away,W,2,1,eng West Ham,1.6,2.4,46.0,60000.0,Sebastian Rode,3-4-3,4-2-3-1,Serdar Gözübüyük,Match Report,Leg 1 of 2,8.0,4.0,15.7,0.0,0.0,0.0,2022,Eint Frankfurt
2022-04-28,21:00,Europa Lg,Semi-finals,Thu,Home,W,1,0,sct Rangers,1.0,0.3,69.0,40303.0,Péter Gulácsi,3-4-1-2,5-3-2,Benoît Bastien,Match Report,Leg 1 of 2,10.0,4.0,17.0,0.0,0.0,0.0,2022,RB Leipzig
2022-04-29,20:30,Bundesliga,Matchweek 32,Fri,Home,D,1,1,Greuther Fürth,1.4,0.3,54.0,22012.0,Christopher Trimmel,3-5-2,3-4-1-2,Patrick Ittrich,Match Report,,8.0,3.0,13.4,0.0,0.0,0.0,2022,Union Berlin
2022-04-29,20:30,Bundesliga,Matchweek 32,Fri,Away,D,1,1,Union Berlin,0.3,1.4,46.0,22012.0,Branimir Hrgota,3-4-1-2,3-5-2,Patrick Ittrich,Match Report,,7.0,2.0,22.4,0.0,0.0,0.0,2022,Greuther Fürth
2022-04-30,15:30,Bundesliga,Matchweek 32,Sat,Home,L,1,4,Köln,1.7,2.5,47.0,29511.0,Jeffrey Gouweleeuw,3-4-3,4-1-3-2,Robert Schröder,Match Report,,12.0,4.0,14.2,2.0,0.0,0.0,2022,Augsburg
2022-04-30,15:30,Bundesliga,Matchweek 32,Sat,Home,W,3,1,Bayern Munich,3.3,1.4,32.0,33305.0,Moussa Niakhate,3-5-2,4-2-3-1,Sascha Stegemann,Match Report,,22.0,7.0,15.1,0.0,0.0,0.0,2022,Mainz 05
2022-04-30,15:30,Bundesliga,Matchweek 32,Sat,Away,W,4,1,Augsburg,2.5,1.7,53.0,29511.0,Jonas Hector,4-1-3-2,3-4-3,Robert Schröder,Match Report,,16.0,6.0,14.9,0.0,1.0,1.0,2022,Köln
2022-04-30,15:30,Bundesliga,Matchweek 32,Sat,Away,D,1,1,Arminia,1.5,0.5,45.0,26021.0,Dedryck Boyata,4-2-3-1,4-2-3-1,Deniz Aytekin,Match Report,,11.0,5.0,13.8,0.0,0.0,0.0,2022,Hertha BSC
2022-04-30,15:30,Bundesliga,Matchweek 32,Sat,Home,L,3,4,Bochum,4.0,1.6,69.0,81365.0,Marco Reus,4-2-3-1,4-3-3,Robert Hartmann,Match Report,,16.0,7.0,17.1,0.0,2.0,2.0,2022,Dortmund
2022-04-30,15:30,Bundesliga,Matchweek 32,Sat,Away,D,1,1,Stuttgart,1.4,0.8,43.0,55000.0,Koen Casteels,4-3-3,3-4-3,Sven Jablonski,Match Report,,15.0,5.0,19.9,1.0,0.0,0.0,2022,Wolfsburg
2022-04-30,18:30,Bundesliga,Matchweek 32,Sat,Away,W,4,3,Hoffenheim,2.4,2.0,43.0,23627.0,Christian Günter,3-4-3,4-3-3,Marco Fritz,Match Report,,11.0,5.0,16.0,1.0,0.0,0.0,2022,Freiburg
2022-04-30,15:30,Bundesliga,Matchweek 32,Sat,Away,L,1,3,Mainz 05,1.4,3.3,68.0,33305.0,Robert Lewandowski,4-2-3-1,3-5-2,Sascha Stegemann,Match Report,,7.0,1.0,19.0,0.0,0.0,0.0,2022,Bayern Munich
2022-04-30,15:30,Bundesliga,Matchweek 32,Sat,Home,D,1,1,Hertha BSC,0.5,1.5,55.0,26021.0,Manuel Prietl,4-2-3-1,4-2-3-1,Deniz Aytekin,Match Report,,7.0,1.0,20.6,1.0,0.0,0.0,2022,Arminia
2022-04-30,15:30,Bundesliga,Matchweek 32,Sat,Away,W,4,3,Dortmund,1.6,4.0,31.0,81365.0,Anthony Losilla,4-3-3,4-2-3-1,Robert Hartmann,Match Report,,11.0,5.0,15.6,0.0,1.0,1.0,2022,Bochum
2022-04-30,18:30,Bundesliga,Matchweek 32,Sat,Home,L,3,4,Freiburg,2.0,2.4,58.0,23627.0,Andrej Kramarić,4-3-3,3-4-3,Marco Fritz,Match Report,,19.0,7.0,14.5,0.0,0.0,0.0,2022,Hoffenheim
2022-04-30,15:30,Bundesliga,Matchweek 32,Sat,Home,D,1,1,Wolfsburg,0.8,1.4,57.0,55000.0,Wataru Endo,3-4-3,4-3-3,Sven Jablonski,Match Report,,19.0,5.0,18.9,0.0,0.0,0.0,2022,Stuttgart
2022-05-02,20:30,Bundesliga,Matchweek 32,Mon,Away,L,1,3,Gladbach,1.1,1.5,51.0,35324.0,Péter Gulácsi,3-4-3,5-3-2,Martin Petersen,Match Report,,12.0,7.0,17.1,1.0,0.0,0.0,2022,RB Leipzig
2022-05-02,20:30,Bundesliga,Matchweek 32,Mon,Home,W,2,0,Eint Frankfurt,1.8,0.3,55.0,26492.0,Lukáš Hrádecký,4-2-3-1,3-4-3,Benjamin Cortus,Match Report,,11.0,3.0,11.5,0.0,0.0,0.0,2022,Leverkusen
2022-05-02,20:30,Bundesliga,Matchweek 32,Mon,Away,L,0,2,Leverkusen,0.3,1.8,45.0,26492.0,Makoto Hasebe,3-4-3,4-2-3-1,Benjamin Cortus,Match Report,,9.0,4.0,25.1,0.0,0.0,0.0,2022,Eint Frankfurt
2022-05-02,20:30,Bundesliga,Matchweek 32,Mon,Home,W,3,1,RB Leipzig,1.5,1.1,49.0,35324.0,Lars Stindl,5-3-2,3-4-3,Martin Petersen,Match Report,,9.0,6.0,18.0,0.0,0.0,0.0,2022,Gladbach
2022-05-05,20:00 (21:00),Europa Lg,Semi-finals,Thu,Away,L,1,3,sct Rangers,1.3,2.0,62.0,49397.0,Péter Gulácsi,3-4-3,5-4-1,Artur Dias,Match Report,Leg 2 of 2; Rangers won,11.0,2.0,16.1,1.0,0.0,0.0,2022,RB Leipzig
2022-05-05,21:00,Europa Lg,Semi-finals,Thu,Home,W,1,0,eng West Ham,1.1,1.6,63.0,48000.0,Sebastian Rode,3-4-3,3-4-3,Jesús Gil,Match Report,Leg 2 of 2; Eint Frankfurt won,13.0,4.0,22.0,1.0,0.0,0.0,2022,Eint Frankfurt
2022-05-06,20:30,Bundesliga,Matchweek 33,Fri,Away,L,1,2,Bochum,0.8,2.1,40.0,25000.0,Manuel Prietl,4-4-2,4-3-3,Robert Schröder,Match Report,,14.0,4.0,21.1,0.0,0.0,0.0,2022,Arminia
2022-05-06,20:30,Bundesliga,Matchweek 33,Fri,Home,W,2,1,Arminia,2.1,0.8,60.0,25000.0,Anthony Losilla,4-3-3,4-4-2,Robert Schröder,Match Report,,17.0,9.0,16.4,1.0,0.0,0.0,2022,Bochum
2022-05-07,15:30,Bundesliga,Matchweek 33,Sat,Home,L,0,1,Wolfsburg,1.2,1.1,61.0,50000.0,Jonas Hector,4-1-2-1-2◆,4-4-2,Tobias Stieler,Match Report,,18.0,9.0,16.2,0.0,0.0,0.0,2022,Köln
2022-05-07,15:30,Bundesliga,Matchweek 33,Sat,Away,W,3,1,Greuther Fürth,1.5,1.3,57.0,16600.0,Marco Reus,3-4-3,3-1-4-2,Christian Dingert,Match Report,,8.0,4.0,14.2,0.0,0.0,0.0,2022,Dortmund
2022-05-07,15:30,Bundesliga,Matchweek 33,Sat,Away,W,4,1,Freiburg,2.0,1.8,29.0,34700.0,Christopher Trimmel,3-5-2,4-4-1-1,Felix Brych,Match Report,,13.0,5.0,15.8,0.0,0.0,0.0,2022,Union Berlin
2022-05-07,15:30,Bundesliga,Matchweek 33,Sat,Home,L,2,4,Leverkusen,2.5,4.0,47.0,20033.0,Andrej Kramarić,4-1-2-1-2◆,4-2-3-1,Frank Willenborg,Match Report,,12.0,5.0,16.7,0.0,0.0,0.0,2022,Hoffenheim
2022-05-07,18:30,Bundesliga,Matchweek 33,Sat,Home,L,1,2,Mainz 05,1.1,0.7,36.0,71548.0,Dedryck Boyata,4-2-3-1,3-5-2,Patrick Ittrich,Match Report,,9.0,0.0,22.0,0.0,1.0,1.0,2022,Hertha BSC
2022-05-07,15:30,Bundesliga,Matchweek 33,Sat,Home,L,1,4,Union Berlin,1.8,2.0,71.0,34700.0,Christian Günter,4-4-1-1,3-5-2,Felix Brych,Match Report,,19.0,3.0,17.1,0.0,0.0,0.0,2022,Freiburg
2022-05-07,15:30,Bundesliga,Matchweek 33,Sat,Home,L,1,3,Dortmund,1.3,1.5,43.0,16600.0,Branimir Hrgota,3-1-4-2,3-4-3,Christian Dingert,Match Report,,8.0,3.0,20.0,0.0,0.0,0.0,2022,Greuther Fürth
2022-05-07,15:30,Bundesliga,Matchweek 33,Sat,Away,W,4,2,Hoffenheim,4.0,2.5,53.0,20033.0,Lukáš Hrádecký,4-2-3-1,4-1-2-1-2,Frank Willenborg,Match Report,,16.0,8.0,12.4,0.0,0.0,0.0,2022,Leverkusen
2022-05-07,15:30,Bundesliga,Matchweek 33,Sat,Away,W,1,0,Köln,1.1,1.2,39.0,50000.0,Maximilian Arnold,4-4-2,4-1-2-1-2,Tobias Stieler,Match Report,,5.0,3.0,26.2,0.0,0.0,0.0,2022,Wolfsburg
2022-05-07,18:30,Bundesliga,Matchweek 33,Sat,Away,W,2,1,Hertha BSC,0.7,1.1,64.0,71548.0,Moussa Niakhate,3-5-2,4-2-3-1,Patrick Ittrich,Match Report,,11.0,5.0,17.0,1.0,0.0,0.0,2022,Mainz 05
2022-05-08,19:30,Bundesliga,Matchweek 33,Sun,Away,L,0,4,RB Leipzig,0.3,3.2,36.0,37029.0,Jeffrey Gouweleeuw,3-4-3,3-4-3,Bastian Dankert,Match Report,,6.0,1.0,22.4,0.0,0.0,0.0,2022,Augsburg
2022-05-08,15:30,Bundesliga,Matchweek 33,Sun,Away,D,1,1,Eint Frankfurt,1.4,0.8,53.0,51500.0,Lars Stindl,3-4-3,3-5-2,Felix Zwayer,Match Report,,12.0,6.0,18.3,1.0,0.0,0.0,2022,Gladbach
2022-05-08,17:30,Bundesliga,Matchweek 33,Sun,Home,D,2,2,Stuttgart,2.6,1.5,75.0,75000.0,Manuel Neuer,4-2-3-1,3-4-3,Deniz Aytekin,Match Report,,22.0,7.0,13.6,0.0,0.0,0.0,2022,Bayern Munich
2022-05-08,15:30,Bundesliga,Matchweek 33,Sun,Home,D,1,1,Gladbach,0.8,1.4,47.0,51500.0,Makoto Hasebe,3-5-2,3-4-3,Felix Zwayer,Match Report,,18.0,3.0,20.0,0.0,0.0,0.0,2022,Eint Frankfurt
2022-05-08,19:30,Bundesliga,Matchweek 33,Sun,Home,W,4,0,Augsburg,3.2,0.3,64.0,37029.0,Péter Gulácsi,3-4-3,3-4-3,Bastian Dankert,Match Report,,13.0,7.0,17.1,0.0,1.0,1.0,2022,RB Leipzig
2022-05-08,17:30,Bundesliga,Matchweek 33,Sun,Away,D,2,2,Bayern Munich,1.5,2.6,25.0,75000.0,Wataru Endo,3-4-3,4-2-3-1,Deniz Aytekin,Match Report,,15.0,5.0,18.0,0.0,0.0,0.0,2022,Stuttgart
2022-05-14,15:30,Bundesliga,Matchweek 34,Sat,Away,L,1,2,Dortmund,1.0,1.3,27.0,80500.0,Dedryck Boyata,4-2-3-1,3-4-3,Tobias Stieler,Match Report,,4.0,0.0,21.4,0.0,1.0,1.0,2022,Hertha BSC
2022-05-14,15:30,Bundesliga,Matchweek 34,Sat,Away,L,1,2,Augsburg,0.5,1.1,51.0,27907.0,Branimir Hrgota,3-5-2,3-4-3,Tobias Reichel,Match Report,,7.0,4.0,19.9,0.0,0.0,0.0,2022,Greuther Fürth
2022-05-14,15:30,Bundesliga,Matchweek 34,Sat,Home,W,2,1,Hertha BSC,1.3,1.0,73.0,80500.0,Marco Reus,3-4-3,4-2-3-1,Tobias Stieler,Match Report,,7.0,1.0,17.9,1.0,1.0,1.0,2022,Dortmund
2022-05-14,15:30,Bundesliga,Matchweek 34,Sat,Home,W,5,1,Hoffenheim,3.2,1.6,55.0,50395.0,Lars Stindl,4-2-3-1,3-1-4-2,Harm Osmers,Match Report,,17.0,8.0,15.1,0.0,1.0,1.0,2022,Gladbach
2022-05-14,15:30,Bundesliga,Matchweek 34,Sat,Home,W,3,2,Bochum,2.6,0.2,43.0,22012.0,Christopher Trimmel,3-5-2,3-4-1-2,Marco Fritz,Match Report,,15.0,10.0,14.8,0.0,1.0,1.0,2022,Union Berlin
2022-05-14,15:30,Bundesliga,Matchweek 34,Sat,Away,D,1,1,Arminia,3.0,1.6,58.0,22719.0,Péter Gulácsi,3-4-3,4-3-3,Daniel Siebert,Match Report,,20.0,10.0,12.4,0.0,0.0,0.0,2022,RB Leipzig
2022-05-14,15:30,Bundesliga,Matchweek 34,Sat,Home,W,2,1,Greuther Fürth,1.1,0.5,49.0,27907.0,Jeffrey Gouweleeuw,3-4-3,3-5-2,Tobias Reichel,Match Report,,7.0,2.0,18.3,1.0,1.0,1.0,2022,Augsburg
2022-05-14,15:30,Bundesliga,Matchweek 34,Sat,Away,L,1,2,Leverkusen,1.1,2.2,47.0,30210.0,Christian Günter,4-4-1-1,4-4-2,Sven Jablonski,Match Report,,13.0,2.0,15.3,0.0,0.0,0.0,2022,Freiburg
2022-05-14,15:30,Bundesliga,Matchweek 34,Sat,Away,L,1,2,Stuttgart,1.2,3.9,66.0,52230.0,Jonas Hector,4-2-3-1,4-3-3,Robert Schröder,Match Report,,13.0,2.0,15.9,0.0,0.0,0.0,2022,Köln
2022-05-14,15:30,Bundesliga,Matchweek 34,Sat,Away,D,2,2,Mainz 05,1.6,1.3,51.0,33000.0,Sebastian Rode,3-4-3,3-4-3,Martin Petersen,Match Report,,12.0,4.0,18.2,1.0,0.0,0.0,2022,Eint Frankfurt
2022-05-14,15:30,Bundesliga,Matchweek 34,Sat,Home,D,1,1,RB Leipzig,1.6,3.0,42.0,22719.0,Manuel Prietl,4-3-3,3-4-3,Daniel Siebert,Match Report,,9.0,4.0,14.4,0.0,0.0,0.0,2022,Arminia
2022-05-14,15:30,Bundesliga,Matchweek 34,Sat,Home,W,2,1,Freiburg,2.2,1.1,53.0,30210.0,Julian Baumgartlinger,4-4-2,4-4-1-1,Sven Jablonski,Match Report,,11.0,3.0,18.7,0.0,0.0,0.0,2022,Leverkusen
2022-05-14,15:30,Bundesliga,Matchweek 34,Sat,Away,D,2,2,Wolfsburg,2.1,1.5,67.0,30000.0,Manuel Neuer,3-2-4-1,4-4-2,Robert Hartmann,Match Report,,26.0,8.0,17.1,0.0,0.0,0.0,2022,Bayern Munich
2022-05-14,15:30,Bundesliga,Matchweek 34,Sat,Home,D,2,2,Bayern Munich,1.5,2.1,33.0,30000.0,Koen Casteels,4-4-2,3-2-4-1,Robert Hartmann,Match Report,,9.0,2.0,18.3,0.0,0.0,0.0,2022,Wolfsburg
2022-05-14,15:30,Bundesliga,Matchweek 34,Sat,Home,D,2,2,Eint Frankfurt,1.3,1.6,49.0,33000.0,Moussa Niakhate,3-4-3,3-4-3,Martin Petersen,Match Report,,13.0,4.0,14.8,1.0,0.0,0.0,2022,Mainz 05
2022-05-14,15:30,Bundesliga,Matchweek 34,Sat,Home,W,2,1,Köln,3.9,1.2,34.0,52230.0,Wataru Endo,4-3-3,4-2-3-1,Robert Schröder,Match Report,,23.0,11.0,15.8,0.0,0.0,1.0,2022,Stuttgart
2022-05-14,15:30,Bundesliga,Matchweek 34,Sat,Away,L,1,5,Gladbach,1.6,3.2,45.0,50395.0,Andrej Kramarić,3-1-4-2,4-2-3-1,Harm Osmers,Match Report,,10.0,2.0,17.0,1.0,0.0,0.0,2022,Hoffenheim
2022-05-14,15:30,Bundesliga,Matchweek 34,Sat,Away,L,2,3,Union Berlin,0.2,2.6,57.0,22012.0,Anthony Losilla,3-4-1-2,3-5-2,Marco Fritz,Match Report,,5.0,3.0,20.6,0.0,0.0,0.0,2022,Bochum
2022-05-18,21:00,Europa Lg,Final,Wed,Neutral,D,1 (5),1 (4),sct Rangers,1.9,1.1,48.0,,Sebastian Rode,3-4-3,4-3-3,Slavko Vinčič,Match Report,Eint Frankfurt won on penalty kicks following extra time,22.0,4.0,20.4,0.0,0.0,0.0,2022,Eint Frankfurt
2022-05-19,20:30,Rel/Pro play-offs,German 1/2 Relegation/Promotion play-offs,Thu,Home,L,0,1,Hamburger SV,,,44.0,75500.0,Dedryck Boyata,4-4-2,4-3-3,Harm Osmers,Match Report,Leg 1 of 2,6.0,3.0,,,0.0,0.0,2022,Hertha BSC
2022-05-21,20:00,DFB-Pokal,Final,Sat,Neutral,D,1 (4),1 (2),Freiburg,,,52.0,74322.0,Péter Gulácsi,3-4-3,5-3-2,Sascha Stegemann,Match Report,RB Leipzig won on penalty kicks following extra time,15.0,8.0,,,0.0,0.0,2022,RB Leipzig
2022-05-21,20:00,DFB-Pokal,Final,Sat,Neutral,D,1 (2),1 (4),RB Leipzig,,,48.0,74322.0,Christian Günter,5-3-2,3-4-3,Sascha Stegemann,Match Report,RB Leipzig won on penalty kicks following extra time,21.0,5.0,,,0.0,0.0,2022,Freiburg
2022-05-23,20:30,Rel/Pro play-offs,German 1/2 Relegation/Promotion play-offs,Mon,Away,W,2,0,Hamburger SV,,,40.0,57000.0,Dedryck Boyata,4-4-2◆,4-3-3,Deniz Aytekin,Match Report,Leg 2 of 2; Hertha BSC won,17.0,7.0,,,0.0,0.0,2022,Hertha BSC
2022-07-29,18:00,DFB-Pokal,Round of 64,Fri,Away,W,1,0,Dresden,,,46.0,22644.0,Wataru Endo,3-4-3◆,5-4-1,Florian Badstübner,Match Report,,21.0,7.0,,,0.0,0.0,2023,Stuttgart
2022-07-29,20:45,DFB-Pokal,Round of 64,Fri,Away,W,3,0,1860 Munich,,,82.0,15000.0,Marco Reus,4-2-3-1,4-4-2,Benjamin Brand,Match Report,,25.0,11.0,,,0.0,0.0,2023,Dortmund
2022-07-30,13:00,DFB-Pokal,Round of 64,Sat,Away,W,3,0,Viktoria 1889,,,66.0,5573.0,Anthony Losilla,4-2-3-1,3-5-1-1,Patrick Alt,Match Report,,21.0,7.0,,,0.0,0.0,2023,Bochum
2022-07-30,15:30,DFB-Pokal,Round of 64,Sat,Away,D,2 (3),2 (4),Jahn R'burg,,,61.0,13236.0,Anthony Modeste,4-4-2◆,4-2-3-1,Felix Brych,Match Report,Jahn R'burg won on penalty kicks following extra time,25.0,4.0,,,0.0,0.0,2023,Köln
2022-07-30,20:30,DFL-Supercup,DFL-Supercup,Sat,Home,L,3,5,Bayern Munich,,,42.0,47069.0,Péter Gulácsi,3-4-3,4-2-3-1,Robert Schröder,Match Report,,9.0,4.0,,,1.0,1.0,2023,RB Leipzig
2022-07-30,20:30,DFL-Supercup,DFL-Supercup,Sat,Away,W,5,3,RB Leipzig,,,58.0,47069.0,Manuel Neuer,4-2-3-1,3-4-3,Robert Schröder,Match Report,,12.0,8.0,,,0.0,0.0,2023,Bayern Munich
2022-07-30,15:30,DFB-Pokal,Round of 64,Sat,Away,L,3,4,Elversberg,,,61.0,7500.0,Lukáš Hrádecký,4-2-3-1,4-2-3-1,Martin Petersen,Match Report,,19.0,11.0,,,0.0,0.0,2023,Leverkusen
2022-07-30,18:00,DFB-Pokal,Round of 64,Sat,Away,W,1,0,Carl Zeiss Jena,,,71.0,6100.0,Koen Casteels,3-4-3,5-3-2,Florian Heft,Match Report,,21.0,4.0,,,0.0,0.0,2023,Wolfsburg
2022-07-31,13:01,DFB-Pokal,Round of 64,Sun,Away,W,5,0,Bremer SV,,,77.0,10000.0,Maya Yoshida,4-4-2,5-3-2,Patrick Hanslbauer,Match Report,,29.0,12.0,,,0.0,1.0,2023,Schalke 04
2022-07-31,15:31,DFB-Pokal,Round of 64,Sun,Away,W,4,0,Blau-Weiß Lohne,,,68.0,4150.0,Jeffrey Gouweleeuw,3-1-4-2,4-4-2,Sven Waschitzki,Match Report,,19.0,7.0,,,0.0,0.0,2023,Augsburg
2022-07-31,15:31,DFB-Pokal,Round of 64,Sun,Away,W,2,0,Rödinghausen,,,68.0,10000.0,Benjamin Hübner,3-1-4-2,5-3-2,Robin Braun,Match Report,Required Extra Time,28.0,7.0,,,0.0,0.0,2023,Hoffenheim
2022-07-31,18:01,DFB-Pokal,Round of 64,Sun,Away,D,4 (5),4 (6),BTSV,,,61.0,14126.0,Marvin Plattenhardt,4-3-3,4-2-3-1,Tobias Stieler,Match Report,BTSV won on penalty kicks following extra time,27.0,12.0,,,0.0,0.0,2023,Hertha BSC
2022-07-31,18:01,DFB-Pokal,Round of 64,Sun,Away,W,3,0,Erzgebirge Aue,,,55.0,8446.0,Silvan Widmer,5-3-2,4-1-4-1,Deniz Aytekin,Match Report,,26.0,9.0,,,1.0,1.0,2023,Mainz 05
2022-07-31,15:31,DFB-Pokal,Round of 64,Sun,Away,W,9,1,SV Oberachern,,,71.0,13558.0,Lars Stindl,4-2-3-1,3-4-3,Nicolas Winter,Match Report,,25.0,12.0,,,0.0,0.0,2023,Gladbach
2022-07-31,15:31,DFB-Pokal,Round of 64,Sun,Away,W,2,1,Kaiserslautern,,,65.0,38317.0,Christian Günter,4-2-3-1,4-2-3-1,Jörg Jablonksi,Match Report,Required Extra Time,23.0,6.0,,,0.0,0.0,2023,Freiburg
2022-08-01,18:01,DFB-Pokal,Round of 64,Mon,Away,W,2,1,Chemnitzer FC,,,57.0,13465.0,Christopher Trimmel,3-5-2,3-4-1-2,Bastian Dankert,Match Report,Required Extra Time,27.0,8.0,,,0.0,0.0,2023,Union Berlin
2022-08-01,18:01,DFB-Pokal,Round of 64,Mon,Away,W,2,1,Energie Cottbus,,,61.0,20078.0,Marco Friedl,4-4-2,4-3-3,Daniel Siebert,Match Report,,12.0,5.0,,,0.0,0.0,2023,Werder Bremen
2022-08-01,20:46,DFB-Pokal,Round of 64,Mon,Away,W,4,0,Magdeburg,,,45.0,26350.0,Kevin Trapp,3-4-3,4-3-3,Felix Zwayer,Match Report,,20.0,8.0,,,0.0,0.0,2023,Eint Frankfurt
2022-08-05,20:30,Bundesliga,Matchweek 1,Fri,Away,W,6,1,Eint Frankfurt,4.0,0.9,63.0,51500.0,Manuel Neuer,4-4-2,3-4-3,Deniz Aytekin,Match Report,,23.0,10.0,16.6,1.0,0.0,0.0,2023,Bayern Munich
2022-08-05,20:30,Bundesliga,Matchweek 1,Fri,Home,L,1,6,Bayern Munich,0.9,4.0,37.0,51500.0,Sebastian Rode,3-4-3,4-4-2,Deniz Aytekin,Match Report,,8.0,2.0,17.9,0.0,0.0,0.0,2023,Eint Frankfurt
2022-08-06,15:30,Bundesliga,Matchweek 1,Sat,Home,L,1,2,Mainz 05,0.9,1.4,59.0,24110.0,Anthony Losilla,4-2-3-1,5-4-1,Felix Zwayer,Match Report,,16.0,3.0,25.1,2.0,0.0,0.0,2023,Bochum
2022-08-06,15:30,Bundesliga,Matchweek 1,Sat,Away,L,1,3,Gladbach,0.1,1.9,39.0,49659.0,Oliver Baumann,3-5-2,4-2-3-1,Daniel Siebert,Match Report,,2.0,1.0,23.5,0.0,0.0,0.0,2023,Hoffenheim
2022-08-06,15:30,Bundesliga,Matchweek 1,Sat,Home,L,0,4,Freiburg,0.7,1.2,53.0,25310.0,Jeffrey Gouweleeuw,3-1-4-2,4-2-3-1,Bastian Dankert,Match Report,,11.0,2.0,17.4,1.0,0.0,0.0,2023,Augsburg
2022-08-06,15:30,Bundesliga,Matchweek 1,Sat,Away,L,1,3,Union Berlin,0.3,1.0,51.0,22012.0,Marvin Plattenhardt,4-3-3,3-5-2,Marco Fritz,Match Report,,7.0,3.0,20.3,1.0,0.0,0.0,2023,Hertha BSC
2022-08-06,15:30,Bundesliga,Matchweek 1,Sat,Away,W,4,0,Augsburg,1.2,0.7,47.0,25310.0,Christian Günter,4-2-3-1,3-1-4-2,Bastian Dankert,Match Report,,18.0,7.0,19.2,1.0,0.0,0.0,2023,Freiburg
2022-08-06,18:30,Bundesliga,Matchweek 1,Sat,Away,L,0,1,Dortmund,1.3,1.8,55.0,81365.0,Lukáš Hrádecký,4-2-3-1,4-3-3,Felix Brych,Match Report,,8.0,3.0,20.1,0.0,0.0,0.0,2023,Leverkusen
2022-08-06,15:30,Bundesliga,Matchweek 1,Sat,Away,W,2,1,Bochum,1.4,0.9,41.0,24110.0,Robin Zentner,5-4-1,4-2-3-1,Felix Zwayer,Match Report,,13.0,6.0,17.5,1.0,0.0,0.0,2023,Mainz 05
2022-08-06,15:30,Bundesliga,Matchweek 1,Sat,Home,D,2,2,Werder Bremen,1.0,0.8,61.0,28015.0,Maximilian Arnold,4-2-3-1,3-5-2,Sascha Stegemann,Match Report,,11.0,3.0,19.8,0.0,0.0,0.0,2023,Wolfsburg
2022-08-06,18:30,Bundesliga,Matchweek 1,Sat,Home,W,1,0,Leverkusen,1.8,1.3,45.0,81365.0,Marco Reus,4-3-3,4-2-3-1,Felix Brych,Match Report,,14.0,4.0,17.8,1.0,0.0,0.0,2023,Dortmund
2022-08-06,15:30,Bundesliga,Matchweek 1,Sat,Home,W,3,1,Hoffenheim,1.9,0.1,61.0,49659.0,Yann Sommer,4-2-3-1,3-5-2,Daniel Siebert,Match Report,,18.0,7.0,16.2,1.0,0.0,0.0,2023,Gladbach
2022-08-06,15:30,Bundesliga,Matchweek 1,Sat,Away,D,2,2,Wolfsburg,0.8,1.0,39.0,28015.0,Marco Friedl,3-5-2,4-2-3-1,Sascha Stegemann,Match Report,,10.0,4.0,21.5,0.0,0.0,0.0,2023,Werder Bremen
2022-08-06,15:30,Bundesliga,Matchweek 1,Sat,Home,W,3,1,Hertha BSC,1.0,0.3,49.0,22012.0,Christopher Trimmel,3-5-2,4-3-3,Marco Fritz,Match Report,,19.0,8.0,19.0,0.0,0.0,0.0,2023,Union Berlin
2022-08-07,15:30,Bundesliga,Matchweek 1,Sun,Home,D,1,1,RB Leipzig,0.8,1.6,33.0,46000.0,Wataru Endo,3-5-2,3-4-1-2,Tobias Stieler,Match Report,,11.0,2.0,22.0,0.0,0.0,0.0,2023,Stuttgart
2022-08-07,17:30,Bundesliga,Matchweek 1,Sun,Home,W,3,1,Schalke 04,4.1,0.2,75.0,50000.0,Jonas Hector,4-1-3-2,4-1-4-1,Robert Schröder,Match Report,,32.0,10.0,15.5,0.0,0.0,0.0,2023,Köln
2022-08-07,15:30,Bundesliga,Matchweek 1,Sun,Away,D,1,1,Stuttgart,1.6,0.8,67.0,46000.0,Péter Gulácsi,3-4-1-2,3-5-2,Tobias Stieler,Match Report,,28.0,9.0,19.4,0.0,0.0,0.0,2023,RB Leipzig
2022-08-07,17:30,Bundesliga,Matchweek 1,Sun,Away,L,1,3,Köln,0.2,4.1,25.0,50000.0,Maya Yoshida,4-1-4-1,4-1-3-2,Robert Schröder,Match Report,,5.0,2.0,18.9,0.0,0.0,0.0,2023,Schalke 04
2022-08-10,22:00 (21:00),Super Cup,UEFA Super Cup,Wed,Away,L,0,2,es Real Madrid,,,42.0,31042.0,Sebastian Rode,3-4-3,4-3-3,Michael Oliver,Match Report,,0.0,0.0,,,0.0,0.0,2023,Eint Frankfurt
2022-08-12,20:30,Bundesliga,Matchweek 2,Fri,Home,L,1,3,Dortmund,1.0,1.1,39.0,34700.0,Christian Günter,4-2-3-1,4-2-3-1,Tobias Welz,Match Report,,16.0,7.0,18.7,1.0,0.0,0.0,2023,Freiburg
2022-08-12,20:30,Bundesliga,Matchweek 2,Fri,Away,W,3,1,Freiburg,1.1,1.0,61.0,34700.0,Marco Reus,4-2-3-1,4-2-3-1,Tobias Welz,Match Report,,13.0,6.0,20.6,1.0,0.0,0.0,2023,Dortmund
2022-08-13,18:30,Bundesliga,Matchweek 2,Sat,Away,D,2,2,Schalke 04,1.3,1.4,67.0,62271.0,Yann Sommer,4-2-3-1,4-4-2,Sven Jablonski,Match Report,,14.0,8.0,16.7,0.0,0.0,0.0,2023,Gladbach
2022-08-13,15:30,Bundesliga,Matchweek 2,Sat,Home,D,2,2,Köln,1.0,1.5,52.0,49579.0,Péter Gulácsi,3-1-4-2,4-2-3-1,Benjamin Brand,Match Report,,9.0,5.0,19.2,1.0,0.0,0.0,2023,RB Leipzig
2022-08-13,15:30,Bundesliga,Matchweek 2,Sat,Home,D,1,1,Eint Frankfurt,1.7,1.6,39.0,45000.0,Lucas Tousart,4-3-3,3-4-3,Frank Willenborg,Match Report,,12.0,5.0,16.3,0.0,0.0,0.0,2023,Hertha BSC
2022-08-13,15:30,Bundesliga,Matchweek 2,Sat,Home,W,3,2,Bochum,2.6,1.5,59.0,17005.0,Oliver Baumann,3-5-2,3-4-1-2,Patrick Ittrich,Match Report,,22.0,11.0,17.8,1.0,0.0,1.0,2023,Hoffenheim
2022-08-13,15:30,Bundesliga,Matchweek 2,Sat,Away,D,2,2,Werder Bremen,1.4,0.5,43.0,41000.0,Wataru Endo,3-5-2,3-5-2,Robert Hartmann,Match Report,,14.0,7.0,20.6,0.0,0.0,0.0,2023,Stuttgart
2022-08-13,15:30,Bundesliga,Matchweek 2,Sat,Away,D,2,2,RB Leipzig,1.5,1.0,48.0,49579.0,Jonas Hector,4-2-3-1,3-1-4-2,Benjamin Brand,Match Report,,13.0,4.0,18.8,0.0,0.0,0.0,2023,Köln
2022-08-13,15:30,Bundesliga,Matchweek 2,Sat,Home,D,2,2,Stuttgart,0.5,1.4,57.0,41000.0,Marco Friedl,3-5-2,3-5-2,Robert Hartmann,Match Report,,5.0,3.0,16.6,0.0,0.0,0.0,2023,Werder Bremen
2022-08-13,15:30,Bundesliga,Matchweek 2,Sat,Away,D,1,1,Hertha BSC,1.6,1.7,61.0,45000.0,Kevin Trapp,3-4-3,4-3-3,Frank Willenborg,Match Report,,11.0,1.0,12.6,0.0,0.0,0.0,2023,Eint Frankfurt
2022-08-13,15:30,Bundesliga,Matchweek 2,Sat,Away,L,2,3,Hoffenheim,1.5,2.6,41.0,17005.0,Anthony Losilla,3-4-1-2,3-5-2,Patrick Ittrich,Match Report,,11.0,5.0,18.2,1.0,0.0,0.0,2023,Bochum
2022-08-13,18:30,Bundesliga,Matchweek 2,Sat,Home,D,2,2,Gladbach,1.4,1.3,33.0,62271.0,Simon Terodde,4-4-2,4-2-3-1,Sven Jablonski,Match Report,,11.0,3.0,19.7,1.0,1.0,1.0,2023,Schalke 04
2022-08-13,15:30,Bundesliga,Matchweek 2,Sat,Away,W,2,1,Leverkusen,0.4,2.5,34.0,22903.0,Jeffrey Gouweleeuw,3-5-2,4-2-3-1,Benjamin Cortus,Match Report,,6.0,4.0,19.0,0.0,0.0,0.0,2023,Augsburg
2022-08-13,15:30,Bundesliga,Matchweek 2,Sat,Home,L,1,2,Augsburg,2.5,0.4,66.0,22903.0,Jonathan Tah,4-2-3-1,3-5-2,Benjamin Cortus,Match Report,,24.0,10.0,15.8,1.0,0.0,0.0,2023,Leverkusen
2022-08-14,15:30,Bundesliga,Matchweek 2,Sun,Away,D,0,0,Mainz 05,0.4,0.7,51.0,25009.0,Rani Khedira,3-5-2,3-5-2,Daniel Schlager,Match Report,,10.0,2.0,22.8,0.0,0.0,0.0,2023,Union Berlin
2022-08-14,17:30,Bundesliga,Matchweek 2,Sun,Away,L,0,2,Bayern Munich,0.5,2.0,32.0,75000.0,Maximilian Arnold,4-5-1,4-2-3-1,Harm Osmers,Match Report,,8.0,2.0,19.1,2.0,0.0,0.0,2023,Wolfsburg
2022-08-14,15:30,Bundesliga,Matchweek 2,Sun,Home,D,0,0,Union Berlin,0.7,0.4,49.0,25009.0,Silvan Widmer,3-5-2,3-5-2,Daniel Schlager,Match Report,,11.0,5.0,16.9,0.0,0.0,0.0,2023,Mainz 05
2022-08-14,17:30,Bundesliga,Matchweek 2,Sun,Home,W,2,0,Wolfsburg,2.0,0.5,68.0,75000.0,Manuel Neuer,4-2-3-1,4-5-1,Harm Osmers,Match Report,,24.0,8.0,18.4,0.0,0.0,0.0,2023,Bayern Munich
2022-08-18,20:30,Conf Lg,Play-off round,Thu,Home,L,1,2,hu Vidi,,,,44000.0,Jonas Hector,4-2-3-1,5-4-1,Tiago Martins,Match Report,Leg 1 of 2,,,,,0.0,0.0,2023,Köln
2022-08-19,20:30,Bundesliga,Matchweek 3,Fri,Away,L,0,1,Gladbach,1.0,2.7,36.0,48411.0,Lucas Tousart,4-3-3,4-2-3-1,Matthias Jöllenbeck,Match Report,,17.0,4.0,18.0,0.0,0.0,0.0,2023,Hertha BSC
2022-08-19,20:30,Bundesliga,Matchweek 3,Fri,Home,W,1,0,Hertha BSC,2.7,1.0,64.0,48411.0,Yann Sommer,4-2-3-1,4-3-3,Matthias Jöllenbeck,Match Report,,9.0,4.0,21.0,0.0,1.0,2.0,2023,Gladbach
2022-08-20,15:30,Bundesliga,Matchweek 3,Sat,Home,D,0,0,Schalke 04,1.3,1.1,71.0,26959.0,Maximilian Arnold,4-2-3-1,4-3-3,Felix Zwayer,Match Report,,17.0,6.0,15.2,0.0,0.0,0.0,2023,Wolfsburg
2022-08-20,15:30,Bundesliga,Matchweek 3,Sat,Away,W,3,2,Dortmund,1.3,0.5,50.0,81365.0,Marco Friedl,3-5-2,4-2-3-1,Florian Badstübner,Match Report,,14.0,7.0,18.6,1.0,0.0,0.0,2023,Werder Bremen
2022-08-20,15:30,Bundesliga,Matchweek 3,Sat,Away,W,2,1,Augsburg,2.1,0.5,50.0,23755.0,Silvan Widmer,3-5-2,3-4-3,Sascha Stegemann,Match Report,,12.0,5.0,19.6,1.0,0.0,1.0,2023,Mainz 05
2022-08-20,18:30,Bundesliga,Matchweek 3,Sat,Away,L,1,2,Union Berlin,0.9,0.7,73.0,21056.0,Willi Orban,3-1-4-2,3-5-2,Deniz Aytekin,Match Report,,16.0,1.0,18.6,0.0,0.0,0.0,2023,RB Leipzig
2022-08-20,15:30,Bundesliga,Matchweek 3,Sat,Home,L,1,2,Mainz 05,0.5,2.1,50.0,23755.0,Jeffrey Gouweleeuw,3-4-3,3-5-2,Sascha Stegemann,Match Report,,7.0,2.0,21.9,1.0,0.0,0.0,2023,Augsburg
2022-08-20,15:30,Bundesliga,Matchweek 3,Sat,Away,W,3,0,Leverkusen,1.5,1.2,44.0,26300.0,Oliver Baumann,3-5-2,4-2-3-1,Tobias Reichel,Match Report,,10.0,5.0,14.2,0.0,0.0,0.0,2023,Hoffenheim
2022-08-20,18:30,Bundesliga,Matchweek 3,Sat,Home,W,2,1,RB Leipzig,0.7,0.9,27.0,21056.0,Christopher Trimmel,3-5-2,3-1-4-2,Deniz Aytekin,Match Report,,7.0,2.0,17.2,0.0,0.0,0.0,2023,Union Berlin
2022-08-20,15:30,Bundesliga,Matchweek 3,Sat,Home,L,0,3,Hoffenheim,1.2,1.5,56.0,26300.0,Lukáš Hrádecký,4-2-3-1,3-5-2,Tobias Reichel,Match Report,,14.0,3.0,20.8,3.0,0.0,0.0,2023,Leverkusen
2022-08-20,15:30,Bundesliga,Matchweek 3,Sat,Away,D,0,0,Wolfsburg,1.1,1.3,29.0,26959.0,Danny Latza,4-3-3,4-2-3-1,Felix Zwayer,Match Report,,9.0,1.0,22.1,0.0,0.0,1.0,2023,Schalke 04
2022-08-20,15:30,Bundesliga,Matchweek 3,Sat,Away,W,1,0,Stuttgart,0.6,0.9,40.0,47500.0,Christian Günter,4-2-3-1,3-4-3,Felix Brych,Match Report,,9.0,3.0,22.0,0.0,0.0,0.0,2023,Freiburg
2022-08-20,15:30,Bundesliga,Matchweek 3,Sat,Home,L,0,1,Freiburg,0.9,0.6,60.0,47500.0,Wataru Endo,3-4-3,4-2-3-1,Felix Brych,Match Report,,17.0,4.0,16.9,0.0,0.0,0.0,2023,Stuttgart
2022-08-20,15:30,Bundesliga,Matchweek 3,Sat,Home,L,2,3,Werder Bremen,0.5,1.3,50.0,81365.0,Marco Reus,4-2-3-1,3-5-2,Florian Badstübner,Match Report,,6.0,4.0,21.2,0.0,0.0,0.0,2023,Dortmund
2022-08-21,15:30,Bundesliga,Matchweek 3,Sun,Away,D,1,1,Eint Frankfurt,0.3,0.9,46.0,50800.0,Jonas Hector,4-1-2-1-2◆,4-2-3-1,Martin Petersen,Match Report,,5.0,2.0,16.2,0.0,0.0,0.0,2023,Köln
2022-08-21,15:30,Bundesliga,Matchweek 3,Sun,Home,D,1,1,Köln,0.9,0.3,54.0,50800.0,Sebastian Rode,4-2-3-1,4-1-2-1-2,Martin Petersen,Match Report,,9.0,3.0,19.9,2.0,0.0,0.0,2023,Eint Frankfurt
2022-08-21,17:30,Bundesliga,Matchweek 3,Sun,Home,L,0,7,Bayern Munich,0.7,2.9,36.0,26000.0,Anthony Losilla,4-4-2,4-4-2,Daniel Siebert,Match Report,,13.0,7.0,17.0,0.0,0.0,0.0,2023,Bochum
2022-08-21,17:30,Bundesliga,Matchweek 3,Sun,Away,W,7,0,Bochum,2.9,0.7,64.0,26000.0,Manuel Neuer,4-4-2,4-4-2,Daniel Siebert,Match Report,,21.0,11.0,18.3,1.0,1.0,1.0,2023,Bayern Munich
2022-08-25,19:00,Conf Lg,Play-off round,Thu,Away,W,3,0,hu Vidi,,,,10411.0,Florian Kainz,4-2-3-1,5-4-1,Ali Palabıyık,Match Report,Leg 2 of 2; Köln won,,,,,0.0,0.0,2023,Köln
2022-08-26,20:30,Bundesliga,Matchweek 4,Fri,Home,W,1,0,Bochum,3.9,1.2,48.0,32800.0,Christian Günter,4-2-3-1,4-2-3-1,Marco Fritz,Match Report,,28.0,12.0,16.3,1.0,0.0,1.0,2023,Freiburg
2022-08-26,20:30,Bundesliga,Matchweek 4,Fri,Away,L,0,1,Freiburg,1.2,3.9,52.0,32800.0,Anthony Losilla,4-2-3-1,4-2-3-1,Marco Fritz,Match Report,,15.0,5.0,15.3,0.0,0.0,0.0,2023,Bochum
2022-08-27,15:30,Bundesliga,Matchweek 4,Sat,Away,W,6,1,Schalke 04,1.1,1.9,41.0,62271.0,Rani Khedira,3-5-2,4-2-3-1,Robert Hartmann,Match Report,,12.0,7.0,16.1,0.0,0.0,0.0,2023,Union Berlin
2022-08-27,15:30,Bundesliga,Matchweek 4,Sat,Away,W,1,0,Hertha BSC,2.7,0.5,62.0,62142.0,Marco Reus,4-2-3-1,4-3-3,Tobias Stieler,Match Report,,22.0,6.0,14.5,1.0,0.0,0.0,2023,Dortmund
2022-08-27,15:30,Bundesliga,Matchweek 4,Sat,Away,W,3,0,Mainz 05,1.9,1.4,39.0,28500.0,Lukáš Hrádecký,3-5-2,3-4-3,Christian Dingert,Match Report,,8.0,5.0,18.9,1.0,0.0,0.0,2023,Leverkusen
2022-08-27,15:30,Bundesliga,Matchweek 4,Sat,Away,L,0,1,Hoffenheim,0.6,1.9,50.0,17206.0,Jeffrey Gouweleeuw,3-4-1-2,3-5-2,Tobias Welz,Match Report,,11.0,1.0,17.1,0.0,0.0,0.0,2023,Augsburg
2022-08-27,15:30,Bundesliga,Matchweek 4,Sat,Home,L,1,6,Union Berlin,1.9,1.1,59.0,62271.0,Simon Terodde,4-2-3-1,3-5-2,Robert Hartmann,Match Report,,15.0,6.0,14.6,0.0,1.0,1.0,2023,Schalke 04
2022-08-27,18:30,Bundesliga,Matchweek 4,Sat,Home,D,1,1,Gladbach,2.8,0.5,69.0,75000.0,Manuel Neuer,4-2-2-2,4-2-3-1,Daniel Schlager,Match Report,,33.0,20.0,17.4,1.0,0.0,0.0,2023,Bayern Munich
2022-08-27,18:30,Bundesliga,Matchweek 4,Sat,Away,D,1,1,Bayern Munich,0.5,2.8,31.0,75000.0,Yann Sommer,4-2-3-1,4-2-2-2,Daniel Schlager,Match Report,,5.0,3.0,17.9,0.0,0.0,0.0,2023,Gladbach
2022-08-27,15:30,Bundesliga,Matchweek 4,Sat,Home,W,1,0,Augsburg,1.9,0.6,50.0,17206.0,Oliver Baumann,3-5-2,3-4-1-2,Tobias Welz,Match Report,,21.0,5.0,19.8,0.0,0.0,0.0,2023,Hoffenheim
2022-08-27,15:30,Bundesliga,Matchweek 4,Sat,Home,L,0,1,Dortmund,0.5,2.7,38.0,62142.0,Marvin Plattenhardt,4-3-3,4-2-3-1,Tobias Stieler,Match Report,,13.0,3.0,22.2,0.0,0.0,0.0,2023,Hertha BSC
2022-08-27,15:30,Bundesliga,Matchweek 4,Sat,Away,L,0,2,RB Leipzig,0.5,3.5,57.0,41243.0,Maximilian Arnold,4-2-3-1,3-4-1-2,Bastian Dankert,Match Report,,9.0,4.0,17.4,0.0,0.0,0.0,2023,Wolfsburg
2022-08-27,15:30,Bundesliga,Matchweek 4,Sat,Home,L,0,3,Leverkusen,1.4,1.9,61.0,28500.0,Silvan Widmer,3-4-3,3-5-2,Christian Dingert,Match Report,,18.0,3.0,18.4,1.0,0.0,0.0,2023,Mainz 05
2022-08-27,15:30,Bundesliga,Matchweek 4,Sat,Home,W,2,0,Wolfsburg,3.5,0.5,43.0,41243.0,Willi Orban,3-4-1-2,4-2-3-1,Bastian Dankert,Match Report,,15.0,6.0,15.1,0.0,1.0,1.0,2023,RB Leipzig
2022-08-28,15:30,Bundesliga,Matchweek 4,Sun,Home,D,0,0,Stuttgart,0.6,2.1,63.0,50000.0,Jonas Hector,4-1-3-2,3-4-3,Harm Osmers,Match Report,,7.0,1.0,19.4,0.0,0.0,0.0,2023,Köln
2022-08-28,17:30,Bundesliga,Matchweek 4,Sun,Away,W,4,3,Werder Bremen,1.8,1.8,46.0,41000.0,Sebastian Rode,4-2-3-1,3-5-2,Patrick Ittrich,Match Report,,10.0,6.0,12.7,0.0,0.0,0.0,2023,Eint Frankfurt
2022-08-28,17:30,Bundesliga,Matchweek 4,Sun,Home,L,3,4,Eint Frankfurt,1.8,1.8,54.0,41000.0,Marco Friedl,3-5-2,4-2-3-1,Patrick Ittrich,Match Report,,9.0,3.0,18.2,0.0,1.0,1.0,2023,Werder Bremen
2022-08-28,15:30,Bundesliga,Matchweek 4,Sun,Away,D,0,0,Köln,2.1,0.6,37.0,50000.0,Wataru Endo,3-4-3,4-1-3-2,Harm Osmers,Match Report,,14.0,5.0,15.4,0.0,0.0,0.0,2023,Stuttgart
2022-08-30,20:46,DFB-Pokal,Round of 64,Tue,Away,W,8,0,FC Teutonia Ottensen,,,74.0,13084.0,Willi Orban,3-5-2,3-5-2,Harm Osmers,Match Report,,41.0,19.0,,,0.0,0.0,2023,RB Leipzig
2022-08-31,20:46,DFB-Pokal,Round of 64,Wed,Away,W,5,0,Viktoria Köln,,,77.0,50000.0,Thomas Müller,4-2-3-1,4-3-3,Matthias Jöllenbeck,Match Report,,28.0,18.0,,,0.0,0.0,2023,Bayern Munich
2022-09-02,20:30,Bundesliga,Matchweek 5,Fri,Away,L,0,1,Dortmund,0.5,2.0,51.0,79300.0,Oliver Baumann,3-5-2,4-5-1,Daniel Siebert,Match Report,,7.0,2.0,15.8,1.0,0.0,0.0,2023,Hoffenheim
2022-09-02,20:30,Bundesliga,Matchweek 5,Fri,Home,W,1,0,Hoffenheim,2.0,0.5,49.0,79300.0,Marco Reus,4-5-1,3-5-2,Daniel Siebert,Match Report,,15.0,5.0,13.3,0.0,0.0,0.0,2023,Dortmund
2022-09-03,15:30,Bundesliga,Matchweek 5,Sat,Home,D,1,1,Bayern Munich,0.3,1.5,26.0,22012.0,Christopher Trimmel,3-5-2,4-2-3-1,Frank Willenborg,Match Report,,7.0,2.0,24.4,0.0,0.0,0.0,2023,Union Berlin
2022-09-03,18:30,Bundesliga,Matchweek 5,Sat,Away,L,0,4,Eint Frankfurt,0.2,3.1,56.0,49700.0,Péter Gulácsi,3-4-1-2,4-2-3-1,Felix Brych,Match Report,,4.0,0.0,12.2,0.0,0.0,0.0,2023,RB Leipzig
2022-09-03,15:30,Bundesliga,Matchweek 5,Sat,Away,W,4,2,Wolfsburg,2.7,1.0,49.0,25654.0,Jonas Hector,4-2-3-1,3-4-1-2,Matthias Jöllenbeck,Match Report,,17.0,4.0,16.5,0.0,1.0,1.0,2023,Köln
2022-09-03,15:30,Bundesliga,Matchweek 5,Sat,Home,L,2,4,Köln,1.0,2.7,51.0,25654.0,Maximilian Arnold,3-4-1-2,4-2-3-1,Matthias Jöllenbeck,Match Report,,9.0,3.0,14.5,0.0,0.0,0.0,2023,Wolfsburg
2022-09-03,15:30,Bundesliga,Matchweek 5,Sat,Away,W,3,2,Leverkusen,1.9,1.8,50.0,26853.0,Christian Günter,3-4-3,3-1-4-2,Sascha Stegemann,Match Report,,6.0,3.0,10.1,1.0,0.0,0.0,2023,Freiburg
2022-09-03,15:30,Bundesliga,Matchweek 5,Sat,Home,D,1,1,Schalke 04,0.6,2.3,43.0,47500.0,Wataru Endo,3-5-2,4-2-3-1,Florian Badstübner,Match Report,,13.0,3.0,19.2,0.0,0.0,0.0,2023,Stuttgart
2022-09-03,15:30,Bundesliga,Matchweek 5,Sat,Away,W,2,0,Bochum,2.0,0.8,50.0,25800.0,Marco Friedl,3-5-2,4-2-3-1,Robert Schröder,Match Report,,15.0,6.0,18.9,1.0,1.0,1.0,2023,Werder Bremen
2022-09-03,15:30,Bundesliga,Matchweek 5,Sat,Away,D,1,1,Union Berlin,1.5,0.3,74.0,22012.0,Manuel Neuer,4-2-3-1,3-5-2,Frank Willenborg,Match Report,,21.0,6.0,18.1,0.0,0.0,0.0,2023,Bayern Munich
2022-09-03,15:30,Bundesliga,Matchweek 5,Sat,Home,L,0,2,Werder Bremen,0.8,2.0,50.0,25800.0,Anthony Losilla,4-2-3-1,3-5-2,Robert Schröder,Match Report,,19.0,5.0,19.6,0.0,0.0,0.0,2023,Bochum
2022-09-03,18:30,Bundesliga,Matchweek 5,Sat,Home,W,4,0,RB Leipzig,3.1,0.2,44.0,49700.0,Sebastian Rode,4-2-3-1,3-4-1-2,Felix Brych,Match Report,,13.0,8.0,16.3,0.0,1.0,1.0,2023,Eint Frankfurt
2022-09-03,15:30,Bundesliga,Matchweek 5,Sat,Away,D,1,1,Stuttgart,2.3,0.6,57.0,47500.0,Simon Terodde,4-2-3-1,3-5-2,Florian Badstübner,Match Report,,12.0,2.0,14.7,0.0,0.0,0.0,2023,Schalke 04
2022-09-03,15:30,Bundesliga,Matchweek 5,Sat,Home,L,2,3,Freiburg,1.8,1.9,50.0,26853.0,Lukáš Hrádecký,3-1-4-2,3-4-3,Sascha Stegemann,Match Report,,15.0,6.0,14.4,0.0,0.0,0.0,2023,Leverkusen
2022-09-04,17:30,Bundesliga,Matchweek 5,Sun,Away,W,1,0,Gladbach,0.6,1.2,47.0,51210.0,Silvan Widmer,3-4-3,4-2-3-1,Deniz Aytekin,Match Report,,11.0,4.0,17.6,2.0,0.0,0.0,2023,Mainz 05
2022-09-04,17:30,Bundesliga,Matchweek 5,Sun,Home,L,0,1,Mainz 05,1.2,0.6,53.0,51210.0,Yann Sommer,4-2-3-1,3-4-3,Deniz Aytekin,Match Report,,14.0,2.0,16.8,0.0,0.0,0.0,2023,Gladbach
2022-09-04,15:30,Bundesliga,Matchweek 5,Sun,Away,W,2,0,Augsburg,2.1,0.4,52.0,25789.0,Marvin Plattenhardt,4-3-3,3-5-2,Harm Osmers,Match Report,,15.0,6.0,16.5,0.0,0.0,0.0,2023,Hertha BSC
2022-09-04,15:30,Bundesliga,Matchweek 5,Sun,Home,L,0,2,Hertha BSC,0.4,2.1,48.0,25789.0,Jeffrey Gouweleeuw,3-5-2,4-3-3,Harm Osmers,Match Report,,7.0,1.0,21.6,1.0,0.0,0.0,2023,Augsburg
2022-09-06,21:00,Champions Lg,Group stage,Tue,Home,L,1,4,ua Shakhtar,1.4,0.9,68.0,41591.0,Péter Gulácsi,4-2-3-1,4-1-4-1,João Pinheiro,Match Report,,13.0,2.0,16.6,1.0,0.0,0.0,2023,RB Leipzig
2022-09-06,18:45,Champions Lg,Group stage,Tue,Home,W,3,0,dk FC Copenhagen,2.3,0.5,63.0,70700.0,Marco Reus,4-2-3-1,4-3-3,François Letexier,Match Report,,15.0,4.0,18.1,1.0,0.0,0.0,2023,Dortmund
2022-09-07,21:00,Champions Lg,Group stage,Wed,Away,L,0,1,be Club Brugge,1.0,0.5,52.0,21235.0,Lukáš Hrádecký,4-2-3-1,4-3-3,Irfan Peljto,Match Report,,14.0,3.0,17.3,1.0,0.0,0.0,2023,Leverkusen
2022-09-07,18:45,Champions Lg,Group stage,Wed,Home,L,0,3,pt Sporting CP,0.8,0.9,45.0,50500.0,Kevin Trapp,4-2-3-1,3-4-3,Orel Grinfeeld,Match Report,,11.0,2.0,19.1,1.0,0.0,0.0,2023,Eint Frankfurt
2022-09-07,21:00,Champions Lg,Group stage,Wed,Away,W,2,0,it Inter,2.5,0.7,56.0,58951.0,Manuel Neuer,4-2-3-1,3-5-2,Clément Turpin,Match Report,,21.0,11.0,18.7,1.0,0.0,0.0,2023,Bayern Munich
2022-09-08,19:40,Conf Lg,Group stage,Thu,Away,D,1,1,fr Nice,1.3,1.9,53.0,19000.0,Jonas Hector,4-1-2-1-2◆,4-4-2,Luís Godinho,Match Report,,9.0,4.0,15.9,0.0,0.0,0.0,2023,Köln
2022-09-08,21:00,Europa Lg,Group stage,Thu,Home,W,2,1,az Qarabağ,1.6,1.0,47.0,31500.0,Christian Günter,4-4-2,4-2-3-1,Erik Lambrechts,Match Report,,13.0,5.0,19.4,0.0,1.0,1.0,2023,Freiburg
2022-09-08,18:45,Europa Lg,Group stage,Thu,Home,L,0,1,be Union SG,0.5,0.8,59.0,21512.0,Christopher Trimmel,3-5-2,3-5-2,Serhiy Boiko,Match Report,,10.0,3.0,16.3,0.0,0.0,0.0,2023,Union Berlin
2022-09-09,20:30,Bundesliga,Matchweek 6,Fri,Home,L,0,1,Augsburg,1.3,1.0,68.0,41000.0,Marco Friedl,3-1-4-2,3-4-3,Martin Petersen,Match Report,,11.0,6.0,19.8,0.0,0.0,1.0,2023,Werder Bremen
2022-09-09,20:30,Bundesliga,Matchweek 6,Fri,Away,W,1,0,Werder Bremen,1.0,1.3,32.0,41000.0,Jeffrey Gouweleeuw,3-4-3,3-1-4-2,Martin Petersen,Match Report,,15.0,6.0,22.5,0.0,0.0,0.0,2023,Augsburg
2022-09-10,18:30,Bundesliga,Matchweek 6,Sat,Home,W,3,1,Bochum,1.5,1.1,45.0,62041.0,Simon Terodde,4-2-3-1,4-2-3-1,Felix Zwayer,Match Report,,20.0,8.0,19.8,1.0,0.0,0.0,2023,Schalke 04
2022-09-10,15:30,Bundesliga,Matchweek 6,Sat,Home,D,2,2,Stuttgart,2.2,1.2,66.0,75000.0,Manuel Neuer,4-2-3-1,3-5-2,Christian Dingert,Match Report,,19.0,6.0,17.5,1.0,0.0,0.0,2023,Bayern Munich
2022-09-10,15:30,Bundesliga,Matchweek 6,Sat,Home,L,0,1,Wolfsburg,0.7,1.0,62.0,49000.0,Kevin Trapp,4-2-3-1,4-3-3,Tobias Reichel,Match Report,,10.0,0.0,17.1,1.0,0.0,0.0,2023,Eint Frankfurt
2022-09-10,15:30,Bundesliga,Matchweek 6,Sat,Away,L,0,3,RB Leipzig,0.6,2.0,55.0,47069.0,Marco Reus,4-2-3-1,4-2-3-1,Sven Jablonski,Match Report,,5.0,0.0,12.8,0.0,0.0,0.0,2023,Dortmund
2022-09-10,18:30,Bundesliga,Matchweek 6,Sat,Away,L,1,3,Schalke 04,1.1,1.5,55.0,62041.0,Anthony Losilla,4-2-3-1,4-2-3-1,Felix Zwayer,Match Report,,10.0,2.0,16.5,0.0,0.0,0.0,2023,Bochum
2022-09-10,15:30,Bundesliga,Matchweek 6,Sat,Home,W,3,0,Dortmund,2.0,0.6,45.0,47069.0,Péter Gulácsi,4-2-3-1,4-2-3-1,Sven Jablonski,Match Report,,15.0,5.0,15.3,0.0,0.0,0.0,2023,RB Leipzig
2022-09-10,15:30,Bundesliga,Matchweek 6,Sat,Away,L,1,4,Hoffenheim,0.7,4.2,36.0,20114.0,Silvan Widmer,3-4-3,3-1-4-2,Daniel Schlager,Match Report,,9.0,2.0,18.3,0.0,0.0,0.0,2023,Mainz 05
2022-09-10,15:30,Bundesliga,Matchweek 6,Sat,Away,D,2,2,Hertha BSC,1.3,1.9,58.0,40643.0,Lukáš Hrádecký,4-2-3-1,4-3-3,Benjamin Brand,Match Report,,11.0,5.0,18.0,1.0,0.0,0.0,2023,Leverkusen
2022-09-10,15:30,Bundesliga,Matchweek 6,Sat,Away,D,2,2,Bayern Munich,1.2,2.2,34.0,75000.0,Wataru Endo,3-5-2,4-2-3-1,Christian Dingert,Match Report,,6.0,2.0,23.9,0.0,1.0,1.0,2023,Stuttgart
2022-09-10,15:30,Bundesliga,Matchweek 6,Sat,Home,D,2,2,Leverkusen,1.9,1.3,42.0,40643.0,Marvin Plattenhardt,4-3-3,4-2-3-1,Benjamin Brand,Match Report,,17.0,6.0,17.8,2.0,0.0,0.0,2023,Hertha BSC
2022-09-10,15:30,Bundesliga,Matchweek 6,Sat,Home,W,4,1,Mainz 05,4.2,0.7,64.0,20114.0,Oliver Baumann,3-1-4-2,3-4-3,Daniel Schlager,Match Report,,20.0,9.0,15.4,1.0,0.0,1.0,2023,Hoffenheim
2022-09-10,15:30,Bundesliga,Matchweek 6,Sat,Away,W,1,0,Eint Frankfurt,1.0,0.7,38.0,49000.0,Maximilian Arnold,4-3-3,4-2-3-1,Tobias Reichel,Match Report,,7.0,3.0,12.3,0.0,0.0,0.0,2023,Wolfsburg
2022-09-11,17:30,Bundesliga,Matchweek 6,Sun,Home,D,0,0,Gladbach,1.1,1.2,43.0,34700.0,Christian Günter,4-4-1-1,4-2-3-1,Tobias Stieler,Match Report,,12.0,7.0,14.6,0.0,0.0,0.0,2023,Freiburg
2022-09-11,17:30,Bundesliga,Matchweek 6,Sun,Away,D,0,0,Freiburg,1.2,1.1,57.0,34700.0,Lars Stindl,4-2-3-1,4-4-1-1,Tobias Stieler,Match Report,,14.0,5.0,15.0,0.0,0.0,0.0,2023,Gladbach
2022-09-11,15:30,Bundesliga,Matchweek 6,Sun,Away,W,1,0,Köln,1.5,0.6,47.0,49500.0,Christopher Trimmel,3-5-2,4-2-3-1,Benjamin Cortus,Match Report,,11.0,2.0,18.7,0.0,0.0,1.0,2023,Union Berlin
2022-09-11,15:30,Bundesliga,Matchweek 6,Sun,Home,L,0,1,Union Berlin,0.6,1.5,53.0,49500.0,Jonas Hector,4-2-3-1,3-5-2,Benjamin Cortus,Match Report,,8.0,3.0,14.8,0.0,0.0,0.0,2023,Köln
2022-09-13,21:00,Champions Lg,Group stage,Tue,Home,W,2,0,es Atlético Madrid,1.8,0.9,45.0,25825.0,Lukáš Hrádecký,4-2-3-1,5-3-2,Michael Oliver,Match Report,,18.0,5.0,16.6,0.0,0.0,0.0,2023,Leverkusen
2022-09-13,21:00,Champions Lg,Group stage,Tue,Home,W,2,0,es Barcelona,1.7,2.0,47.0,75000.0,Manuel Neuer,4-2-3-1,4-3-3,Danny Makkelie,Match Report,,13.0,4.0,17.7,0.0,0.0,0.0,2023,Bayern Munich
2022-09-13,21:00,Champions Lg,Group stage,Tue,Away,W,1,0,fr Marseille,1.2,0.9,39.0,62500.0,Kevin Trapp,3-4-3,3-4-3,José Sánchez,Match Report,,14.0,7.0,18.1,1.0,0.0,0.0,2023,Eint Frankfurt
2022-09-14,20:00 (21:00),Champions Lg,Group stage,Wed,Away,L,1,2,eng Manchester City,0.7,1.0,34.0,50441.0,Marco Reus,4-3-3,4-3-3,Daniele Orsato,Match Report,,5.0,2.0,12.2,0.0,0.0,0.0,2023,Dortmund
2022-09-14,21:00,Champions Lg,Group stage,Wed,Away,L,0,2,es Real Madrid,0.7,0.9,48.0,54289.0,Péter Gulácsi,4-2-3-1,4-3-3,Maurizio Mariani,Match Report,,9.0,3.0,20.3,0.0,0.0,0.0,2023,RB Leipzig
2022-09-15,20:00 (21:00),Europa Lg,Group stage,Thu,Away,L,0,1,pt Braga,0.7,1.0,45.0,17782.0,Rani Khedira,3-5-2,4-4-2,Filip Glova,Match Report,,12.0,5.0,15.5,0.0,0.0,0.0,2023,Union Berlin
2022-09-15,21:00,Conf Lg,Group stage,Thu,Home,W,4,2,cz Slovácko,3.3,1.6,58.0,47700.0,Marvin Schwäbe,4-2-3-1,4-3-3,Yevhen Aranovskyi,Match Report,,12.0,5.0,12.6,0.0,1.0,1.0,2023,Köln
2022-09-15,19:45 (18:45),Europa Lg,Group stage,Thu,Away,W,3,0,gr Olympiacos,2.1,0.4,52.0,23104.0,Christian Günter,4-4-2,4-2-3-1,Matej Jug,Match Report,,16.0,8.0,14.8,0.0,0.0,0.0,2023,Freiburg
2022-09-16,20:30,Bundesliga,Matchweek 7,Fri,Away,D,1,1,Mainz 05,0.4,0.7,43.0,25300.0,Marvin Plattenhardt,4-3-3,3-4-3,Frank Willenborg,Match Report,,4.0,2.0,19.4,0.0,0.0,0.0,2023,Hertha BSC
2022-09-16,20:30,Bundesliga,Matchweek 7,Fri,Home,D,1,1,Hertha BSC,0.7,0.4,57.0,25300.0,Silvan Widmer,3-4-3,4-3-3,Frank Willenborg,Match Report,,11.0,2.0,16.6,0.0,0.0,0.0,2023,Mainz 05
2022-09-17,18:30,Bundesliga,Matchweek 7,Sat,Away,L,0,3,Gladbach,0.9,2.7,55.0,50186.0,Péter Gulácsi,4-2-3-1,4-2-3-1,Patrick Ittrich,Match Report,,12.0,5.0,14.8,0.0,0.0,0.0,2023,RB Leipzig
2022-09-17,15:30,Bundesliga,Matchweek 7,Sat,Away,D,1,1,Leverkusen,2.1,1.8,46.0,30210.0,Marco Friedl,3-5-2,4-2-3-1,Tobias Welz,Match Report,,19.0,7.0,16.7,1.0,0.0,0.0,2023,Werder Bremen
2022-09-17,15:30,Bundesliga,Matchweek 7,Sat,Home,W,1,0,Bayern Munich,1.7,1.6,24.0,30660.0,Jeffrey Gouweleeuw,4-2-3-1,4-2-3-1,Marco Fritz,Match Report,,10.0,4.0,12.9,0.0,0.0,0.0,2023,Augsburg
2022-09-17,15:30,Bundesliga,Matchweek 7,Sat,Away,W,3,1,Stuttgart,1.0,1.0,44.0,47500.0,Sebastian Rode,3-4-3,3-5-2,Daniel Siebert,Match Report,,13.0,8.0,18.6,2.0,0.0,0.0,2023,Eint Frankfurt
2022-09-17,15:30,Bundesliga,Matchweek 7,Sat,Home,L,1,3,Eint Frankfurt,1.0,1.0,56.0,47500.0,Wataru Endo,3-5-2,3-4-3,Daniel Siebert,Match Report,,15.0,2.0,17.7,1.0,0.0,0.0,2023,Stuttgart
2022-09-17,15:30,Bundesliga,Matchweek 7,Sat,Home,W,1,0,Schalke 04,1.8,0.1,65.0,81100.0,Marco Reus,4-2-3-1,4-2-3-1,Felix Brych,Match Report,,17.0,5.0,14.1,0.0,0.0,0.0,2023,Dortmund
2022-09-17,15:30,Bundesliga,Matchweek 7,Sat,Home,D,1,1,Werder Bremen,1.8,2.1,54.0,30210.0,Lukáš Hrádecký,4-2-3-1,3-5-2,Tobias Welz,Match Report,,19.0,7.0,15.0,0.0,0.0,0.0,2023,Leverkusen
2022-09-17,18:30,Bundesliga,Matchweek 7,Sat,Home,W,3,0,RB Leipzig,2.7,0.9,45.0,50186.0,Lars Stindl,4-2-3-1,4-2-3-1,Patrick Ittrich,Match Report,,21.0,10.0,18.0,0.0,0.0,0.0,2023,Gladbach
2022-09-17,15:30,Bundesliga,Matchweek 7,Sat,Away,L,0,1,Augsburg,1.6,1.7,76.0,30660.0,Manuel Neuer,4-2-3-1,4-2-3-1,Marco Fritz,Match Report,,19.0,6.0,18.8,0.0,0.0,0.0,2023,Bayern Munich
2022-09-17,15:30,Bundesliga,Matchweek 7,Sat,Away,L,0,1,Dortmund,0.1,1.8,35.0,81100.0,Simon Terodde,4-2-3-1,4-2-3-1,Felix Brych,Match Report,,3.0,0.0,19.4,0.0,0.0,0.0,2023,Schalke 04
2022-09-18,17:30,Bundesliga,Matchweek 7,Sun,Home,D,1,1,Köln,0.2,2.1,35.0,25800.0,Anthony Losilla,4-2-3-1,4-2-3-1,Bastian Dankert,Match Report,,7.0,0.0,26.4,0.0,0.0,0.0,2023,Bochum
2022-09-18,15:30,Bundesliga,Matchweek 7,Sun,Home,W,2,0,Wolfsburg,1.4,0.3,48.0,22012.0,Christopher Trimmel,3-5-2,4-2-2-2,Robert Schröder,Match Report,,16.0,4.0,18.4,0.0,0.0,0.0,2023,Union Berlin
2022-09-18,19:30,Bundesliga,Matchweek 7,Sun,Home,D,0,0,Freiburg,0.7,1.0,50.0,24233.0,Oliver Baumann,3-5-2,4-2-3-1,Deniz Aytekin,Match Report,,10.0,3.0,17.9,0.0,0.0,0.0,2023,Hoffenheim
2022-09-18,15:30,Bundesliga,Matchweek 7,Sun,Away,L,0,2,Union Berlin,0.3,1.4,52.0,22012.0,Maximilian Arnold,4-2-2-2,3-5-2,Robert Schröder,Match Report,,5.0,0.0,19.5,0.0,0.0,0.0,2023,Wolfsburg
2022-09-18,17:30,Bundesliga,Matchweek 7,Sun,Away,D,1,1,Bochum,2.1,0.2,65.0,25800.0,Jonas Hector,4-2-3-1,4-2-3-1,Bastian Dankert,Match Report,,18.0,3.0,15.3,0.0,0.0,0.0,2023,Köln
2022-09-18,19:30,Bundesliga,Matchweek 7,Sun,Away,D,0,0,Hoffenheim,1.0,0.7,50.0,24233.0,Christian Günter,4-2-3-1,3-5-2,Deniz Aytekin,Match Report,,14.0,4.0,18.1,0.0,0.0,0.0,2023,Freiburg
2022-09-30,20:30,Bundesliga,Matchweek 8,Fri,Away,L,0,4,Bayern Munich,0.8,1.9,38.0,75000.0,Lukáš Hrádecký,4-2-3-1,4-2-3-1,Tobias Stieler,Match Report,,10.0,5.0,16.4,0.0,0.0,0.0,2023,Leverkusen
2022-09-30,20:30,Bundesliga,Matchweek 8,Fri,Home,W,4,0,Leverkusen,1.9,0.8,62.0,75000.0,Manuel Neuer,4-2-3-1,4-2-3-1,Tobias Stieler,Match Report,,20.0,9.0,16.6,2.0,0.0,0.0,2023,Bayern Munich
2022-10-01,15:30,Bundesliga,Matchweek 8,Sat,Away,L,0,4,RB Leipzig,0.1,3.9,30.0,44403.0,Anthony Losilla,3-1-4-2,4-2-3-1,Florian Badstübner,Match Report,,2.0,1.0,11.7,0.0,0.0,0.0,2023,Bochum
2022-10-01,15:30,Bundesliga,Matchweek 8,Sat,Away,L,2,3,Köln,2.5,1.9,58.0,50000.0,Jude Bellingham,4-2-3-1,4-1-3-2,Harm Osmers,Match Report,,22.0,8.0,16.4,1.0,0.0,0.0,2023,Dortmund
2022-10-01,15:30,Bundesliga,Matchweek 8,Sat,Home,W,3,2,Stuttgart,2.0,1.5,57.0,24125.0,Maximilian Arnold,4-1-4-1,4-3-3,Felix Zwayer,Match Report,,19.0,6.0,18.4,0.0,0.0,0.0,2023,Wolfsburg
2022-10-01,15:30,Bundesliga,Matchweek 8,Sat,Home,W,2,0,Union Berlin,0.8,1.0,47.0,50500.0,Sebastian Rode,3-4-3,3-5-2,Sascha Stegemann,Match Report,,13.0,4.0,23.0,1.0,0.0,0.0,2023,Eint Frankfurt
2022-10-01,18:30,Bundesliga,Matchweek 8,Sat,Home,W,5,1,Gladbach,1.9,2.3,47.0,42100.0,Marco Friedl,3-5-2,4-2-3-1,Matthias Jöllenbeck,Match Report,,14.0,8.0,15.4,0.0,0.0,0.0,2023,Werder Bremen
2022-10-01,18:30,Bundesliga,Matchweek 8,Sat,Away,L,1,5,Werder Bremen,2.3,1.9,53.0,42100.0,Lars Stindl,4-2-3-1,3-5-2,Matthias Jöllenbeck,Match Report,,13.0,8.0,12.8,0.0,0.0,0.0,2023,Gladbach
2022-10-01,15:30,Bundesliga,Matchweek 8,Sat,Home,W,4,0,Bochum,3.9,0.1,70.0,44403.0,Péter Gulácsi,4-2-3-1,3-1-4-2,Florian Badstübner,Match Report,,15.0,8.0,17.7,0.0,1.0,2.0,2023,RB Leipzig
2022-10-01,15:30,Bundesliga,Matchweek 8,Sat,Home,W,3,2,Dortmund,1.9,2.5,42.0,50000.0,Jonas Hector,4-1-3-2,4-2-3-1,Harm Osmers,Match Report,,21.0,10.0,16.1,0.0,0.0,0.0,2023,Köln
2022-10-01,15:30,Bundesliga,Matchweek 8,Sat,Away,L,0,2,Eint Frankfurt,1.0,0.8,53.0,50500.0,Christopher Trimmel,3-5-2,3-4-3,Sascha Stegemann,Match Report,,16.0,5.0,16.9,0.0,0.0,0.0,2023,Union Berlin
2022-10-01,15:30,Bundesliga,Matchweek 8,Sat,Home,W,2,1,Mainz 05,2.0,1.6,53.0,34700.0,Christian Günter,4-2-3-1,3-4-3,Sven Jablonski,Match Report,,13.0,6.0,13.8,1.0,0.0,0.0,2023,Freiburg
2022-10-01,15:30,Bundesliga,Matchweek 8,Sat,Away,L,1,2,Freiburg,1.6,2.0,47.0,34700.0,Silvan Widmer,3-4-3,4-2-3-1,Sven Jablonski,Match Report,,15.0,6.0,19.1,1.0,0.0,0.0,2023,Mainz 05
2022-10-01,15:30,Bundesliga,Matchweek 8,Sat,Away,L,2,3,Wolfsburg,1.5,2.0,43.0,24125.0,Wataru Endo,4-3-3,4-1-4-1,Felix Zwayer,Match Report,,14.0,7.0,16.9,0.0,0.0,0.0,2023,Stuttgart
2022-10-02,17:30,Bundesliga,Matchweek 8,Sun,Away,W,3,2,Schalke 04,1.4,1.8,44.0,60328.0,Jeffrey Gouweleeuw,4-2-2-2,4-2-2-2,Daniel Schlager,Match Report,,12.0,6.0,17.6,0.0,0.0,0.0,2023,Augsburg
2022-10-02,15:30,Bundesliga,Matchweek 8,Sun,Away,D,1,1,Hertha BSC,1.4,0.9,57.0,41653.0,Oliver Baumann,3-5-2,4-3-3,Christian Dingert,Match Report,,16.0,4.0,16.5,0.0,0.0,0.0,2023,Hoffenheim
2022-10-02,17:30,Bundesliga,Matchweek 8,Sun,Home,L,2,3,Augsburg,1.8,1.4,56.0,60328.0,Simon Terodde,4-2-2-2,4-2-2-2,Daniel Schlager,Match Report,,17.0,6.0,14.0,0.0,0.0,0.0,2023,Schalke 04
2022-10-02,15:30,Bundesliga,Matchweek 8,Sun,Home,D,1,1,Hoffenheim,0.9,1.4,43.0,41653.0,Marvin Plattenhardt,4-3-3,3-5-2,Christian Dingert,Match Report,,14.0,5.0,19.6,0.0,0.0,0.0,2023,Hertha BSC
2022-10-04,21:00,Champions Lg,Group stage,Tue,Home,D,0,0,eng Tottenham,1.0,1.5,44.0,50500.0,Sebastian Rode,3-4-3,3-4-3,Daniele Orsato,Match Report,,12.0,2.0,20.8,0.0,0.0,0.0,2023,Eint Frankfurt
2022-10-04,18:45,Champions Lg,Group stage,Tue,Home,W,5,0,cz Viktoria Plzeň,2.4,0.5,70.0,75000.0,Manuel Neuer,4-2-3-1,4-2-3-1,Nikola Dabanović,Match Report,,21.0,13.0,19.7,3.0,0.0,0.0,2023,Bayern Munich
2022-10-04,20:00 (21:00),Champions Lg,Group stage,Tue,Away,L,0,2,pt Porto,1.4,1.1,58.0,42399.0,Lukáš Hrádecký,4-2-3-1,4-4-2,Anthony Taylor,Match Report,,7.0,5.0,19.7,0.0,0.0,1.0,2023,Leverkusen
2022-10-05,21:00,Champions Lg,Group stage,Wed,Away,W,4,1,es Sevilla,2.5,2.0,42.0,34598.0,Jude Bellingham,4-2-3-1,3-4-3,Maurizio Mariani,Match Report,,19.0,7.0,16.3,0.0,0.0,0.0,2023,Dortmund
2022-10-05,18:45,Champions Lg,Group stage,Wed,Home,W,3,1,sct Celtic,2.2,0.9,59.0,45228.0,Péter Gulácsi,4-2-3-1,4-3-3,Espen Andreas Eskås,Match Report,,16.0,6.0,14.6,1.0,0.0,0.0,2023,RB Leipzig
2022-10-06,21:00,Conf Lg,Group stage,Thu,Home,L,0,1,rs Partizan,1.9,1.1,73.0,47000.0,Florian Kainz,4-4-2,4-4-2,Ricardo de Burgos,Match Report,,17.0,5.0,15.0,0.0,0.0,0.0,2023,Köln
2022-10-06,21:00,Europa Lg,Group stage,Thu,Home,W,2,0,fr Nantes,1.4,1.5,60.0,33200.0,Christian Günter,4-4-2,3-5-2,Glenn Nyberg,Match Report,,16.0,6.0,18.1,1.0,0.0,0.0,2023,Freiburg
2022-10-06,18:45,Europa Lg,Group stage,Thu,Away,W,1,0,se Malmö,1.4,0.7,29.0,16057.0,Christopher Trimmel,3-5-2,3-4-3,Halil Umut Meler,Match Report,,19.0,7.0,15.1,0.0,0.0,0.0,2023,Union Berlin
2022-10-07,20:30,Bundesliga,Matchweek 9,Fri,Home,L,1,2,Werder Bremen,1.7,1.3,46.0,25410.0,Oliver Baumann,3-5-2,3-5-2,Benjamin Cortus,Match Report,,17.0,6.0,16.5,0.0,0.0,0.0,2023,Hoffenheim
2022-10-07,20:30,Bundesliga,Matchweek 9,Fri,Away,W,2,1,Hoffenheim,1.3,1.7,54.0,25410.0,Marco Friedl,3-5-2,3-5-2,Benjamin Cortus,Match Report,,7.0,2.0,19.4,0.0,1.0,1.0,2023,Werder Bremen
2022-10-08,15:30,Bundesliga,Matchweek 9,Sat,Home,W,3,0,Eint Frankfurt,0.6,0.9,46.0,24850.0,Anthony Losilla,4-2-3-1,4-2-2-2,Martin Petersen,Match Report,,11.0,5.0,18.9,1.0,0.0,0.0,2023,Bochum
2022-10-08,15:30,Bundesliga,Matchweek 9,Sat,Away,D,1,1,Mainz 05,1.0,0.6,63.0,26100.0,Willi Orban,4-2-3-1,3-5-2,Felix Brych,Match Report,,13.0,3.0,19.0,0.0,0.0,0.0,2023,RB Leipzig
2022-10-08,15:30,Bundesliga,Matchweek 9,Sat,Away,D,1,1,Augsburg,1.8,2.0,51.0,26220.0,Maximilian Arnold,4-5-1,4-1-3-2,Daniel Siebert,Match Report,,11.0,7.0,14.9,0.0,0.0,0.0,2023,Wolfsburg
2022-10-08,15:30,Bundesliga,Matchweek 9,Sat,Home,D,1,1,Wolfsburg,2.0,1.8,49.0,26220.0,Jeffrey Gouweleeuw,4-1-3-2,4-5-1,Daniel Siebert,Match Report,,17.0,5.0,14.8,0.0,0.0,0.0,2023,Augsburg
2022-10-08,15:30,Bundesliga,Matchweek 9,Sat,Away,L,0,3,Bochum,0.9,0.6,54.0,24850.0,Kevin Trapp,4-2-2-2,4-2-3-1,Martin Petersen,Match Report,,12.0,2.0,24.1,0.0,0.0,0.0,2023,Eint Frankfurt
2022-10-08,15:30,Bundesliga,Matchweek 9,Sat,Home,D,1,1,RB Leipzig,0.6,1.0,37.0,26100.0,Silvan Widmer,3-5-2,4-2-3-1,Felix Brych,Match Report,,9.0,3.0,19.7,0.0,0.0,0.0,2023,Mainz 05
2022-10-08,18:30,Bundesliga,Matchweek 9,Sat,Away,D,2,2,Dortmund,0.6,1.6,56.0,81365.0,Manuel Neuer,4-2-3-1,4-3-3,Deniz Aytekin,Match Report,,9.0,3.0,20.5,0.0,0.0,0.0,2023,Bayern Munich
2022-10-08,18:30,Bundesliga,Matchweek 9,Sat,Home,D,2,2,Bayern Munich,1.6,0.6,44.0,81365.0,Mats Hummels,4-3-3,4-2-3-1,Deniz Aytekin,Match Report,,12.0,6.0,15.5,0.0,0.0,0.0,2023,Dortmund
2022-10-08,15:30,Bundesliga,Matchweek 9,Sat,Home,W,4,0,Schalke 04,1.5,0.4,60.0,30210.0,Lukáš Hrádecký,3-4-3,4-4-2,Tobias Reichel,Match Report,,13.0,7.0,16.1,0.0,0.0,0.0,2023,Leverkusen
2022-10-08,15:30,Bundesliga,Matchweek 9,Sat,Away,L,0,4,Leverkusen,0.4,1.5,40.0,30210.0,Simon Terodde,4-4-2,3-4-3,Tobias Reichel,Match Report,,2.0,1.0,9.1,0.0,0.0,0.0,2023,Schalke 04
2022-10-09,17:30,Bundesliga,Matchweek 9,Sun,Home,D,2,2,Freiburg,1.6,1.0,42.0,40481.0,Marvin Plattenhardt,4-3-3,4-2-3-1,Robert Schröder,Match Report,,12.0,2.0,22.8,0.0,1.0,1.0,2023,Hertha BSC
2022-10-09,17:30,Bundesliga,Matchweek 9,Sun,Away,D,2,2,Hertha BSC,1.0,1.6,58.0,40481.0,Christian Günter,4-2-3-1,4-3-3,Robert Schröder,Match Report,,9.0,4.0,14.3,1.0,0.0,0.0,2023,Freiburg
2022-10-09,15:30,Bundesliga,Matchweek 9,Sun,Home,W,5,2,Köln,3.0,1.3,65.0,54042.0,Lars Stindl,4-2-3-1,4-1-3-2,Sven Jablonski,Match Report,,13.0,5.0,18.1,1.0,1.0,1.0,2023,Gladbach
2022-10-09,19:30,Bundesliga,Matchweek 9,Sun,Home,L,0,1,Union Berlin,1.0,0.7,52.0,43250.0,Wataru Endo,3-1-4-2,3-5-2,Bastian Dankert,Match Report,,9.0,3.0,13.7,1.0,0.0,0.0,2023,Stuttgart
2022-10-09,19:30,Bundesliga,Matchweek 9,Sun,Away,W,1,0,Stuttgart,0.7,1.0,48.0,43250.0,Rani Khedira,3-5-2,3-1-4-2,Bastian Dankert,Match Report,,7.0,4.0,15.1,0.0,0.0,0.0,2023,Union Berlin
2022-10-09,15:30,Bundesliga,Matchweek 9,Sun,Away,L,2,5,Gladbach,1.3,3.0,35.0,54042.0,Jonas Hector,4-1-3-2,4-2-3-1,Sven Jablonski,Match Report,,4.0,2.0,19.2,0.0,1.0,1.0,2023,Köln
2022-10-11,20:00 (21:00),Champions Lg,Group stage,Tue,Away,W,2,0,sct Celtic,1.7,2.0,58.0,57565.0,Willi Orban,4-2-3-1,4-2-3-1,Halil Umut Meler,Match Report,,13.0,5.0,12.7,0.0,0.0,0.0,2023,RB Leipzig
2022-10-11,21:00,Champions Lg,Group stage,Tue,Home,D,1,1,es Sevilla,0.4,0.8,52.0,81000.0,Mats Hummels,4-2-3-1,3-4-3,Srđan Jovanović,Match Report,,7.0,3.0,20.8,0.0,0.0,0.0,2023,Dortmund
2022-10-12,21:00,Champions Lg,Group stage,Wed,Away,W,4,2,cz Viktoria Plzeň,3.0,1.2,67.0,11326.0,Thomas Müller,4-2-3-1,4-2-3-1,Bartosz Frankowski,Match Report,,15.0,8.0,16.3,0.0,0.0,0.0,2023,Bayern Munich
2022-10-12,21:00,Champions Lg,Group stage,Wed,Home,L,0,3,pt Porto,2.2,1.8,64.0,30210.0,Lukáš Hrádecký,4-2-3-1,4-4-2,István Kovács,Match Report,,16.0,3.0,19.7,0.0,0.0,1.0,2023,Leverkusen
2022-10-12,20:00 (21:00),Champions Lg,Group stage,Wed,Away,L,2,3,eng Tottenham,1.2,3.0,49.0,55180.0,Sebastian Rode,3-4-3,3-4-3,Carlos del Cerro,Match Report,,11.0,6.0,19.7,0.0,0.0,0.0,2023,Eint Frankfurt
2022-10-13,21:00,Europa Lg,Group stage,Thu,Home,W,1,0,se Malmö,1.6,0.1,44.0,21800.0,Christopher Trimmel,3-5-2,3-4-3,Aleksandar Stavrev,Match Report,,13.0,6.0,20.6,0.0,1.0,1.0,2023,Union Berlin
2022-10-13,18:45,Europa Lg,Group stage,Thu,Away,W,4,0,fr Nantes,1.8,1.0,57.0,31845.0,Christian Günter,4-2-3-1,4-2-3-1,Horațiu Fesnic,Match Report,,16.0,8.0,16.2,0.0,0.0,0.0,2023,Freiburg
2022-10-13,18:45,Conf Lg,Group stage,Thu,Away,L,0,2,rs Partizan,0.9,0.7,68.0,15467.0,Jonas Hector,4-2-2-2,4-2-3-1,Roi Reinshreiber,Match Report,,10.0,2.0,15.0,0.0,0.0,0.0,2023,Köln
2022-10-14,20:30,Bundesliga,Matchweek 10,Fri,Away,W,3,0,Schalke 04,3.2,0.7,49.0,59811.0,Oliver Baumann,3-5-2,4-5-1,Florian Badstübner,Match Report,,15.0,5.0,17.8,0.0,2.0,2.0,2023,Hoffenheim
2022-10-14,20:30,Bundesliga,Matchweek 10,Fri,Home,L,0,3,Hoffenheim,0.7,3.2,51.0,59811.0,Simon Terodde,4-5-1,3-5-2,Florian Badstübner,Match Report,,15.0,2.0,17.8,1.0,0.0,0.0,2023,Schalke 04
2022-10-15,15:30,Bundesliga,Matchweek 10,Sat,Home,D,2,2,Gladbach,1.8,0.8,54.0,26701.0,Maximilian Arnold,4-5-1,4-2-3-1,Benjamin Cortus,Match Report,,16.0,4.0,16.3,1.0,0.0,0.0,2023,Wolfsburg
2022-10-15,15:30,Bundesliga,Matchweek 10,Sat,Away,W,2,0,Werder Bremen,1.1,1.3,33.0,41000.0,Robin Zentner,3-4-3,3-5-2,Robert Hartmann,Match Report,,11.0,5.0,16.5,0.0,0.0,0.0,2023,Mainz 05
2022-10-15,18:30,Bundesliga,Matchweek 10,Sat,Away,L,2,3,RB Leipzig,2.3,2.9,40.0,47069.0,Marvin Plattenhardt,4-3-3,4-2-2-2,Harm Osmers,Match Report,,14.0,4.0,16.6,0.0,1.0,1.0,2023,Hertha BSC
2022-10-15,15:30,Bundesliga,Matchweek 10,Sat,Home,W,4,1,Bochum,2.2,1.6,48.0,45400.0,Wataru Endo,4-1-3-2,4-3-3,Christian Dingert,Match Report,,16.0,6.0,15.4,1.0,1.0,1.0,2023,Stuttgart
2022-10-15,15:30,Bundesliga,Matchweek 10,Sat,Home,L,0,2,Mainz 05,1.3,1.1,67.0,41000.0,Marco Friedl,3-5-2,3-4-3,Robert Hartmann,Match Report,,14.0,3.0,18.9,0.0,0.0,0.0,2023,Werder Bremen
2022-10-15,15:30,Bundesliga,Matchweek 10,Sat,Away,D,2,2,Wolfsburg,0.8,1.8,46.0,26701.0,Lars Stindl,4-2-3-1,4-5-1,Benjamin Cortus,Match Report,,9.0,5.0,15.4,1.0,0.0,0.0,2023,Gladbach
2022-10-15,15:30,Bundesliga,Matchweek 10,Sat,Away,L,1,5,Eint Frankfurt,0.4,3.9,51.0,49700.0,Lukáš Hrádecký,3-4-3,3-4-3,Frank Willenborg,Match Report,,5.0,2.0,15.3,0.0,0.0,0.0,2023,Leverkusen
2022-10-15,15:30,Bundesliga,Matchweek 10,Sat,Home,W,5,1,Leverkusen,3.9,0.4,49.0,49700.0,Kevin Trapp,3-4-3,3-4-3,Frank Willenborg,Match Report,,17.0,8.0,17.7,0.0,2.0,2.0,2023,Eint Frankfurt
2022-10-15,15:30,Bundesliga,Matchweek 10,Sat,Away,L,1,4,Stuttgart,1.6,2.2,52.0,45400.0,Anthony Losilla,4-3-3,4-1-3-2,Christian Dingert,Match Report,,15.0,5.0,19.0,0.0,0.0,0.0,2023,Bochum
2022-10-15,18:30,Bundesliga,Matchweek 10,Sat,Home,W,3,2,Hertha BSC,2.9,2.3,60.0,47069.0,Willi Orban,4-2-2-2,4-3-3,Harm Osmers,Match Report,,14.0,4.0,13.6,1.0,0.0,0.0,2023,RB Leipzig
2022-10-16,15:30,Bundesliga,Matchweek 10,Sun,Away,L,2,3,Köln,0.4,1.5,36.0,49000.0,Elvis Rexhbeçaj,4-4-2,4-1-3-2,Felix Zwayer,Match Report,,5.0,2.0,20.8,1.0,0.0,0.0,2023,Augsburg
2022-10-16,15:30,Bundesliga,Matchweek 10,Sun,Home,W,3,2,Augsburg,1.5,0.4,64.0,49000.0,Jonas Hector,4-1-3-2,4-4-2,Felix Zwayer,Match Report,,15.0,5.0,15.1,0.0,0.0,0.0,2023,Köln
2022-10-16,17:30,Bundesliga,Matchweek 10,Sun,Home,W,2,0,Dortmund,1.9,0.8,24.0,22012.0,Christopher Trimmel,3-5-2,3-5-2,Tobias Stieler,Match Report,,16.0,5.0,17.3,0.0,0.0,0.0,2023,Union Berlin
2022-10-16,17:30,Bundesliga,Matchweek 10,Sun,Away,L,0,2,Union Berlin,0.8,1.9,76.0,22012.0,Mats Hummels,3-5-2,3-5-2,Tobias Stieler,Match Report,,14.0,6.0,18.3,1.0,0.0,0.0,2023,Dortmund
2022-10-16,19:30,Bundesliga,Matchweek 10,Sun,Away,L,0,5,Bayern Munich,0.3,2.1,34.0,75000.0,Christian Günter,4-4-2,4-2-3-1,Sascha Stegemann,Match Report,,6.0,0.0,17.5,0.0,0.0,0.0,2023,Freiburg
2022-10-16,19:30,Bundesliga,Matchweek 10,Sun,Home,W,5,0,Freiburg,2.1,0.3,66.0,75000.0,Joshua Kimmich,4-2-3-1,4-4-2,Sascha Stegemann,Match Report,,16.0,8.0,18.4,0.0,0.0,0.0,2023,Bayern Munich
2022-10-18,20:45,DFB-Pokal,Round of 32,Tue,Away,L,1,5,Hoffenheim,,,38.0,15633.0,Danny Latza,3-4-1-2,3-5-2,Matthias Jöllenbeck,Match Report,,11.0,4.0,,,0.0,0.0,2023,Schalke 04
2022-10-18,18:00,DFB-Pokal,Round of 32,Tue,Away,W,2,0,S'gart Kickers,,,63.0,10000.0,Sebastian Rode,3-4-3,4-3-3,Deniz Aytekin,Match Report,,9.0,4.0,,,0.0,0.0,2023,Eint Frankfurt
2022-10-18,20:45,DFB-Pokal,Round of 32,Tue,Away,L,1,2,Darmstadt 98,,,57.0,15850.0,Yann Sommer,4-2-3-1,3-4-1-2,Robert Schröder,Match Report,,9.0,5.0,,,0.0,0.0,2023,Gladbach
2022-10-18,20:45,DFB-Pokal,Round of 32,Tue,Home,W,5,1,Schalke 04,,,62.0,15633.0,Oliver Baumann,3-5-2,3-4-1-2,Matthias Jöllenbeck,Match Report,,26.0,11.0,,,0.0,0.0,2023,Hoffenheim
2022-10-18,18:00,DFB-Pokal,Round of 32,Tue,Away,W,3,0,Lübeck,,,57.0,9974.0,Karim Onisiwo,3-4-3,4-3-3,Robin Braun,Match Report,,25.0,10.0,,,0.0,0.0,2023,Mainz 05
2022-10-18,20:45,DFB-Pokal,Round of 32,Tue,Away,W,1,0,Elversberg,,,56.0,6911.0,Anthony Losilla,4-2-3-1,3-4-3,Sven Waschitzki,Match Report,,14.0,4.0,,,0.0,0.0,2023,Bochum
2022-10-18,18:00,DFB-Pokal,Round of 32,Tue,Home,W,4,0,Hamburger SV,,,43.0,44787.0,Willi Orban,4-2-2-2,4-3-3,Benjamin Cortus,Match Report,,13.0,7.0,,,0.0,0.0,2023,RB Leipzig
2022-10-18,20:45,DFB-Pokal,Round of 32,Tue,Away,W,2,1,BTSV,,,61.0,22000.0,Maximilian Arnold,4-3-3,5-3-2,Daniel Schlager,Match Report,,19.0,4.0,,,0.0,0.0,2023,Wolfsburg
2022-10-19,20:45,DFB-Pokal,Round of 32,Wed,Home,W,6,0,Arminia,,,73.0,50000.0,Wataru Endo,3-5-2,4-2-3-1,Robert Hartmann,Match Report,,17.0,12.0,,,0.0,0.0,2023,Stuttgart
2022-10-19,18:00,DFB-Pokal,Round of 32,Wed,Away,W,2,0,Hannover 96,,,59.0,49000.0,Niklas Süle,4-2-3-1,3-4-3,Sven Jablonski,Match Report,,18.0,6.0,,,1.0,1.0,2023,Dortmund
2022-10-19,18:00,DFB-Pokal,Round of 32,Wed,Home,W,2,1,St. Pauli,,,66.0,33000.0,Christian Günter,4-2-3-1,5-3-2,Felix Brych,Match Report,Required Extra Time,23.0,6.0,,,0.0,0.0,2023,Freiburg
2022-10-19,20:45,DFB-Pokal,Round of 32,Wed,Away,W,5,2,Augsburg,,,67.0,30660.0,Joshua Kimmich,4-2-3-1,4-4-2,Bastian Dankert,Match Report,,28.0,15.0,,,0.0,0.0,2023,Bayern Munich
2022-10-19,20:45,DFB-Pokal,Round of 32,Wed,Home,L,2,5,Bayern Munich,,,33.0,30660.0,Jeffrey Gouweleeuw,4-4-2,4-2-3-1,Bastian Dankert,Match Report,,8.0,3.0,,,0.0,0.0,2023,Augsburg
2022-10-19,20:45,DFB-Pokal,Round of 32,Wed,Home,W,2,0,Heidenheim,,,59.0,20500.0,Julian Ryerson,3-5-2,3-4-3,Florian Badstübner,Match Report,,19.0,9.0,,,0.0,0.0,2023,Union Berlin
2022-10-19,18:00,DFB-Pokal,Round of 32,Wed,Away,D,2 (4),2 (5),Paderborn 07,,,58.0,15000.0,Miloš Veljković,3-4-1-2,3-4-3,Frank Willenborg,Match Report,Paderborn 07 won on penalty kicks following extra time,21.0,9.0,,,0.0,0.0,2023,Werder Bremen
2022-10-21,20:30,Bundesliga,Matchweek 11,Fri,Away,L,0,5,Mainz 05,0.7,1.9,45.0,31610.0,Jonas Hector,4-3-1-2,3-5-2,Matthias Jöllenbeck,Match Report,,6.0,2.0,19.4,1.0,0.0,0.0,2023,Köln
2022-10-21,20:30,Bundesliga,Matchweek 11,Fri,Home,W,5,0,Köln,1.9,0.7,55.0,31610.0,Robin Zentner,3-5-2,4-3-1-2,Matthias Jöllenbeck,Match Report,,15.0,6.0,18.2,1.0,1.0,1.0,2023,Mainz 05
2022-10-22,15:30,Bundesliga,Matchweek 11,Sat,Home,W,2,0,Werder Bremen,2.9,0.5,61.0,34700.0,Christian Günter,3-4-3,3-5-2,Bastian Dankert,Match Report,,24.0,6.0,20.0,2.0,1.0,1.0,2023,Freiburg
2022-10-22,15:30,Bundesliga,Matchweek 11,Sat,Away,L,0,5,Dortmund,1.0,2.6,40.0,81365.0,Wataru Endo,3-5-2,4-2-3-1,Daniel Schlager,Match Report,,10.0,1.0,17.3,0.0,0.0,0.0,2023,Stuttgart
2022-10-22,18:30,Bundesliga,Matchweek 11,Sat,Home,L,1,3,Eint Frankfurt,1.0,1.9,60.0,53019.0,Lars Stindl,4-2-3-1,3-4-3,Daniel Siebert,Match Report,,7.0,3.0,14.0,0.0,0.0,0.0,2023,Gladbach
2022-10-22,15:30,Bundesliga,Matchweek 11,Sat,Home,D,3,3,RB Leipzig,1.6,2.4,33.0,25109.0,Jeffrey Gouweleeuw,4-2-2-2,4-2-2-2,Robert Schröder,Match Report,,8.0,2.0,18.1,0.0,1.0,1.0,2023,Augsburg
2022-10-22,15:30,Bundesliga,Matchweek 11,Sat,Away,D,2,2,Leverkusen,1.2,2.2,43.0,26294.0,Maximilian Arnold,4-1-4-1,3-4-3,Felix Brych,Match Report,,8.0,0.0,20.4,0.0,1.0,1.0,2023,Wolfsburg
2022-10-22,15:30,Bundesliga,Matchweek 11,Sat,Away,L,0,2,Freiburg,0.5,2.9,39.0,34700.0,Marco Friedl,3-5-2,3-4-3,Bastian Dankert,Match Report,,10.0,1.0,17.6,0.0,0.0,0.0,2023,Werder Bremen
2022-10-22,15:30,Bundesliga,Matchweek 11,Sat,Home,D,2,2,Wolfsburg,2.2,1.2,57.0,26294.0,Lukáš Hrádecký,3-4-3,4-1-4-1,Felix Brych,Match Report,,12.0,5.0,20.4,0.0,0.0,1.0,2023,Leverkusen
2022-10-22,15:30,Bundesliga,Matchweek 11,Sat,Home,W,5,0,Stuttgart,2.6,1.0,60.0,81365.0,Mats Hummels,4-2-3-1,3-5-2,Daniel Schlager,Match Report,,18.0,10.0,17.2,1.0,0.0,0.0,2023,Dortmund
2022-10-22,18:30,Bundesliga,Matchweek 11,Sat,Away,W,3,1,Gladbach,1.9,1.0,40.0,53019.0,Kevin Trapp,3-4-3,4-2-3-1,Daniel Siebert,Match Report,,15.0,5.0,19.3,1.0,0.0,0.0,2023,Eint Frankfurt
2022-10-22,15:30,Bundesliga,Matchweek 11,Sat,Home,L,0,2,Bayern Munich,0.8,2.4,42.0,30150.0,Oliver Baumann,3-5-2,4-2-3-1,Sven Jablonski,Match Report,,7.0,3.0,15.1,0.0,0.0,0.0,2023,Hoffenheim
2022-10-22,15:30,Bundesliga,Matchweek 11,Sat,Away,D,3,3,Augsburg,2.4,1.6,67.0,25109.0,Willi Orban,4-2-2-2,4-2-2-2,Robert Schröder,Match Report,,18.0,7.0,17.6,2.0,0.0,0.0,2023,RB Leipzig
2022-10-22,15:30,Bundesliga,Matchweek 11,Sat,Away,W,2,0,Hoffenheim,2.4,0.8,58.0,30150.0,Joshua Kimmich,4-2-3-1,3-5-2,Sven Jablonski,Match Report,,21.0,9.0,13.9,0.0,0.0,0.0,2023,Bayern Munich
2022-10-23,15:30,Bundesliga,Matchweek 11,Sun,Away,L,1,2,Bochum,1.0,1.1,53.0,25460.0,Christopher Trimmel,3-5-2,4-3-3,Deniz Aytekin,Match Report,,7.0,2.0,22.8,0.0,0.0,1.0,2023,Union Berlin
2022-10-23,17:30,Bundesliga,Matchweek 11,Sun,Home,W,2,1,Schalke 04,0.8,0.6,54.0,60165.0,Marvin Plattenhardt,4-2-2-2,3-4-1-2,Martin Petersen,Match Report,,10.0,4.0,19.3,0.0,0.0,0.0,2023,Hertha BSC
2022-10-23,15:30,Bundesliga,Matchweek 11,Sun,Home,W,2,1,Union Berlin,1.1,1.0,47.0,25460.0,Anthony Losilla,4-3-3,3-5-2,Deniz Aytekin,Match Report,,9.0,5.0,15.0,0.0,0.0,0.0,2023,Bochum
2022-10-23,17:30,Bundesliga,Matchweek 11,Sun,Away,L,1,2,Hertha BSC,0.6,0.8,46.0,60165.0,Simon Terodde,3-4-1-2,4-2-2-2,Martin Petersen,Match Report,,9.0,2.0,17.7,0.0,0.0,0.0,2023,Schalke 04
2022-10-25,21:00,Champions Lg,Group stage,Tue,Home,W,3,2,es Real Madrid,2.2,2.1,44.0,45228.0,Willi Orban,4-2-3-1,4-2-3-1,Daniele Orsato,Match Report,,14.0,6.0,15.5,0.0,0.0,0.0,2023,RB Leipzig
2022-10-25,21:00,Champions Lg,Group stage,Tue,Home,D,0,0,eng Manchester City,1.2,1.2,27.0,81000.0,Mats Hummels,4-5-1,4-4-2,Davide Massa,Match Report,,11.0,4.0,20.2,2.0,0.0,0.0,2023,Dortmund
2022-10-26,21:00,Champions Lg,Group stage,Wed,Away,D,2,2,es Atlético Madrid,1.5,2.6,36.0,63803.0,Lukáš Hrádecký,3-4-3,4-4-2,Clément Turpin,Match Report,,13.0,7.0,18.0,0.0,0.0,0.0,2023,Leverkusen
2022-10-26,21:00,Champions Lg,Group stage,Wed,Away,W,3,0,es Barcelona,2.1,0.7,48.0,84016.0,Joshua Kimmich,4-2-3-1,4-3-3,Anthony Taylor,Match Report,,14.0,7.0,14.8,0.0,0.0,0.0,2023,Bayern Munich
2022-10-26,21:00,Champions Lg,Group stage,Wed,Home,W,2,1,fr Marseille,1.1,0.7,44.0,48700.0,Kevin Trapp,3-4-3,3-4-3,Jesús Gil,Match Report,,9.0,4.0,13.9,0.0,0.0,0.0,2023,Eint Frankfurt
2022-10-27,18:45,Europa Lg,Group stage,Thu,Home,W,1,0,pt Braga,1.5,0.2,40.0,21082.0,Christopher Trimmel,3-5-2,4-4-2,Craig Pawson,Match Report,,13.0,3.0,20.7,0.0,1.0,1.0,2023,Union Berlin
2022-10-27,21:00,Europa Lg,Group stage,Thu,Home,D,1,1,gr Olympiacos,1.5,2.1,65.0,33000.0,Christian Günter,4-4-2,4-4-2,Kristo Tohver,Match Report,,20.0,8.0,14.1,0.0,0.0,0.0,2023,Freiburg
2022-10-28,20:30,Bundesliga,Matchweek 12,Fri,Away,L,0,1,Werder Bremen,0.4,1.3,48.0,42100.0,Marvin Plattenhardt,4-4-2,3-1-4-2,Tobias Reichel,Match Report,,9.0,1.0,22.6,0.0,0.0,0.0,2023,Hertha BSC
2022-10-28,20:30,Bundesliga,Matchweek 12,Fri,Home,W,1,0,Hertha BSC,1.3,0.4,52.0,42100.0,Miloš Veljković,3-1-4-2,4-4-2,Tobias Reichel,Match Report,,16.0,4.0,16.1,2.0,0.0,0.0,2023,Werder Bremen
2022-10-28,13:00,Conf Lg,Group stage,Fri,Away,W,1,0,cz Slovácko,3.0,0.5,57.0,7333.0,Florian Kainz,4-4-2,4-3-3,Giorgi Kruashvili,Match Report,,12.0,4.0,17.8,0.0,1.0,2.0,2023,Köln
2022-10-29,15:30,Bundesliga,Matchweek 12,Sat,Away,L,1,2,Stuttgart,1.0,2.6,38.0,46400.0,Jeffrey Gouweleeuw,4-4-2,4-4-2,Tobias Stieler,Match Report,,11.0,4.0,16.9,0.0,0.0,0.0,2023,Augsburg
2022-10-29,15:30,Bundesliga,Matchweek 12,Sat,Away,L,0,4,Wolfsburg,0.5,2.0,48.0,24037.0,Anthony Losilla,4-2-3-1,4-1-4-1,Robert Hartmann,Match Report,,10.0,2.0,20.1,0.0,0.0,0.0,2023,Bochum
2022-10-29,18:30,Bundesliga,Matchweek 12,Sat,Away,W,2,1,Eint Frankfurt,0.6,1.9,42.0,50000.0,Mats Hummels,4-2-3-1,3-4-3,Sascha Stegemann,Match Report,,7.0,2.0,21.1,1.0,0.0,0.0,2023,Dortmund
2022-10-29,15:30,Bundesliga,Matchweek 12,Sat,Away,L,2,6,Bayern Munich,2.2,3.1,31.0,75000.0,Silvan Widmer,5-3-2,4-2-3-1,Felix Zwayer,Match Report,,13.0,4.0,13.4,0.0,0.0,1.0,2023,Mainz 05
2022-10-29,15:30,Bundesliga,Matchweek 12,Sat,Home,W,4,0,Bochum,2.0,0.5,52.0,24037.0,Maximilian Arnold,4-1-4-1,4-2-3-1,Robert Hartmann,Match Report,,20.0,6.0,20.1,1.0,0.0,0.0,2023,Wolfsburg
2022-10-29,15:30,Bundesliga,Matchweek 12,Sat,Home,W,2,0,Leverkusen,1.2,0.1,46.0,45598.0,Willi Orban,3-4-3,3-4-1-2,Sven Jablonski,Match Report,,10.0,6.0,16.4,0.0,0.0,0.0,2023,RB Leipzig
2022-10-29,18:30,Bundesliga,Matchweek 12,Sat,Home,L,1,2,Dortmund,1.9,0.6,58.0,50000.0,Sebastian Rode,3-4-3,4-2-3-1,Sascha Stegemann,Match Report,,20.0,6.0,16.8,1.0,0.0,0.0,2023,Eint Frankfurt
2022-10-29,15:30,Bundesliga,Matchweek 12,Sat,Home,W,6,2,Mainz 05,3.1,2.2,69.0,75000.0,Joshua Kimmich,4-2-3-1,5-3-2,Felix Zwayer,Match Report,,23.0,12.0,15.3,0.0,0.0,1.0,2023,Bayern Munich
2022-10-29,15:30,Bundesliga,Matchweek 12,Sat,Home,W,2,1,Augsburg,2.6,1.0,62.0,46400.0,Wataru Endo,4-4-2,4-4-2,Tobias Stieler,Match Report,,29.0,6.0,16.8,0.0,0.0,0.0,2023,Stuttgart
2022-10-29,15:30,Bundesliga,Matchweek 12,Sat,Away,L,0,2,RB Leipzig,0.1,1.2,54.0,45598.0,Lukáš Hrádecký,3-4-1-2,3-4-3,Sven Jablonski,Match Report,,5.0,1.0,19.9,0.0,0.0,0.0,2023,Leverkusen
2022-10-30,17:30,Bundesliga,Matchweek 12,Sun,Away,W,2,0,Schalke 04,2.3,0.6,55.0,61115.0,Christian Günter,4-2-3-1,4-2-3-1,Christian Dingert,Match Report,,17.0,7.0,16.4,0.0,1.0,1.0,2023,Freiburg
2022-10-30,15:30,Bundesliga,Matchweek 12,Sun,Home,W,2,1,Gladbach,0.9,1.0,55.0,22012.0,Rani Khedira,3-5-2,4-2-3-1,Harm Osmers,Match Report,,13.0,5.0,18.9,0.0,0.0,0.0,2023,Union Berlin
2022-10-30,19:30,Bundesliga,Matchweek 12,Sun,Away,D,1,1,Köln,0.9,1.2,64.0,49000.0,Oliver Baumann,3-5-2,4-4-2,Frank Willenborg,Match Report,,5.0,1.0,13.4,0.0,0.0,0.0,2023,Hoffenheim
2022-10-30,15:30,Bundesliga,Matchweek 12,Sun,Away,L,1,2,Union Berlin,1.0,0.9,45.0,22012.0,Lars Stindl,4-2-3-1,3-5-2,Harm Osmers,Match Report,,7.0,3.0,16.6,1.0,0.0,0.0,2023,Gladbach
2022-10-30,19:30,Bundesliga,Matchweek 12,Sun,Home,D,1,1,Hoffenheim,1.2,0.9,36.0,49000.0,Florian Kainz,4-4-2,3-5-2,Frank Willenborg,Match Report,,11.0,3.0,17.4,0.0,0.0,0.0,2023,Köln
2022-10-30,17:30,Bundesliga,Matchweek 12,Sun,Home,L,0,2,Freiburg,0.6,2.3,45.0,61115.0,Maya Yoshida,4-2-3-1,4-2-3-1,Christian Dingert,Match Report,,12.0,3.0,19.0,0.0,0.0,0.0,2023,Schalke 04
2022-11-01,21:00,Champions Lg,Group stage,Tue,Home,W,2,0,it Inter,1.5,0.7,60.0,75000.0,Joshua Kimmich,4-2-3-1,3-5-2,Ivan Kružliak,Match Report,,23.0,8.0,20.3,1.0,0.0,0.0,2023,Bayern Munich
2022-11-01,20:00 (21:00),Champions Lg,Group stage,Tue,Away,W,2,1,pt Sporting CP,1.2,0.5,54.0,41744.0,Kevin Trapp,3-4-3,3-4-3,Slavko Vinčič,Match Report,,5.0,3.0,16.0,0.0,1.0,1.0,2023,Eint Frankfurt
2022-11-01,18:45,Champions Lg,Group stage,Tue,Home,D,0,0,be Club Brugge,1.1,0.5,53.0,30210.0,Lukáš Hrádecký,3-4-3,3-1-4-2,Maurizio Mariani,Match Report,,13.0,4.0,20.7,0.0,0.0,0.0,2023,Leverkusen
2022-11-02,19:45 (18:45),Champions Lg,Group stage,Wed,Away,W,4,0,ua Shakhtar,2.2,0.2,51.0,26045.0,Willi Orban,4-2-3-1,4-1-4-1,Michael Oliver,Match Report,,12.0,7.0,16.1,1.0,0.0,0.0,2023,RB Leipzig
2022-11-02,21:00,Champions Lg,Group stage,Wed,Away,D,1,1,dk FC Copenhagen,1.2,1.8,57.0,31900.0,Mats Hummels,4-2-3-1,4-3-3,Əliyar Ağayev,Match Report,,13.0,1.0,19.7,0.0,0.0,0.0,2023,Dortmund
2022-11-03,21:00,Europa Lg,Group stage,Thu,Away,W,1,0,be Union SG,0.7,0.3,39.0,5597.0,Christopher Trimmel,3-5-2,5-3-2,Andris Treimanis,Match Report,,10.0,2.0,21.2,1.0,0.0,0.0,2023,Union Berlin
2022-11-03,21:45 (18:45),Europa Lg,Group stage,Thu,Away,D,1,1,az Qarabağ,1.1,1.0,45.0,30430.0,Christian Günter,4-4-2,4-2-3-1,Alekseiy Kovalev,Match Report,,7.0,1.0,24.1,1.0,1.0,1.0,2023,Freiburg
2022-11-03,21:00,Conf Lg,Group stage,Thu,Home,D,2,2,fr Nice,1.6,1.0,56.0,47000.0,Florian Kainz,4-4-2,4-4-2,César Soto,Match Report,,18.0,7.0,17.2,0.0,0.0,0.0,2023,Köln
2022-11-04,20:30,Bundesliga,Matchweek 13,Fri,Home,W,3,1,Stuttgart,0.9,1.1,55.0,53178.0,Christoph Kramer,4-2-3-1,4-4-2,Matthias Jöllenbeck,Match Report,,13.0,6.0,22.7,0.0,0.0,0.0,2023,Gladbach
2022-11-04,20:30,Bundesliga,Matchweek 13,Fri,Away,L,1,3,Gladbach,1.1,0.9,45.0,53178.0,Wataru Endo,4-4-2,4-2-3-1,Matthias Jöllenbeck,Match Report,,13.0,4.0,18.1,0.0,0.0,0.0,2023,Stuttgart
2022-11-05,15:30,Bundesliga,Matchweek 13,Sat,Home,L,1,2,Eint Frankfurt,1.2,1.2,42.0,30087.0,Jeffrey Gouweleeuw,4-2-2-2,3-4-3,Deniz Aytekin,Match Report,,10.0,4.0,14.1,0.0,0.0,0.0,2023,Augsburg
2022-11-05,15:30,Bundesliga,Matchweek 13,Sat,Home,W,3,0,Bochum,1.5,0.6,60.0,81365.0,Mats Hummels,4-2-3-1,4-2-3-1,Tobias Stieler,Match Report,,5.0,2.0,25.7,1.0,1.0,1.0,2023,Dortmund
2022-11-05,15:30,Bundesliga,Matchweek 13,Sat,Away,W,2,1,Augsburg,1.2,1.2,58.0,30087.0,Sebastian Rode,3-4-3,4-2-2-2,Deniz Aytekin,Match Report,,12.0,7.0,17.6,1.0,0.0,0.0,2023,Eint Frankfurt
2022-11-05,15:30,Bundesliga,Matchweek 13,Sat,Home,L,0,3,Wolfsburg,1.0,0.6,56.0,26750.0,Silvan Widmer,3-4-3,4-5-1,Daniel Siebert,Match Report,,15.0,3.0,19.3,0.0,0.0,0.0,2023,Mainz 05
2022-11-05,15:30,Bundesliga,Matchweek 13,Sat,Home,L,1,3,RB Leipzig,0.9,1.7,37.0,23127.0,Oliver Baumann,3-5-2,4-2-2-2,Martin Petersen,Match Report,,11.0,3.0,19.8,2.0,0.0,0.0,2023,Hoffenheim
2022-11-05,18:30,Bundesliga,Matchweek 13,Sat,Home,W,2,1,Schalke 04,1.0,1.4,45.0,41000.0,Marco Friedl,3-5-2,4-2-3-1,Felix Brych,Match Report,,11.0,5.0,19.3,1.0,0.0,0.0,2023,Werder Bremen
2022-11-05,18:30,Bundesliga,Matchweek 13,Sat,Away,L,1,2,Werder Bremen,1.4,1.0,55.0,41000.0,Simon Terodde,4-2-3-1,3-5-2,Felix Brych,Match Report,,19.0,3.0,18.7,1.0,0.0,0.0,2023,Schalke 04
2022-11-05,15:30,Bundesliga,Matchweek 13,Sat,Away,W,3,1,Hoffenheim,1.7,0.9,63.0,23127.0,Willi Orban,4-2-2-2,3-5-2,Martin Petersen,Match Report,,17.0,8.0,17.4,1.0,0.0,0.0,2023,RB Leipzig
2022-11-05,15:30,Bundesliga,Matchweek 13,Sat,Home,L,2,3,Bayern Munich,1.2,1.9,28.0,74667.0,Marvin Plattenhardt,4-4-2,4-2-3-1,Bastian Dankert,Match Report,,6.0,5.0,19.0,1.0,1.0,1.0,2023,Hertha BSC
2022-11-05,15:30,Bundesliga,Matchweek 13,Sat,Away,W,3,2,Hertha BSC,1.9,1.2,72.0,74667.0,Manuel Neuer,4-2-3-1,4-4-2,Bastian Dankert,Match Report,,14.0,4.0,17.1,1.0,0.0,0.0,2023,Bayern Munich
2022-11-05,15:30,Bundesliga,Matchweek 13,Sat,Away,W,3,0,Mainz 05,0.6,1.0,44.0,26750.0,Maximilian Arnold,4-5-1,3-4-3,Daniel Siebert,Match Report,,10.0,3.0,18.4,1.0,0.0,0.0,2023,Wolfsburg
2022-11-05,15:30,Bundesliga,Matchweek 13,Sat,Away,L,0,3,Dortmund,0.6,1.5,40.0,81365.0,Anthony Losilla,4-2-3-1,4-2-3-1,Tobias Stieler,Match Report,,7.0,1.0,18.0,0.0,0.0,0.0,2023,Bochum
2022-11-06,17:30,Bundesliga,Matchweek 13,Sun,Home,W,2,0,Köln,1.4,0.5,55.0,33800.0,Christian Günter,4-2-3-1,4-2-3-1,Florian Badstübner,Match Report,,12.0,5.0,17.4,0.0,0.0,0.0,2023,Freiburg
2022-11-06,15:30,Bundesliga,Matchweek 13,Sun,Away,L,0,5,Leverkusen,0.3,1.9,42.0,30210.0,Christopher Trimmel,3-5-2,3-4-3,Robert Schröder,Match Report,,7.0,1.0,16.6,0.0,0.0,0.0,2023,Union Berlin
2022-11-06,15:30,Bundesliga,Matchweek 13,Sun,Home,W,5,0,Union Berlin,1.9,0.3,58.0,30210.0,Lukáš Hrádecký,3-4-3,3-5-2,Robert Schröder,Match Report,,11.0,8.0,17.3,0.0,0.0,0.0,2023,Leverkusen
2022-11-06,17:30,Bundesliga,Matchweek 13,Sun,Away,L,0,2,Freiburg,0.5,1.4,45.0,33800.0,Florian Kainz,4-2-3-1,4-2-3-1,Florian Badstübner,Match Report,,6.0,2.0,14.2,0.0,0.0,0.0,2023,Köln
2022-11-08,20:30,Bundesliga,Matchweek 14,Tue,Home,W,2,1,Hertha BSC,2.0,0.7,60.0,44500.0,Wataru Endo,4-3-3,4-2-2-2,Frank Willenborg,Match Report,,17.0,7.0,16.2,0.0,0.0,0.0,2023,Stuttgart
2022-11-08,18:30,Bundesliga,Matchweek 14,Tue,Home,W,2,0,Dortmund,2.4,1.6,37.0,28675.0,Maximilian Arnold,4-5-1,4-2-3-1,Christian Dingert,Match Report,,17.0,7.0,12.6,0.0,0.0,0.0,2023,Wolfsburg
2022-11-08,20:30,Bundesliga,Matchweek 14,Tue,Away,L,1,6,Bayern Munich,1.3,4.4,39.0,75000.0,Marco Friedl,3-1-4-2,4-2-3-1,Robert Hartmann,Match Report,,6.0,2.0,14.6,0.0,0.0,0.0,2023,Werder Bremen
2022-11-08,20:30,Bundesliga,Matchweek 14,Tue,Home,W,6,1,Werder Bremen,4.4,1.3,61.0,75000.0,Manuel Neuer,4-2-3-1,3-1-4-2,Robert Hartmann,Match Report,,20.0,9.0,14.4,0.0,0.0,1.0,2023,Bayern Munich
2022-11-08,20:30,Bundesliga,Matchweek 14,Tue,Away,L,1,2,Stuttgart,0.7,2.0,40.0,44500.0,Marvin Plattenhardt,4-2-2-2,4-3-3,Frank Willenborg,Match Report,,11.0,2.0,15.2,0.0,0.0,0.0,2023,Hertha BSC
2022-11-08,20:30,Bundesliga,Matchweek 14,Tue,Away,L,1,2,Bochum,0.8,2.0,54.0,25900.0,Christoph Kramer,4-2-3-1,4-2-3-1,Daniel Schlager,Match Report,,8.0,2.0,15.3,0.0,0.0,0.0,2023,Gladbach
2022-11-08,20:30,Bundesliga,Matchweek 14,Tue,Home,W,2,1,Gladbach,2.0,0.8,46.0,25900.0,Anthony Losilla,4-2-3-1,4-2-3-1,Daniel Schlager,Match Report,,13.0,4.0,18.7,0.0,0.0,0.0,2023,Bochum
2022-11-08,18:30,Bundesliga,Matchweek 14,Tue,Away,L,0,2,Wolfsburg,1.6,2.4,63.0,28675.0,Mats Hummels,4-2-3-1,4-5-1,Christian Dingert,Match Report,,21.0,6.0,16.9,1.0,0.0,0.0,2023,Dortmund
2022-11-09,20:30,Bundesliga,Matchweek 14,Wed,Home,W,3,1,Freiburg,2.9,0.2,58.0,41240.0,Willi Orban,4-4-2,3-5-2,Harm Osmers,Match Report,,15.0,7.0,17.7,0.0,1.0,1.0,2023,RB Leipzig
2022-11-09,20:30,Bundesliga,Matchweek 14,Wed,Home,W,4,2,Hoffenheim,2.8,1.8,51.0,49000.0,Kevin Trapp,3-4-3,3-5-2,Felix Zwayer,Match Report,,14.0,7.0,17.1,0.0,0.0,0.0,2023,Eint Frankfurt
2022-11-09,20:30,Bundesliga,Matchweek 14,Wed,Home,D,2,2,Augsburg,1.2,0.6,59.0,22012.0,Rani Khedira,3-5-2,4-2-3-1,Sascha Stegemann,Match Report,,19.0,6.0,18.1,1.0,0.0,0.0,2023,Union Berlin
2022-11-09,20:30,Bundesliga,Matchweek 14,Wed,Home,W,1,0,Mainz 05,1.5,0.8,45.0,58256.0,Simon Terodde,4-2-3-1,3-5-2,Tobias Reichel,Match Report,,14.0,4.0,17.0,1.0,0.0,0.0,2023,Schalke 04
2022-11-09,18:30,Bundesliga,Matchweek 14,Wed,Home,L,1,2,Leverkusen,1.4,1.4,58.0,50000.0,Jonas Hector,4-2-3-1,3-4-3,Tobias Stieler,Match Report,,19.0,7.0,17.8,0.0,0.0,0.0,2023,Köln
2022-11-09,20:30,Bundesliga,Matchweek 14,Wed,Away,L,2,4,Eint Frankfurt,1.8,2.8,49.0,49000.0,Oliver Baumann,3-5-2,3-4-3,Felix Zwayer,Match Report,,12.0,3.0,13.5,0.0,0.0,0.0,2023,Hoffenheim
2022-11-09,20:30,Bundesliga,Matchweek 14,Wed,Away,L,0,1,Schalke 04,0.8,1.5,55.0,58256.0,Robin Zentner,3-5-2,4-2-3-1,Tobias Reichel,Match Report,,11.0,1.0,13.5,1.0,0.0,0.0,2023,Mainz 05
2022-11-09,20:30,Bundesliga,Matchweek 14,Wed,Away,L,1,3,RB Leipzig,0.2,2.9,42.0,41240.0,Christian Günter,3-5-2,4-4-2,Harm Osmers,Match Report,,3.0,2.0,16.1,0.0,0.0,0.0,2023,Freiburg
2022-11-09,18:30,Bundesliga,Matchweek 14,Wed,Away,W,2,1,Köln,1.4,1.4,42.0,50000.0,Lukáš Hrádecký,3-4-3,4-2-3-1,Tobias Stieler,Match Report,,10.0,3.0,18.5,1.0,0.0,0.0,2023,Leverkusen
2022-11-09,20:30,Bundesliga,Matchweek 14,Wed,Away,D,2,2,Union Berlin,0.6,1.2,41.0,22012.0,Jeffrey Gouweleeuw,4-2-3-1,3-5-2,Sascha Stegemann,Match Report,,7.0,2.0,20.4,1.0,0.0,0.0,2023,Augsburg
2022-11-11,20:30,Bundesliga,Matchweek 15,Fri,Home,W,4,2,Dortmund,2.1,3.0,39.0,54042.0,Lars Stindl,4-2-3-1,4-2-3-1,Sven Jablonski,Match Report,,11.0,6.0,17.0,0.0,0.0,0.0,2023,Gladbach
2022-11-11,20:30,Bundesliga,Matchweek 15,Fri,Away,L,2,4,Gladbach,3.0,2.1,61.0,54042.0,Mats Hummels,4-2-3-1,4-2-3-1,Sven Jablonski,Match Report,,20.0,10.0,13.5,1.0,0.0,0.0,2023,Dortmund
2022-11-12,15:30,Bundesliga,Matchweek 15,Sat,Home,W,2,0,Stuttgart,1.6,0.3,45.0,30210.0,Lukáš Hrádecký,3-4-3,3-4-3,Florian Badstübner,Match Report,,12.0,3.0,16.6,2.0,0.0,0.0,2023,Leverkusen
2022-11-12,18:30,Bundesliga,Matchweek 15,Sat,Home,L,0,2,Bayern Munich,0.8,1.9,32.0,62271.0,Simon Terodde,4-2-3-1,4-2-3-1,Felix Zwayer,Match Report,,7.0,2.0,18.3,0.0,0.0,0.0,2023,Schalke 04
2022-11-12,15:30,Bundesliga,Matchweek 15,Sat,Away,W,1,0,Augsburg,1.1,2.2,46.0,28011.0,Anthony Losilla,4-3-3,3-4-3,Felix Brych,Match Report,,11.0,4.0,19.3,0.0,0.0,0.0,2023,Bochum
2022-11-12,15:30,Bundesliga,Matchweek 15,Sat,Away,W,2,1,Werder Bremen,1.7,0.9,52.0,41500.0,Willi Orban,4-4-2,3-1-4-2,Matthias Jöllenbeck,Match Report,,14.0,3.0,16.5,1.0,0.0,0.0,2023,RB Leipzig
2022-11-12,15:30,Bundesliga,Matchweek 15,Sat,Home,L,0,1,Bochum,2.2,1.1,54.0,28011.0,Jeffrey Gouweleeuw,3-4-3,4-3-3,Felix Brych,Match Report,,17.0,5.0,17.3,0.0,0.0,1.0,2023,Augsburg
2022-11-12,15:30,Bundesliga,Matchweek 15,Sat,Away,L,0,2,Leverkusen,0.3,1.6,55.0,30210.0,Waldemar Anton,3-4-3,3-4-3,Florian Badstübner,Match Report,,7.0,1.0,24.1,1.0,0.0,0.0,2023,Stuttgart
2022-11-12,15:30,Bundesliga,Matchweek 15,Sat,Home,W,2,0,Köln,1.8,1.8,48.0,60827.0,Marvin Plattenhardt,4-2-2-2,4-2-3-1,Christian Dingert,Match Report,,16.0,8.0,17.0,0.0,0.0,0.0,2023,Hertha BSC
2022-11-12,15:30,Bundesliga,Matchweek 15,Sat,Home,L,1,2,Wolfsburg,1.4,0.7,60.0,18014.0,Oliver Baumann,3-4-1-2,4-5-1,Daniel Schlager,Match Report,,22.0,8.0,17.5,3.0,0.0,0.0,2023,Hoffenheim
2022-11-12,15:30,Bundesliga,Matchweek 15,Sat,Home,L,1,2,RB Leipzig,0.9,1.7,48.0,41500.0,Marco Friedl,3-1-4-2,4-4-2,Matthias Jöllenbeck,Match Report,,7.0,6.0,12.9,0.0,0.0,0.0,2023,Werder Bremen
2022-11-12,15:30,Bundesliga,Matchweek 15,Sat,Away,L,0,2,Hertha BSC,1.8,1.8,52.0,60827.0,Jonas Hector,4-2-3-1,4-2-2-2,Christian Dingert,Match Report,,10.0,3.0,16.6,2.0,0.0,0.0,2023,Köln
2022-11-12,18:30,Bundesliga,Matchweek 15,Sat,Away,W,2,0,Schalke 04,1.9,0.8,68.0,62271.0,Manuel Neuer,4-2-3-1,4-2-3-1,Felix Zwayer,Match Report,,21.0,6.0,18.7,0.0,0.0,0.0,2023,Bayern Munich
2022-11-12,15:30,Bundesliga,Matchweek 15,Sat,Away,W,2,1,Hoffenheim,0.7,1.4,40.0,18014.0,Maximilian Arnold,4-5-1,3-4-1-2,Daniel Schlager,Match Report,,6.0,3.0,14.7,0.0,0.0,0.0,2023,Wolfsburg
2022-11-13,15:30,Bundesliga,Matchweek 15,Sun,Away,D,1,1,Mainz 05,1.8,1.5,60.0,33305.0,Kevin Trapp,3-4-3,3-4-3,Robert Schröder,Match Report,,10.0,3.0,19.3,2.0,0.0,0.0,2023,Eint Frankfurt
2022-11-13,17:30,Bundesliga,Matchweek 15,Sun,Home,W,4,1,Union Berlin,2.3,1.7,72.0,33800.0,Christian Günter,3-4-3,3-5-2,Deniz Aytekin,Match Report,,5.0,3.0,20.4,0.0,2.0,2.0,2023,Freiburg
2022-11-13,17:30,Bundesliga,Matchweek 15,Sun,Away,L,1,4,Freiburg,1.7,2.3,28.0,33800.0,Christopher Trimmel,3-5-2,3-4-3,Deniz Aytekin,Match Report,,2.0,1.0,29.5,0.0,1.0,2.0,2023,Union Berlin
2022-11-13,15:30,Bundesliga,Matchweek 15,Sun,Home,D,1,1,Eint Frankfurt,1.5,1.8,40.0,33305.0,Silvan Widmer,3-4-3,3-4-3,Robert Schröder,Match Report,,18.0,6.0,16.0,0.0,0.0,0.0,2023,Mainz 05
2023-01-20,20:30,Bundesliga,Matchweek 16,Fri,Away,D,1,1,RB Leipzig,0.7,0.7,58.0,47069.0,Joshua Kimmich,4-2-3-1,4-2-3-1,Daniel Siebert,Match Report,,7.0,2.0,13.9,0.0,0.0,0.0,2023,Bayern Munich
2023-01-20,20:30,Bundesliga,Matchweek 16,Fri,Home,D,1,1,Bayern Munich,0.7,0.7,42.0,47069.0,Willi Orban,4-2-3-1,4-2-3-1,Daniel Siebert,Match Report,,10.0,3.0,20.1,0.0,0.0,0.0,2023,RB Leipzig
2023-01-21,15:30,Bundesliga,Matchweek 16,Sat,Away,D,1,1,Stuttgart,1.4,1.6,45.0,45903.0,Silvan Widmer,3-4-3,4-3-3,Felix Brych,Match Report,,12.0,1.0,20.3,1.0,1.0,1.0,2023,Mainz 05
2023-01-21,18:30,Bundesliga,Matchweek 16,Sat,Home,W,7,1,Werder Bremen,3.0,0.3,50.0,50000.0,Jonas Hector,4-2-2-2,3-1-4-2,Robert Schröder,Match Report,,15.0,7.0,14.5,0.0,0.0,0.0,2023,Köln
2023-01-21,15:30,Bundesliga,Matchweek 16,Sat,Home,W,6,0,Freiburg,2.7,0.7,53.0,25849.0,Maximilian Arnold,4-3-3,4-2-3-1,Felix Zwayer,Match Report,,11.0,9.0,17.2,0.0,1.0,1.0,2023,Wolfsburg
2023-01-21,15:30,Bundesliga,Matchweek 16,Sat,Away,L,1,3,Union Berlin,1.0,2.9,48.0,21747.0,Oliver Baumann,3-4-3,3-5-2,Robert Hartmann,Match Report,,12.0,4.0,17.4,1.0,0.0,0.0,2023,Hoffenheim
2023-01-21,15:30,Bundesliga,Matchweek 16,Sat,Away,L,0,3,Eint Frankfurt,1.8,1.2,57.0,50000.0,Danny Latza,4-2-3-1,3-4-3,Marco Fritz,Match Report,,19.0,4.0,14.3,1.0,0.0,0.0,2023,Schalke 04
2023-01-21,15:30,Bundesliga,Matchweek 16,Sat,Home,W,3,1,Hoffenheim,2.9,1.0,52.0,21747.0,Christopher Trimmel,3-5-2,3-4-3,Robert Hartmann,Match Report,,21.0,5.0,15.8,0.0,0.0,1.0,2023,Union Berlin
2023-01-21,15:30,Bundesliga,Matchweek 16,Sat,Away,L,0,6,Wolfsburg,0.7,2.7,47.0,25849.0,Christian Günter,4-2-3-1,4-3-3,Felix Zwayer,Match Report,,9.0,1.0,14.6,0.0,0.0,0.0,2023,Freiburg
2023-01-21,15:30,Bundesliga,Matchweek 16,Sat,Home,W,3,0,Schalke 04,1.2,1.8,43.0,50000.0,Kevin Trapp,3-4-3,4-2-3-1,Marco Fritz,Match Report,,12.0,3.0,14.5,0.0,0.0,0.0,2023,Eint Frankfurt
2023-01-21,15:30,Bundesliga,Matchweek 16,Sat,Home,D,1,1,Mainz 05,1.6,1.4,55.0,45903.0,Wataru Endo,4-3-3,3-4-3,Felix Brych,Match Report,,16.0,4.0,20.2,0.0,0.0,0.0,2023,Stuttgart
2023-01-21,15:30,Bundesliga,Matchweek 16,Sat,Away,L,1,3,Bochum,0.9,1.6,51.0,26000.0,Lucas Tousart,4-2-3-1,4-3-3,Martin Petersen,Match Report,,11.0,2.0,15.5,1.0,0.0,0.0,2023,Hertha BSC
2023-01-21,18:30,Bundesliga,Matchweek 16,Sat,Away,L,1,7,Köln,0.3,3.0,50.0,50000.0,Marco Friedl,3-1-4-2,4-2-2-2,Robert Schröder,Match Report,,5.0,2.0,15.6,0.0,0.0,0.0,2023,Werder Bremen
2023-01-21,15:30,Bundesliga,Matchweek 16,Sat,Home,W,3,1,Hertha BSC,1.6,0.9,49.0,26000.0,Anthony Losilla,4-3-3,4-2-3-1,Martin Petersen,Match Report,,10.0,3.0,18.2,1.0,0.0,0.0,2023,Bochum
2023-01-22,17:30,Bundesliga,Matchweek 16,Sun,Away,W,3,2,Gladbach,2.0,1.0,39.0,53336.0,Lukáš Hrádecký,3-4-3,4-2-3-1,Harm Osmers,Match Report,,13.0,6.0,16.1,0.0,0.0,0.0,2023,Leverkusen
2023-01-22,15:30,Bundesliga,Matchweek 16,Sun,Home,W,4,3,Augsburg,2.9,1.7,68.0,81365.0,Mats Hummels,4-2-3-1,4-4-2,Frank Willenborg,Match Report,,27.0,9.0,16.0,0.0,0.0,0.0,2023,Dortmund
2023-01-22,17:30,Bundesliga,Matchweek 16,Sun,Home,L,2,3,Leverkusen,1.0,2.0,61.0,53336.0,Christoph Kramer,4-2-3-1,3-4-3,Harm Osmers,Match Report,,15.0,8.0,17.8,0.0,0.0,0.0,2023,Gladbach
2023-01-22,15:30,Bundesliga,Matchweek 16,Sun,Away,L,3,4,Dortmund,1.7,2.9,32.0,81365.0,Jeffrey Gouweleeuw,4-4-2,4-2-3-1,Frank Willenborg,Match Report,,14.0,4.0,17.4,0.0,0.0,0.0,2023,Augsburg
2023-01-24,20:30,Bundesliga,Matchweek 17,Tue,Home,L,0,5,Wolfsburg,0.4,3.1,42.0,29483.0,Lucas Tousart,4-2-3-1,4-3-3,Tobias Reichel,Match Report,,8.0,2.0,21.0,1.0,0.0,0.0,2023,Hertha BSC
2023-01-24,18:30,Bundesliga,Matchweek 17,Tue,Home,L,1,6,RB Leipzig,0.7,2.7,43.0,56841.0,Danny Latza,4-1-4-1,4-2-2-2,Benjamin Cortus,Match Report,,9.0,1.0,24.0,1.0,0.0,0.0,2023,Schalke 04
2023-01-24,20:30,Bundesliga,Matchweek 17,Tue,Home,D,1,1,Köln,1.4,0.8,77.0,75000.0,Joshua Kimmich,4-2-3-1,4-2-3-1,Tobias Stieler,Match Report,,25.0,7.0,17.3,0.0,0.0,0.0,2023,Bayern Munich
2023-01-24,20:30,Bundesliga,Matchweek 17,Tue,Home,D,2,2,Stuttgart,2.0,0.8,49.0,23159.0,Oliver Baumann,3-4-3,4-3-3,Florian Badstübner,Match Report,,15.0,6.0,13.6,0.0,0.0,0.0,2023,Hoffenheim
2023-01-24,20:30,Bundesliga,Matchweek 17,Tue,Away,D,2,2,Hoffenheim,0.8,2.0,51.0,23159.0,Wataru Endo,4-3-3,3-4-3,Florian Badstübner,Match Report,,8.0,4.0,21.3,0.0,0.0,0.0,2023,Stuttgart
2023-01-24,18:30,Bundesliga,Matchweek 17,Tue,Away,W,6,1,Schalke 04,2.7,0.7,57.0,56841.0,Willi Orban,4-2-2-2,4-1-4-1,Benjamin Cortus,Match Report,,21.0,14.0,15.7,0.0,0.0,0.0,2023,RB Leipzig
2023-01-24,20:30,Bundesliga,Matchweek 17,Tue,Away,W,5,0,Hertha BSC,3.1,0.4,58.0,29483.0,Maximilian Arnold,4-3-3,4-2-3-1,Tobias Reichel,Match Report,,16.0,6.0,15.4,1.0,1.0,1.0,2023,Wolfsburg
2023-01-24,20:30,Bundesliga,Matchweek 17,Tue,Away,D,1,1,Bayern Munich,0.8,1.4,23.0,75000.0,Jonas Hector,4-2-3-1,4-2-3-1,Tobias Stieler,Match Report,,3.0,1.0,7.5,0.0,0.0,0.0,2023,Köln
2023-01-25,20:30,Bundesliga,Matchweek 17,Wed,Away,L,0,1,Augsburg,0.3,0.9,56.0,23158.0,Christoph Kramer,4-2-3-1,4-4-2,Daniel Schlager,Match Report,,7.0,2.0,18.4,0.0,0.0,0.0,2023,Gladbach
2023-01-25,20:30,Bundesliga,Matchweek 17,Wed,Home,W,2,0,Bochum,1.7,0.7,56.0,25820.0,Lukáš Hrádecký,4-2-3-1,4-1-2-1-2,Timo Gerach,Match Report,,10.0,3.0,19.7,1.0,1.0,1.0,2023,Leverkusen
2023-01-25,20:30,Bundesliga,Matchweek 17,Wed,Home,L,1,2,Union Berlin,0.6,1.1,58.0,41500.0,Marco Friedl,3-1-4-2,3-5-2,Bastian Dankert,Match Report,,9.0,4.0,19.5,1.0,0.0,0.0,2023,Werder Bremen
2023-01-25,18:30,Bundesliga,Matchweek 17,Wed,Home,L,1,2,Dortmund,1.2,1.5,38.0,31500.0,Silvan Widmer,3-5-2,4-2-3-1,Sascha Stegemann,Match Report,,12.0,4.0,14.8,0.0,0.0,0.0,2023,Mainz 05
2023-01-25,20:30,Bundesliga,Matchweek 17,Wed,Home,W,1,0,Gladbach,0.9,0.3,44.0,23158.0,Jeffrey Gouweleeuw,4-4-2,4-2-3-1,Daniel Schlager,Match Report,,14.0,4.0,20.1,2.0,0.0,0.0,2023,Augsburg
2023-01-25,20:30,Bundesliga,Matchweek 17,Wed,Away,D,1,1,Freiburg,0.2,1.9,56.0,34700.0,Djibril Sow,3-4-3,3-4-3,Deniz Aytekin,Match Report,,4.0,2.0,17.9,0.0,0.0,0.0,2023,Eint Frankfurt
2023-01-25,20:30,Bundesliga,Matchweek 17,Wed,Away,L,0,2,Leverkusen,0.7,1.7,44.0,25820.0,Anthony Losilla,4-1-2-1-2◆,4-2-3-1,Timo Gerach,Match Report,,11.0,1.0,14.6,0.0,0.0,0.0,2023,Bochum
2023-01-25,20:30,Bundesliga,Matchweek 17,Wed,Away,W,2,1,Werder Bremen,1.1,0.6,42.0,41500.0,Rani Khedira,3-5-2,3-1-4-2,Bastian Dankert,Match Report,,9.0,5.0,15.2,0.0,0.0,0.0,2023,Union Berlin
2023-01-25,18:30,Bundesliga,Matchweek 17,Wed,Away,W,2,1,Mainz 05,1.5,1.2,62.0,31500.0,Niklas Süle,4-2-3-1,3-5-2,Sascha Stegemann,Match Report,,11.0,6.0,18.2,0.0,0.0,0.0,2023,Dortmund
2023-01-25,20:30,Bundesliga,Matchweek 17,Wed,Home,D,1,1,Eint Frankfurt,1.9,0.2,44.0,34700.0,Christian Günter,3-4-3,3-4-3,Deniz Aytekin,Match Report,,13.0,5.0,15.8,0.0,0.0,0.0,2023,Freiburg
2023-01-27,20:30,Bundesliga,Matchweek 18,Fri,Away,L,1,2,RB Leipzig,1.7,1.0,46.0,46158.0,Wataru Endo,4-2-3-1,4-2-2-2,Felix Zwayer,Match Report,,11.0,3.0,23.0,0.0,1.0,1.0,2023,Stuttgart
2023-01-27,20:30,Bundesliga,Matchweek 18,Fri,Home,W,2,1,Stuttgart,1.0,1.7,54.0,46158.0,Willi Orban,4-2-2-2,4-2-3-1,Felix Zwayer,Match Report,,10.0,4.0,15.2,1.0,0.0,0.0,2023,RB Leipzig
2023-01-28,15:30,Bundesliga,Matchweek 18,Sat,Away,W,4,1,Hoffenheim,1.7,1.8,49.0,24119.0,Lars Stindl,4-2-3-1,3-4-1-2,Benjamin Brand,Match Report,,9.0,5.0,15.9,0.0,0.0,0.0,2023,Gladbach
2023-01-28,18:30,Bundesliga,Matchweek 18,Sat,Home,D,1,1,Eint Frankfurt,1.6,0.6,67.0,75000.0,Thomas Müller,4-1-4-1,3-4-3,Sven Jablonski,Match Report,,14.0,5.0,17.9,0.0,0.0,0.0,2023,Bayern Munich
2023-01-28,15:30,Bundesliga,Matchweek 18,Sat,Away,L,1,3,Freiburg,1.7,1.7,54.0,33500.0,Jeffrey Gouweleeuw,4-4-2,3-4-3,Christian Dingert,Match Report,,14.0,3.0,17.7,0.0,1.0,1.0,2023,Augsburg
2023-01-28,15:30,Bundesliga,Matchweek 18,Sat,Home,L,1,4,Gladbach,1.8,1.7,51.0,24119.0,Oliver Baumann,3-4-1-2,4-2-3-1,Benjamin Brand,Match Report,,15.0,4.0,16.2,0.0,0.0,0.0,2023,Hoffenheim
2023-01-28,15:30,Bundesliga,Matchweek 18,Sat,Home,L,0,2,Union Berlin,0.5,1.0,52.0,74667.0,Marvin Plattenhardt,4-3-3,3-5-2,Felix Brych,Match Report,,10.0,3.0,19.4,0.0,0.0,0.0,2023,Hertha BSC
2023-01-28,15:30,Bundesliga,Matchweek 18,Sat,Home,W,5,2,Bochum,2.1,1.5,42.0,23300.0,Silvan Widmer,3-4-3,4-3-3,Patrick Ittrich,Match Report,,14.0,7.0,17.3,0.0,0.0,0.0,2023,Mainz 05
2023-01-28,15:30,Bundesliga,Matchweek 18,Sat,Away,L,2,5,Mainz 05,1.5,2.1,58.0,23300.0,Anthony Losilla,4-3-3,3-4-3,Patrick Ittrich,Match Report,,15.0,4.0,21.1,1.0,0.0,0.0,2023,Bochum
2023-01-28,15:30,Bundesliga,Matchweek 18,Sat,Away,W,2,0,Hertha BSC,1.0,0.5,48.0,74667.0,Christopher Trimmel,3-5-2,4-3-3,Felix Brych,Match Report,,7.0,3.0,15.1,0.0,0.0,0.0,2023,Union Berlin
2023-01-28,15:30,Bundesliga,Matchweek 18,Sat,Home,W,2,1,Wolfsburg,2.2,0.7,43.0,41000.0,Marco Friedl,3-1-4-2,4-5-1,Daniel Siebert,Match Report,,13.0,4.0,15.7,0.0,1.0,1.0,2023,Werder Bremen
2023-01-28,15:30,Bundesliga,Matchweek 18,Sat,Home,W,3,1,Augsburg,1.7,1.7,46.0,33500.0,Christian Günter,3-4-3,4-4-2,Christian Dingert,Match Report,,14.0,9.0,15.7,0.0,0.0,0.0,2023,Freiburg
2023-01-28,15:30,Bundesliga,Matchweek 18,Sat,Away,L,1,2,Werder Bremen,0.7,2.2,57.0,41000.0,Maximilian Arnold,4-5-1,3-1-4-2,Daniel Siebert,Match Report,,9.0,3.0,17.9,1.0,0.0,0.0,2023,Wolfsburg
2023-01-28,18:30,Bundesliga,Matchweek 18,Sat,Away,D,1,1,Bayern Munich,0.6,1.6,33.0,75000.0,Sebastian Rode,3-4-3,4-1-4-1,Sven Jablonski,Match Report,,8.0,1.0,14.7,0.0,0.0,0.0,2023,Eint Frankfurt
2023-01-29,17:30,Bundesliga,Matchweek 18,Sun,Home,L,0,2,Dortmund,1.7,0.9,56.0,30210.0,Lukáš Hrádecký,4-3-3,4-5-1,Tobias Welz,Match Report,,21.0,6.0,16.7,0.0,0.0,0.0,2023,Leverkusen
2023-01-29,15:30,Bundesliga,Matchweek 18,Sun,Away,D,0,0,Schalke 04,0.3,1.2,46.0,61571.0,Jonas Hector,4-1-3-2,4-2-3-1,Matthias Jöllenbeck,Match Report,,6.0,0.0,15.7,0.0,0.0,0.0,2023,Köln
2023-01-29,17:30,Bundesliga,Matchweek 18,Sun,Away,W,2,0,Leverkusen,0.9,1.7,44.0,30210.0,Jude Bellingham,4-5-1,4-3-3,Tobias Welz,Match Report,,6.0,2.0,20.4,0.0,0.0,0.0,2023,Dortmund
2023-01-29,15:30,Bundesliga,Matchweek 18,Sun,Home,D,0,0,Köln,1.2,0.3,54.0,61571.0,Danny Latza,4-2-3-1,4-1-3-2,Matthias Jöllenbeck,Match Report,,17.0,2.0,18.4,0.0,0.0,0.0,2023,Schalke 04
2023-01-31,20:45,DFB-Pokal,Round of 16,Tue,Away,L,1,2,Union Berlin,,,54.0,22012.0,Maximilian Arnold,3-1-4-2,3-5-2,Sascha Stegemann,Match Report,,7.0,3.0,,,0.0,0.0,2023,Wolfsburg
2023-01-31,18:00,DFB-Pokal,Round of 16,Tue,Away,W,2,1,Paderborn 07,,,72.0,14000.0,Wataru Endo,4-3-3,5-4-1,Daniel Schlager,Match Report,,22.0,5.0,,,0.0,0.0,2023,Stuttgart
2023-01-31,20:45,DFB-Pokal,Round of 16,Tue,Home,W,2,1,Wolfsburg,,,46.0,22012.0,Rani Khedira,3-5-2,3-1-4-2,Sascha Stegemann,Match Report,,10.0,6.0,,,0.0,0.0,2023,Union Berlin
2023-02-01,20:45,DFB-Pokal,Round of 16,Wed,Home,L,0,4,Bayern Munich,,,32.0,33305.0,Silvan Widmer,3-4-3,3-1-4-2,Deniz Aytekin,Match Report,,11.0,1.0,,,0.0,0.0,2023,Mainz 05
2023-02-01,18:00,DFB-Pokal,Round of 16,Wed,Away,L,1,3,RB Leipzig,,,35.0,34822.0,Oliver Baumann,5-4-1,4-2-2-2,Christian Dingert,Match Report,,3.0,1.0,,,0.0,0.0,2023,Hoffenheim
2023-02-01,18:00,DFB-Pokal,Round of 16,Wed,Home,W,3,1,Hoffenheim,,,65.0,34822.0,Willi Orban,4-2-2-2,5-4-1,Christian Dingert,Match Report,,11.0,6.0,,,0.0,0.0,2023,RB Leipzig
2023-02-01,20:45,DFB-Pokal,Round of 16,Wed,Away,W,4,0,Mainz 05,,,69.0,33305.0,Thomas Müller,3-1-4-2,3-4-3,Deniz Aytekin,Match Report,,21.0,9.0,,,0.0,0.0,2023,Bayern Munich
2023-02-03,20:30,Bundesliga,Matchweek 19,Fri,Away,L,0,1,Augsburg,0.6,0.9,59.0,27318.0,Lukáš Hrádecký,3-4-3,4-4-2,Marco Fritz,Match Report,,13.0,4.0,22.7,0.0,0.0,0.0,2023,Leverkusen
2023-02-03,20:30,Bundesliga,Matchweek 19,Fri,Home,W,1,0,Leverkusen,0.9,0.6,41.0,27318.0,Jeffrey Gouweleeuw,4-4-2,3-4-3,Marco Fritz,Match Report,,10.0,5.0,19.0,0.0,0.0,0.0,2023,Augsburg
2023-02-04,15:30,Bundesliga,Matchweek 19,Sat,Away,L,2,5,Bochum,0.9,2.7,54.0,23700.0,Oliver Baumann,3-4-1-2,4-2-3-1,Bastian Dankert,Match Report,,9.0,4.0,15.0,0.0,0.0,0.0,2023,Hoffenheim
2023-02-04,15:30,Bundesliga,Matchweek 19,Sat,Away,L,1,5,Dortmund,0.4,1.9,24.0,81365.0,Christian Günter,5-3-2,4-1-4-1,Robert Schröder,Match Report,,6.0,3.0,21.5,0.0,0.0,0.0,2023,Freiburg
2023-02-04,15:30,Bundesliga,Matchweek 19,Sat,Away,L,0,3,Eint Frankfurt,0.9,2.2,38.0,49500.0,Marvin Plattenhardt,4-1-4-1,3-4-3,Robert Hartmann,Match Report,,15.0,2.0,18.2,1.0,0.0,0.0,2023,Hertha BSC
2023-02-04,18:30,Bundesliga,Matchweek 19,Sat,Home,D,0,0,Schalke 04,1.1,1.0,54.0,54042.0,Lars Stindl,4-2-3-1,4-1-4-1,Deniz Aytekin,Match Report,,18.0,4.0,17.7,0.0,0.0,0.0,2023,Gladbach
2023-02-04,18:30,Bundesliga,Matchweek 19,Sat,Away,D,0,0,Gladbach,1.0,1.1,46.0,54042.0,Simon Terodde,4-1-4-1,4-2-3-1,Deniz Aytekin,Match Report,,19.0,5.0,20.8,1.0,0.0,0.0,2023,Schalke 04
2023-02-04,15:30,Bundesliga,Matchweek 19,Sat,Home,W,3,0,Hertha BSC,2.2,0.9,62.0,49500.0,Makoto Hasebe,3-4-3,4-1-4-1,Robert Hartmann,Match Report,,9.0,3.0,17.9,0.0,1.0,1.0,2023,Eint Frankfurt
2023-02-04,15:30,Bundesliga,Matchweek 19,Sat,Home,W,2,1,Mainz 05,1.1,1.3,51.0,22012.0,Christopher Trimmel,3-5-2,3-4-3,Florian Badstübner,Match Report,,11.0,4.0,16.3,0.0,0.0,0.0,2023,Union Berlin
2023-02-04,15:30,Bundesliga,Matchweek 19,Sat,Home,D,0,0,RB Leipzig,0.8,1.3,44.0,49200.0,Jonas Hector,4-2-2-2,3-4-3,Martin Petersen,Match Report,,9.0,0.0,21.0,0.0,0.0,0.0,2023,Köln
2023-02-04,15:30,Bundesliga,Matchweek 19,Sat,Home,W,5,1,Freiburg,1.9,0.4,76.0,81365.0,Marco Reus,4-1-4-1,5-3-2,Robert Schröder,Match Report,,26.0,10.0,19.1,1.0,0.0,0.0,2023,Dortmund
2023-02-04,15:30,Bundesliga,Matchweek 19,Sat,Away,D,0,0,Köln,1.3,0.8,56.0,49200.0,Willi Orban,3-4-3,4-2-2-2,Martin Petersen,Match Report,,7.0,2.0,17.8,0.0,0.0,0.0,2023,RB Leipzig
2023-02-04,15:30,Bundesliga,Matchweek 19,Sat,Away,L,1,2,Union Berlin,1.3,1.1,49.0,22012.0,Dominik Kohr,3-4-3,3-5-2,Florian Badstübner,Match Report,,11.0,4.0,20.7,0.0,1.0,1.0,2023,Mainz 05
2023-02-04,15:30,Bundesliga,Matchweek 19,Sat,Home,W,5,2,Hoffenheim,2.7,0.9,46.0,23700.0,Anthony Losilla,4-2-3-1,3-4-1-2,Bastian Dankert,Match Report,,16.0,10.0,16.0,0.0,0.0,0.0,2023,Bochum
2023-02-05,17:30,Bundesliga,Matchweek 19,Sun,Home,L,2,4,Bayern Munich,2.2,0.5,52.0,30000.0,Maximilian Arnold,3-5-2,4-2-3-1,Harm Osmers,Match Report,,22.0,5.0,16.4,1.0,0.0,0.0,2023,Wolfsburg
2023-02-05,15:30,Bundesliga,Matchweek 19,Sun,Away,W,2,0,Stuttgart,0.5,1.3,42.0,47700.0,Marco Friedl,3-4-1-2,4-3-3,Frank Willenborg,Match Report,,9.0,3.0,21.7,2.0,0.0,0.0,2023,Werder Bremen
2023-02-05,15:30,Bundesliga,Matchweek 19,Sun,Home,L,0,2,Werder Bremen,1.3,0.5,58.0,47700.0,Wataru Endo,4-3-3,3-4-1-2,Frank Willenborg,Match Report,,17.0,5.0,18.8,1.0,0.0,0.0,2023,Stuttgart
2023-02-05,17:30,Bundesliga,Matchweek 19,Sun,Away,W,4,2,Wolfsburg,0.5,2.2,48.0,30000.0,Thomas Müller,4-2-3-1,3-5-2,Harm Osmers,Match Report,,9.0,4.0,19.6,0.0,0.0,0.0,2023,Bayern Munich
2023-02-07,18:00,DFB-Pokal,Round of 16,Tue,Away,W,2,0,Sandhausen,,,69.0,11782.0,Christian Günter,4-2-3-1,4-2-3-1,Marco Fritz,Match Report,,16.0,3.0,,,0.0,0.0,2023,Freiburg
2023-02-07,20:45,DFB-Pokal,Round of 16,Tue,Home,W,4,2,Darmstadt 98,,,60.0,49500.0,Sebastian Rode,3-4-3,3-4-3,Felix Zwayer,Match Report,,13.0,5.0,,,0.0,0.0,2023,Eint Frankfurt
2023-02-08,20:45,DFB-Pokal,Round of 16,Wed,Away,W,2,1,Bochum,,,54.0,26000.0,Mats Hummels,4-1-4-1,4-2-3-1,Tobias Stieler,Match Report,,18.0,8.0,,,0.0,0.0,2023,Dortmund
2023-02-08,20:45,DFB-Pokal,Round of 16,Wed,Home,L,1,2,Dortmund,,,47.0,26000.0,Anthony Losilla,4-2-3-1,4-1-4-1,Tobias Stieler,Match Report,,15.0,5.0,,,1.0,1.0,2023,Bochum
2023-02-10,20:30,Bundesliga,Matchweek 20,Fri,Home,D,0,0,Wolfsburg,1.3,1.3,53.0,60836.0,Cédric Brunner,4-2-3-1,4-2-3-1,Benjamin Brand,Match Report,,20.0,5.0,18.3,1.0,0.0,0.0,2023,Schalke 04
2023-02-10,20:30,Bundesliga,Matchweek 20,Fri,Away,D,0,0,Schalke 04,1.3,1.3,47.0,60836.0,Maximilian Arnold,4-2-3-1,4-2-3-1,Benjamin Brand,Match Report,,7.0,2.0,15.5,0.0,0.0,1.0,2023,Wolfsburg
2023-02-11,15:30,Bundesliga,Matchweek 20,Sat,Home,L,0,2,Dortmund,0.6,2.5,44.0,42100.0,Miloš Veljković,3-5-2,4-1-4-1,Felix Brych,Match Report,,9.0,4.0,18.2,1.0,0.0,0.0,2023,Werder Bremen
2023-02-11,15:30,Bundesliga,Matchweek 20,Sat,Away,L,1,3,Mainz 05,1.5,2.4,50.0,22200.0,Jeffrey Gouweleeuw,4-3-3,3-4-3,Sven Jablonski,Match Report,,12.0,2.0,14.2,0.0,1.0,1.0,2023,Augsburg
2023-02-11,15:30,Bundesliga,Matchweek 20,Sat,Away,L,1,2,Freiburg,1.1,2.0,47.0,34700.0,Wataru Endo,4-3-3,4-2-3-1,Sascha Stegemann,Match Report,,15.0,3.0,18.0,1.0,0.0,0.0,2023,Stuttgart
2023-02-11,15:30,Bundesliga,Matchweek 20,Sat,Home,L,1,3,Leverkusen,0.7,1.4,50.0,20619.0,Oliver Baumann,3-4-3,3-4-3,Tobias Stieler,Match Report,,11.0,6.0,21.0,1.0,0.0,0.0,2023,Hoffenheim
2023-02-11,18:30,Bundesliga,Matchweek 20,Sat,Home,L,1,2,Union Berlin,0.6,1.7,63.0,47069.0,Marcel Halstenberg,3-4-3,3-5-2,Daniel Schlager,Match Report,,10.0,2.0,21.8,0.0,0.0,0.0,2023,RB Leipzig
2023-02-11,15:30,Bundesliga,Matchweek 20,Sat,Home,W,3,1,Augsburg,2.4,1.5,50.0,22200.0,Karim Onisiwo,3-4-3,4-3-3,Sven Jablonski,Match Report,,15.0,6.0,14.6,0.0,0.0,0.0,2023,Mainz 05
2023-02-11,15:30,Bundesliga,Matchweek 20,Sat,Away,L,0,3,Bayern Munich,0.3,3.7,36.0,75000.0,Anthony Losilla,4-2-3-1,3-1-4-2,Matthias Jöllenbeck,Match Report,,7.0,1.0,23.6,0.0,0.0,0.0,2023,Bochum
2023-02-11,15:30,Bundesliga,Matchweek 20,Sat,Away,W,2,0,Werder Bremen,2.5,0.6,56.0,42100.0,Marco Reus,4-1-4-1,3-5-2,Felix Brych,Match Report,,18.0,9.0,15.9,0.0,0.0,0.0,2023,Dortmund
2023-02-11,18:30,Bundesliga,Matchweek 20,Sat,Away,W,2,1,RB Leipzig,1.7,0.6,37.0,47069.0,Rani Khedira,3-5-2,3-4-3,Daniel Schlager,Match Report,,5.0,2.0,30.9,0.0,1.0,1.0,2023,Union Berlin
2023-02-11,15:30,Bundesliga,Matchweek 20,Sat,Home,W,2,1,Stuttgart,2.0,1.1,53.0,34700.0,Christian Günter,4-2-3-1,4-3-3,Sascha Stegemann,Match Report,,7.0,3.0,20.1,0.0,2.0,2.0,2023,Freiburg
2023-02-11,15:30,Bundesliga,Matchweek 20,Sat,Away,W,3,1,Hoffenheim,1.4,0.7,50.0,20619.0,Lukáš Hrádecký,3-4-3,3-4-3,Tobias Stieler,Match Report,,12.0,4.0,16.4,0.0,0.0,0.0,2023,Leverkusen
2023-02-11,15:30,Bundesliga,Matchweek 20,Sat,Home,W,3,0,Bochum,3.7,0.3,64.0,75000.0,Thomas Müller,3-1-4-2,4-2-3-1,Matthias Jöllenbeck,Match Report,,22.0,11.0,16.7,0.0,1.0,1.0,2023,Bayern Munich
2023-02-12,15:30,Bundesliga,Matchweek 20,Sun,Home,W,4,1,Gladbach,3.0,0.5,31.0,40973.0,Marvin Plattenhardt,3-5-2,4-2-3-1,Christian Dingert,Match Report,,17.0,4.0,15.3,0.0,1.0,1.0,2023,Hertha BSC
2023-02-12,17:30,Bundesliga,Matchweek 20,Sun,Away,L,0,3,Köln,0.3,1.2,57.0,50000.0,Makoto Hasebe,3-4-3,4-2-3-1,Daniel Siebert,Match Report,,6.0,1.0,14.8,0.0,0.0,0.0,2023,Eint Frankfurt
2023-02-12,15:30,Bundesliga,Matchweek 20,Sun,Away,L,1,4,Hertha BSC,0.5,3.0,69.0,40973.0,Lars Stindl,4-2-3-1,3-5-2,Christian Dingert,Match Report,,8.0,3.0,14.9,0.0,0.0,0.0,2023,Gladbach
2023-02-12,17:30,Bundesliga,Matchweek 20,Sun,Home,W,3,0,Eint Frankfurt,1.2,0.3,43.0,50000.0,Jonas Hector,4-2-3-1,3-4-3,Daniel Siebert,Match Report,,8.0,4.0,13.0,0.0,0.0,0.0,2023,Köln
2023-02-14,21:00,Champions Lg,Round of 16,Tue,Away,W,1,0,fr Paris S-G,1.4,0.8,54.0,46435.0,Joshua Kimmich,3-4-3,4-4-2,Michael Oliver,Match Report,Leg 1 of 2,18.0,7.0,17.5,2.0,0.0,0.0,2023,Bayern Munich
2023-02-15,21:00,Champions Lg,Round of 16,Wed,Home,W,1,0,eng Chelsea,1.5,2.1,48.0,81365.0,Jude Bellingham,4-1-4-1,4-2-3-1,Jesús Gil,Match Report,Leg 1 of 2,14.0,2.0,20.0,0.0,0.0,0.0,2023,Dortmund
2023-02-16,18:45,Europa Lg,Knockout round play-offs,Thu,Away,D,0,0,nl Ajax,0.8,0.4,34.0,54322.0,Rani Khedira,3-5-2,4-2-3-1,Halil Umut Meler,Match Report,Leg 1 of 2,13.0,3.0,19.9,1.0,0.0,0.0,2023,Union Berlin
2023-02-16,21:00,Europa Lg,Knockout round play-offs,Thu,Home,L,2,3,fr Monaco,1.8,0.7,53.0,27864.0,Lukáš Hrádecký,4-2-3-1,4-4-2,Orel Grinfeeld,Match Report,Leg 1 of 2,17.0,8.0,20.4,0.0,0.0,0.0,2023,Leverkusen
2023-02-17,20:30,Bundesliga,Matchweek 21,Fri,Away,L,0,1,Augsburg,0.6,1.6,54.0,25872.0,Oliver Baumann,3-4-1-2,4-4-2,Patrick Ittrich,Match Report,,8.0,2.0,20.1,1.0,0.0,0.0,2023,Hoffenheim
2023-02-17,20:30,Bundesliga,Matchweek 21,Fri,Home,W,1,0,Hoffenheim,1.6,0.6,46.0,25872.0,Jeffrey Gouweleeuw,4-4-2,3-4-1-2,Patrick Ittrich,Match Report,,13.0,2.0,17.7,0.0,0.0,0.0,2023,Augsburg
2023-02-18,18:30,Bundesliga,Matchweek 21,Sat,Away,L,0,2,Eint Frankfurt,0.3,2.1,55.0,50000.0,Marco Friedl,3-1-4-2,3-4-3,Bastian Dankert,Match Report,,3.0,0.0,15.7,0.0,0.0,0.0,2023,Werder Bremen
2023-02-18,15:30,Bundesliga,Matchweek 21,Sat,Home,L,0,2,Freiburg,1.4,2.6,48.0,25100.0,Anthony Losilla,4-2-3-1,4-2-3-1,Felix Zwayer,Match Report,,16.0,5.0,15.9,1.0,0.0,0.0,2023,Bochum
2023-02-18,15:30,Bundesliga,Matchweek 21,Sat,Away,W,2,0,Bochum,2.6,1.4,52.0,25100.0,Christian Günter,4-2-3-1,4-2-3-1,Felix Zwayer,Match Report,,19.0,5.0,15.2,0.0,0.0,0.0,2023,Freiburg
2023-02-18,15:30,Bundesliga,Matchweek 21,Sat,Home,W,3,2,Bayern Munich,2.4,1.1,53.0,54042.0,Lars Stindl,4-2-3-1,3-1-4-2,Tobias Welz,Match Report,,17.0,7.0,16.8,1.0,0.0,0.0,2023,Gladbach
2023-02-18,15:30,Bundesliga,Matchweek 21,Sat,Away,W,3,0,Wolfsburg,3.0,0.2,57.0,24831.0,Willi Orban,4-2-3-1,4-2-3-1,Deniz Aytekin,Match Report,,16.0,4.0,15.6,1.0,0.0,0.0,2023,RB Leipzig
2023-02-18,18:30,Bundesliga,Matchweek 21,Sat,Home,W,2,0,Werder Bremen,2.1,0.3,45.0,50000.0,Kevin Trapp,3-4-3,3-1-4-2,Bastian Dankert,Match Report,,11.0,6.0,16.8,0.0,0.0,0.0,2023,Eint Frankfurt
2023-02-18,15:30,Bundesliga,Matchweek 21,Sat,Home,L,0,3,RB Leipzig,0.2,3.0,43.0,24831.0,Maximilian Arnold,4-2-3-1,4-2-3-1,Deniz Aytekin,Match Report,,7.0,2.0,21.9,1.0,0.0,0.0,2023,Wolfsburg
2023-02-18,15:30,Bundesliga,Matchweek 21,Sat,Away,L,0,3,Stuttgart,0.5,1.5,55.0,46850.0,Jonas Hector,4-2-3-1,4-3-3,Benjamin Cortus,Match Report,,12.0,4.0,19.3,1.0,0.0,0.0,2023,Köln
2023-02-18,15:30,Bundesliga,Matchweek 21,Sat,Away,L,2,3,Gladbach,1.1,2.4,47.0,54042.0,Thomas Müller,3-1-4-2,4-2-3-1,Tobias Welz,Match Report,,13.0,5.0,18.4,0.0,0.0,0.0,2023,Bayern Munich
2023-02-18,15:30,Bundesliga,Matchweek 21,Sat,Home,W,3,0,Köln,1.5,0.5,45.0,46850.0,Wataru Endo,4-3-3,4-2-3-1,Benjamin Cortus,Match Report,,17.0,7.0,13.9,1.0,0.0,0.0,2023,Stuttgart
2023-02-19,19:30,Bundesliga,Matchweek 21,Sun,Away,W,3,2,Leverkusen,1.6,2.2,34.0,27002.0,Karim Onisiwo,3-4-1-2,4-3-3,Robert Schröder,Match Report,,11.0,6.0,14.4,0.0,1.0,1.0,2023,Mainz 05
2023-02-19,15:30,Bundesliga,Matchweek 21,Sun,Home,D,0,0,Schalke 04,0.9,0.4,54.0,22012.0,Christopher Trimmel,3-5-2,4-2-3-1,Tobias Reichel,Match Report,,9.0,4.0,18.3,0.0,0.0,0.0,2023,Union Berlin
2023-02-19,15:30,Bundesliga,Matchweek 21,Sun,Away,D,0,0,Union Berlin,0.4,0.9,46.0,22012.0,Maya Yoshida,4-2-3-1,3-5-2,Tobias Reichel,Match Report,,8.0,1.0,16.4,0.0,0.0,0.0,2023,Schalke 04
2023-02-19,19:30,Bundesliga,Matchweek 21,Sun,Home,L,2,3,Mainz 05,2.2,1.6,66.0,27002.0,Lukáš Hrádecký,4-3-3,3-4-1-2,Robert Schröder,Match Report,,20.0,6.0,16.6,1.0,0.0,1.0,2023,Leverkusen
2023-02-19,17:30,Bundesliga,Matchweek 21,Sun,Home,W,4,1,Hertha BSC,2.5,1.1,58.0,81365.0,Marco Reus,4-5-1,3-1-4-2,Harm Osmers,Match Report,,12.0,5.0,16.0,1.0,0.0,0.0,2023,Dortmund
2023-02-19,17:30,Bundesliga,Matchweek 21,Sun,Away,L,1,4,Dortmund,1.1,2.5,42.0,81365.0,Marvin Plattenhardt,3-1-4-2,4-5-1,Harm Osmers,Match Report,,16.0,9.0,20.1,0.0,0.0,0.0,2023,Hertha BSC
2023-02-21,21:00,Champions Lg,Round of 16,Tue,Home,L,0,2,it Napoli,0.4,2.8,31.0,47500.0,Kevin Trapp,3-4-3,4-3-3,Artur Dias,Match Report,Leg 1 of 2,5.0,1.0,19.3,0.0,0.0,0.0,2023,Eint Frankfurt
2023-02-22,21:00,Champions Lg,Round of 16,Wed,Home,D,1,1,eng Manchester City,0.8,1.2,38.0,45228.0,Willi Orban,4-2-3-1,3-2-4-1,Serdar Gözübüyük,Match Report,Leg 1 of 2,7.0,4.0,14.9,0.0,0.0,0.0,2023,RB Leipzig
2023-02-23,18:45,Europa Lg,Knockout round play-offs,Thu,Away,W,3 (5),2 (3),fr Monaco,2.3,1.9,51.0,8504.0,Lukáš Hrádecký,3-4-3,4-4-2,Alejandro Hernández,Match Report,Leg 2 of 2; Leverkusen won; Leverkusen won on penalty kicks following extra time,17.0,8.0,16.8,0.0,0.0,0.0,2023,Leverkusen
2023-02-23,21:00,Europa Lg,Knockout round play-offs,Thu,Home,W,3,1,nl Ajax,1.7,1.9,27.0,21800.0,Rani Khedira,3-5-2,3-4-3,Ricardo de Burgos,Match Report,Leg 2 of 2; Union Berlin won,9.0,5.0,17.5,0.0,1.0,1.0,2023,Union Berlin
2023-02-24,20:30,Bundesliga,Matchweek 22,Fri,Home,W,4,0,Gladbach,1.8,1.2,36.0,32500.0,Robin Zentner,3-4-3,4-2-3-1,Robert Hartmann,Match Report,,14.0,8.0,16.1,0.0,0.0,0.0,2023,Mainz 05
2023-02-24,20:30,Bundesliga,Matchweek 22,Fri,Away,L,0,4,Mainz 05,1.2,1.8,64.0,32500.0,Lars Stindl,4-2-3-1,3-4-3,Robert Hartmann,Match Report,,9.0,2.0,21.1,1.0,0.0,0.0,2023,Gladbach
2023-02-25,15:30,Bundesliga,Matchweek 22,Sat,Home,W,2,1,Eint Frankfurt,1.7,0.8,53.0,47069.0,Willi Orban,4-2-2-2,3-4-3,Felix Brych,Match Report,,10.0,5.0,14.1,0.0,0.0,0.0,2023,RB Leipzig
2023-02-25,15:30,Bundesliga,Matchweek 22,Sat,Home,W,2,0,Augsburg,0.6,0.5,44.0,40522.0,Marvin Plattenhardt,3-5-2,4-4-2,Matthias Jöllenbeck,Match Report,,11.0,3.0,21.0,0.0,0.0,0.0,2023,Hertha BSC
2023-02-25,15:30,Bundesliga,Matchweek 22,Sat,Away,L,0,2,Hertha BSC,0.5,0.6,56.0,40522.0,Jeffrey Gouweleeuw,4-4-2,3-5-2,Matthias Jöllenbeck,Match Report,,8.0,1.0,17.2,1.0,0.0,0.0,2023,Augsburg
2023-02-25,15:30,Bundesliga,Matchweek 22,Sat,Away,L,0,3,Werder Bremen,0.5,1.2,41.0,42100.0,Manuel Riemann,3-4-3,3-5-2,Florian Badstübner,Match Report,,7.0,1.0,15.7,0.0,0.0,0.0,2023,Bochum
2023-02-25,15:30,Bundesliga,Matchweek 22,Sat,Home,L,0,2,Wolfsburg,1.2,1.0,57.0,49300.0,Jonas Hector,4-4-2,4-3-3,Frank Willenborg,Match Report,,13.0,5.0,14.9,0.0,0.0,0.0,2023,Köln
2023-02-25,18:30,Bundesliga,Matchweek 22,Sat,Home,W,2,1,Stuttgart,1.5,1.2,35.0,62271.0,Maya Yoshida,4-2-3-1,4-3-3,Deniz Aytekin,Match Report,,12.0,6.0,13.9,2.0,0.0,0.0,2023,Schalke 04
2023-02-25,15:30,Bundesliga,Matchweek 22,Sat,Away,W,1,0,Hoffenheim,2.3,1.3,56.0,30150.0,Marco Reus,4-3-3,3-4-1-2,Martin Petersen,Match Report,,25.0,11.0,15.0,0.0,0.0,0.0,2023,Dortmund
2023-02-25,15:30,Bundesliga,Matchweek 22,Sat,Away,W,2,0,Köln,1.0,1.2,43.0,49300.0,Maximilian Arnold,4-3-3,4-4-2,Frank Willenborg,Match Report,,5.0,3.0,25.0,0.0,1.0,1.0,2023,Wolfsburg
2023-02-25,15:30,Bundesliga,Matchweek 22,Sat,Away,L,1,2,RB Leipzig,0.8,1.7,47.0,47069.0,Sebastian Rode,3-4-3,4-2-2-2,Felix Brych,Match Report,,7.0,4.0,14.3,1.0,0.0,0.0,2023,Eint Frankfurt
2023-02-25,18:30,Bundesliga,Matchweek 22,Sat,Away,L,1,2,Schalke 04,1.2,1.5,65.0,62271.0,Wataru Endo,4-3-3,4-2-3-1,Deniz Aytekin,Match Report,,17.0,5.0,18.5,0.0,0.0,0.0,2023,Stuttgart
2023-02-25,15:30,Bundesliga,Matchweek 22,Sat,Home,L,0,1,Dortmund,1.3,2.3,44.0,30150.0,Oliver Baumann,3-4-1-2,4-3-3,Martin Petersen,Match Report,,13.0,4.0,18.1,0.0,0.0,0.0,2023,Hoffenheim
2023-02-25,15:30,Bundesliga,Matchweek 22,Sat,Home,W,3,0,Bochum,1.2,0.5,59.0,42100.0,Marco Friedl,3-5-2,3-4-3,Florian Badstübner,Match Report,,11.0,6.0,18.2,1.0,0.0,0.0,2023,Werder Bremen
2023-02-26,15:30,Bundesliga,Matchweek 22,Sun,Home,D,1,1,Leverkusen,0.8,2.2,45.0,34000.0,Mark Flekken,4-4-2,3-4-3,Daniel Siebert,Match Report,,9.0,4.0,18.5,1.0,0.0,0.0,2023,Freiburg
2023-02-26,17:30,Bundesliga,Matchweek 22,Sun,Home,W,3,0,Union Berlin,3.6,0.4,69.0,75000.0,Thomas Müller,4-2-3-1,3-5-2,Marco Fritz,Match Report,,20.0,9.0,13.8,0.0,0.0,0.0,2023,Bayern Munich
2023-02-26,17:30,Bundesliga,Matchweek 22,Sun,Away,L,0,3,Bayern Munich,0.4,3.6,31.0,75000.0,Christopher Trimmel,3-5-2,4-2-3-1,Marco Fritz,Match Report,,3.0,0.0,14.1,0.0,0.0,0.0,2023,Union Berlin
2023-02-26,15:30,Bundesliga,Matchweek 22,Sun,Away,D,1,1,Freiburg,2.2,0.8,55.0,34000.0,Lukáš Hrádecký,3-4-3,4-4-2,Daniel Siebert,Match Report,,18.0,4.0,16.1,1.0,0.0,0.0,2023,Leverkusen
2023-03-03,20:30,Bundesliga,Matchweek 23,Fri,Home,W,2,1,RB Leipzig,1.2,2.2,38.0,81365.0,Marco Reus,4-1-4-1,4-2-2-2,Sven Jablonski,Match Report,,7.0,2.0,21.5,1.0,1.0,1.0,2023,Dortmund
2023-03-03,20:30,Bundesliga,Matchweek 23,Fri,Away,L,1,2,Dortmund,2.2,1.2,62.0,81365.0,Willi Orban,4-2-2-2,4-1-4-1,Sven Jablonski,Match Report,,17.0,5.0,15.6,0.0,0.0,0.0,2023,RB Leipzig
2023-03-04,15:30,Bundesliga,Matchweek 23,Sat,Away,L,0,1,Mainz 05,0.8,1.1,53.0,28100.0,Oliver Baumann,3-4-3,3-4-3,Sascha Stegemann,Match Report,,15.0,3.0,18.6,1.0,0.0,0.0,2023,Hoffenheim
2023-03-04,15:30,Bundesliga,Matchweek 23,Sat,Home,D,0,0,Freiburg,1.5,0.3,52.0,52000.0,Lars Stindl,4-2-3-1,3-5-2,Benjamin Brand,Match Report,,9.0,3.0,14.5,0.0,0.0,0.0,2023,Gladbach
2023-03-04,15:30,Bundesliga,Matchweek 23,Sat,Home,W,1,0,Hoffenheim,1.1,0.8,47.0,28100.0,Robin Zentner,3-4-3,3-4-3,Sascha Stegemann,Match Report,,16.0,6.0,16.6,0.0,0.0,0.0,2023,Mainz 05
2023-03-04,15:30,Bundesliga,Matchweek 23,Sat,Away,D,0,0,Gladbach,0.3,1.5,48.0,52000.0,Christian Günter,3-5-2,4-2-3-1,Benjamin Brand,Match Report,,8.0,3.0,22.1,1.0,0.0,0.0,2023,Freiburg
2023-03-04,15:30,Bundesliga,Matchweek 23,Sat,Away,W,2,0,Bochum,0.6,1.3,39.0,26000.0,Maya Yoshida,4-3-3,4-3-3,Felix Brych,Match Report,,10.0,4.0,19.9,0.0,0.0,0.0,2023,Schalke 04
2023-03-04,15:30,Bundesliga,Matchweek 23,Sat,Home,W,2,1,Werder Bremen,0.6,2.3,38.0,30660.0,Jeffrey Gouweleeuw,4-4-2,3-5-2,Felix Zwayer,Match Report,,9.0,5.0,21.6,0.0,0.0,0.0,2023,Augsburg
2023-03-04,15:30,Bundesliga,Matchweek 23,Sat,Away,L,1,2,Augsburg,2.3,0.6,62.0,30660.0,Marco Friedl,3-5-2,4-4-2,Felix Zwayer,Match Report,,20.0,7.0,17.5,0.0,0.0,0.0,2023,Werder Bremen
2023-03-04,18:30,Bundesliga,Matchweek 23,Sat,Home,L,1,2,Bayern Munich,0.8,2.1,40.0,47800.0,Wataru Endo,4-3-3,4-2-3-1,Christian Dingert,Match Report,,10.0,3.0,15.9,0.0,0.0,0.0,2023,Stuttgart
2023-03-04,18:30,Bundesliga,Matchweek 23,Sat,Away,W,2,1,Stuttgart,2.1,0.8,60.0,47800.0,Thomas Müller,4-2-3-1,4-3-3,Christian Dingert,Match Report,,14.0,6.0,14.9,0.0,0.0,0.0,2023,Bayern Munich
2023-03-04,15:30,Bundesliga,Matchweek 23,Sat,Away,D,0,0,Union Berlin,0.9,0.5,48.0,22012.0,Jonas Hector,4-2-3-1,3-5-2,Tobias Stieler,Match Report,,10.0,4.0,15.3,0.0,0.0,0.0,2023,Köln
2023-03-04,15:30,Bundesliga,Matchweek 23,Sat,Home,L,0,2,Schalke 04,1.3,0.6,61.0,26000.0,Manuel Riemann,4-3-3,4-3-3,Felix Brych,Match Report,,7.0,4.0,13.8,0.0,0.0,0.0,2023,Bochum
2023-03-04,15:30,Bundesliga,Matchweek 23,Sat,Home,D,0,0,Köln,0.5,0.9,52.0,22012.0,Christopher Trimmel,3-5-2,4-2-3-1,Tobias Stieler,Match Report,,8.0,2.0,16.0,0.0,0.0,0.0,2023,Union Berlin
2023-03-05,15:30,Bundesliga,Matchweek 23,Sun,Home,W,4,1,Hertha BSC,1.6,1.1,61.0,30210.0,Lukáš Hrádecký,3-4-3,3-5-2,Patrick Ittrich,Match Report,,16.0,9.0,16.8,0.0,0.0,0.0,2023,Leverkusen
2023-03-05,17:30,Bundesliga,Matchweek 23,Sun,Home,D,2,2,Eint Frankfurt,1.9,0.6,52.0,27853.0,Maximilian Arnold,4-3-3,3-4-3,Daniel Schlager,Match Report,,12.0,6.0,15.8,0.0,0.0,0.0,2023,Wolfsburg
2023-03-05,17:30,Bundesliga,Matchweek 23,Sun,Away,D,2,2,Wolfsburg,0.6,1.9,48.0,27853.0,Sebastian Rode,3-4-3,4-3-3,Daniel Schlager,Match Report,,10.0,2.0,16.8,0.0,0.0,0.0,2023,Eint Frankfurt
2023-03-05,15:30,Bundesliga,Matchweek 23,Sun,Away,L,1,4,Leverkusen,1.1,1.6,39.0,30210.0,Marvin Plattenhardt,3-5-2,3-4-3,Patrick Ittrich,Match Report,,6.0,1.0,26.7,1.0,1.0,1.0,2023,Hertha BSC
2023-03-07,20:00 (21:00),Champions Lg,Round of 16,Tue,Away,L,0,2,eng Chelsea,0.8,2.0,60.0,38882.0,Marco Reus,4-1-4-1,3-4-3,Danny Makkelie,Match Report,Leg 2 of 2; Chelsea won,13.0,4.0,19.2,1.0,0.0,0.0,2023,Dortmund
2023-03-08,21:00,Champions Lg,Round of 16,Wed,Home,W,2,0,fr Paris S-G,1.7,1.1,45.0,75000.0,Thomas Müller,4-2-3-1,3-5-2,Daniele Orsato,Match Report,Leg 2 of 2; Bayern Munich won,12.0,5.0,14.6,0.0,0.0,0.0,2023,Bayern Munich
2023-03-09,18:45,Europa Lg,Round of 16,Thu,Home,W,2,0,hu Ferencváros,0.7,0.6,65.0,25001.0,Lukáš Hrádecký,3-4-3,4-3-3,Davide Massa,Match Report,Leg 1 of 2,9.0,2.0,22.4,1.0,0.0,0.0,2023,Leverkusen
2023-03-09,18:45,Europa Lg,Round of 16,Thu,Home,D,3,3,be Union SG,2.6,1.3,65.0,21605.0,Christopher Trimmel,3-5-2,5-3-2,Orel Grinfeeld,Match Report,Leg 1 of 2,19.0,7.0,13.9,1.0,0.0,1.0,2023,Union Berlin
2023-03-09,21:00,Europa Lg,Round of 16,Thu,Away,L,0,1,it Juventus,0.0,2.0,53.0,37474.0,Christian Günter,3-4-3,3-5-1-1,Anastasios Sidiropoulos,Match Report,Leg 1 of 2,1.0,0.0,25.9,1.0,0.0,0.0,2023,Freiburg
2023-03-10,20:30,Bundesliga,Matchweek 24,Fri,Home,L,0,2,Bochum,0.7,1.4,63.0,50000.0,Jonas Hector,4-2-3-1,4-3-3,Tobias Welz,Match Report,,11.0,5.0,15.1,1.0,0.0,0.0,2023,Köln
2023-03-10,20:30,Bundesliga,Matchweek 24,Fri,Away,W,2,0,Köln,1.4,0.7,37.0,50000.0,Anthony Losilla,4-3-3,4-2-3-1,Tobias Welz,Match Report,,8.0,2.0,23.4,0.0,1.0,1.0,2023,Bochum
2023-03-11,15:30,Bundesliga,Matchweek 24,Sat,Home,D,1,1,Stuttgart,0.7,0.8,52.0,50000.0,Sebastian Rode,3-4-3,4-3-3,Robert Hartmann,Match Report,,10.0,1.0,18.9,0.0,0.0,0.0,2023,Eint Frankfurt
2023-03-11,15:30,Bundesliga,Matchweek 24,Sat,Home,W,3,0,Gladbach,2.5,1.6,66.0,46687.0,Willi Orban,4-2-2-2,4-2-3-1,Matthias Jöllenbeck,Match Report,,13.0,8.0,16.7,1.0,1.0,1.0,2023,RB Leipzig
2023-03-11,18:30,Bundesliga,Matchweek 24,Sat,Away,D,2,2,Schalke 04,2.0,1.5,65.0,61571.0,Mats Hummels,4-3-3,4-2-3-1,Marco Fritz,Match Report,,20.0,8.0,18.0,1.0,0.0,0.0,2023,Dortmund
2023-03-11,15:30,Bundesliga,Matchweek 24,Sat,Away,L,3,5,Bayern Munich,2.5,2.4,35.0,75000.0,Jeffrey Gouweleeuw,4-2-3-1,3-4-3,Florian Badstübner,Match Report,,12.0,5.0,17.8,0.0,1.0,1.0,2023,Augsburg
2023-03-11,18:30,Bundesliga,Matchweek 24,Sat,Home,D,2,2,Dortmund,1.5,2.0,35.0,61571.0,Maya Yoshida,4-2-3-1,4-3-3,Marco Fritz,Match Report,,10.0,4.0,23.1,0.0,0.0,0.0,2023,Schalke 04
2023-03-11,15:30,Bundesliga,Matchweek 24,Sat,Away,L,0,3,RB Leipzig,1.6,2.5,34.0,46687.0,Christoph Kramer,4-2-3-1,4-2-2-2,Matthias Jöllenbeck,Match Report,,6.0,2.0,16.3,0.0,0.0,1.0,2023,Gladbach
2023-03-11,15:30,Bundesliga,Matchweek 24,Sat,Home,W,5,3,Augsburg,2.4,2.5,65.0,75000.0,Joshua Kimmich,3-4-3,4-2-3-1,Florian Badstübner,Match Report,,23.0,8.0,16.1,1.0,0.0,0.0,2023,Bayern Munich
2023-03-11,15:30,Bundesliga,Matchweek 24,Sat,Away,D,1,1,Hertha BSC,0.5,1.5,59.0,41689.0,Robin Zentner,3-4-3,3-1-4-2,Benjamin Cortus,Match Report,,6.0,3.0,16.3,0.0,0.0,0.0,2023,Mainz 05
2023-03-11,15:30,Bundesliga,Matchweek 24,Sat,Home,D,1,1,Mainz 05,1.5,0.5,41.0,41689.0,Marvin Plattenhardt,3-1-4-2,3-4-3,Benjamin Cortus,Match Report,,10.0,3.0,19.6,1.0,1.0,1.0,2023,Hertha BSC
2023-03-11,15:30,Bundesliga,Matchweek 24,Sat,Away,D,1,1,Eint Frankfurt,0.8,0.7,48.0,50000.0,Wataru Endo,4-3-3,3-4-3,Robert Hartmann,Match Report,,10.0,4.0,17.8,0.0,0.0,0.0,2023,Stuttgart
2023-03-12,15:30,Bundesliga,Matchweek 24,Sun,Home,W,2,1,Hoffenheim,0.6,1.0,59.0,33500.0,Christian Günter,4-4-2,3-5-2,Harm Osmers,Match Report,,9.0,3.0,15.4,0.0,0.0,0.0,2023,Freiburg
2023-03-12,17:30,Bundesliga,Matchweek 24,Sun,Away,W,3,2,Werder Bremen,1.0,1.8,47.0,41000.0,Lukáš Hrádecký,3-4-3,3-1-4-2,Deniz Aytekin,Match Report,,13.0,5.0,16.8,0.0,0.0,0.0,2023,Leverkusen
2023-03-12,19:30,Bundesliga,Matchweek 24,Sun,Home,D,1,1,Union Berlin,1.7,1.3,58.0,23554.0,Koen Casteels,4-3-3,3-4-3,Robert Schröder,Match Report,,15.0,6.0,17.5,2.0,0.0,0.0,2023,Wolfsburg
2023-03-12,19:30,Bundesliga,Matchweek 24,Sun,Away,D,1,1,Wolfsburg,1.3,1.7,42.0,23554.0,Rani Khedira,3-4-3,4-3-3,Robert Schröder,Match Report,,11.0,1.0,19.2,0.0,1.0,1.0,2023,Union Berlin
2023-03-12,17:30,Bundesliga,Matchweek 24,Sun,Home,L,2,3,Leverkusen,1.8,1.0,53.0,41000.0,Miloš Veljković,3-1-4-2,3-4-3,Deniz Aytekin,Match Report,,11.0,5.0,21.2,1.0,1.0,1.0,2023,Werder Bremen
2023-03-12,15:30,Bundesliga,Matchweek 24,Sun,Away,L,1,2,Freiburg,1.0,0.6,41.0,33500.0,Oliver Baumann,3-5-2,4-4-2,Harm Osmers,Match Report,,12.0,1.0,17.0,0.0,0.0,0.0,2023,Hoffenheim
2023-03-14,20:00 (21:00),Champions Lg,Round of 16,Tue,Away,L,0,7,eng Manchester City,0.6,4.2,34.0,52038.0,Willi Orban,4-2-3-1,3-2-4-1,Slavko Vinčič,Match Report,Leg 2 of 2; Manchester City won,4.0,1.0,19.3,0.0,0.0,0.0,2023,RB Leipzig
2023-03-15,21:00,Champions Lg,Round of 16,Wed,Away,L,0,3,it Napoli,1.1,2.7,40.0,49082.0,Sebastian Rode,4-2-3-1,4-3-3,Anthony Taylor,Match Report,Leg 2 of 2; Napoli won,8.0,1.0,15.9,0.0,0.0,0.0,2023,Eint Frankfurt
2023-03-16,21:00,Europa Lg,Round of 16,Thu,Away,W,2,0,hu Ferencváros,2.7,1.0,55.0,50675.0,Lukáš Hrádecký,3-4-3,4-2-3-1,Artur Dias,Match Report,Leg 2 of 2; Leverkusen won,17.0,9.0,14.9,0.0,0.0,0.0,2023,Leverkusen
2023-03-16,21:00,Europa Lg,Round of 16,Thu,Away,L,0,3,be Union SG,0.4,1.7,45.0,15681.0,Rani Khedira,3-5-2,3-5-2,José Sánchez,Match Report,Leg 2 of 2; Union SG won,6.0,1.0,21.1,3.0,0.0,0.0,2023,Union Berlin
2023-03-16,18:45,Europa Lg,Round of 16,Thu,Home,L,0,2,it Juventus,0.8,1.8,52.0,33420.0,Christian Günter,3-4-3,3-5-2,Serdar Gözübüyük,Match Report,Leg 2 of 2; Juventus won,12.0,4.0,17.9,1.0,0.0,0.0,2023,Freiburg
2023-03-17,20:30,Bundesliga,Matchweek 25,Fri,Home,D,2,2,Werder Bremen,3.4,1.3,58.0,54042.0,Lars Stindl,4-2-3-1,3-5-2,Tobias Reichel,Match Report,,21.0,8.0,18.2,1.0,0.0,0.0,2023,Gladbach
2023-03-17,20:30,Bundesliga,Matchweek 25,Fri,Away,D,2,2,Gladbach,1.3,3.4,42.0,54042.0,Niclas Füllkrug,3-5-2,4-2-3-1,Tobias Reichel,Match Report,,8.0,3.0,16.0,0.0,0.0,0.0,2023,Werder Bremen
2023-03-18,15:30,Bundesliga,Matchweek 25,Sat,Away,W,1,0,Stuttgart,0.6,0.5,43.0,44900.0,Maximilian Arnold,4-2-3-1,4-3-3,Felix Brych,Match Report,,9.0,3.0,20.4,0.0,0.0,0.0,2023,Wolfsburg
2023-03-18,15:30,Bundesliga,Matchweek 25,Sat,Home,D,1,1,Schalke 04,0.3,1.8,43.0,30660.0,Jeffrey Gouweleeuw,4-4-2,4-3-3,Daniel Schlager,Match Report,,9.0,3.0,24.1,1.0,0.0,0.0,2023,Augsburg
2023-03-18,15:30,Bundesliga,Matchweek 25,Sat,Away,L,1,3,Hoffenheim,1.0,2.6,52.0,25027.0,Marvin Plattenhardt,3-5-2,3-4-3,Frank Willenborg,Match Report,,11.0,5.0,15.2,0.0,0.0,0.0,2023,Hertha BSC
2023-03-18,15:30,Bundesliga,Matchweek 25,Sat,Home,L,0,1,Wolfsburg,0.5,0.6,57.0,44900.0,Wataru Endo,4-3-3,4-2-3-1,Felix Brych,Match Report,,12.0,2.0,21.7,0.0,0.0,0.0,2023,Stuttgart
2023-03-18,15:30,Bundesliga,Matchweek 25,Sat,Away,L,0,1,Bochum,1.8,1.1,65.0,24400.0,Willi Orban,4-2-2-2,4-3-1-2,Sascha Stegemann,Match Report,,22.0,8.0,17.9,2.0,0.0,0.0,2023,RB Leipzig
2023-03-18,15:30,Bundesliga,Matchweek 25,Sat,Home,W,3,1,Hertha BSC,2.6,1.0,48.0,25027.0,Oliver Baumann,3-4-3,3-5-2,Frank Willenborg,Match Report,,14.0,5.0,17.8,1.0,2.0,2.0,2023,Hoffenheim
2023-03-18,18:30,Bundesliga,Matchweek 25,Sat,Away,L,1,6,Dortmund,1.6,3.3,37.0,81365.0,Jonas Hector,4-2-2-2,4-3-3,Daniel Siebert,Match Report,,11.0,5.0,14.6,0.0,0.0,0.0,2023,Köln
2023-03-18,15:30,Bundesliga,Matchweek 25,Sat,Away,D,1,1,Augsburg,1.8,0.3,57.0,30660.0,Maya Yoshida,4-3-3,4-4-2,Daniel Schlager,Match Report,,13.0,4.0,14.8,0.0,1.0,1.0,2023,Schalke 04
2023-03-18,18:30,Bundesliga,Matchweek 25,Sat,Home,W,6,1,Köln,3.3,1.6,63.0,81365.0,Marco Reus,4-3-3,4-2-2-2,Daniel Siebert,Match Report,,12.0,8.0,12.4,1.0,0.0,0.0,2023,Dortmund
2023-03-18,15:30,Bundesliga,Matchweek 25,Sat,Home,W,1,0,RB Leipzig,1.1,1.8,35.0,24400.0,Anthony Losilla,4-3-1-2,4-2-2-2,Sascha Stegemann,Match Report,,8.0,2.0,18.0,0.0,0.0,0.0,2023,Bochum
2023-03-19,17:30,Bundesliga,Matchweek 25,Sun,Home,W,2,1,Bayern Munich,2.0,1.0,40.0,30210.0,Lukáš Hrádecký,3-4-3,3-1-4-2,Tobias Stieler,Match Report,,9.0,3.0,26.1,1.0,2.0,2.0,2023,Leverkusen
2023-03-19,17:30,Bundesliga,Matchweek 25,Sun,Away,L,1,2,Leverkusen,1.0,2.0,60.0,30210.0,Thomas Müller,3-1-4-2,3-4-3,Tobias Stieler,Match Report,,11.0,6.0,15.0,0.0,0.0,0.0,2023,Bayern Munich
2023-03-19,19:30,Bundesliga,Matchweek 25,Sun,Home,D,1,1,Freiburg,1.0,1.7,47.0,26800.0,Robin Zentner,3-4-3,3-4-3,Bastian Dankert,Match Report,,10.0,5.0,16.4,1.0,0.0,0.0,2023,Mainz 05
2023-03-19,15:30,Bundesliga,Matchweek 25,Sun,Home,W,2,0,Eint Frankfurt,1.3,2.7,37.0,22012.0,Rani Khedira,3-5-2,3-4-3,Christian Dingert,Match Report,,15.0,3.0,17.8,0.0,0.0,0.0,2023,Union Berlin
2023-03-19,19:30,Bundesliga,Matchweek 25,Sun,Away,D,1,1,Mainz 05,1.7,1.0,53.0,26800.0,Christian Günter,3-4-3,3-4-3,Bastian Dankert,Match Report,,11.0,5.0,19.2,0.0,0.0,0.0,2023,Freiburg
2023-03-19,15:30,Bundesliga,Matchweek 25,Sun,Away,L,0,2,Union Berlin,2.7,1.3,63.0,22012.0,Kevin Trapp,3-4-3,3-5-2,Christian Dingert,Match Report,,19.0,5.0,15.2,0.0,0.0,0.0,2023,Eint Frankfurt
2023-03-31,20:30,Bundesliga,Matchweek 26,Fri,Home,D,1,1,Bochum,3.1,1.1,73.0,51500.0,Sebastian Rode,3-4-3,4-1-2-1-2,Harm Osmers,Match Report,,18.0,5.0,13.9,1.0,1.0,1.0,2023,Eint Frankfurt
2023-03-31,20:30,Bundesliga,Matchweek 26,Fri,Away,D,1,1,Eint Frankfurt,1.1,3.1,27.0,51500.0,Anthony Losilla,4-1-2-1-2◆,3-4-3,Harm Osmers,Match Report,,7.0,2.0,17.4,1.0,0.0,0.0,2023,Bochum
2023-04-01,15:30,Bundesliga,Matchweek 26,Sat,Home,D,1,1,Hertha BSC,1.2,1.8,58.0,34700.0,Christian Günter,3-4-3,3-5-2,Sven Jablonski,Match Report,,16.0,8.0,19.9,2.0,0.0,0.0,2023,Freiburg
2023-04-01,15:30,Bundesliga,Matchweek 26,Sat,Home,W,3,0,Stuttgart,1.9,2.2,39.0,22012.0,Christopher Trimmel,3-5-2,4-3-3,Florian Badstübner,Match Report,,12.0,5.0,14.9,0.0,0.0,0.0,2023,Union Berlin
2023-04-01,15:30,Bundesliga,Matchweek 26,Sat,Away,W,3,0,Schalke 04,2.7,1.1,52.0,62271.0,Lukáš Hrádecký,3-4-3,4-2-3-1,Deniz Aytekin,Match Report,,18.0,9.0,17.5,1.0,0.0,0.0,2023,Leverkusen
2023-04-01,18:30,Bundesliga,Matchweek 26,Sat,Home,W,4,2,Dortmund,2.4,1.5,48.0,75000.0,Thomas Müller,4-2-3-1,4-5-1,Marco Fritz,Match Report,,16.0,9.0,16.5,0.0,0.0,0.0,2023,Bayern Munich
2023-04-01,15:30,Bundesliga,Matchweek 26,Sat,Away,D,2,2,Wolfsburg,0.6,3.5,32.0,22107.0,Jeffrey Gouweleeuw,4-4-2,4-3-3,Martin Petersen,Match Report,,5.0,2.0,19.2,0.0,0.0,0.0,2023,Augsburg
2023-04-01,15:30,Bundesliga,Matchweek 26,Sat,Home,L,0,3,Leverkusen,1.1,2.7,48.0,62271.0,Maya Yoshida,4-2-3-1,3-4-3,Deniz Aytekin,Match Report,,12.0,3.0,19.3,3.0,0.0,0.0,2023,Schalke 04
2023-04-01,15:30,Bundesliga,Matchweek 26,Sat,Away,W,3,0,RB Leipzig,2.9,0.8,31.0,45597.0,Silvan Widmer,3-4-3,4-2-2-2,Christian Dingert,Match Report,,19.0,7.0,16.2,2.0,0.0,0.0,2023,Mainz 05
2023-04-01,15:30,Bundesliga,Matchweek 26,Sat,Home,L,0,3,Mainz 05,0.8,2.9,69.0,45597.0,Willi Orban,4-2-2-2,3-4-3,Christian Dingert,Match Report,,12.0,3.0,25.5,2.0,0.0,0.0,2023,RB Leipzig
2023-04-01,15:30,Bundesliga,Matchweek 26,Sat,Away,D,1,1,Freiburg,1.8,1.2,42.0,34700.0,Marvin Plattenhardt,3-5-2,3-4-3,Sven Jablonski,Match Report,,10.0,2.0,13.8,0.0,0.0,0.0,2023,Hertha BSC
2023-04-01,15:30,Bundesliga,Matchweek 26,Sat,Home,D,2,2,Augsburg,3.5,0.6,68.0,22107.0,Maximilian Arnold,4-3-3,4-4-2,Martin Petersen,Match Report,,22.0,5.0,16.7,0.0,0.0,1.0,2023,Wolfsburg
2023-04-01,18:30,Bundesliga,Matchweek 26,Sat,Away,L,2,4,Bayern Munich,1.5,2.4,52.0,75000.0,Marco Reus,4-5-1,4-2-3-1,Marco Fritz,Match Report,,9.0,3.0,17.2,0.0,1.0,1.0,2023,Dortmund
2023-04-01,15:30,Bundesliga,Matchweek 26,Sat,Away,L,0,3,Union Berlin,2.2,1.9,61.0,22012.0,Wataru Endo,4-3-3,3-5-2,Florian Badstübner,Match Report,,17.0,7.0,19.9,1.0,0.0,0.0,2023,Stuttgart
2023-04-02,15:30,Bundesliga,Matchweek 26,Sun,Away,D,0,0,Köln,1.0,1.0,49.0,50000.0,Lars Stindl,4-2-3-1,4-1-4-1,Felix Zwayer,Match Report,,8.0,2.0,18.5,1.0,0.0,0.0,2023,Gladbach
2023-04-02,15:30,Bundesliga,Matchweek 26,Sun,Home,D,0,0,Gladbach,1.0,1.0,51.0,50000.0,Jonas Hector,4-1-4-1,4-2-3-1,Felix Zwayer,Match Report,,12.0,5.0,17.4,1.0,0.0,0.0,2023,Köln
2023-04-02,17:30,Bundesliga,Matchweek 26,Sun,Away,W,2,1,Werder Bremen,1.1,0.9,43.0,42000.0,Oliver Baumann,3-5-2,3-4-3,Sascha Stegemann,Match Report,,8.0,2.0,14.7,0.0,0.0,0.0,2023,Hoffenheim
2023-04-02,17:30,Bundesliga,Matchweek 26,Sun,Home,L,1,2,Hoffenheim,0.9,1.1,57.0,42000.0,Marco Friedl,3-4-3,3-5-2,Sascha Stegemann,Match Report,,12.0,4.0,18.0,0.0,0.0,0.0,2023,Werder Bremen
2023-04-04,20:45,DFB-Pokal,Quarter-finals,Tue,Away,W,2,1,Bayern Munich,,,33.0,75000.0,Christian Günter,4-4-2,4-2-3-1,Harm Osmers,Match Report,,10.0,4.0,,,1.0,1.0,2023,Freiburg
2023-04-04,18:00,DFB-Pokal,Quarter-finals,Tue,Home,W,2,0,Union Berlin,,,61.0,50000.0,Sebastian Rode,3-4-3,3-5-2,Bastian Dankert,Match Report,,9.0,3.0,,,0.0,0.0,2023,Eint Frankfurt
2023-04-04,18:00,DFB-Pokal,Quarter-finals,Tue,Away,L,0,2,Eint Frankfurt,,,39.0,50000.0,Christopher Trimmel,3-5-2,3-4-3,Bastian Dankert,Match Report,,12.0,2.0,,,0.0,0.0,2023,Union Berlin
2023-04-04,20:45,DFB-Pokal,Quarter-finals,Tue,Home,L,1,2,Freiburg,,,67.0,75000.0,Thomas Müller,4-2-3-1,4-4-2,Harm Osmers,Match Report,,16.0,4.0,,,0.0,0.0,2023,Bayern Munich
2023-04-05,18:30,DFB-Pokal,Quarter-finals,Wed,Away,W,1,0,Nürnberg,,,61.0,50000.0,Wataru Endo,5-3-2,3-5-2,Daniel Siebert,Match Report,,17.0,9.0,,,0.0,0.0,2023,Stuttgart
2023-04-05,20:45,DFB-Pokal,Quarter-finals,Wed,Home,W,2,0,Dortmund,,,45.0,47069.0,Willi Orban,3-4-3,4-3-3,Felix Brych,Match Report,,20.0,11.0,,,0.0,0.0,2023,RB Leipzig
2023-04-05,20:45,DFB-Pokal,Quarter-finals,Wed,Away,L,0,2,RB Leipzig,,,55.0,47069.0,Marco Reus,4-3-3,3-4-3,Felix Brych,Match Report,,2.0,1.0,,,0.0,0.0,2023,Dortmund
2023-04-08,15:30,Bundesliga,Matchweek 27,Sat,Home,W,3,1,Eint Frankfurt,2.1,0.9,43.0,30210.0,Lukáš Hrádecký,3-4-1-2,3-4-3,Robert Hartmann,Match Report,,14.0,9.0,14.9,0.0,0.0,0.0,2023,Leverkusen
2023-04-08,18:30,Bundesliga,Matchweek 27,Sat,Home,L,0,1,RB Leipzig,0.5,2.0,34.0,50679.0,Marvin Plattenhardt,3-5-2,3-4-3,Deniz Aytekin,Match Report,,11.0,1.0,21.5,2.0,0.0,0.0,2023,Hertha BSC
2023-04-08,15:30,Bundesliga,Matchweek 27,Sat,Away,L,1,2,Dortmund,0.5,2.6,37.0,81365.0,Rani Khedira,3-5-2,4-3-3,Daniel Schlager,Match Report,,7.0,2.0,25.9,0.0,0.0,0.0,2023,Union Berlin
2023-04-08,15:30,Bundesliga,Matchweek 27,Sat,Away,L,1,3,Leverkusen,0.9,2.1,57.0,30210.0,Sebastian Rode,3-4-3,3-4-1-2,Robert Hartmann,Match Report,,9.0,2.0,14.3,0.0,0.0,0.0,2023,Eint Frankfurt
2023-04-08,15:30,Bundesliga,Matchweek 27,Sat,Away,W,3,1,Augsburg,1.7,0.8,47.0,30660.0,Jonas Hector,4-1-4-1,4-4-2,Robert Schröder,Match Report,,11.0,6.0,15.5,0.0,0.0,0.0,2023,Köln
2023-04-08,15:30,Bundesliga,Matchweek 27,Sat,Away,D,2,2,Mainz 05,0.9,1.9,49.0,33305.0,Marco Friedl,3-5-2,3-4-3,Benjamin Brand,Match Report,,9.0,4.0,18.5,1.0,0.0,0.0,2023,Werder Bremen
2023-04-08,15:30,Bundesliga,Matchweek 27,Sat,Away,W,1,0,Freiburg,3.5,1.0,66.0,34700.0,Thomas Müller,4-1-4-1,4-2-2-2,Daniel Siebert,Match Report,,22.0,8.0,16.2,0.0,0.0,0.0,2023,Bayern Munich
2023-04-08,15:30,Bundesliga,Matchweek 27,Sat,Home,L,1,3,Köln,0.8,1.7,53.0,30660.0,Jeffrey Gouweleeuw,4-4-2,4-1-4-1,Robert Schröder,Match Report,,13.0,1.0,18.4,0.0,0.0,0.0,2023,Augsburg
2023-04-08,18:30,Bundesliga,Matchweek 27,Sat,Away,W,1,0,Hertha BSC,2.0,0.5,66.0,50679.0,Willi Orban,3-4-3,3-5-2,Deniz Aytekin,Match Report,,18.0,6.0,16.6,0.0,0.0,0.0,2023,RB Leipzig
2023-04-08,15:30,Bundesliga,Matchweek 27,Sat,Home,L,0,1,Bayern Munich,1.0,3.5,34.0,34700.0,Christian Günter,4-2-2-2,4-1-4-1,Daniel Siebert,Match Report,,10.0,2.0,16.3,1.0,0.0,0.0,2023,Freiburg
2023-04-08,15:30,Bundesliga,Matchweek 27,Sat,Home,D,2,2,Werder Bremen,1.9,0.9,51.0,33305.0,Silvan Widmer,3-4-3,3-5-2,Benjamin Brand,Match Report,,16.0,10.0,16.7,0.0,0.0,0.0,2023,Mainz 05
2023-04-08,15:30,Bundesliga,Matchweek 27,Sat,Home,W,2,1,Union Berlin,2.6,0.5,63.0,81365.0,Mats Hummels,4-3-3,3-5-2,Daniel Schlager,Match Report,,15.0,6.0,15.4,0.0,0.0,0.0,2023,Dortmund
2023-04-09,19:30,Bundesliga,Matchweek 27,Sun,Away,L,0,2,Hoffenheim,0.7,2.2,54.0,30150.0,Maya Yoshida,4-2-3-1,3-5-2,Matthias Jöllenbeck,Match Report,,11.0,3.0,15.7,0.0,0.0,0.0,2023,Schalke 04
2023-04-09,15:30,Bundesliga,Matchweek 27,Sun,Away,L,0,2,Gladbach,1.5,1.6,56.0,51127.0,Maximilian Arnold,4-3-3,4-2-3-1,Timo Gerach,Match Report,,10.0,2.0,16.0,0.0,0.0,0.0,2023,Wolfsburg
2023-04-09,17:30,Bundesliga,Matchweek 27,Sun,Home,L,2,3,Stuttgart,2.4,2.2,55.0,26000.0,Anthony Losilla,4-2-3-1,3-5-2,Frank Willenborg,Match Report,,11.0,4.0,16.4,0.0,1.0,1.0,2023,Bochum
2023-04-09,17:30,Bundesliga,Matchweek 27,Sun,Away,W,3,2,Bochum,2.2,2.4,45.0,26000.0,Wataru Endo,3-5-2,4-2-3-1,Frank Willenborg,Match Report,,15.0,7.0,17.3,1.0,0.0,0.0,2023,Stuttgart
2023-04-09,15:30,Bundesliga,Matchweek 27,Sun,Home,W,2,0,Wolfsburg,1.6,1.5,44.0,51127.0,Lars Stindl,4-2-3-1,4-3-3,Timo Gerach,Match Report,,13.0,6.0,18.5,1.0,0.0,0.0,2023,Gladbach
2023-04-09,19:30,Bundesliga,Matchweek 27,Sun,Home,W,2,0,Schalke 04,2.2,0.7,46.0,30150.0,Oliver Baumann,3-5-2,4-2-3-1,Matthias Jöllenbeck,Match Report,,14.0,3.0,18.9,0.0,1.0,1.0,2023,Hoffenheim
2023-04-11,20:00 (21:00),Champions Lg,Quarter-finals,Tue,Away,L,0,3,eng Manchester City,0.9,1.8,56.0,52257.0,Joshua Kimmich,4-2-3-1,3-2-4-1,Jesús Gil,Match Report,Leg 1 of 2,12.0,4.0,21.4,0.0,0.0,0.0,2023,Bayern Munich
2023-04-13,21:00,Europa Lg,Quarter-finals,Thu,Home,D,1,1,be Union SG,1.4,0.6,63.0,30210.0,Lukáš Hrádecký,3-4-3,3-5-2,Ivan Kružliak,Match Report,Leg 1 of 2,15.0,2.0,18.7,0.0,0.0,0.0,2023,Leverkusen
2023-04-14,20:30,Bundesliga,Matchweek 28,Fri,Away,L,2,5,Schalke 04,1.6,2.2,49.0,61981.0,Marvin Plattenhardt,3-5-2,4-2-3-1,Felix Brych,Match Report,,11.0,5.0,18.6,0.0,0.0,0.0,2023,Hertha BSC
2023-04-14,20:30,Bundesliga,Matchweek 28,Fri,Home,W,5,2,Hertha BSC,2.2,1.6,51.0,61981.0,Danny Latza,4-2-3-1,3-5-2,Felix Brych,Match Report,,14.0,6.0,19.0,2.0,0.0,0.0,2023,Schalke 04
2023-04-15,15:30,Bundesliga,Matchweek 28,Sat,Home,D,1,1,Mainz 05,1.0,0.8,53.0,50000.0,Jonas Hector,4-2-3-1,3-4-3,Benjamin Cortus,Match Report,,11.0,4.0,17.4,0.0,0.0,0.0,2023,Köln
2023-04-15,18:30,Bundesliga,Matchweek 28,Sat,Home,D,1,1,Gladbach,2.2,1.2,59.0,50000.0,Sebastian Rode,3-4-3,4-2-3-1,Sven Jablonski,Match Report,,16.0,5.0,16.6,1.0,0.0,0.0,2023,Eint Frankfurt
2023-04-15,15:30,Bundesliga,Matchweek 28,Sat,Home,W,3,2,Augsburg,1.8,0.7,58.0,46058.0,Willi Orban,3-4-3,3-4-3,Marco Fritz,Match Report,,12.0,6.0,16.8,0.0,0.0,0.0,2023,RB Leipzig
2023-04-15,15:30,Bundesliga,Matchweek 28,Sat,Home,D,1,1,Hoffenheim,1.6,0.4,66.0,75000.0,Thomas Müller,4-2-3-1,3-5-2,Bastian Dankert,Match Report,,22.0,8.0,17.8,0.0,0.0,0.0,2023,Bayern Munich
2023-04-15,18:30,Bundesliga,Matchweek 28,Sat,Away,D,1,1,Eint Frankfurt,1.2,2.2,41.0,50000.0,Jonas Hofmann,4-2-3-1,3-4-3,Sven Jablonski,Match Report,,4.0,2.0,15.3,0.0,0.0,0.0,2023,Gladbach
2023-04-15,15:30,Bundesliga,Matchweek 28,Sat,Away,D,1,1,Bayern Munich,0.4,1.6,34.0,75000.0,Oliver Baumann,3-5-2,4-2-3-1,Bastian Dankert,Match Report,,4.0,1.0,16.4,1.0,0.0,0.0,2023,Hoffenheim
2023-04-15,15:30,Bundesliga,Matchweek 28,Sat,Away,D,1,1,Köln,0.8,1.0,47.0,50000.0,Silvan Widmer,3-4-3,4-2-3-1,Benjamin Cortus,Match Report,,5.0,1.0,23.1,0.0,0.0,0.0,2023,Mainz 05
2023-04-15,15:30,Bundesliga,Matchweek 28,Sat,Home,D,3,3,Dortmund,1.4,1.8,43.0,47300.0,Wataru Endo,3-4-3,4-1-4-1,Harm Osmers,Match Report,,12.0,5.0,16.7,1.0,0.0,0.0,2023,Stuttgart
2023-04-15,15:30,Bundesliga,Matchweek 28,Sat,Away,L,2,3,RB Leipzig,0.7,1.8,42.0,46058.0,Jeffrey Gouweleeuw,3-4-3,3-4-3,Marco Fritz,Match Report,,12.0,2.0,19.9,0.0,0.0,0.0,2023,Augsburg
2023-04-15,15:30,Bundesliga,Matchweek 28,Sat,Away,D,3,3,Stuttgart,1.8,1.4,57.0,47300.0,Mats Hummels,4-1-4-1,3-4-3,Harm Osmers,Match Report,,15.0,6.0,16.0,1.0,0.0,0.0,2023,Dortmund
2023-04-16,19:30,Bundesliga,Matchweek 28,Sun,Away,D,0,0,Wolfsburg,1.2,0.9,57.0,20137.0,Lukáš Hrádecký,3-4-3,5-3-2,Sascha Stegemann,Match Report,,15.0,4.0,19.0,0.0,0.0,0.0,2023,Leverkusen
2023-04-16,15:30,Bundesliga,Matchweek 28,Sun,Home,L,1,2,Freiburg,1.7,0.8,50.0,42100.0,Marco Friedl,3-5-2,4-2-2-2,Florian Badstübner,Match Report,,13.0,5.0,19.1,0.0,0.0,0.0,2023,Werder Bremen
2023-04-16,19:30,Bundesliga,Matchweek 28,Sun,Home,D,0,0,Leverkusen,0.9,1.2,43.0,20137.0,Koen Casteels,5-3-2,3-4-3,Sascha Stegemann,Match Report,,11.0,3.0,19.1,0.0,0.0,0.0,2023,Wolfsburg
2023-04-16,17:30,Bundesliga,Matchweek 28,Sun,Away,D,1,1,Union Berlin,1.8,1.2,60.0,20000.0,Manuel Riemann,4-3-3,3-5-2,Tobias Stieler,Match Report,,13.0,5.0,15.7,0.0,1.0,1.0,2023,Bochum
2023-04-16,15:30,Bundesliga,Matchweek 28,Sun,Away,W,2,1,Werder Bremen,0.8,1.7,50.0,42100.0,Christian Günter,4-2-2-2,3-5-2,Florian Badstübner,Match Report,,7.0,3.0,17.4,2.0,0.0,0.0,2023,Freiburg
2023-04-16,17:30,Bundesliga,Matchweek 28,Sun,Home,D,1,1,Bochum,1.2,1.8,40.0,20000.0,Rani Khedira,3-5-2,4-3-3,Tobias Stieler,Match Report,,10.0,2.0,14.4,1.0,0.0,0.0,2023,Union Berlin
2023-04-19,21:00,Champions Lg,Quarter-finals,Wed,Home,D,1,1,eng Manchester City,2.2,1.3,58.0,75000.0,Joshua Kimmich,4-2-3-1,3-2-4-1,Clément Turpin,Match Report,Leg 2 of 2; Manchester City won,18.0,5.0,18.6,1.0,1.0,1.0,2023,Bayern Munich
2023-04-20,21:00,Europa Lg,Quarter-finals,Thu,Away,W,4,1,be Union SG,2.4,1.3,50.0,17069.0,Lukáš Hrádecký,3-4-3,3-5-2,Antonio Matéu,Match Report,Leg 2 of 2; Leverkusen won,10.0,7.0,12.4,0.0,0.0,0.0,2023,Leverkusen
2023-04-21,20:30,Bundesliga,Matchweek 29,Fri,Away,D,1,1,Augsburg,1.1,0.7,62.0,30660.0,Wataru Endo,3-4-3,4-4-2,Christian Dingert,Match Report,,7.0,3.0,14.6,1.0,0.0,0.0,2023,Stuttgart
2023-04-21,20:30,Bundesliga,Matchweek 29,Fri,Home,D,1,1,Stuttgart,0.7,1.1,38.0,30660.0,Ohis Felix Uduokhai,4-4-2,3-4-3,Christian Dingert,Match Report,,4.0,1.0,19.1,1.0,0.0,0.0,2023,Augsburg
2023-04-22,15:30,Bundesliga,Matchweek 29,Sat,Home,L,1,3,Köln,0.9,1.7,54.0,30150.0,Oliver Baumann,3-5-2,4-2-3-1,Robin Braun,Match Report,,12.0,4.0,18.9,1.0,0.0,0.0,2023,Hoffenheim
2023-04-22,15:30,Bundesliga,Matchweek 29,Sat,Away,W,3,1,Hoffenheim,1.7,0.9,46.0,30150.0,Jonas Hector,4-2-3-1,3-5-2,Robin Braun,Match Report,,12.0,5.0,19.0,0.0,1.0,1.0,2023,Köln
2023-04-22,15:30,Bundesliga,Matchweek 29,Sat,Home,L,1,5,Wolfsburg,2.6,3.6,55.0,24834.0,Anthony Losilla,4-2-3-1,4-3-3,Felix Brych,Match Report,,24.0,6.0,14.5,1.0,0.0,0.0,2023,Bochum
2023-04-22,18:30,Bundesliga,Matchweek 29,Sat,Home,W,4,0,Eint Frankfurt,1.1,0.6,55.0,81365.0,Mats Hummels,4-3-3,3-4-3,Deniz Aytekin,Match Report,,14.0,7.0,16.9,1.0,0.0,0.0,2023,Dortmund
2023-04-22,15:30,Bundesliga,Matchweek 29,Sat,Home,L,2,4,Werder Bremen,1.6,2.0,54.0,74667.0,Marvin Plattenhardt,4-1-4-1,3-5-2,Robert Schröder,Match Report,,13.0,4.0,22.0,0.0,1.0,1.0,2023,Hertha BSC
2023-04-22,15:30,Bundesliga,Matchweek 29,Sat,Away,W,5,1,Bochum,3.6,2.6,45.0,24834.0,Maximilian Arnold,4-3-3,4-2-3-1,Felix Brych,Match Report,,14.0,7.0,15.0,0.0,0.0,1.0,2023,Wolfsburg
2023-04-22,15:30,Bundesliga,Matchweek 29,Sat,Home,W,3,1,Bayern Munich,1.6,1.9,26.0,33305.0,Silvan Widmer,3-4-3,3-1-4-2,Felix Zwayer,Match Report,,12.0,4.0,17.3,0.0,0.0,0.0,2023,Mainz 05
2023-04-22,15:30,Bundesliga,Matchweek 29,Sat,Away,W,4,2,Hertha BSC,2.0,1.6,46.0,74667.0,Marco Friedl,3-5-2,4-1-4-1,Robert Schröder,Match Report,,13.0,4.0,13.6,1.0,0.0,0.0,2023,Werder Bremen
2023-04-22,15:30,Bundesliga,Matchweek 29,Sat,Away,L,1,3,Mainz 05,1.9,1.6,74.0,33305.0,Thomas Müller,3-1-4-2,3-4-3,Felix Zwayer,Match Report,,11.0,2.0,14.3,0.0,0.0,0.0,2023,Bayern Munich
2023-04-22,18:30,Bundesliga,Matchweek 29,Sat,Away,L,0,4,Dortmund,0.6,1.1,45.0,81365.0,Sebastian Rode,3-4-3,4-3-3,Deniz Aytekin,Match Report,,9.0,2.0,15.8,0.0,0.0,0.0,2023,Eint Frankfurt
2023-04-23,17:30,Bundesliga,Matchweek 29,Sun,Home,W,2,0,RB Leipzig,1.1,1.9,31.0,29085.0,Lukáš Hrádecký,3-4-3,3-4-3,Daniel Schlager,Match Report,,6.0,3.0,26.0,0.0,1.0,1.0,2023,Leverkusen
2023-04-23,19:30,Bundesliga,Matchweek 29,Sun,Away,W,1,0,Gladbach,1.3,0.7,38.0,52107.0,Rani Khedira,3-5-2,4-2-3-1,Martin Petersen,Match Report,,13.0,2.0,18.9,0.0,0.0,0.0,2023,Union Berlin
2023-04-23,15:30,Bundesliga,Matchweek 29,Sun,Away,L,0,4,Freiburg,0.3,2.1,55.0,34700.0,Danny Latza,4-2-3-1,4-2-2-2,Robert Hartmann,Match Report,,9.0,3.0,18.7,0.0,0.0,0.0,2023,Schalke 04
2023-04-23,15:30,Bundesliga,Matchweek 29,Sun,Home,W,4,0,Schalke 04,2.1,0.3,45.0,34700.0,Christian Günter,4-2-2-2,4-2-3-1,Robert Hartmann,Match Report,,26.0,12.0,16.6,0.0,0.0,0.0,2023,Freiburg
2023-04-23,17:30,Bundesliga,Matchweek 29,Sun,Away,L,0,2,Leverkusen,1.9,1.1,69.0,29085.0,Willi Orban,3-4-3,3-4-3,Daniel Schlager,Match Report,,26.0,5.0,20.0,3.0,0.0,0.0,2023,RB Leipzig
2023-04-23,19:30,Bundesliga,Matchweek 29,Sun,Home,L,0,1,Union Berlin,0.7,1.3,62.0,52107.0,Lars Stindl,4-2-3-1,3-5-2,Martin Petersen,Match Report,,8.0,4.0,18.0,0.0,0.0,0.0,2023,Gladbach
2023-04-28,20:30,Bundesliga,Matchweek 30,Fri,Home,D,1,1,Dortmund,0.9,2.7,34.0,26000.0,Anthony Losilla,4-2-3-1,4-3-3,Sascha Stegemann,Match Report,,13.0,4.0,17.7,0.0,0.0,0.0,2023,Bochum
2023-04-28,20:30,Bundesliga,Matchweek 30,Fri,Away,D,1,1,Bochum,2.7,0.9,66.0,26000.0,Mats Hummels,4-3-3,4-2-3-1,Sascha Stegemann,Match Report,,22.0,7.0,14.1,0.0,0.0,0.0,2023,Dortmund
2023-04-29,15:30,Bundesliga,Matchweek 30,Sat,Home,W,1,0,Hoffenheim,1.4,0.3,59.0,45294.0,Willi Orban,3-4-3,3-5-2,Tobias Stieler,Match Report,,15.0,2.0,15.0,0.0,0.0,0.0,2023,RB Leipzig
2023-04-29,18:30,Bundesliga,Matchweek 30,Sat,Home,W,2,1,Werder Bremen,1.6,1.2,57.0,61981.0,Simon Terodde,4-2-3-1,3-5-2,Bastian Dankert,Match Report,,19.0,10.0,16.4,2.0,0.0,0.0,2023,Schalke 04
2023-04-29,15:30,Bundesliga,Matchweek 30,Sat,Home,L,0,1,Freiburg,1.6,1.6,57.0,50000.0,Jonas Hector,4-2-3-1,4-2-2-2,Tobias Reichel,Match Report,,19.0,4.0,16.9,0.0,0.0,0.0,2023,Köln
2023-04-29,15:30,Bundesliga,Matchweek 30,Sat,Away,D,0,0,Union Berlin,0.8,0.8,65.0,22012.0,Lukáš Hrádecký,3-4-3,3-5-2,Marco Fritz,Match Report,,9.0,1.0,15.2,0.0,0.0,0.0,2023,Leverkusen
2023-04-29,15:30,Bundesliga,Matchweek 30,Sat,Home,D,1,1,Augsburg,0.6,0.7,59.0,50000.0,Sebastian Rode,3-4-3,4-4-2,Frank Willenborg,Match Report,,7.0,1.0,18.6,0.0,0.0,0.0,2023,Eint Frankfurt
2023-04-29,15:30,Bundesliga,Matchweek 30,Sat,Home,W,2,1,Gladbach,2.3,1.2,42.0,47700.0,Wataru Endo,5-3-2,4-2-3-1,Tobias Welz,Match Report,,16.0,4.0,17.9,0.0,1.0,1.0,2023,Stuttgart
2023-04-29,15:30,Bundesliga,Matchweek 30,Sat,Away,D,1,1,Eint Frankfurt,0.7,0.6,41.0,50000.0,Jeffrey Gouweleeuw,4-4-2,3-4-3,Frank Willenborg,Match Report,,10.0,3.0,18.9,0.0,0.0,0.0,2023,Augsburg
2023-04-29,15:30,Bundesliga,Matchweek 30,Sat,Away,L,1,2,Stuttgart,1.2,2.3,58.0,47700.0,Lars Stindl,4-2-3-1,5-3-2,Tobias Welz,Match Report,,8.0,3.0,21.1,0.0,1.0,1.0,2023,Gladbach
2023-04-29,15:30,Bundesliga,Matchweek 30,Sat,Away,W,1,0,Köln,1.6,1.6,43.0,50000.0,Christian Günter,4-2-2-2,4-2-3-1,Tobias Reichel,Match Report,,13.0,6.0,16.2,0.0,0.0,0.0,2023,Freiburg
2023-04-29,15:30,Bundesliga,Matchweek 30,Sat,Away,L,0,1,RB Leipzig,0.3,1.4,41.0,45294.0,Oliver Baumann,3-5-2,3-4-3,Tobias Stieler,Match Report,,5.0,1.0,15.3,0.0,0.0,0.0,2023,Hoffenheim
2023-04-29,15:30,Bundesliga,Matchweek 30,Sat,Home,D,0,0,Leverkusen,0.8,0.8,35.0,22012.0,Rani Khedira,3-5-2,3-4-3,Marco Fritz,Match Report,,9.0,1.0,14.5,0.0,0.0,0.0,2023,Union Berlin
2023-04-29,18:30,Bundesliga,Matchweek 30,Sat,Away,L,1,2,Schalke 04,1.2,1.6,43.0,61981.0,Marco Friedl,3-5-2,4-2-3-1,Bastian Dankert,Match Report,,10.0,1.0,20.8,2.0,0.0,0.0,2023,Werder Bremen
2023-04-30,15:30,Bundesliga,Matchweek 30,Sun,Home,W,2,0,Hertha BSC,2.7,0.1,80.0,75000.0,Joshua Kimmich,4-2-3-1,4-4-2,Patrick Ittrich,Match Report,,26.0,9.0,16.3,1.0,0.0,0.0,2023,Bayern Munich
2023-04-30,17:30,Bundesliga,Matchweek 30,Sun,Away,L,0,3,Wolfsburg,1.7,1.9,49.0,23817.0,Silvan Widmer,3-4-3,3-4-3,Daniel Siebert,Match Report,,10.0,2.0,13.4,0.0,0.0,0.0,2023,Mainz 05
2023-04-30,17:30,Bundesliga,Matchweek 30,Sun,Home,W,3,0,Mainz 05,1.9,1.7,51.0,23817.0,Maximilian Arnold,3-4-3,3-4-3,Daniel Siebert,Match Report,,10.0,4.0,12.5,0.0,0.0,0.0,2023,Wolfsburg
2023-04-30,15:30,Bundesliga,Matchweek 30,Sun,Away,L,0,2,Bayern Munich,0.1,2.7,20.0,75000.0,Marvin Plattenhardt,4-4-2,4-2-3-1,Patrick Ittrich,Match Report,,2.0,1.0,13.3,0.0,0.0,0.0,2023,Hertha BSC
2023-05-02,20:45,DFB-Pokal,Semi-finals,Tue,Away,W,5,1,Freiburg,,,47.0,34700.0,Willi Orban,4-2-3-1,5-3-2,Sven Jablonski,Match Report,,12.0,6.0,,,1.0,1.0,2023,RB Leipzig
2023-05-02,20:45,DFB-Pokal,Semi-finals,Tue,Home,L,1,5,RB Leipzig,,,53.0,34700.0,Christian Günter,5-3-2,4-2-3-1,Sven Jablonski,Match Report,,10.0,2.0,,,0.0,0.0,2023,Freiburg
2023-05-03,20:45,DFB-Pokal,Semi-finals,Wed,Home,L,2,3,Eint Frankfurt,,,54.0,47500.0,Wataru Endo,3-4-3,3-4-3,Daniel Schlager,Match Report,,13.0,7.0,,,0.0,0.0,2023,Stuttgart
2023-05-03,20:45,DFB-Pokal,Semi-finals,Wed,Away,W,3,2,Stuttgart,,,46.0,47500.0,Sebastian Rode,3-4-3,3-4-3,Daniel Schlager,Match Report,,11.0,4.0,,,1.0,1.0,2023,Eint Frankfurt
2023-05-05,20:30,Bundesliga,Matchweek 31,Fri,Home,L,1,2,Köln,0.9,0.8,64.0,30210.0,Lukáš Hrádecký,3-4-3,4-2-3-1,Felix Zwayer,Match Report,,13.0,3.0,16.7,1.0,0.0,0.0,2023,Leverkusen
2023-05-05,20:30,Bundesliga,Matchweek 31,Fri,Away,W,2,1,Leverkusen,0.8,0.9,36.0,30210.0,Jonas Hector,4-2-3-1,3-4-3,Felix Zwayer,Match Report,,7.0,5.0,18.7,0.0,0.0,0.0,2023,Köln
2023-05-05,20:30,Bundesliga,Matchweek 31,Fri,Away,W,3,2,Mainz 05,2.9,1.3,43.0,33305.0,Simon Terodde,4-2-3-1,3-4-3,Matthias Jöllenbeck,Match Report,,15.0,9.0,18.9,0.0,1.0,1.0,2023,Schalke 04
2023-05-05,20:30,Bundesliga,Matchweek 31,Fri,Home,L,2,3,Schalke 04,1.3,2.9,57.0,33305.0,Robin Zentner,3-4-3,4-2-3-1,Matthias Jöllenbeck,Match Report,,10.0,4.0,13.2,1.0,0.0,0.0,2023,Mainz 05
2023-05-06,15:30,Bundesliga,Matchweek 31,Sat,Away,L,0,2,Gladbach,1.1,1.9,45.0,53797.0,Anthony Losilla,4-3-3,4-2-3-1,Robert Schröder,Match Report,,14.0,2.0,18.2,2.0,0.0,0.0,2023,Bochum
2023-05-06,18:30,Bundesliga,Matchweek 31,Sat,Away,W,2,1,Werder Bremen,1.4,0.7,67.0,42100.0,Joshua Kimmich,4-2-3-1,3-5-2,Christian Dingert,Match Report,,13.0,4.0,14.7,0.0,0.0,0.0,2023,Bayern Munich
2023-05-06,15:30,Bundesliga,Matchweek 31,Sat,Away,W,1,0,Freiburg,1.9,0.4,59.0,32900.0,Willi Orban,4-2-2-2,4-2-2-2,Tobias Welz,Match Report,,13.0,5.0,18.7,0.0,0.0,0.0,2023,RB Leipzig
2023-05-06,15:30,Bundesliga,Matchweek 31,Sat,Home,W,2,0,Bochum,1.9,1.1,55.0,53797.0,Jonas Hofmann,4-2-3-1,4-3-3,Robert Schröder,Match Report,,25.0,9.0,16.9,0.0,0.0,0.0,2023,Gladbach
2023-05-06,15:30,Bundesliga,Matchweek 31,Sat,Away,L,1,2,Hertha BSC,1.5,1.2,70.0,63443.0,Wataru Endo,3-4-3,4-4-2,Deniz Aytekin,Match Report,,14.0,4.0,17.8,1.0,0.0,0.0,2023,Stuttgart
2023-05-06,15:30,Bundesliga,Matchweek 31,Sat,Away,L,0,1,Augsburg,0.7,0.9,62.0,30660.0,Rani Khedira,3-5-2,3-4-3,Florian Badstübner,Match Report,,12.0,5.0,19.0,0.0,0.0,0.0,2023,Union Berlin
2023-05-06,18:30,Bundesliga,Matchweek 31,Sat,Home,L,1,2,Bayern Munich,0.7,1.4,33.0,42100.0,Marco Friedl,3-5-2,4-2-3-1,Christian Dingert,Match Report,,13.0,2.0,21.4,0.0,0.0,0.0,2023,Werder Bremen
2023-05-06,15:30,Bundesliga,Matchweek 31,Sat,Home,L,0,1,RB Leipzig,0.4,1.9,41.0,32900.0,Christian Günter,4-2-2-2,4-2-2-2,Tobias Welz,Match Report,,3.0,1.0,12.2,0.0,0.0,0.0,2023,Freiburg
2023-05-06,15:30,Bundesliga,Matchweek 31,Sat,Home,W,1,0,Union Berlin,0.9,0.7,38.0,30660.0,Jeffrey Gouweleeuw,3-4-3,3-5-2,Florian Badstübner,Match Report,,13.0,3.0,21.7,1.0,0.0,0.0,2023,Augsburg
2023-05-06,15:30,Bundesliga,Matchweek 31,Sat,Home,W,3,1,Eint Frankfurt,2.2,2.2,32.0,30000.0,Oliver Baumann,3-5-2,3-4-3,Harm Osmers,Match Report,,7.0,3.0,18.6,1.0,1.0,1.0,2023,Hoffenheim
2023-05-06,15:30,Bundesliga,Matchweek 31,Sat,Away,L,1,3,Hoffenheim,2.2,2.2,68.0,30000.0,Makoto Hasebe,3-4-3,3-5-2,Harm Osmers,Match Report,,19.0,6.0,16.2,0.0,0.0,0.0,2023,Eint Frankfurt
2023-05-06,15:30,Bundesliga,Matchweek 31,Sat,Home,W,2,1,Stuttgart,1.2,1.5,30.0,63443.0,Marvin Plattenhardt,4-4-2,3-4-3,Deniz Aytekin,Match Report,,7.0,3.0,15.3,0.0,0.0,0.0,2023,Hertha BSC
2023-05-07,17:30,Bundesliga,Matchweek 31,Sun,Home,W,6,0,Wolfsburg,4.2,1.2,57.0,81365.0,Mats Hummels,4-3-3,3-1-4-2,Marco Fritz,Match Report,,19.0,10.0,18.4,1.0,0.0,1.0,2023,Dortmund
2023-05-07,17:30,Bundesliga,Matchweek 31,Sun,Away,L,0,6,Dortmund,1.2,4.2,43.0,81365.0,Maximilian Arnold,3-1-4-2,4-3-3,Marco Fritz,Match Report,,10.0,3.0,18.6,0.0,0.0,0.0,2023,Wolfsburg
2023-05-11,21:00,Europa Lg,Semi-finals,Thu,Away,L,0,1,it Roma,1.0,1.3,62.0,62123.0,Lukáš Hrádecký,3-4-3,3-4-1-2,Michael Oliver,Match Report,Leg 1 of 2,10.0,1.0,20.8,0.0,0.0,0.0,2023,Leverkusen
2023-05-12,20:30,Bundesliga,Matchweek 32,Fri,Home,W,5,2,Hertha BSC,4.3,1.1,63.0,50000.0,Jonas Hector,4-2-3-1,4-4-2,Sven Jablonski,Match Report,,31.0,16.0,13.1,0.0,0.0,0.0,2023,Köln
2023-05-12,20:30,Bundesliga,Matchweek 32,Fri,Away,L,2,5,Köln,1.1,4.3,37.0,50000.0,Marvin Plattenhardt,4-4-2,4-2-3-1,Sven Jablonski,Match Report,,9.0,3.0,15.4,0.0,0.0,0.0,2023,Hertha BSC
2023-05-13,18:30,Bundesliga,Matchweek 32,Sat,Home,W,5,2,Gladbach,4.5,2.0,54.0,81365.0,Mats Hummels,4-2-3-1,4-2-3-1,Daniel Schlager,Match Report,,33.0,11.0,18.5,1.0,1.0,1.0,2023,Dortmund
2023-05-13,15:30,Bundesliga,Matchweek 32,Sat,Away,L,1,2,Wolfsburg,1.0,1.1,54.0,22617.0,Oliver Baumann,3-5-2,3-1-4-2,Tobias Stieler,Match Report,,10.0,2.0,19.3,0.0,0.0,0.0,2023,Hoffenheim
2023-05-13,15:30,Bundesliga,Matchweek 32,Sat,Home,W,2,1,Hoffenheim,1.1,1.0,46.0,22617.0,Maximilian Arnold,3-1-4-2,3-5-2,Tobias Stieler,Match Report,,9.0,3.0,20.5,0.0,0.0,0.0,2023,Wolfsburg
2023-05-13,15:30,Bundesliga,Matchweek 32,Sat,Home,W,6,0,Schalke 04,5.3,0.4,62.0,75000.0,Thomas Müller,4-1-4-1,4-2-3-1,Robert Schröder,Match Report,,24.0,12.0,16.5,1.0,1.0,1.0,2023,Bayern Munich
2023-05-13,18:30,Bundesliga,Matchweek 32,Sat,Away,L,2,5,Dortmund,2.0,4.5,46.0,81365.0,Jonas Hofmann,4-2-3-1,4-2-3-1,Daniel Schlager,Match Report,,12.0,6.0,21.0,1.0,1.0,1.0,2023,Gladbach
2023-05-13,15:30,Bundesliga,Matchweek 32,Sat,Away,L,2,3,Bochum,1.8,1.2,45.0,24453.0,Jeffrey Gouweleeuw,3-4-3,4-3-3,Patrick Ittrich,Match Report,,15.0,2.0,13.0,1.0,0.0,0.0,2023,Augsburg
2023-05-13,15:30,Bundesliga,Matchweek 32,Sat,Away,L,2,4,Union Berlin,2.1,1.5,63.0,22012.0,Christian Günter,3-4-3,3-5-2,Marco Fritz,Match Report,,10.0,4.0,15.0,0.0,1.0,1.0,2023,Freiburg
2023-05-13,15:30,Bundesliga,Matchweek 32,Sat,Away,L,0,6,Bayern Munich,0.4,5.3,38.0,75000.0,Danny Latza,4-2-3-1,4-1-4-1,Robert Schröder,Match Report,,8.0,0.0,20.9,0.0,0.0,0.0,2023,Schalke 04
2023-05-13,15:30,Bundesliga,Matchweek 32,Sat,Home,W,3,0,Mainz 05,2.2,1.0,55.0,50000.0,Sebastian Rode,3-4-3,3-4-3,Felix Brych,Match Report,,17.0,5.0,18.3,0.0,1.0,1.0,2023,Eint Frankfurt
2023-05-13,15:30,Bundesliga,Matchweek 32,Sat,Away,L,0,3,Eint Frankfurt,1.0,2.2,45.0,50000.0,Robin Zentner,3-4-3,3-4-3,Felix Brych,Match Report,,9.0,3.0,18.2,1.0,0.0,0.0,2023,Mainz 05
2023-05-13,15:30,Bundesliga,Matchweek 32,Sat,Home,W,3,2,Augsburg,1.2,1.8,55.0,24453.0,Anthony Losilla,4-3-3,3-4-3,Patrick Ittrich,Match Report,,13.0,8.0,18.0,0.0,0.0,0.0,2023,Bochum
2023-05-13,15:30,Bundesliga,Matchweek 32,Sat,Home,W,4,2,Freiburg,1.5,2.1,37.0,22012.0,Christopher Trimmel,3-5-2,3-4-3,Marco Fritz,Match Report,,10.0,4.0,17.1,1.0,0.0,0.0,2023,Union Berlin
2023-05-14,15:30,Bundesliga,Matchweek 32,Sun,Away,D,1,1,Stuttgart,1.8,1.3,48.0,47500.0,Lukáš Hrádecký,3-4-3,3-4-3,Frank Willenborg,Match Report,,11.0,1.0,16.8,0.0,1.0,1.0,2023,Leverkusen
2023-05-14,17:30,Bundesliga,Matchweek 32,Sun,Away,L,1,2,RB Leipzig,1.1,2.2,39.0,47069.0,Marco Friedl,3-1-4-2,4-2-2-2,Florian Badstübner,Match Report,,6.0,2.0,13.6,0.0,0.0,0.0,2023,Werder Bremen
2023-05-14,15:30,Bundesliga,Matchweek 32,Sun,Home,D,1,1,Leverkusen,1.3,1.8,52.0,47500.0,Wataru Endo,3-4-3,3-4-3,Frank Willenborg,Match Report,,8.0,0.0,15.8,0.0,1.0,1.0,2023,Stuttgart
2023-05-14,17:30,Bundesliga,Matchweek 32,Sun,Home,W,2,1,Werder Bremen,2.2,1.1,61.0,47069.0,Willi Orban,4-2-2-2,3-1-4-2,Florian Badstübner,Match Report,,20.0,7.0,19.0,2.0,0.0,0.0,2023,RB Leipzig
2023-05-18,21:00,Europa Lg,Semi-finals,Thu,Home,D,0,0,it Roma,1.1,0.0,71.0,30210.0,Lukáš Hrádecký,3-4-3,3-5-2,Slavko Vinčič,Match Report,Leg 2 of 2; Roma won,23.0,6.0,21.1,0.0,0.0,0.0,2023,Leverkusen
2023-05-19,20:30,Bundesliga,Matchweek 33,Fri,Away,L,0,2,Freiburg,0.7,1.3,57.0,33300.0,Maximilian Arnold,3-1-4-2,3-4-3,Bastian Dankert,Match Report,,9.0,2.0,16.4,0.0,0.0,0.0,2023,Wolfsburg
2023-05-19,20:30,Bundesliga,Matchweek 33,Fri,Home,W,2,0,Wolfsburg,1.3,0.7,43.0,33300.0,Mark Flekken,3-4-3,3-1-4-2,Bastian Dankert,Match Report,,16.0,7.0,17.5,0.0,0.0,0.0,2023,Freiburg
2023-05-20,15:30,Bundesliga,Matchweek 33,Sat,Away,D,1,1,Hertha BSC,1.1,1.2,50.0,70692.0,Anthony Losilla,4-3-3,4-3-3,Felix Brych,Match Report,,16.0,4.0,21.2,0.0,0.0,0.0,2023,Bochum
2023-05-20,18:30,Bundesliga,Matchweek 33,Sat,Home,L,1,3,RB Leipzig,1.6,2.8,60.0,75000.0,Thomas Müller,4-2-3-1,4-2-2-2,Deniz Aytekin,Match Report,,17.0,5.0,18.3,0.0,0.0,0.0,2023,Bayern Munich
2023-05-20,18:30,Bundesliga,Matchweek 33,Sat,Away,W,3,1,Bayern Munich,2.8,1.6,40.0,75000.0,Willi Orban,4-2-2-2,4-2-3-1,Deniz Aytekin,Match Report,,12.0,5.0,20.2,0.0,2.0,2.0,2023,RB Leipzig
2023-05-20,15:30,Bundesliga,Matchweek 33,Sat,Away,D,2,2,Schalke 04,1.6,1.0,50.0,61575.0,Sebastian Rode,3-4-3,4-2-3-1,Daniel Schlager,Match Report,,6.0,2.0,14.5,0.0,0.0,0.0,2023,Eint Frankfurt
2023-05-20,15:30,Bundesliga,Matchweek 33,Sat,Away,D,1,1,Werder Bremen,1.4,1.8,56.0,41846.0,Jonas Hector,4-2-3-1,3-1-4-2,Robert Hartmann,Match Report,,13.0,4.0,14.1,0.0,0.0,0.0,2023,Köln
2023-05-20,15:30,Bundesliga,Matchweek 33,Sat,Home,W,4,2,Union Berlin,2.4,2.0,43.0,30000.0,Oliver Baumann,3-4-3,3-5-2,Christian Dingert,Match Report,,9.0,4.0,18.1,0.0,1.0,1.0,2023,Hoffenheim
2023-05-20,15:30,Bundesliga,Matchweek 33,Sat,Away,L,2,4,Hoffenheim,2.0,2.4,57.0,30000.0,Christopher Trimmel,3-5-2,3-4-3,Christian Dingert,Match Report,,18.0,3.0,16.1,1.0,0.0,0.0,2023,Union Berlin
2023-05-20,15:30,Bundesliga,Matchweek 33,Sat,Home,D,2,2,Eint Frankfurt,1.0,1.6,50.0,61575.0,Simon Terodde,4-2-3-1,3-4-3,Daniel Schlager,Match Report,,11.0,4.0,15.7,1.0,0.0,0.0,2023,Schalke 04
2023-05-20,15:30,Bundesliga,Matchweek 33,Sat,Home,D,1,1,Bochum,1.2,1.1,50.0,70692.0,Kevin-Prince Boateng,4-3-3,4-3-3,Felix Brych,Match Report,,14.0,3.0,18.4,0.0,0.0,0.0,2023,Hertha BSC
2023-05-20,15:30,Bundesliga,Matchweek 33,Sat,Home,D,1,1,Köln,1.8,1.4,44.0,41846.0,Marco Friedl,3-1-4-2,4-2-3-1,Robert Hartmann,Match Report,,14.0,6.0,16.9,1.0,0.0,0.0,2023,Werder Bremen
2023-05-21,15:30,Bundesliga,Matchweek 33,Sun,Away,W,4,1,Mainz 05,1.8,1.3,53.0,33305.0,Wataru Endo,3-4-3,3-4-3,Sven Jablonski,Match Report,,7.0,6.0,13.8,1.0,0.0,0.0,2023,Stuttgart
2023-05-21,15:30,Bundesliga,Matchweek 33,Sun,Home,L,1,4,Stuttgart,1.3,1.8,47.0,33305.0,Karim Onisiwo,3-4-3,3-4-3,Sven Jablonski,Match Report,,10.0,6.0,17.9,2.0,0.0,0.0,2023,Mainz 05
2023-05-21,19:30,Bundesliga,Matchweek 33,Sun,Away,D,2,2,Leverkusen,1.7,1.6,53.0,30210.0,Christoph Kramer,3-4-3,3-4-3,Daniel Siebert,Match Report,,11.0,6.0,14.3,0.0,0.0,0.0,2023,Gladbach
2023-05-21,17:30,Bundesliga,Matchweek 33,Sun,Away,W,3,0,Augsburg,3.1,0.2,64.0,30660.0,Mats Hummels,4-5-1,4-3-3,Tobias Welz,Match Report,,28.0,10.0,16.9,1.0,0.0,0.0,2023,Dortmund
2023-05-21,17:30,Bundesliga,Matchweek 33,Sun,Home,L,0,3,Dortmund,0.2,3.1,36.0,30660.0,Jeffrey Gouweleeuw,4-3-3,4-5-1,Tobias Welz,Match Report,,4.0,1.0,26.1,1.0,0.0,0.0,2023,Augsburg
2023-05-21,19:30,Bundesliga,Matchweek 33,Sun,Home,D,2,2,Gladbach,1.6,1.7,47.0,30210.0,Lukáš Hrádecký,3-4-3,3-4-3,Daniel Siebert,Match Report,,13.0,5.0,14.8,0.0,0.0,0.0,2023,Leverkusen
2023-05-27,15:30,Bundesliga,Matchweek 34,Sat,Away,W,2,1,Köln,1.3,1.3,53.0,50000.0,Thomas Müller,4-2-3-1,4-2-3-1,Sven Jablonski,Match Report,,12.0,4.0,13.1,0.0,0.0,0.0,2023,Bayern Munich
2023-05-27,15:30,Bundesliga,Matchweek 34,Sat,Away,L,1,2,Eint Frankfurt,1.6,2.1,39.0,50500.0,Mark Flekken,3-4-3,3-4-3,Deniz Aytekin,Match Report,,14.0,7.0,16.1,1.0,0.0,0.0,2023,Freiburg
2023-05-27,15:30,Bundesliga,Matchweek 34,Sat,Home,L,1,2,Hertha BSC,3.4,2.1,64.0,26775.0,Josuha Guilavogui,3-5-2,4-2-3-1,Benjamin Cortus,Match Report,,20.0,7.0,13.8,0.0,0.0,0.0,2023,Wolfsburg
2023-05-27,15:30,Bundesliga,Matchweek 34,Sat,Home,D,2,2,Mainz 05,4.0,1.8,73.0,81365.0,Mats Hummels,4-5-1,3-4-3,Marco Fritz,Match Report,,28.0,9.0,15.0,0.0,0.0,1.0,2023,Dortmund
2023-05-27,15:30,Bundesliga,Matchweek 34,Sat,Away,D,2,2,Dortmund,1.8,4.0,27.0,81365.0,Karim Onisiwo,3-4-3,4-5-1,Marco Fritz,Match Report,,10.0,4.0,21.6,1.0,0.0,0.0,2023,Mainz 05
2023-05-27,15:30,Bundesliga,Matchweek 34,Sat,Away,D,1,1,Stuttgart,0.8,2.5,43.0,47500.0,Oliver Baumann,3-5-2,3-4-3,Robert Schröder,Match Report,,8.0,2.0,20.0,0.0,0.0,0.0,2023,Hoffenheim
2023-05-27,15:30,Bundesliga,Matchweek 34,Sat,Away,L,0,2,Gladbach,0.5,3.0,26.0,52186.0,Jeffrey Gouweleeuw,4-2-2-2,3-4-3,Matthias Jöllenbeck,Match Report,,9.0,2.0,17.9,1.0,0.0,0.0,2023,Augsburg
2023-05-27,15:30,Bundesliga,Matchweek 34,Sat,Home,D,1,1,Hoffenheim,2.5,0.8,57.0,47500.0,Wataru Endo,3-4-3,3-5-2,Robert Schröder,Match Report,,23.0,4.0,17.2,1.0,0.0,0.0,2023,Stuttgart
2023-05-27,15:30,Bundesliga,Matchweek 34,Sat,Home,W,1,0,Werder Bremen,0.9,0.4,48.0,22012.0,Christopher Trimmel,3-5-2,3-1-4-2,Patrick Ittrich,Match Report,,15.0,4.0,17.5,1.0,0.0,0.0,2023,Union Berlin
2023-05-27,15:30,Bundesliga,Matchweek 34,Sat,Home,W,2,0,Augsburg,3.0,0.5,74.0,52186.0,Lars Stindl,3-4-3,4-2-2-2,Matthias Jöllenbeck,Match Report,,19.0,7.0,17.3,2.0,0.0,0.0,2023,Gladbach
2023-05-27,15:30,Bundesliga,Matchweek 34,Sat,Away,L,2,4,RB Leipzig,1.2,2.6,49.0,47069.0,Danny Latza,4-2-3-1,4-2-2-2,Harm Osmers,Match Report,,15.0,4.0,12.9,0.0,0.0,0.0,2023,Schalke 04
2023-05-27,15:30,Bundesliga,Matchweek 34,Sat,Home,W,2,1,Freiburg,2.1,1.6,61.0,50500.0,Makoto Hasebe,3-4-3,3-4-3,Deniz Aytekin,Match Report,,15.0,6.0,14.5,0.0,0.0,0.0,2023,Eint Frankfurt
2023-05-27,15:30,Bundesliga,Matchweek 34,Sat,Away,W,2,1,Wolfsburg,2.1,3.4,36.0,26775.0,Marvin Plattenhardt,4-2-3-1,3-5-2,Benjamin Cortus,Match Report,,8.0,5.0,14.8,0.0,0.0,0.0,2023,Hertha BSC
2023-05-27,15:30,Bundesliga,Matchweek 34,Sat,Home,W,3,0,Leverkusen,1.3,0.8,50.0,26000.0,Anthony Losilla,4-3-3,4-3-3,Tobias Welz,Match Report,,12.0,5.0,14.5,0.0,0.0,0.0,2023,Bochum
2023-05-27,15:30,Bundesliga,Matchweek 34,Sat,Home,L,1,2,Bayern Munich,1.3,1.3,47.0,50000.0,Jonas Hector,4-2-3-1,4-2-3-1,Sven Jablonski,Match Report,,7.0,1.0,18.7,0.0,1.0,1.0,2023,Köln
2023-05-27,15:30,Bundesliga,Matchweek 34,Sat,Home,W,4,2,Schalke 04,2.6,1.2,51.0,47069.0,Willi Orban,4-2-2-2,4-2-3-1,Harm Osmers,Match Report,,18.0,11.0,17.7,0.0,0.0,0.0,2023,RB Leipzig
2023-05-27,15:30,Bundesliga,Matchweek 34,Sat,Away,L,0,1,Union Berlin,0.4,0.9,52.0,22012.0,Marco Friedl,3-1-4-2,3-5-2,Patrick Ittrich,Match Report,,7.0,3.0,21.2,1.0,0.0,0.0,2023,Werder Bremen
2023-05-27,15:30,Bundesliga,Matchweek 34,Sat,Away,L,0,3,Bochum,0.8,1.3,50.0,26000.0,Lukáš Hrádecký,4-3-3,4-3-3,Tobias Welz,Match Report,,11.0,2.0,16.2,1.0,0.0,0.0,2023,Leverkusen
2023-06-01,20:45,Rel/Pro play-offs,German 1/2 Relegation/Promotion play-offs,Thu,Home,W,3,0,Hamburger SV,,,53.0,48500.0,Wataru Endo,4-4-2,4-3-3,Tobias Welz,Match Report,Leg 1 of 2,18.0,9.0,,,0.0,1.0,2023,Stuttgart
2023-06-03,20:00,DFB-Pokal,Final,Sat,Home,W,2,0,Eint Frankfurt,,,58.0,74322.0,Willi Orban,4-2-2-2,3-4-3,Daniel Siebert,Match Report,,12.0,3.0,,,0.0,0.0,2023,RB Leipzig
2023-06-03,20:00,DFB-Pokal,Final,Sat,Away,L,0,2,RB Leipzig,,,42.0,74322.0,Sebastian Rode,3-4-3,4-2-2-2,Daniel Siebert,Match Report,,6.0,2.0,,,0.0,0.0,2023,Eint Frankfurt
2023-06-05,20:45,Rel/Pro play-offs,German 1/2 Relegation/Promotion play-offs,Mon,Away,W,3,1,Hamburger SV,,,37.0,55500.0,Wataru Endo,4-4-1-1,4-3-3,Bastian Dankert,Match Report,Leg 2 of 2; Stuttgart won,9.0,4.0,,,0.0,0.0,2023,Stuttgart
2023-08-11,18:00,DFB-Pokal,Round of 64,Fri,Away,W,7,0,TuS Bersenbrück,,,59.0,16098.0,Jonas Omlin,4-2-3-1,4-3-3,Alexander Sather,Match Report,,23.0,10.0,,,0.0,0.0,2024,Gladbach
2023-08-12,20:45,DFL-Supercup,DFL-Supercup,Sat,Away,W,3,0,Bayern Munich,,,33.0,75000.0,Willi Orban,4-2-2-2,4-2-3-1,Bastian Dankert,Match Report,,10.0,5.0,,,1.0,1.0,2024,RB Leipzig
2023-08-12,15:30,DFB-Pokal,Round of 64,Sat,Away,W,6,1,Schott Mainz,,,73.0,30312.0,Emre Can,4-2-3-1,4-1-4-1,Benjamin Brand,Match Report,,24.0,10.0,,,0.0,0.0,2024,Dortmund
2023-08-12,15:30,DFB-Pokal,Round of 64,Sat,Away,L,2,3,Viktoria Köln,,,38.0,8343.0,Niclas Füllkrug,3-4-3,3-4-3,Frank Willenborg,Match Report,,9.0,5.0,,,1.0,1.0,2024,Werder Bremen
2023-08-12,20:45,DFL-Supercup,DFL-Supercup,Sat,Home,L,0,3,RB Leipzig,,,67.0,75000.0,Joshua Kimmich,4-2-3-1,4-2-2-2,Bastian Dankert,Match Report,,13.0,5.0,,,0.0,0.0,2024,Bayern Munich
2023-08-12,18:00,DFB-Pokal,Round of 64,Sat,Away,D,2 (1),2 (4),Arminia,,,58.0,21452.0,Anthony Losilla,4-3-3,4-2-3-1,Sven Jablonski,Match Report,Arminia won on penalty kicks following extra time,22.0,7.0,,,0.0,0.0,2024,Bochum
2023-08-12,13:00,DFB-Pokal,Round of 64,Sat,Away,W,4,0,TSG Balingen,,,69.0,13400.0,Wataru Endo,4-3-3,3-5-2,Robert Kampka,Match Report,,24.0,10.0,,,0.0,0.0,2024,Stuttgart
2023-08-12,15:30,DFB-Pokal,Round of 64,Sat,Away,W,8,0,FC Teutonia Ottensen,,,66.0,11035.0,Lukáš Hrádecký,4-2-3-1,4-1-4-1,Tom Bauer,Match Report,,22.0,11.0,,,1.0,1.0,2024,Leverkusen
2023-08-12,18:00,DFB-Pokal,Round of 64,Sat,Away,W,1,0,Elversberg,,,55.0,10000.0,Robin Zentner,3-4-3,3-4-3,Martin Petersen,Match Report,,27.0,8.0,,,1.0,1.0,2024,Mainz 05
2023-08-13,15:30,DFB-Pokal,Round of 64,Sun,Away,L,0,2,Unterhaching,,,63.0,12500.0,Ermedin Demirović,4-4-2,4-4-1-1,Timo Gerach,Match Report,,16.0,3.0,,,0.0,0.0,2024,Augsburg
2023-08-13,15:30,DFB-Pokal,Round of 64,Sun,Away,W,7,0,Loko Leipzig,,,67.0,11100.0,Makoto Hasebe,3-4-3,4-2-3-1,Michael Bacher,Match Report,,16.0,11.0,,,0.0,0.0,2024,Eint Frankfurt
2023-08-13,15:30,DFB-Pokal,Round of 64,Sun,Away,W,6,0,TuS Makkabi Berlin,,,66.0,4800.0,Koen Casteels,4-2-3-1,4-2-3-1,Riem Hussein,Match Report,,18.0,13.0,,,0.0,0.0,2024,Wolfsburg
2023-08-13,13:00,DFB-Pokal,Round of 64,Sun,Away,W,8,0,Rostocker FC,,,63.0,3500.0,Patrick Mainka,4-1-3-2,5-3-2,Nicolas Winter,Match Report,,39.0,21.0,,,0.0,0.0,2024,Heidenheim
2023-08-13,15:30,DFB-Pokal,Round of 64,Sun,Away,W,2,0,SV Oberachern,,,76.0,24500.0,Vincenzo Grifo,3-5-2,3-4-1-2,Richard Hempel,Match Report,,30.0,11.0,,,0.0,0.0,2024,Freiburg
2023-08-13,18:00,DFB-Pokal,Round of 64,Sun,Away,W,4,0,Astoria Walldorf,,,49.0,4000.0,Rani Khedira,3-4-3,4-3-3,Wolfgang Haslberger,Match Report,,18.0,8.0,,,1.0,1.0,2024,Union Berlin
2023-08-14,18:00,DFB-Pokal,Round of 64,Mon,Away,L,0,3,Homburg,,,82.0,12000.0,Fabian Holland,3-4-3,5-4-1,Daniel Schlager,Match Report,,27.0,9.0,,,0.0,1.0,2024,Darmstadt 98
2023-08-14,20:45,DFB-Pokal,Round of 64,Mon,Away,W,3,1,Osnabrück,,,46.0,15741.0,Florian Kainz,4-4-2◆,4-3-3,Florian Badstübner,Match Report,Required Extra Time,14.0,6.0,,,0.0,0.0,2024,Köln
2023-08-14,18:00,DFB-Pokal,Round of 64,Mon,Away,W,4,1,Lübeck,,,69.0,13000.0,Oliver Baumann,3-5-2,4-2-3-1,Florian Lechner,Match Report,,27.0,15.0,,,1.0,1.0,2024,Hoffenheim
2023-08-18,20:30,Bundesliga,Matchweek 1,Fri,Away,W,4,0,Werder Bremen,2.8,0.6,72.0,42100.0,Joshua Kimmich,4-2-3-1,3-1-4-2,Felix Zwayer,Match Report,,25.0,10.0,19.1,1.0,0.0,0.0,2024,Bayern Munich
2023-08-18,20:30,Bundesliga,Matchweek 1,Fri,Home,L,0,4,Bayern Munich,0.6,2.8,28.0,42100.0,Marco Friedl,3-1-4-2,4-2-3-1,Felix Zwayer,Match Report,,6.0,1.0,20.7,1.0,0.0,0.0,2024,Werder Bremen
2023-08-19,15:30,Bundesliga,Matchweek 1,Sat,Home,W,2,0,Heidenheim,2.2,1.2,48.0,22620.0,Koen Casteels,4-3-3,4-1-3-2,Florian Badstübner,Match Report,,18.0,8.0,15.5,0.0,0.0,0.0,2024,Wolfsburg
2023-08-19,15:30,Bundesliga,Matchweek 1,Sat,Away,L,2,3,Leverkusen,1.6,1.4,56.0,29464.0,Willi Orban,4-2-2-2,3-4-3,Felix Brych,Match Report,,14.0,6.0,15.5,0.0,0.0,0.0,2024,RB Leipzig
2023-08-19,15:30,Bundesliga,Matchweek 1,Sat,Away,W,2,1,Hoffenheim,2.6,1.4,50.0,25890.0,Christian Günter,4-2-2-2,3-5-2,Sven Jablonski,Match Report,,18.0,7.0,14.8,0.0,0.0,0.0,2024,Freiburg
2023-08-19,15:30,Bundesliga,Matchweek 1,Sat,Home,D,4,4,Gladbach,2.3,1.7,56.0,30660.0,Ermedin Demirović,4-2-2-2,4-2-3-1,Daniel Schlager,Match Report,,19.0,6.0,19.1,1.0,1.0,1.0,2024,Augsburg
2023-08-19,18:30,Bundesliga,Matchweek 1,Sat,Home,W,1,0,Köln,1.8,1.2,66.0,81365.0,Emre Can,4-2-3-1,4-2-3-1,Deniz Aytekin,Match Report,,13.0,2.0,12.5,0.0,0.0,0.0,2024,Dortmund
2023-08-19,15:30,Bundesliga,Matchweek 1,Sat,Away,D,4,4,Augsburg,1.7,2.3,44.0,30660.0,Jonas Omlin,4-2-3-1,4-2-2-2,Daniel Schlager,Match Report,,9.0,4.0,17.0,0.0,1.0,1.0,2024,Gladbach
2023-08-19,15:30,Bundesliga,Matchweek 1,Sat,Home,L,1,2,Freiburg,1.4,2.6,50.0,25890.0,Oliver Baumann,3-5-2,4-2-2-2,Sven Jablonski,Match Report,,22.0,4.0,17.6,0.0,0.0,0.0,2024,Hoffenheim
2023-08-19,15:30,Bundesliga,Matchweek 1,Sat,Away,L,0,2,Wolfsburg,1.2,2.2,52.0,22620.0,Patrick Mainka,4-1-3-2,4-3-3,Florian Badstübner,Match Report,,14.0,1.0,16.3,0.0,0.0,0.0,2024,Heidenheim
2023-08-19,15:30,Bundesliga,Matchweek 1,Sat,Home,W,3,2,RB Leipzig,1.4,1.6,44.0,29464.0,Lukáš Hrádecký,3-4-3,4-2-2-2,Felix Brych,Match Report,,11.0,7.0,19.0,0.0,0.0,0.0,2024,Leverkusen
2023-08-19,15:30,Bundesliga,Matchweek 1,Sat,Home,W,5,0,Bochum,3.0,0.8,60.0,53000.0,Waldemar Anton,4-2-3-1,3-4-3,Daniel Siebert,Match Report,,21.0,9.0,16.6,0.0,0.0,0.0,2024,Stuttgart
2023-08-19,15:30,Bundesliga,Matchweek 1,Sat,Away,L,0,5,Stuttgart,0.8,3.0,40.0,53000.0,Anthony Losilla,3-4-3,4-2-3-1,Daniel Siebert,Match Report,,4.0,1.0,11.8,0.0,0.0,0.0,2024,Bochum
2023-08-19,18:30,Bundesliga,Matchweek 1,Sat,Away,L,0,1,Dortmund,1.2,1.8,34.0,81365.0,Florian Kainz,4-2-3-1,4-2-3-1,Deniz Aytekin,Match Report,,11.0,4.0,16.5,0.0,0.0,0.0,2024,Köln
2023-08-20,17:30,Bundesliga,Matchweek 1,Sun,Home,W,1,0,Darmstadt 98,1.5,0.5,61.0,54000.0,Sebastian Rode,3-4-3,3-4-3,Harm Osmers,Match Report,,9.0,3.0,14.0,0.0,0.0,0.0,2024,Eint Frankfurt
2023-08-20,15:30,Bundesliga,Matchweek 1,Sun,Home,W,4,1,Mainz 05,1.9,2.3,47.0,22012.0,Christopher Trimmel,5-3-2,3-4-3,Tobias Stieler,Match Report,,11.0,6.0,14.8,2.0,0.0,0.0,2024,Union Berlin
2023-08-20,17:30,Bundesliga,Matchweek 1,Sun,Away,L,0,1,Eint Frankfurt,0.5,1.5,39.0,54000.0,Fabian Holland,3-4-3,3-4-3,Harm Osmers,Match Report,,10.0,2.0,19.0,0.0,0.0,0.0,2024,Darmstadt 98
2023-08-20,15:30,Bundesliga,Matchweek 1,Sun,Away,L,1,4,Union Berlin,2.3,1.9,53.0,22012.0,Robin Zentner,3-4-3,5-3-2,Tobias Stieler,Match Report,,8.0,1.0,18.5,0.0,0.0,2.0,2024,Mainz 05
2023-08-24,20:00 (19:00),Conf Lg,Play-off round,Thu,Away,D,1,1,bg Levski Sofia,,,,35000.0,Kevin Trapp,3-4-3,4-3-3,Adam Ladebäck,Match Report,Leg 1 of 2,,,,,0.0,0.0,2024,Eint Frankfurt
2023-08-25,20:30,Bundesliga,Matchweek 2,Fri,Home,W,5,1,Stuttgart,1.8,1.1,54.0,46084.0,Willi Orban,4-2-2-2,4-2-3-1,Frank Willenborg,Match Report,,20.0,11.0,20.5,2.0,0.0,0.0,2024,RB Leipzig
2023-08-25,20:30,Bundesliga,Matchweek 2,Fri,Away,L,1,5,RB Leipzig,1.1,1.8,46.0,46084.0,Waldemar Anton,4-2-3-1,4-2-2-2,Frank Willenborg,Match Report,,9.0,3.0,17.1,0.0,0.0,0.0,2024,Stuttgart
2023-08-26,15:30,Bundesliga,Matchweek 2,Sat,Away,W,2,1,Köln,1.7,0.9,50.0,49500.0,Koen Casteels,4-3-3,4-2-3-1,Matthias Jöllenbeck,Match Report,,9.0,6.0,13.7,0.0,0.0,0.0,2024,Wolfsburg
2023-08-26,15:30,Bundesliga,Matchweek 2,Sat,Home,D,1,1,Dortmund,1.0,1.3,36.0,26000.0,Anthony Losilla,3-5-2,4-1-4-1,Robert Schröder,Match Report,,20.0,7.0,17.8,0.0,0.0,0.0,2024,Bochum
2023-08-26,15:30,Bundesliga,Matchweek 2,Sat,Home,W,1,0,Werder Bremen,2.4,1.0,49.0,34700.0,Vincenzo Grifo,4-2-2-2,3-1-4-2,Benjamin Brand,Match Report,,23.0,7.0,15.6,0.0,0.0,0.0,2024,Freiburg
2023-08-26,15:30,Bundesliga,Matchweek 2,Sat,Away,W,3,2,Heidenheim,3.0,2.4,62.0,15000.0,Oliver Baumann,3-4-3,4-4-2,Robert Hartmann,Match Report,,15.0,5.0,18.8,2.0,1.0,1.0,2024,Hoffenheim
2023-08-26,15:30,Bundesliga,Matchweek 2,Sat,Away,W,4,1,Darmstadt 98,1.7,2.3,27.0,17810.0,Danilho Doekhi,3-5-2,3-4-3,Patrick Ittrich,Match Report,,13.0,6.0,15.3,0.0,0.0,0.0,2024,Union Berlin
2023-08-26,15:30,Bundesliga,Matchweek 2,Sat,Home,L,1,2,Wolfsburg,0.9,1.7,50.0,49500.0,Florian Kainz,4-2-3-1,4-3-3,Matthias Jöllenbeck,Match Report,,13.0,2.0,19.9,0.0,0.0,0.0,2024,Köln
2023-08-26,15:30,Bundesliga,Matchweek 2,Sat,Home,L,2,3,Hoffenheim,2.4,3.0,38.0,15000.0,Patrick Mainka,4-4-2,3-4-3,Robert Hartmann,Match Report,,19.0,7.0,18.2,1.0,0.0,1.0,2024,Heidenheim
2023-08-26,15:30,Bundesliga,Matchweek 2,Sat,Away,L,0,1,Freiburg,1.0,2.4,51.0,34700.0,Marco Friedl,3-1-4-2,4-2-2-2,Benjamin Brand,Match Report,,15.0,1.0,19.8,1.0,0.0,0.0,2024,Werder Bremen
2023-08-26,18:30,Bundesliga,Matchweek 2,Sat,Away,W,3,0,Gladbach,2.7,0.9,60.0,54042.0,Lukáš Hrádecký,3-4-3,5-4-1,Christian Dingert,Match Report,,24.0,11.0,15.8,0.0,0.0,0.0,2024,Leverkusen
2023-08-26,15:30,Bundesliga,Matchweek 2,Sat,Away,D,1,1,Bochum,1.3,1.0,64.0,26000.0,Emre Can,4-1-4-1,3-5-2,Robert Schröder,Match Report,,14.0,3.0,15.4,0.0,0.0,0.0,2024,Dortmund
2023-08-26,18:30,Bundesliga,Matchweek 2,Sat,Home,L,0,3,Leverkusen,0.9,2.7,40.0,54042.0,Jonas Omlin,5-4-1,3-4-3,Christian Dingert,Match Report,,12.0,2.0,19.4,0.0,0.0,0.0,2024,Gladbach
2023-08-26,15:30,Bundesliga,Matchweek 2,Sat,Home,L,1,4,Union Berlin,2.3,1.7,73.0,17810.0,Fabian Holland,3-4-3,3-5-2,Patrick Ittrich,Match Report,,21.0,6.0,16.0,0.0,0.0,0.0,2024,Darmstadt 98
2023-08-27,17:30,Bundesliga,Matchweek 2,Sun,Away,L,1,3,Bayern Munich,0.7,2.8,39.0,75000.0,Ermedin Demirović,4-2-2-2,4-2-3-1,Daniel Siebert,Match Report,,10.0,2.0,26.4,0.0,0.0,0.0,2024,Augsburg
2023-08-27,15:30,Bundesliga,Matchweek 2,Sun,Away,D,1,1,Mainz 05,1.1,1.2,60.0,33305.0,Kevin Trapp,3-4-3,3-4-3,Bastian Dankert,Match Report,,7.0,1.0,15.1,1.0,0.0,0.0,2024,Eint Frankfurt
2023-08-27,15:30,Bundesliga,Matchweek 2,Sun,Home,D,1,1,Eint Frankfurt,1.2,1.1,40.0,33305.0,Robin Zentner,3-4-3,3-4-3,Bastian Dankert,Match Report,,12.0,6.0,15.9,2.0,0.0,0.0,2024,Mainz 05
2023-08-27,17:30,Bundesliga,Matchweek 2,Sun,Home,W,3,1,Augsburg,2.8,0.7,61.0,75000.0,Joshua Kimmich,4-2-3-1,4-2-2-2,Daniel Siebert,Match Report,,18.0,4.0,19.0,0.0,1.0,1.0,2024,Bayern Munich
2023-08-31,20:30,Conf Lg,Play-off round,Thu,Home,W,2,0,bg Levski Sofia,,,,46000.0,Kevin Trapp,3-4-3,4-3-3,Allard Lindhout,Match Report,Leg 2 of 2; Eint Frankfurt won,,,,,0.0,0.0,2024,Eint Frankfurt
2023-09-01,20:30,Bundesliga,Matchweek 3,Fri,Home,D,2,2,Heidenheim,3.4,2.1,62.0,81365.0,Emre Can,4-3-3,4-2-3-1,Tobias Reichel,Match Report,,18.0,7.0,18.3,2.0,1.0,1.0,2024,Dortmund
2023-09-01,20:30,Bundesliga,Matchweek 3,Fri,Away,D,2,2,Dortmund,2.1,3.4,38.0,81365.0,Patrick Mainka,4-2-3-1,4-3-3,Tobias Reichel,Match Report,,13.0,5.0,19.6,1.0,1.0,1.0,2024,Heidenheim
2023-09-02,15:30,Bundesliga,Matchweek 3,Sat,Away,L,0,5,Stuttgart,1.0,1.7,52.0,54300.0,Vincenzo Grifo,4-2-3-1,4-2-3-1,Felix Brych,Match Report,,13.0,7.0,13.7,0.0,0.0,0.0,2024,Freiburg
2023-09-02,15:30,Bundesliga,Matchweek 3,Sat,Away,L,1,3,Hoffenheim,1.2,2.0,60.0,17500.0,Maximilian Arnold,4-3-3,3-5-2,Felix Zwayer,Match Report,,13.0,7.0,16.7,1.0,0.0,0.0,2024,Wolfsburg
2023-09-02,15:30,Bundesliga,Matchweek 3,Sat,Away,D,2,2,Augsburg,1.6,1.9,62.0,27424.0,Anthony Losilla,3-5-2,4-2-2-2,Martin Petersen,Match Report,,21.0,8.0,20.6,2.0,0.0,0.0,2024,Bochum
2023-09-02,15:30,Bundesliga,Matchweek 3,Sat,Away,L,1,5,Leverkusen,0.4,2.8,28.0,29653.0,Fabian Holland,3-4-1-2,3-4-3,Sven Jablonski,Match Report,,5.0,1.0,17.8,0.0,0.0,0.0,2024,Darmstadt 98
2023-09-02,15:30,Bundesliga,Matchweek 3,Sat,Away,L,0,4,Werder Bremen,0.5,2.7,55.0,41000.0,Robin Zentner,3-4-3,3-5-2,Robert Schröder,Match Report,,13.0,3.0,18.4,1.0,0.0,0.0,2024,Mainz 05
2023-09-02,18:30,Bundesliga,Matchweek 3,Sat,Away,W,2,1,Gladbach,2.4,0.3,65.0,54042.0,Thomas Müller,4-2-3-1,4-1-4-1,Deniz Aytekin,Match Report,,25.0,7.0,15.0,0.0,0.0,0.0,2024,Bayern Munich
2023-09-02,15:30,Bundesliga,Matchweek 3,Sat,Home,W,5,1,Darmstadt 98,2.8,0.4,72.0,29653.0,Lukáš Hrádecký,3-4-3,3-4-1-2,Sven Jablonski,Match Report,,25.0,13.0,17.3,1.0,0.0,0.0,2024,Leverkusen
2023-09-02,18:30,Bundesliga,Matchweek 3,Sat,Home,L,1,2,Bayern Munich,0.3,2.4,35.0,54042.0,Julian Weigl,4-1-4-1,4-2-3-1,Deniz Aytekin,Match Report,,7.0,3.0,24.5,1.0,0.0,0.0,2024,Gladbach
2023-09-02,15:30,Bundesliga,Matchweek 3,Sat,Home,W,3,1,Wolfsburg,2.0,1.2,40.0,17500.0,Oliver Baumann,3-5-2,4-3-3,Felix Zwayer,Match Report,,10.0,5.0,16.9,1.0,0.0,0.0,2024,Hoffenheim
2023-09-02,15:30,Bundesliga,Matchweek 3,Sat,Home,W,5,0,Freiburg,1.7,1.0,48.0,54300.0,Waldemar Anton,4-2-3-1,4-2-3-1,Felix Brych,Match Report,,13.0,6.0,19.1,0.0,0.0,0.0,2024,Stuttgart
2023-09-02,15:30,Bundesliga,Matchweek 3,Sat,Home,W,4,0,Mainz 05,2.7,0.5,45.0,41000.0,Marco Friedl,3-5-2,3-4-3,Robert Schröder,Match Report,,12.0,5.0,14.7,0.0,1.0,1.0,2024,Werder Bremen
2023-09-02,15:30,Bundesliga,Matchweek 3,Sat,Home,D,2,2,Bochum,1.9,1.6,38.0,27424.0,Ermedin Demirović,4-2-2-2,3-5-2,Martin Petersen,Match Report,,11.0,4.0,13.6,0.0,0.0,0.0,2024,Augsburg
2023-09-03,15:30,Bundesliga,Matchweek 3,Sun,Home,D,1,1,Köln,1.1,0.9,65.0,54000.0,Kevin Trapp,3-4-3,4-1-4-1,Florian Badstübner,Match Report,,13.0,2.0,14.3,0.0,0.0,0.0,2024,Eint Frankfurt
2023-09-03,17:30,Bundesliga,Matchweek 3,Sun,Away,W,3,0,Union Berlin,1.2,0.3,64.0,22012.0,Willi Orban,4-2-2-2,3-4-3,Daniel Schlager,Match Report,,14.0,7.0,20.0,0.0,0.0,0.0,2024,RB Leipzig
2023-09-03,15:30,Bundesliga,Matchweek 3,Sun,Away,D,1,1,Eint Frankfurt,0.9,1.1,35.0,54000.0,Florian Kainz,4-1-4-1,3-4-3,Florian Badstübner,Match Report,,6.0,1.0,25.3,0.0,1.0,1.0,2024,Köln
2023-09-03,17:30,Bundesliga,Matchweek 3,Sun,Home,L,0,3,RB Leipzig,0.3,1.2,36.0,22012.0,Danilho Doekhi,3-4-3,4-2-2-2,Daniel Schlager,Match Report,,3.0,1.0,21.7,1.0,0.0,0.0,2024,Union Berlin
2023-09-15,20:30,Bundesliga,Matchweek 4,Fri,Home,D,2,2,Leverkusen,2.1,2.1,51.0,75000.0,Thomas Müller,4-2-3-1,3-4-3,Daniel Schlager,Match Report,,16.0,9.0,13.1,0.0,0.0,0.0,2024,Bayern Munich
2023-09-15,20:30,Bundesliga,Matchweek 4,Fri,Away,D,2,2,Bayern Munich,2.1,2.1,49.0,75000.0,Lukáš Hrádecký,3-4-3,4-2-3-1,Daniel Schlager,Match Report,,12.0,4.0,20.7,1.0,1.0,1.0,2024,Leverkusen
2023-09-16,15:30,Bundesliga,Matchweek 4,Sat,Away,W,4,2,Freiburg,2.3,1.0,50.0,34700.0,Emre Can,4-3-3,4-2-3-1,Tobias Stieler,Match Report,,15.0,7.0,13.8,0.0,0.0,0.0,2024,Dortmund
2023-09-16,15:30,Bundesliga,Matchweek 4,Sat,Away,W,3,1,Köln,1.0,1.0,44.0,49300.0,Oliver Baumann,3-5-2,4-2-3-1,Daniel Siebert,Match Report,,13.0,5.0,20.6,2.0,0.0,0.0,2024,Hoffenheim
2023-09-16,15:30,Bundesliga,Matchweek 4,Sat,Home,W,2,1,Union Berlin,0.4,1.1,44.0,21917.0,Maximilian Arnold,4-2-3-1,3-5-2,Felix Brych,Match Report,,8.0,3.0,21.4,1.0,0.0,0.0,2024,Wolfsburg
2023-09-16,15:30,Bundesliga,Matchweek 4,Sat,Away,L,0,3,RB Leipzig,1.7,1.1,46.0,44746.0,Ermedin Demirović,3-4-3,4-2-2-2,Sascha Stegemann,Match Report,,16.0,5.0,16.5,0.0,0.0,0.0,2024,Augsburg
2023-09-16,18:30,Bundesliga,Matchweek 4,Sat,Home,D,1,1,Eint Frankfurt,2.0,0.6,49.0,26000.0,Anthony Losilla,3-5-2,3-4-3,Benjamin Brand,Match Report,,21.0,6.0,21.7,1.0,1.0,1.0,2024,Bochum
2023-09-16,18:30,Bundesliga,Matchweek 4,Sat,Away,D,1,1,Bochum,0.6,2.0,51.0,26000.0,Kevin Trapp,3-4-3,3-5-2,Benjamin Brand,Match Report,,8.0,6.0,21.8,0.0,0.0,0.0,2024,Eint Frankfurt
2023-09-16,15:30,Bundesliga,Matchweek 4,Sat,Away,W,3,1,Mainz 05,1.6,0.9,60.0,30500.0,Waldemar Anton,4-2-3-1,3-4-3,Harm Osmers,Match Report,,15.0,6.0,21.5,1.0,0.0,0.0,2024,Stuttgart
2023-09-16,15:30,Bundesliga,Matchweek 4,Sat,Away,L,1,2,Wolfsburg,1.1,0.4,56.0,21917.0,Christopher Trimmel,3-5-2,4-2-3-1,Felix Brych,Match Report,,19.0,6.0,14.8,0.0,0.0,0.0,2024,Union Berlin
2023-09-16,15:30,Bundesliga,Matchweek 4,Sat,Home,W,3,0,Augsburg,1.1,1.7,54.0,44746.0,Kevin Kampl,4-2-2-2,3-4-3,Sascha Stegemann,Match Report,,9.0,6.0,16.3,0.0,0.0,0.0,2024,RB Leipzig
2023-09-16,15:30,Bundesliga,Matchweek 4,Sat,Home,L,1,3,Hoffenheim,1.0,1.0,56.0,49300.0,Florian Kainz,4-2-3-1,3-5-2,Daniel Siebert,Match Report,,18.0,6.0,18.0,0.0,0.0,0.0,2024,Köln
2023-09-16,15:30,Bundesliga,Matchweek 4,Sat,Home,L,1,3,Stuttgart,0.9,1.6,40.0,30500.0,Robin Zentner,3-4-3,4-2-3-1,Harm Osmers,Match Report,,15.0,3.0,17.1,0.0,0.0,0.0,2024,Mainz 05
2023-09-16,15:30,Bundesliga,Matchweek 4,Sat,Home,L,2,4,Dortmund,1.0,2.3,50.0,34700.0,Maximilian Eggestein,4-2-3-1,4-3-3,Tobias Stieler,Match Report,,15.0,4.0,15.8,1.0,0.0,0.0,2024,Freiburg
2023-09-17,17:30,Bundesliga,Matchweek 4,Sun,Away,D,3,3,Darmstadt 98,3.9,1.2,63.0,17810.0,Julian Weigl,4-2-3-1,3-5-2,Timo Gerach,Match Report,,21.0,9.0,16.0,0.0,0.0,1.0,2024,Gladbach
2023-09-17,15:30,Bundesliga,Matchweek 4,Sun,Home,W,4,2,Werder Bremen,2.2,3.0,41.0,15000.0,Patrick Mainka,4-2-3-1,3-5-2,Patrick Ittrich,Match Report,,17.0,4.0,18.2,1.0,1.0,1.0,2024,Heidenheim
2023-09-17,17:30,Bundesliga,Matchweek 4,Sun,Home,D,3,3,Gladbach,1.2,3.9,37.0,17810.0,Fabian Holland,3-5-2,4-2-3-1,Timo Gerach,Match Report,,15.0,8.0,21.6,2.0,0.0,0.0,2024,Darmstadt 98
2023-09-17,15:30,Bundesliga,Matchweek 4,Sun,Away,L,2,4,Heidenheim,3.0,2.2,59.0,15000.0,Marco Friedl,3-5-2,4-2-3-1,Patrick Ittrich,Match Report,,10.0,3.0,15.9,0.0,0.0,1.0,2024,Werder Bremen
2023-09-19,21:00,Champions Lg,Group stage,Tue,Away,L,0,2,fr Paris S-G,0.7,2.4,33.0,47379.0,Emre Can,3-5-2,4-3-3,Jesús Gil,Match Report,,14.0,1.0,19.0,0.0,0.0,0.0,2024,Dortmund
2023-09-19,18:45,Champions Lg,Group stage,Tue,Away,W,3,1,ch Young Boys,2.6,0.5,45.0,31500.0,Kevin Kampl,4-4-2,5-3-2,Enea Jorgji,Match Report,,21.0,8.0,15.1,0.0,0.0,0.0,2024,RB Leipzig
2023-09-20,18:45,Champions Lg,Group stage,Wed,Away,L,0,1,es Real Madrid,0.2,3.7,25.0,65207.0,Sheraldo Becker,3-5-2,4-3-1-2,Espen Eskås,Match Report,,4.0,0.0,12.9,0.0,0.0,0.0,2024,Union Berlin
2023-09-20,21:00,Champions Lg,Group stage,Wed,Home,W,4,3,eng Manchester Utd,2.2,1.7,59.0,75000.0,Joshua Kimmich,4-2-3-1,4-2-3-1,Glenn Nyberg,Match Report,,18.0,8.0,16.6,0.0,1.0,1.0,2024,Bayern Munich
2023-09-21,18:45,Conf Lg,Group stage,Thu,Home,W,2,1,sct Aberdeen,1.2,0.8,77.0,55500.0,Sebastian Rode,3-4-3,5-4-1,Chrysovalantis Theouli,Match Report,,9.0,4.0,21.9,0.0,1.0,1.0,2024,Eint Frankfurt
2023-09-21,18:45,Europa Lg,Group stage,Thu,Home,W,4,0,se Häcken,3.0,0.4,56.0,25402.0,Jonathan Tah,4-4-2,4-3-3,Manfredas Lukjančukas,Match Report,,22.0,10.0,20.2,0.0,0.0,0.0,2024,Leverkusen
2023-09-21,22:00 (21:00),Europa Lg,Group stage,Thu,Away,W,3,2,gr Olympiacos,1.6,2.3,53.0,30056.0,Vincenzo Grifo,4-2-3-1,4-2-3-1,Allard Lindhout,Match Report,,12.0,5.0,17.0,0.0,1.0,1.0,2024,Freiburg
2023-09-22,20:30,Bundesliga,Matchweek 5,Fri,Home,W,3,1,Darmstadt 98,2.3,0.2,58.0,54000.0,Waldemar Anton,4-2-3-1,5-4-1,Matthias Jöllenbeck,Match Report,,18.0,11.0,16.3,0.0,0.0,0.0,2024,Stuttgart
2023-09-22,20:30,Bundesliga,Matchweek 5,Fri,Away,L,1,3,Stuttgart,0.2,2.3,42.0,54000.0,Fabian Holland,5-4-1,4-2-3-1,Matthias Jöllenbeck,Match Report,,4.0,0.0,19.3,0.0,0.0,0.0,2024,Darmstadt 98
2023-09-23,15:30,Bundesliga,Matchweek 5,Sat,Away,L,0,7,Bayern Munich,0.1,4.8,38.0,75000.0,Anthony Losilla,3-5-2,4-2-3-1,Robert Hartmann,Match Report,,4.0,1.0,25.4,0.0,0.0,0.0,2024,Bochum
2023-09-23,15:30,Bundesliga,Matchweek 5,Sat,Home,W,1,0,Wolfsburg,1.7,0.5,63.0,81365.0,Gregor Kobel,3-4-3,4-2-3-1,Sven Jablonski,Match Report,,18.0,4.0,19.4,2.0,0.0,0.0,2024,Dortmund
2023-09-23,18:30,Bundesliga,Matchweek 5,Sat,Away,L,1,2,Werder Bremen,1.3,2.1,53.0,42100.0,Florian Kainz,4-2-3-1,3-1-4-2,Bastian Dankert,Match Report,,14.0,4.0,14.7,1.0,0.0,0.0,2024,Köln
2023-09-23,15:30,Bundesliga,Matchweek 5,Sat,Home,L,0,1,RB Leipzig,0.8,0.7,45.0,50122.0,Julian Weigl,3-5-2,4-4-2,Robert Schröder,Match Report,,14.0,1.0,16.0,1.0,0.0,0.0,2024,Gladbach
2023-09-23,15:30,Bundesliga,Matchweek 5,Sat,Away,W,1,0,Gladbach,0.7,0.8,55.0,50122.0,Kevin Kampl,4-4-2,3-5-2,Robert Schröder,Match Report,,8.0,4.0,17.0,1.0,0.0,0.0,2024,RB Leipzig
2023-09-23,15:30,Bundesliga,Matchweek 5,Sat,Home,L,0,2,Hoffenheim,1.6,2.0,57.0,20000.0,Sheraldo Becker,3-5-2,3-5-2,Deniz Aytekin,Match Report,,22.0,5.0,15.2,0.0,0.0,0.0,2024,Union Berlin
2023-09-23,15:30,Bundesliga,Matchweek 5,Sat,Home,W,2,1,Mainz 05,0.8,0.6,41.0,27310.0,Ermedin Demirović,3-4-3,3-4-3,Marco Fritz,Match Report,,5.0,3.0,20.8,0.0,0.0,0.0,2024,Augsburg
2023-09-23,18:30,Bundesliga,Matchweek 5,Sat,Home,W,2,1,Köln,2.1,1.3,47.0,42100.0,Niklas Stark,3-1-4-2,4-2-3-1,Bastian Dankert,Match Report,,17.0,6.0,17.2,0.0,0.0,0.0,2024,Werder Bremen
2023-09-23,15:30,Bundesliga,Matchweek 5,Sat,Home,W,7,0,Bochum,4.8,0.1,62.0,75000.0,Joshua Kimmich,4-2-3-1,3-5-2,Robert Hartmann,Match Report,,25.0,14.0,14.7,0.0,1.0,1.0,2024,Bayern Munich
2023-09-23,15:30,Bundesliga,Matchweek 5,Sat,Away,L,1,2,Augsburg,0.6,0.8,59.0,27310.0,Robin Zentner,3-4-3,3-4-3,Marco Fritz,Match Report,,12.0,2.0,18.0,0.0,0.0,0.0,2024,Mainz 05
2023-09-23,15:30,Bundesliga,Matchweek 5,Sat,Away,L,0,1,Dortmund,0.5,1.7,37.0,81365.0,Maximilian Arnold,4-2-3-1,3-4-3,Sven Jablonski,Match Report,,7.0,1.0,20.1,0.0,0.0,0.0,2024,Wolfsburg
2023-09-23,15:30,Bundesliga,Matchweek 5,Sat,Away,W,2,0,Union Berlin,2.0,1.6,43.0,20000.0,Oliver Baumann,3-5-2,3-5-2,Deniz Aytekin,Match Report,,10.0,2.0,19.1,2.0,1.0,1.0,2024,Hoffenheim
2023-09-24,15:30,Bundesliga,Matchweek 5,Sun,Away,L,1,4,Leverkusen,0.5,3.4,29.0,29557.0,Patrick Mainka,4-2-3-1,3-4-3,Christian Dingert,Match Report,,2.0,2.0,13.8,0.0,0.0,0.0,2024,Heidenheim
2023-09-24,17:30,Bundesliga,Matchweek 5,Sun,Away,D,0,0,Eint Frankfurt,0.5,0.6,43.0,55800.0,Vincenzo Grifo,3-4-3,3-4-3,Felix Zwayer,Match Report,,7.0,1.0,17.1,0.0,0.0,0.0,2024,Freiburg
2023-09-24,15:30,Bundesliga,Matchweek 5,Sun,Home,W,4,1,Heidenheim,3.4,0.5,71.0,29557.0,Lukáš Hrádecký,3-4-3,4-2-3-1,Christian Dingert,Match Report,,20.0,9.0,16.7,0.0,1.0,1.0,2024,Leverkusen
2023-09-24,17:30,Bundesliga,Matchweek 5,Sun,Home,D,0,0,Freiburg,0.6,0.5,57.0,55800.0,Kevin Trapp,3-4-3,3-4-3,Felix Zwayer,Match Report,,12.0,4.0,16.8,0.0,0.0,0.0,2024,Eint Frankfurt
2023-09-26,20:45,DFB-Pokal,Round of 64,Tue,Away,W,4,0,Preußen Münster,,,72.0,12794.0,Joshua Kimmich,4-1-4-1,5-4-1,Matthias Jöllenbeck,Match Report,,26.0,9.0,,,0.0,0.0,2024,Bayern Munich
2023-09-27,20:45,DFB-Pokal,Round of 64,Wed,Away,W,3,2,Wehen,,,68.0,12000.0,Péter Gulácsi,4-4-2,3-4-3,Robert Hartmann,Match Report,,14.0,8.0,,,0.0,0.0,2024,RB Leipzig
2023-09-29,20:30,Bundesliga,Matchweek 6,Fri,Home,L,1,3,Dortmund,1.9,1.6,53.0,30150.0,Oliver Baumann,3-5-2,4-2-3-1,Florian Badstübner,Match Report,,14.0,2.0,18.7,2.0,1.0,1.0,2024,Hoffenheim
2023-09-29,20:30,Bundesliga,Matchweek 6,Fri,Away,W,3,1,Hoffenheim,1.6,1.9,47.0,30150.0,Gregor Kobel,4-2-3-1,3-5-2,Florian Badstübner,Match Report,,6.0,5.0,13.2,0.0,0.0,0.0,2024,Dortmund
2023-09-30,15:30,Bundesliga,Matchweek 6,Sat,Home,W,2,0,Eint Frankfurt,3.2,1.3,54.0,28323.0,Maximilian Arnold,4-2-3-1,3-4-3,Frank Willenborg,Match Report,,17.0,7.0,16.3,1.0,0.0,1.0,2024,Wolfsburg
2023-09-30,15:30,Bundesliga,Matchweek 6,Sat,Home,W,1,0,Union Berlin,0.8,2.2,50.0,15000.0,Patrick Mainka,4-2-3-1,3-4-3,Sascha Stegemann,Match Report,,10.0,4.0,20.6,1.0,0.0,0.0,2024,Heidenheim
2023-09-30,15:30,Bundesliga,Matchweek 6,Sat,Away,L,0,1,Heidenheim,2.2,0.8,50.0,15000.0,Christopher Trimmel,3-4-3,4-2-3-1,Sascha Stegemann,Match Report,,20.0,8.0,16.9,2.0,0.0,0.0,2024,Union Berlin
2023-09-30,15:30,Bundesliga,Matchweek 6,Sat,Away,L,0,2,Wolfsburg,1.3,3.2,46.0,28323.0,Kevin Trapp,3-4-3,4-2-3-1,Frank Willenborg,Match Report,,8.0,4.0,15.6,0.0,0.0,0.0,2024,Eint Frankfurt
2023-09-30,18:30,Bundesliga,Matchweek 6,Sat,Home,D,2,2,Bayern Munich,0.7,2.3,35.0,47069.0,Kevin Kampl,4-2-2-2,4-2-3-1,Marco Fritz,Match Report,,6.0,2.0,20.1,0.0,0.0,0.0,2024,RB Leipzig
2023-09-30,15:30,Bundesliga,Matchweek 6,Sat,Away,W,3,1,Bochum,2.9,1.7,42.0,26000.0,Julian Weigl,3-5-2,3-5-2,Felix Brych,Match Report,,27.0,8.0,15.3,0.0,0.0,0.0,2024,Gladbach
2023-09-30,15:30,Bundesliga,Matchweek 6,Sat,Home,L,1,3,Gladbach,1.7,2.9,58.0,26000.0,Anthony Losilla,3-5-2,3-5-2,Felix Brych,Match Report,,24.0,4.0,18.5,0.0,0.0,0.0,2024,Bochum
2023-09-30,15:30,Bundesliga,Matchweek 6,Sat,Away,W,2,0,Köln,2.5,0.7,60.0,50000.0,Waldemar Anton,4-2-3-1,4-1-3-2,Tobias Stieler,Match Report,,18.0,4.0,16.2,0.0,0.0,0.0,2024,Stuttgart
2023-09-30,15:30,Bundesliga,Matchweek 6,Sat,Home,L,0,2,Stuttgart,0.7,2.5,40.0,50000.0,Florian Kainz,4-1-3-2,4-2-3-1,Tobias Stieler,Match Report,,14.0,5.0,18.7,0.0,0.0,0.0,2024,Köln
2023-09-30,18:30,Bundesliga,Matchweek 6,Sat,Away,D,2,2,RB Leipzig,2.3,0.7,65.0,47069.0,Joshua Kimmich,4-2-3-1,4-2-2-2,Marco Fritz,Match Report,,10.0,4.0,21.1,1.0,1.0,1.0,2024,Bayern Munich
2023-09-30,15:30,Bundesliga,Matchweek 6,Sat,Home,L,0,3,Leverkusen,0.5,1.1,45.0,33305.0,Robin Zentner,3-4-3,3-4-3,Benjamin Brand,Match Report,,10.0,3.0,18.7,1.0,0.0,0.0,2024,Mainz 05
2023-09-30,15:30,Bundesliga,Matchweek 6,Sat,Away,W,3,0,Mainz 05,1.1,0.5,55.0,33305.0,Lukáš Hrádecký,3-4-3,3-4-3,Benjamin Brand,Match Report,,6.0,3.0,20.6,2.0,0.0,0.0,2024,Leverkusen
2023-10-01,17:30,Bundesliga,Matchweek 6,Sun,Away,L,0,2,Freiburg,0.8,1.0,47.0,33134.0,Ermedin Demirović,3-4-3,3-4-3,Harm Osmers,Match Report,,13.0,3.0,17.5,0.0,0.0,0.0,2024,Augsburg
2023-10-01,15:30,Bundesliga,Matchweek 6,Sun,Away,L,2,4,Darmstadt 98,1.5,2.4,57.0,17810.0,Christian Groß,3-5-2,3-5-2,Martin Petersen,Match Report,,11.0,6.0,16.2,2.0,0.0,0.0,2024,Werder Bremen
2023-10-01,15:30,Bundesliga,Matchweek 6,Sun,Home,W,4,2,Werder Bremen,2.4,1.5,43.0,17810.0,Fabian Holland,3-5-2,3-5-2,Martin Petersen,Match Report,,13.0,4.0,17.0,0.0,1.0,1.0,2024,Darmstadt 98
2023-10-01,17:30,Bundesliga,Matchweek 6,Sun,Home,W,2,0,Augsburg,1.0,0.8,53.0,33134.0,Vincenzo Grifo,3-4-3,3-4-3,Harm Osmers,Match Report,,6.0,2.0,20.1,0.0,1.0,1.0,2024,Freiburg
2023-10-03,21:00,Champions Lg,Group stage,Tue,Away,W,2,1,dk FC Copenhagen,0.9,0.9,57.0,35690.0,Joshua Kimmich,4-2-3-1,4-3-3,Orel Grinfeeld,Match Report,,15.0,5.0,17.5,1.0,0.0,0.0,2024,Bayern Munich
2023-10-03,18:45,Champions Lg,Group stage,Tue,Home,L,2,3,pt Braga,2.0,1.2,37.0,73445.0,Sheraldo Becker,5-3-2,4-2-3-1,Srđan Jovanović,Match Report,,13.0,5.0,16.7,1.0,0.0,0.0,2024,Union Berlin
2023-10-04,21:00,Champions Lg,Group stage,Wed,Home,L,1,3,eng Manchester City,0.5,2.2,32.0,45228.0,Emil Forsberg,4-2-3-1,3-2-4-1,Artur Soares Dias,Match Report,,3.0,1.0,25.2,0.0,0.0,0.0,2024,RB Leipzig
2023-10-04,21:00,Champions Lg,Group stage,Wed,Home,D,0,0,it Milan,1.0,1.6,57.0,81365.0,Emre Can,4-2-3-1,4-3-3,Szymon Marciniak,Match Report,,18.0,3.0,20.2,2.0,0.0,0.0,2024,Dortmund
2023-10-05,21:00,Europa Lg,Group stage,Thu,Away,W,2,1,no Molde,1.7,1.3,62.0,8190.0,Jonathan Tah,3-4-3,5-3-2,Anastasios Papapetrou,Match Report,,12.0,3.0,16.4,1.0,0.0,0.0,2024,Leverkusen
2023-10-05,22:00 (21:00),Conf Lg,Group stage,Thu,Away,L,1,2,gr PAOK,1.5,0.5,55.0,21549.0,Kevin Trapp,4-1-2-1-2◆,4-2-3-1,Simone Sozza,Match Report,,18.0,7.0,18.0,1.0,0.0,0.0,2024,Eint Frankfurt
2023-10-05,18:45,Europa Lg,Group stage,Thu,Home,L,1,2,eng West Ham,1.5,1.0,55.0,34100.0,Vincenzo Grifo,4-4-2,4-2-3-1,Mohammed Al Hakim,Match Report,,11.0,5.0,15.0,0.0,0.0,0.0,2024,Freiburg
2023-10-06,20:30,Bundesliga,Matchweek 7,Fri,Home,D,2,2,Mainz 05,2.3,0.8,60.0,51529.0,Julian Weigl,3-5-2,3-4-3,Sven Jablonski,Match Report,,21.0,9.0,14.6,1.0,0.0,0.0,2024,Gladbach
2023-10-06,20:30,Bundesliga,Matchweek 7,Fri,Away,D,2,2,Gladbach,0.8,2.3,40.0,51529.0,Robin Zentner,3-4-3,3-5-2,Sven Jablonski,Match Report,,14.0,7.0,20.9,0.0,0.0,0.0,2024,Mainz 05
2023-10-07,15:30,Bundesliga,Matchweek 7,Sat,Home,D,0,0,Bochum,2.5,0.4,75.0,44269.0,Kevin Kampl,4-4-2,3-5-2,Timo Gerach,Match Report,,15.0,3.0,21.0,2.0,0.0,2.0,2024,RB Leipzig
2023-10-07,15:30,Bundesliga,Matchweek 7,Sat,Home,W,3,1,Wolfsburg,2.7,1.2,59.0,52000.0,Waldemar Anton,4-2-3-1,4-2-3-1,Daniel Siebert,Match Report,,13.0,7.0,20.6,0.0,1.0,1.0,2024,Stuttgart
2023-10-07,18:30,Bundesliga,Matchweek 7,Sat,Away,W,3,2,Werder Bremen,1.9,0.8,52.0,41000.0,Oliver Baumann,3-5-2,3-1-4-2,Christian Dingert,Match Report,,10.0,4.0,17.2,0.0,0.0,0.0,2024,Hoffenheim
2023-10-07,15:30,Bundesliga,Matchweek 7,Sat,Away,L,2,4,Dortmund,1.4,1.6,34.0,81365.0,Christopher Trimmel,5-3-2,4-2-3-1,Patrick Ittrich,Match Report,,12.0,4.0,18.7,0.0,1.0,1.0,2024,Union Berlin
2023-10-07,15:30,Bundesliga,Matchweek 7,Sat,Away,W,2,1,Augsburg,1.8,0.9,52.0,29200.0,Fabian Holland,3-4-1-2,3-4-3,Deniz Aytekin,Match Report,,16.0,4.0,19.3,0.0,1.0,1.0,2024,Darmstadt 98
2023-10-07,15:30,Bundesliga,Matchweek 7,Sat,Away,L,1,3,Stuttgart,1.2,2.7,41.0,52000.0,Maximilian Arnold,4-2-3-1,4-2-3-1,Daniel Siebert,Match Report,,12.0,5.0,16.3,1.0,0.0,0.0,2024,Wolfsburg
2023-10-07,18:30,Bundesliga,Matchweek 7,Sat,Home,L,2,3,Hoffenheim,0.8,1.9,48.0,41000.0,Marco Friedl,3-1-4-2,3-5-2,Christian Dingert,Match Report,,13.0,3.0,21.0,0.0,0.0,0.0,2024,Werder Bremen
2023-10-07,15:30,Bundesliga,Matchweek 7,Sat,Home,L,1,2,Darmstadt 98,0.9,1.8,48.0,29200.0,Ermedin Demirović,3-4-3,3-4-1-2,Deniz Aytekin,Match Report,,18.0,3.0,19.2,1.0,0.0,0.0,2024,Augsburg
2023-10-07,15:30,Bundesliga,Matchweek 7,Sat,Home,W,4,2,Union Berlin,1.6,1.4,66.0,81365.0,Emre Can,4-2-3-1,5-3-2,Patrick Ittrich,Match Report,,14.0,7.0,16.6,0.0,0.0,0.0,2024,Dortmund
2023-10-07,15:30,Bundesliga,Matchweek 7,Sat,Away,D,0,0,RB Leipzig,0.4,2.5,25.0,44269.0,Anthony Losilla,3-5-2,4-4-2,Timo Gerach,Match Report,,9.0,2.0,19.4,1.0,0.0,0.0,2024,Bochum
2023-10-08,17:30,Bundesliga,Matchweek 7,Sun,Home,W,3,0,Freiburg,2.4,0.1,69.0,75000.0,Thomas Müller,4-2-3-1,4-4-2,Robert Schröder,Match Report,,21.0,6.0,17.7,0.0,0.0,0.0,2024,Bayern Munich
2023-10-08,19:30,Bundesliga,Matchweek 7,Sun,Away,L,0,2,Eint Frankfurt,1.2,1.9,51.0,55800.0,Patrick Mainka,4-2-3-1,3-4-3,Daniel Schlager,Match Report,,7.0,2.0,17.9,0.0,0.0,0.0,2024,Heidenheim
2023-10-08,15:30,Bundesliga,Matchweek 7,Sun,Away,L,0,3,Leverkusen,1.3,3.2,36.0,30210.0,Florian Kainz,4-1-3-2,3-4-3,Felix Zwayer,Match Report,,7.0,3.0,11.3,0.0,0.0,0.0,2024,Köln
2023-10-08,15:30,Bundesliga,Matchweek 7,Sun,Home,W,3,0,Köln,3.2,1.3,64.0,30210.0,Lukáš Hrádecký,3-4-3,4-1-3-2,Felix Zwayer,Match Report,,23.0,10.0,16.6,0.0,0.0,0.0,2024,Leverkusen
2023-10-08,19:30,Bundesliga,Matchweek 7,Sun,Home,W,2,0,Heidenheim,1.9,1.2,49.0,55800.0,Kevin Trapp,3-4-3,4-2-3-1,Daniel Schlager,Match Report,,12.0,6.0,18.7,1.0,0.0,1.0,2024,Eint Frankfurt
2023-10-08,17:30,Bundesliga,Matchweek 7,Sun,Away,L,0,3,Bayern Munich,0.1,2.4,31.0,75000.0,Vincenzo Grifo,4-4-2,4-2-3-1,Robert Schröder,Match Report,,2.0,0.0,16.4,0.0,0.0,0.0,2024,Freiburg
2023-10-20,20:30,Bundesliga,Matchweek 8,Fri,Home,W,1,0,Werder Bremen,2.6,0.4,57.0,81365.0,Emre Can,4-5-1,3-5-2,Felix Brych,Match Report,,23.0,5.0,16.2,0.0,0.0,0.0,2024,Dortmund
2023-10-20,20:30,Bundesliga,Matchweek 8,Fri,Away,L,0,1,Dortmund,0.4,2.6,43.0,81365.0,Marco Friedl,3-5-2,4-5-1,Felix Brych,Match Report,,5.0,1.0,14.8,0.0,0.0,0.0,2024,Werder Bremen
2023-10-21,15:30,Bundesliga,Matchweek 8,Sat,Home,L,1,3,Eint Frankfurt,1.4,2.4,54.0,30150.0,Oliver Baumann,3-5-2,3-4-3,Matthias Jöllenbeck,Match Report,,14.0,4.0,15.3,1.0,0.0,0.0,2024,Hoffenheim
2023-10-21,15:30,Bundesliga,Matchweek 8,Sat,Home,L,1,2,Leverkusen,1.4,1.9,42.0,28917.0,Maximilian Arnold,3-4-3,3-4-3,Marco Fritz,Match Report,,18.0,6.0,20.1,1.0,0.0,0.0,2024,Wolfsburg
2023-10-21,18:30,Bundesliga,Matchweek 8,Sat,Home,L,1,3,Bayern Munich,1.1,1.8,38.0,33305.0,Robin Zentner,3-4-3,4-2-3-1,Sascha Stegemann,Match Report,,16.0,3.0,14.9,0.0,0.0,0.0,2024,Mainz 05
2023-10-21,15:30,Bundesliga,Matchweek 8,Sat,Away,W,3,1,Darmstadt 98,1.9,2.4,43.0,17810.0,Kevin Kampl,4-2-2-2,3-4-1-2,Harm Osmers,Match Report,,10.0,7.0,17.9,3.0,0.0,0.0,2024,RB Leipzig
2023-10-21,15:30,Bundesliga,Matchweek 8,Sat,Away,W,2,1,Wolfsburg,1.9,1.4,58.0,28917.0,Lukáš Hrádecký,3-4-3,3-4-3,Marco Fritz,Match Report,,13.0,7.0,14.1,0.0,0.0,0.0,2024,Leverkusen
2023-10-21,15:30,Bundesliga,Matchweek 8,Sat,Home,W,2,1,Bochum,2.3,1.5,58.0,33900.0,Vincenzo Grifo,3-4-3,3-4-3,Tobias Reichel,Match Report,,16.0,4.0,15.7,1.0,1.0,1.0,2024,Freiburg
2023-10-21,15:30,Bundesliga,Matchweek 8,Sat,Home,L,0,3,Stuttgart,0.6,1.4,43.0,22012.0,Christopher Trimmel,3-5-2,4-2-3-1,Bastian Dankert,Match Report,,9.0,1.0,18.2,0.0,0.0,0.0,2024,Union Berlin
2023-10-21,15:30,Bundesliga,Matchweek 8,Sat,Away,L,1,2,Freiburg,1.5,2.3,42.0,33900.0,Anthony Losilla,3-4-3,3-4-3,Tobias Reichel,Match Report,,13.0,3.0,19.1,0.0,0.0,0.0,2024,Bochum
2023-10-21,18:30,Bundesliga,Matchweek 8,Sat,Away,W,3,1,Mainz 05,1.8,1.1,62.0,33305.0,Joshua Kimmich,4-2-3-1,3-4-3,Sascha Stegemann,Match Report,,13.0,5.0,17.3,0.0,0.0,0.0,2024,Bayern Munich
2023-10-21,15:30,Bundesliga,Matchweek 8,Sat,Away,W,3,1,Hoffenheim,2.4,1.4,46.0,30150.0,Robin Koch,3-4-3,3-5-2,Matthias Jöllenbeck,Match Report,,15.0,5.0,10.8,0.0,0.0,0.0,2024,Eint Frankfurt
2023-10-21,15:30,Bundesliga,Matchweek 8,Sat,Home,L,1,3,RB Leipzig,2.4,1.9,57.0,17810.0,Fabian Holland,3-4-1-2,4-2-2-2,Harm Osmers,Match Report,,17.0,3.0,14.8,0.0,1.0,1.0,2024,Darmstadt 98
2023-10-21,15:30,Bundesliga,Matchweek 8,Sat,Away,W,3,0,Union Berlin,1.4,0.6,57.0,22012.0,Waldemar Anton,4-2-3-1,3-5-2,Bastian Dankert,Match Report,,10.0,5.0,16.9,0.0,0.0,0.0,2024,Stuttgart
2023-10-22,15:30,Bundesliga,Matchweek 8,Sun,Home,W,3,1,Gladbach,2.7,0.3,60.0,50000.0,Florian Kainz,4-2-3-1,3-5-2,Deniz Aytekin,Match Report,,21.0,6.0,19.6,1.0,2.0,2.0,2024,Köln
2023-10-22,17:30,Bundesliga,Matchweek 8,Sun,Away,W,5,2,Heidenheim,2.5,1.5,41.0,15000.0,Ermedin Demirović,4-2-2-2,4-1-4-1,Tobias Stieler,Match Report,,8.0,5.0,16.8,0.0,1.0,1.0,2024,Augsburg
2023-10-22,17:30,Bundesliga,Matchweek 8,Sun,Home,L,2,5,Augsburg,1.5,2.5,59.0,15000.0,Patrick Mainka,4-1-4-1,4-2-2-2,Tobias Stieler,Match Report,,15.0,5.0,14.3,0.0,0.0,0.0,2024,Heidenheim
2023-10-22,15:30,Bundesliga,Matchweek 8,Sun,Away,L,1,3,Köln,0.3,2.7,40.0,50000.0,Julian Weigl,3-5-2,4-2-3-1,Deniz Aytekin,Match Report,,5.0,2.0,21.4,1.0,0.0,0.0,2024,Gladbach
2023-10-24,21:00,Champions Lg,Group stage,Tue,Home,L,0,1,it Napoli,0.4,0.2,41.0,72062.0,Christopher Trimmel,3-1-4-2,4-3-3,Irfan Peljto,Match Report,,11.0,2.0,19.8,0.0,0.0,0.0,2024,Union Berlin
2023-10-24,19:45 (18:45),Champions Lg,Group stage,Tue,Away,W,3,1,tr Galatasaray,1.9,2.7,48.0,51776.0,Joshua Kimmich,4-2-3-1,4-2-3-1,Davide Massa,Match Report,,14.0,6.0,14.9,1.0,0.0,0.0,2024,Bayern Munich
2023-10-25,20:00 (21:00),Champions Lg,Group stage,Wed,Away,W,1,0,eng Newcastle Utd,1.8,1.1,41.0,52024.0,Emre Can,4-3-3,4-3-3,Artur Soares Dias,Match Report,,13.0,5.0,17.4,0.0,0.0,0.0,2024,Dortmund
2023-10-25,21:00,Champions Lg,Group stage,Wed,Home,W,3,1,rs Red Star,3.1,1.0,65.0,42209.0,Kevin Kampl,4-4-2,3-5-2,José Sánchez,Match Report,,27.0,10.0,16.5,2.0,0.0,0.0,2024,RB Leipzig
2023-10-26,18:45,Europa Lg,Group stage,Thu,Away,W,3,1,rs TSC,2.1,0.7,61.0,3400.0,Vincenzo Grifo,3-4-3,3-5-2,Əliyar Ağayev,Match Report,,15.0,4.0,17.7,1.0,1.0,1.0,2024,Freiburg
2023-10-26,21:00,Europa Lg,Group stage,Thu,Home,W,5,1,az Qarabağ,2.5,0.9,61.0,29039.0,Robert Andrich,4-2-3-1,4-2-3-1,Horațiu Fesnic,Match Report,,21.0,10.0,16.4,2.0,0.0,0.0,2024,Leverkusen
2023-10-26,21:00,Conf Lg,Group stage,Thu,Home,W,6,0,fi HJK,3.5,0.5,59.0,55500.0,Robin Koch,3-4-3,3-4-3,Viktor Kopievskii,Match Report,,23.0,9.0,18.3,1.0,1.0,1.0,2024,Eint Frankfurt
2023-10-27,20:30,Bundesliga,Matchweek 9,Fri,Home,D,2,2,Mainz 05,1.4,0.4,50.0,26000.0,Anthony Losilla,3-4-3,3-4-3,Patrick Ittrich,Match Report,,11.0,3.0,19.3,0.0,1.0,1.0,2024,Bochum
2023-10-27,20:30,Bundesliga,Matchweek 9,Fri,Away,D,2,2,Bochum,0.4,1.4,50.0,26000.0,Robin Zentner,3-4-3,3-4-3,Patrick Ittrich,Match Report,,9.0,3.0,19.6,0.0,0.0,0.0,2024,Mainz 05
2023-10-28,18:30,Bundesliga,Matchweek 9,Sat,Away,L,0,6,RB Leipzig,0.9,4.2,38.0,46480.0,Florian Kainz,4-2-3-1,3-4-1-2,Benjamin Brand,Match Report,,6.0,1.0,12.4,1.0,0.0,0.0,2024,Köln
2023-10-28,15:30,Bundesliga,Matchweek 9,Sat,Home,W,8,0,Darmstadt 98,5.8,0.7,54.0,75000.0,Manuel Neuer,4-2-3-1,3-4-1-2,Martin Petersen,Match Report,,29.0,16.0,17.1,3.0,0.0,0.0,2024,Bayern Munich
2023-10-28,15:30,Bundesliga,Matchweek 9,Sat,Home,L,2,3,Hoffenheim,3.6,1.7,73.0,53200.0,Waldemar Anton,4-2-3-1,3-1-4-2,Felix Zwayer,Match Report,,22.0,9.0,18.2,0.0,0.0,1.0,2024,Stuttgart
2023-10-28,15:30,Bundesliga,Matchweek 9,Sat,Home,W,3,2,Wolfsburg,1.4,1.4,40.0,28000.0,Ermedin Demirović,4-2-3-1,4-2-3-1,Daniel Schlager,Match Report,,8.0,5.0,11.4,0.0,0.0,0.0,2024,Augsburg
2023-10-28,15:30,Bundesliga,Matchweek 9,Sat,Away,L,0,2,Werder Bremen,0.6,0.8,44.0,42100.0,Christopher Trimmel,3-5-2,3-5-2,Tobias Stieler,Match Report,,7.0,2.0,18.4,0.0,0.0,0.0,2024,Union Berlin
2023-10-28,18:30,Bundesliga,Matchweek 9,Sat,Home,W,6,0,Köln,4.2,0.9,62.0,46480.0,Lukas Klostermann,3-4-1-2,4-2-3-1,Benjamin Brand,Match Report,,25.0,12.0,18.5,2.0,1.0,1.0,2024,RB Leipzig
2023-10-28,15:30,Bundesliga,Matchweek 9,Sat,Home,W,2,1,Heidenheim,1.0,0.4,53.0,51541.0,Julian Weigl,4-2-3-1,4-2-3-1,Robert Hartmann,Match Report,,13.0,5.0,14.0,0.0,0.0,0.0,2024,Gladbach
2023-10-28,15:30,Bundesliga,Matchweek 9,Sat,Away,W,3,2,Stuttgart,1.7,3.6,27.0,53200.0,Oliver Baumann,3-1-4-2,4-2-3-1,Felix Zwayer,Match Report,,6.0,4.0,20.0,0.0,1.0,1.0,2024,Hoffenheim
2023-10-28,15:30,Bundesliga,Matchweek 9,Sat,Away,L,0,8,Bayern Munich,0.7,5.8,46.0,75000.0,Tobias Kempe,3-4-1-2,4-2-3-1,Martin Petersen,Match Report,,9.0,4.0,19.8,1.0,0.0,0.0,2024,Darmstadt 98
2023-10-28,15:30,Bundesliga,Matchweek 9,Sat,Home,W,2,0,Union Berlin,0.8,0.6,56.0,42100.0,Marco Friedl,3-5-2,3-5-2,Tobias Stieler,Match Report,,10.0,4.0,20.2,0.0,0.0,0.0,2024,Werder Bremen
2023-10-28,15:30,Bundesliga,Matchweek 9,Sat,Away,L,2,3,Augsburg,1.4,1.4,60.0,28000.0,Maximilian Arnold,4-2-3-1,4-2-3-1,Daniel Schlager,Match Report,,12.0,5.0,20.9,0.0,1.0,1.0,2024,Wolfsburg
2023-10-28,15:30,Bundesliga,Matchweek 9,Sat,Away,L,1,2,Gladbach,0.4,1.0,47.0,51541.0,Patrick Mainka,4-2-3-1,4-2-3-1,Robert Hartmann,Match Report,,9.0,4.0,18.0,0.0,0.0,0.0,2024,Heidenheim
2023-10-29,15:30,Bundesliga,Matchweek 9,Sun,Away,D,3,3,Eint Frankfurt,2.2,2.2,59.0,56500.0,Gregor Kobel,4-2-3-1,3-4-3,Robert Schröder,Match Report,,14.0,4.0,14.5,0.0,0.0,0.0,2024,Dortmund
2023-10-29,17:30,Bundesliga,Matchweek 9,Sun,Home,W,2,1,Freiburg,1.4,0.9,70.0,30210.0,Lukáš Hrádecký,3-4-3,4-1-4-1,Daniel Siebert,Match Report,,18.0,4.0,20.5,1.0,0.0,0.0,2024,Leverkusen
2023-10-29,15:30,Bundesliga,Matchweek 9,Sun,Home,D,3,3,Dortmund,2.2,2.2,41.0,56500.0,Kevin Trapp,3-4-3,4-2-3-1,Robert Schröder,Match Report,,11.0,6.0,14.7,0.0,1.0,1.0,2024,Eint Frankfurt
2023-10-29,17:30,Bundesliga,Matchweek 9,Sun,Away,L,1,2,Leverkusen,0.9,1.4,30.0,30210.0,Vincenzo Grifo,4-1-4-1,3-4-3,Daniel Siebert,Match Report,,10.0,3.0,15.4,0.0,0.0,0.0,2024,Freiburg
2023-10-31,18:00,DFB-Pokal,Round of 32,Tue,Away,L,0,1,Wolfsburg,,,66.0,16031.0,Péter Gulácsi,4-4-2,3-4-3,Florian Badstübner,Match Report,,11.0,1.0,,,0.0,0.0,2024,RB Leipzig
2023-10-31,20:45,DFB-Pokal,Round of 32,Tue,Home,W,3,1,Heidenheim,,,48.0,41660.0,Julian Weigl,4-2-3-1,4-1-3-2,Timo Gerach,Match Report,,14.0,4.0,,,0.0,0.0,2024,Gladbach
2023-10-31,18:00,DFB-Pokal,Round of 32,Tue,Home,W,1,0,RB Leipzig,,,34.0,16031.0,Maxence Lacroix,3-4-3,4-4-2,Florian Badstübner,Match Report,,12.0,5.0,,,0.0,0.0,2024,Wolfsburg
2023-10-31,18:00,DFB-Pokal,Round of 32,Tue,Home,W,1,0,Union Berlin,,,62.0,52000.0,Waldemar Anton,4-2-3-1,4-2-3-1,Sascha Stegemann,Match Report,,16.0,3.0,,,0.0,0.0,2024,Stuttgart
2023-10-31,18:00,DFB-Pokal,Round of 32,Tue,Away,L,0,1,Stuttgart,,,38.0,52000.0,Christopher Trimmel,4-2-3-1,4-2-3-1,Sascha Stegemann,Match Report,,7.0,0.0,,,0.0,0.0,2024,Union Berlin
2023-10-31,20:45,DFB-Pokal,Round of 32,Tue,Away,L,1,3,Gladbach,,,52.0,41660.0,Patrick Mainka,4-1-3-2,4-2-3-1,Timo Gerach,Match Report,,5.0,1.0,,,0.0,0.0,2024,Heidenheim
2023-10-31,20:45,DFB-Pokal,Round of 32,Tue,Away,L,2,3,Kaiserslautern,,,73.0,49327.0,Florian Kainz,4-2-3-1,3-4-3,Sven Jablonski,Match Report,,13.0,3.0,,,0.0,0.0,2024,Köln
2023-11-01,20:45,DFB-Pokal,Round of 32,Wed,Away,L,0,3,Hertha BSC,,,57.0,29621.0,Robin Zentner,4-4-2,4-2-3-1,Matthias Jöllenbeck,Match Report,,9.0,1.0,,,0.0,0.0,2024,Mainz 05
2023-11-01,18:00,DFB-Pokal,Round of 32,Wed,Home,L,1,3,Paderborn 07,,,65.0,31500.0,Vincenzo Grifo,3-4-3,3-3-3-1,Christian Dingert,Match Report,,20.0,9.0,,,0.0,0.0,2024,Freiburg
2023-11-01,18:00,DFB-Pokal,Round of 32,Wed,Away,W,5,2,Sandhausen,,,73.0,10222.0,Jonathan Tah,4-2-3-1,4-2-3-1,Richard Hempel,Match Report,,30.0,11.0,,,1.0,1.0,2024,Leverkusen
2023-11-01,20:45,DFB-Pokal,Round of 32,Wed,Away,W,2,0,Viktoria Köln,,,56.0,8343.0,Makoto Hasebe,3-4-3,3-4-3,Max Burda,Match Report,,12.0,7.0,,,0.0,0.0,2024,Eint Frankfurt
2023-11-01,18:00,DFB-Pokal,Round of 32,Wed,Away,L,0,1,Dortmund,,,46.0,81365.0,Oliver Baumann,3-4-1-2,4-1-4-1,Harm Osmers,Match Report,,6.0,3.0,,,0.0,0.0,2024,Hoffenheim
2023-11-01,18:00,DFB-Pokal,Round of 32,Wed,Home,W,1,0,Hoffenheim,,,54.0,81365.0,Gregor Kobel,4-1-4-1,3-4-1-2,Harm Osmers,Match Report,,22.0,7.0,,,0.0,0.0,2024,Dortmund
2023-11-01,20:45,DFB-Pokal,Round of 32,Wed,Away,L,1,2,Saarbrücken,,,75.0,16003.0,Manuel Neuer,4-2-3-1,3-1-4-2,Frank Willenborg,Match Report,,18.0,7.0,,,0.0,0.0,2024,Bayern Munich
2023-11-03,20:30,Bundesliga,Matchweek 10,Fri,Home,L,1,2,Bochum,0.7,1.2,58.0,17810.0,Fabian Holland,3-4-1-2,4-3-3,Marco Fritz,Match Report,,15.0,4.0,20.7,1.0,0.0,0.0,2024,Darmstadt 98
2023-11-03,20:30,Bundesliga,Matchweek 10,Fri,Away,W,2,1,Darmstadt 98,1.2,0.7,42.0,17810.0,Anthony Losilla,4-3-3,3-4-1-2,Marco Fritz,Match Report,,9.0,4.0,19.7,1.0,0.0,0.0,2024,Bochum
2023-11-04,15:30,Bundesliga,Matchweek 10,Sat,Home,D,3,3,Gladbach,3.3,2.2,59.0,34700.0,Vincenzo Grifo,4-4-2,4-4-1-1,Felix Brych,Match Report,,15.0,7.0,14.4,0.0,1.0,1.0,2024,Freiburg
2023-11-04,15:30,Bundesliga,Matchweek 10,Sat,Away,W,3,2,Hoffenheim,1.0,1.7,53.0,30150.0,Lukáš Hrádecký,3-4-3,3-5-2,Frank Willenborg,Match Report,,9.0,5.0,17.8,0.0,0.0,0.0,2024,Leverkusen
2023-11-04,15:30,Bundesliga,Matchweek 10,Sat,Away,D,1,1,Köln,2.6,2.0,41.0,49300.0,Ermedin Demirović,4-2-3-1,4-2-3-1,Christian Dingert,Match Report,,18.0,2.0,15.4,1.0,0.0,0.0,2024,Augsburg
2023-11-04,15:30,Bundesliga,Matchweek 10,Sat,Home,W,2,0,RB Leipzig,0.9,0.5,33.0,30100.0,Robin Zentner,3-4-3,3-4-3,Bastian Dankert,Match Report,,10.0,3.0,17.6,0.0,0.0,0.0,2024,Mainz 05
2023-11-04,15:30,Bundesliga,Matchweek 10,Sat,Away,D,3,3,Freiburg,2.2,3.3,41.0,34700.0,Julian Weigl,4-4-1-1,4-4-2,Felix Brych,Match Report,,9.0,4.0,24.0,0.0,1.0,1.0,2024,Gladbach
2023-11-04,15:30,Bundesliga,Matchweek 10,Sat,Away,W,3,0,Union Berlin,1.6,0.7,50.0,22012.0,Kevin Trapp,3-4-3,5-4-1,Sven Jablonski,Match Report,,4.0,3.0,9.6,0.0,0.0,0.0,2024,Eint Frankfurt
2023-11-04,18:30,Bundesliga,Matchweek 10,Sat,Home,L,0,4,Bayern Munich,1.0,3.2,49.0,81365.0,Gregor Kobel,4-2-3-1,4-2-3-1,Deniz Aytekin,Match Report,,15.0,1.0,20.2,1.0,0.0,0.0,2024,Dortmund
2023-11-04,18:30,Bundesliga,Matchweek 10,Sat,Away,W,4,0,Dortmund,3.2,1.0,51.0,81365.0,Manuel Neuer,4-2-3-1,4-2-3-1,Deniz Aytekin,Match Report,,14.0,8.0,12.2,0.0,0.0,0.0,2024,Bayern Munich
2023-11-04,15:30,Bundesliga,Matchweek 10,Sat,Home,L,2,3,Leverkusen,1.7,1.0,47.0,30150.0,Oliver Baumann,3-5-2,3-4-3,Frank Willenborg,Match Report,,12.0,7.0,20.8,0.0,0.0,0.0,2024,Hoffenheim
2023-11-04,15:30,Bundesliga,Matchweek 10,Sat,Home,D,1,1,Augsburg,2.0,2.6,59.0,49300.0,Florian Kainz,4-2-3-1,4-2-3-1,Christian Dingert,Match Report,,26.0,11.0,17.7,1.0,0.0,0.0,2024,Köln
2023-11-04,15:30,Bundesliga,Matchweek 10,Sat,Home,L,0,3,Eint Frankfurt,0.7,1.6,50.0,22012.0,Christopher Trimmel,5-4-1,3-4-3,Sven Jablonski,Match Report,,11.0,3.0,18.5,0.0,0.0,0.0,2024,Union Berlin
2023-11-04,15:30,Bundesliga,Matchweek 10,Sat,Away,L,0,2,Mainz 05,0.5,0.9,67.0,30100.0,Kevin Kampl,3-4-3,3-4-3,Bastian Dankert,Match Report,,10.0,1.0,18.1,0.0,0.0,0.0,2024,RB Leipzig
2023-11-05,15:30,Bundesliga,Matchweek 10,Sun,Away,D,2,2,Wolfsburg,1.2,1.6,44.0,28917.0,Marco Friedl,3-5-2,3-4-3,Tobias Reichel,Match Report,,13.0,4.0,14.0,1.0,0.0,0.0,2024,Werder Bremen
2023-11-05,17:30,Bundesliga,Matchweek 10,Sun,Home,W,2,0,Stuttgart,1.2,2.6,32.0,15000.0,Patrick Mainka,4-2-3-1,4-2-3-1,Florian Badstübner,Match Report,,19.0,3.0,19.0,1.0,0.0,0.0,2024,Heidenheim
2023-11-05,17:30,Bundesliga,Matchweek 10,Sun,Away,L,0,2,Heidenheim,2.6,1.2,68.0,15000.0,Waldemar Anton,4-2-3-1,4-2-3-1,Florian Badstübner,Match Report,,16.0,1.0,16.4,2.0,0.0,1.0,2024,Stuttgart
2023-11-05,15:30,Bundesliga,Matchweek 10,Sun,Home,D,2,2,Werder Bremen,1.6,1.2,56.0,28917.0,Maxence Lacroix,3-4-3,3-5-2,Tobias Reichel,Match Report,,14.0,4.0,17.8,1.0,0.0,0.0,2024,Wolfsburg
2023-11-07,18:45,Champions Lg,Group stage,Tue,Home,W,2,0,eng Newcastle Utd,1.4,0.6,46.0,81365.0,Gregor Kobel,4-2-3-1,4-3-3,Alejandro Hernández,Match Report,,17.0,8.0,19.6,0.0,0.0,0.0,2024,Dortmund
2023-11-07,21:00,Champions Lg,Group stage,Tue,Away,W,2,1,rs Red Star,2.3,1.5,50.0,41961.0,Emil Forsberg,4-4-2,5-3-2,Daniele Orsato,Match Report,,24.0,4.0,20.4,0.0,0.0,0.0,2024,RB Leipzig
2023-11-08,21:00,Champions Lg,Group stage,Wed,Home,W,2,1,tr Galatasaray,2.5,0.7,61.0,75000.0,Manuel Neuer,4-2-3-1,4-2-3-1,António Nobre,Match Report,,16.0,4.0,13.6,0.0,0.0,0.0,2024,Bayern Munich
2023-11-08,18:45,Champions Lg,Group stage,Wed,Away,D,1,1,it Napoli,1.1,1.7,27.0,42449.0,Rani Khedira,3-5-2,4-3-3,Danny Makkelie,Match Report,,15.0,6.0,19.9,1.0,0.0,0.0,2024,Union Berlin
2023-11-09,21:00,Europa Lg,Group stage,Thu,Home,W,5,0,rs TSC,3.7,0.2,63.0,31700.0,Vincenzo Grifo,3-4-3,5-3-2,Rohit Saggi,Match Report,,29.0,10.0,14.5,0.0,0.0,0.0,2024,Freiburg
2023-11-09,21:45 (18:45),Europa Lg,Group stage,Thu,Away,W,1,0,az Qarabağ,1.7,0.9,62.0,30055.0,Jonathan Tah,3-4-3,4-1-4-1,Craig Pawson,Match Report,,10.0,2.0,19.7,0.0,1.0,1.0,2024,Leverkusen
2023-11-09,19:45 (18:45),Conf Lg,Group stage,Thu,Away,W,1,0,fi HJK,2.0,0.8,56.0,10121.0,Kevin Trapp,4-2-3-1,4-5-1,Pierre Gaillouste,Match Report,,16.0,7.0,11.2,0.0,0.0,0.0,2024,Eint Frankfurt
2023-11-10,20:30,Bundesliga,Matchweek 11,Fri,Away,L,0,4,Gladbach,0.5,1.5,53.0,45308.0,Maximilian Arnold,4-4-2,3-5-2,Felix Zwayer,Match Report,,12.0,4.0,20.6,1.0,0.0,0.0,2024,Wolfsburg
2023-11-10,20:30,Bundesliga,Matchweek 11,Fri,Home,W,4,0,Wolfsburg,1.5,0.5,47.0,45308.0,Julian Weigl,3-5-2,4-4-2,Felix Zwayer,Match Report,,15.0,8.0,16.4,0.0,0.0,0.0,2024,Gladbach
2023-11-11,15:30,Bundesliga,Matchweek 11,Sat,Away,L,1,2,Stuttgart,1.0,4.2,41.0,55000.0,Gregor Kobel,4-3-3,4-2-2-2,Tobias Stieler,Match Report,,5.0,1.0,20.9,0.0,0.0,0.0,2024,Dortmund
2023-11-11,18:30,Bundesliga,Matchweek 11,Sat,Home,D,1,1,Köln,3.7,0.9,52.0,26000.0,Kevin Stöger,4-3-3,4-2-3-1,Matthias Jöllenbeck,Match Report,,25.0,9.0,16.8,1.0,0.0,0.0,2024,Bochum
2023-11-11,15:30,Bundesliga,Matchweek 11,Sat,Home,D,0,0,Mainz 05,0.5,0.7,56.0,17810.0,Marcel Schuhen,3-5-2,3-4-3,Daniel Siebert,Match Report,,10.0,3.0,20.4,0.0,0.0,0.0,2024,Darmstadt 98
2023-11-11,15:30,Bundesliga,Matchweek 11,Sat,Home,W,2,1,Dortmund,4.2,1.0,59.0,55000.0,Waldemar Anton,4-2-2-2,4-3-3,Tobias Stieler,Match Report,,20.0,8.0,14.8,0.0,1.0,2.0,2024,Stuttgart
2023-11-11,15:30,Bundesliga,Matchweek 11,Sat,Away,L,2,4,Bayern Munich,0.9,2.0,28.0,75000.0,Patrick Mainka,4-1-4-1,4-2-3-1,Harm Osmers,Match Report,,8.0,2.0,12.3,0.0,0.0,0.0,2024,Heidenheim
2023-11-11,15:30,Bundesliga,Matchweek 11,Sat,Home,D,1,1,Hoffenheim,1.0,0.8,34.0,28260.0,Ermedin Demirović,4-2-3-1,3-1-4-2,Felix Brych,Match Report,,11.0,6.0,11.7,0.0,0.0,0.0,2024,Augsburg
2023-11-11,15:30,Bundesliga,Matchweek 11,Sat,Away,D,0,0,Darmstadt 98,0.7,0.5,44.0,17810.0,Robin Zentner,3-4-3,3-5-2,Daniel Siebert,Match Report,,11.0,1.0,18.5,0.0,0.0,0.0,2024,Mainz 05
2023-11-11,18:30,Bundesliga,Matchweek 11,Sat,Away,D,1,1,Bochum,0.9,3.7,48.0,26000.0,Florian Kainz,4-2-3-1,4-3-3,Matthias Jöllenbeck,Match Report,,11.0,6.0,14.4,0.0,0.0,0.0,2024,Köln
2023-11-11,15:30,Bundesliga,Matchweek 11,Sat,Away,D,1,1,Augsburg,0.8,1.0,66.0,28260.0,Oliver Baumann,3-1-4-2,4-2-3-1,Felix Brych,Match Report,,12.0,6.0,17.0,0.0,0.0,0.0,2024,Hoffenheim
2023-11-11,15:30,Bundesliga,Matchweek 11,Sat,Home,W,4,2,Heidenheim,2.0,0.9,72.0,75000.0,Manuel Neuer,4-2-3-1,4-1-4-1,Harm Osmers,Match Report,,19.0,8.0,13.8,0.0,0.0,0.0,2024,Bayern Munich
2023-11-12,17:30,Bundesliga,Matchweek 11,Sun,Away,D,2,2,Werder Bremen,2.0,1.5,51.0,42100.0,Kevin Trapp,3-4-3,3-5-2,Benjamin Brand,Match Report,,14.0,3.0,17.3,0.0,0.0,0.0,2024,Eint Frankfurt
2023-11-12,19:30,Bundesliga,Matchweek 11,Sun,Away,L,1,3,RB Leipzig,0.5,1.9,39.0,41117.0,Vincenzo Grifo,3-4-3,4-4-2,Patrick Ittrich,Match Report,,9.0,3.0,16.1,0.0,0.0,0.0,2024,Freiburg
2023-11-12,19:30,Bundesliga,Matchweek 11,Sun,Home,W,3,1,Freiburg,1.9,0.5,61.0,41117.0,Emil Forsberg,4-4-2,3-4-3,Patrick Ittrich,Match Report,,14.0,5.0,18.1,0.0,1.0,1.0,2024,RB Leipzig
2023-11-12,17:30,Bundesliga,Matchweek 11,Sun,Home,D,2,2,Eint Frankfurt,1.5,2.0,49.0,42100.0,Marco Friedl,3-5-2,3-4-3,Benjamin Brand,Match Report,,12.0,4.0,21.8,1.0,1.0,1.0,2024,Werder Bremen
2023-11-12,15:30,Bundesliga,Matchweek 11,Sun,Home,W,4,0,Union Berlin,2.4,0.0,69.0,29387.0,Lukáš Hrádecký,3-4-3,3-4-3,Timo Gerach,Match Report,,18.0,10.0,15.6,1.0,0.0,0.0,2024,Leverkusen
2023-11-12,15:30,Bundesliga,Matchweek 11,Sun,Away,L,0,4,Leverkusen,0.0,2.4,31.0,29387.0,Sheraldo Becker,3-4-3,3-4-3,Timo Gerach,Match Report,,2.0,2.0,20.4,0.0,0.0,0.0,2024,Union Berlin
2023-11-24,20:30,Bundesliga,Matchweek 12,Fri,Home,L,0,1,Bayern Munich,0.2,3.5,32.0,50000.0,Florian Kainz,3-4-1-2,4-2-3-1,Marco Fritz,Match Report,,6.0,1.0,21.8,0.0,0.0,0.0,2024,Köln
2023-11-24,20:30,Bundesliga,Matchweek 12,Fri,Away,W,1,0,Köln,3.5,0.2,68.0,50000.0,Manuel Neuer,4-2-3-1,3-4-1-2,Marco Fritz,Match Report,,21.0,4.0,12.7,0.0,0.0,0.0,2024,Bayern Munich
2023-11-25,18:30,Bundesliga,Matchweek 12,Sat,Home,L,1,2,Stuttgart,0.9,2.3,57.0,58000.0,Kevin Trapp,4-4-1-1,4-4-2,Felix Brych,Match Report,,14.0,1.0,20.3,0.0,0.0,0.0,2024,Eint Frankfurt
2023-11-25,15:30,Bundesliga,Matchweek 12,Sat,Away,L,2,4,Dortmund,1.0,3.2,49.0,81365.0,Julian Weigl,3-5-2,4-2-3-1,Sven Jablonski,Match Report,,10.0,3.0,16.1,0.0,0.0,0.0,2024,Gladbach
2023-11-25,15:30,Bundesliga,Matchweek 12,Sat,Home,D,1,1,Darmstadt 98,1.6,0.4,66.0,34300.0,Vincenzo Grifo,3-4-3,3-4-3,Sascha Stegemann,Match Report,,15.0,3.0,18.6,1.0,0.0,0.0,2024,Freiburg
2023-11-25,15:30,Bundesliga,Matchweek 12,Sat,Away,L,1,2,Wolfsburg,2.7,0.9,64.0,25350.0,Yussuf Poulsen,4-2-2-2,3-4-3,Robert Hartmann,Match Report,,25.0,9.0,15.3,0.0,0.0,0.0,2024,RB Leipzig
2023-11-25,15:30,Bundesliga,Matchweek 12,Sat,Away,D,1,1,Freiburg,0.4,1.6,34.0,34300.0,Fabian Holland,3-4-3,3-4-3,Sascha Stegemann,Match Report,,7.0,1.0,19.7,0.0,0.0,0.0,2024,Darmstadt 98
2023-11-25,15:30,Bundesliga,Matchweek 12,Sat,Away,D,1,1,Union Berlin,1.7,2.1,39.0,22012.0,Ermedin Demirović,4-2-3-1,3-4-3,Florian Badstübner,Match Report,,10.0,1.0,18.6,1.0,1.0,1.0,2024,Augsburg
2023-11-25,15:30,Bundesliga,Matchweek 12,Sat,Away,W,3,0,Werder Bremen,1.0,0.2,59.0,42100.0,Lukáš Hrádecký,3-4-3,3-5-2,Martin Petersen,Match Report,,14.0,4.0,16.8,0.0,0.0,0.0,2024,Leverkusen
2023-11-25,18:30,Bundesliga,Matchweek 12,Sat,Away,W,2,1,Eint Frankfurt,2.3,0.9,43.0,58000.0,Waldemar Anton,4-4-2,4-4-1-1,Felix Brych,Match Report,,11.0,4.0,17.3,0.0,0.0,0.0,2024,Stuttgart
2023-11-25,15:30,Bundesliga,Matchweek 12,Sat,Home,D,1,1,Augsburg,2.1,1.7,61.0,22012.0,Christopher Trimmel,3-4-3,4-2-3-1,Florian Badstübner,Match Report,,14.0,5.0,17.3,0.0,0.0,1.0,2024,Union Berlin
2023-11-25,15:30,Bundesliga,Matchweek 12,Sat,Home,L,0,3,Leverkusen,0.2,1.0,41.0,42100.0,Marco Friedl,3-5-2,3-4-3,Martin Petersen,Match Report,,2.0,1.0,12.1,0.0,0.0,0.0,2024,Werder Bremen
2023-11-25,15:30,Bundesliga,Matchweek 12,Sat,Home,W,4,2,Gladbach,3.2,1.0,51.0,81365.0,Emre Can,4-2-3-1,3-5-2,Sven Jablonski,Match Report,,23.0,13.0,15.2,2.0,0.0,0.0,2024,Dortmund
2023-11-25,15:30,Bundesliga,Matchweek 12,Sat,Home,W,2,1,RB Leipzig,0.9,2.7,36.0,25350.0,Koen Casteels,3-4-3,4-2-2-2,Robert Hartmann,Match Report,,10.0,4.0,17.9,0.0,0.0,0.0,2024,Wolfsburg
2023-11-26,17:30,Bundesliga,Matchweek 12,Sun,Away,D,1,1,Hoffenheim,1.8,1.2,47.0,22000.0,Silvan Widmer,4-2-3-1,3-1-4-2,Deniz Aytekin,Match Report,,13.0,4.0,22.3,2.0,0.0,1.0,2024,Mainz 05
2023-11-26,15:30,Bundesliga,Matchweek 12,Sun,Away,D,0,0,Heidenheim,0.4,0.8,51.0,15000.0,Anthony Losilla,4-3-3,4-1-4-1,Felix Zwayer,Match Report,,10.0,2.0,21.8,0.0,0.0,0.0,2024,Bochum
2023-11-26,17:30,Bundesliga,Matchweek 12,Sun,Home,D,1,1,Mainz 05,1.2,1.8,53.0,22000.0,Oliver Baumann,3-1-4-2,4-2-3-1,Deniz Aytekin,Match Report,,15.0,4.0,17.7,0.0,0.0,0.0,2024,Hoffenheim
2023-11-26,15:30,Bundesliga,Matchweek 12,Sun,Home,D,0,0,Bochum,0.8,0.4,49.0,15000.0,Patrick Mainka,4-1-4-1,4-3-3,Felix Zwayer,Match Report,,9.0,3.0,17.6,0.0,0.0,0.0,2024,Heidenheim
2023-11-28,21:00,Champions Lg,Group stage,Tue,Away,W,3,1,it Milan,1.8,2.1,46.0,75292.0,Emre Can,4-2-3-1,4-2-3-1,István Kovács,Match Report,,11.0,3.0,18.7,0.0,1.0,1.0,2024,Dortmund
2023-11-28,20:00 (21:00),Champions Lg,Group stage,Tue,Away,L,2,3,eng Manchester City,0.5,1.8,30.0,51402.0,Emil Forsberg,5-4-1,3-2-4-1,Glenn Nyberg,Match Report,,5.0,3.0,21.2,0.0,0.0,0.0,2024,RB Leipzig
2023-11-29,20:00 (21:00),Champions Lg,Group stage,Wed,Away,D,1,1,pt Braga,0.8,1.8,47.0,15855.0,Rani Khedira,4-1-4-1,4-2-3-1,Clément Turpin,Match Report,,6.0,2.0,12.8,0.0,0.0,0.0,2024,Union Berlin
2023-11-29,21:00,Champions Lg,Group stage,Wed,Home,D,0,0,dk FC Copenhagen,0.7,0.7,62.0,75000.0,Manuel Neuer,4-2-3-1,4-3-2-1,Stéphanie Frappart,Match Report,,9.0,2.0,16.7,1.0,0.0,0.0,2024,Bayern Munich
2023-11-30,21:00,Europa Lg,Group stage,Thu,Away,W,2,0,se Häcken,1.7,1.3,54.0,11234.0,Jonathan Tah,4-2-3-1,4-3-3,Julian Weinberger,Match Report,,10.0,5.0,16.4,0.0,0.0,0.0,2024,Leverkusen
2023-11-30,21:00,Conf Lg,Group stage,Thu,Home,L,1,2,gr PAOK,1.7,1.8,62.0,58000.0,Kevin Trapp,3-4-3,4-2-3-1,Damian Sylwestrzak,Match Report,,21.0,7.0,15.3,0.0,0.0,0.0,2024,Eint Frankfurt
2023-11-30,18:45,Europa Lg,Group stage,Thu,Home,W,5,0,gr Olympiacos,1.4,0.7,54.0,34000.0,Vincenzo Grifo,4-4-2,4-2-3-1,Irfan Peljto,Match Report,,12.0,6.0,15.8,0.0,0.0,0.0,2024,Freiburg
2023-12-01,20:30,Bundesliga,Matchweek 13,Fri,Home,L,0,1,Köln,0.7,1.5,45.0,17810.0,Fabian Holland,4-3-3,4-2-3-1,Patrick Ittrich,Match Report,,11.0,2.0,20.6,2.0,0.0,0.0,2024,Darmstadt 98
2023-12-01,20:30,Bundesliga,Matchweek 13,Fri,Away,W,1,0,Darmstadt 98,1.5,0.7,55.0,17810.0,Florian Kainz,4-2-3-1,4-3-3,Patrick Ittrich,Match Report,,12.0,6.0,19.0,1.0,0.0,0.0,2024,Köln
2023-12-02,15:30,Bundesliga,Matchweek 13,Sat,Home,W,2,1,Hoffenheim,1.6,1.4,49.0,49341.0,Florian Neuhaus,3-5-1-1,3-1-4-2,Tobias Reichel,Match Report,,8.0,2.0,21.9,0.0,1.0,1.0,2024,Gladbach
2023-12-02,15:30,Bundesliga,Matchweek 13,Sat,Away,L,1,2,Gladbach,1.4,1.6,51.0,49341.0,Oliver Baumann,3-1-4-2,3-5-1-1,Tobias Reichel,Match Report,,19.0,5.0,18.0,0.0,0.0,0.0,2024,Hoffenheim
2023-12-02,15:30,Bundesliga,Matchweek 13,Sat,Home,W,3,1,Wolfsburg,1.5,1.3,44.0,24350.0,Anthony Losilla,4-2-3-1,3-4-3,Robert Schröder,Match Report,,20.0,8.0,17.4,0.0,0.0,0.0,2024,Bochum
2023-12-02,18:30,Bundesliga,Matchweek 13,Sat,Away,L,0,2,Stuttgart,0.8,3.5,42.0,54500.0,Marco Friedl,3-5-2,4-2-2-2,Bastian Dankert,Match Report,,12.0,3.0,15.2,0.0,0.0,0.0,2024,Werder Bremen
2023-12-02,15:30,Bundesliga,Matchweek 13,Sat,Away,L,1,2,RB Leipzig,1.0,4.0,30.0,44887.0,Patrick Mainka,5-4-1,4-2-2-2,Christian Dingert,Match Report,,7.0,1.0,17.9,0.0,0.0,0.0,2024,Heidenheim
2023-12-02,18:30,Bundesliga,Matchweek 13,Sat,Home,W,2,0,Werder Bremen,3.5,0.8,58.0,54500.0,Waldemar Anton,4-2-2-2,3-5-2,Bastian Dankert,Match Report,,18.0,5.0,15.6,0.0,1.0,1.0,2024,Stuttgart
2023-12-02,15:30,Bundesliga,Matchweek 13,Sat,Home,W,2,1,Heidenheim,4.0,1.0,70.0,44887.0,Yussuf Poulsen,4-2-2-2,5-4-1,Christian Dingert,Match Report,,22.0,7.0,15.2,0.0,1.0,1.0,2024,RB Leipzig
2023-12-02,15:30,Bundesliga,Matchweek 13,Sat,Away,L,1,3,Bochum,1.3,1.5,56.0,24350.0,Koen Casteels,3-4-3,4-2-3-1,Robert Schröder,Match Report,,16.0,6.0,19.0,1.0,0.0,0.0,2024,Wolfsburg
2023-12-03,17:30,Bundesliga,Matchweek 13,Sun,Home,D,1,1,Dortmund,2.1,0.7,69.0,30210.0,Lukáš Hrádecký,3-4-3,4-2-3-1,Daniel Siebert,Match Report,,23.0,6.0,20.3,1.0,0.0,0.0,2024,Leverkusen
2023-12-03,19:30,Bundesliga,Matchweek 13,Sun,Away,L,1,2,Augsburg,1.0,1.4,64.0,26107.0,Kevin Trapp,5-4-1,4-2-3-1,Harm Osmers,Match Report,,14.0,6.0,19.0,1.0,0.0,0.0,2024,Eint Frankfurt
2023-12-03,17:30,Bundesliga,Matchweek 13,Sun,Away,D,1,1,Leverkusen,0.7,2.1,31.0,30210.0,Emre Can,4-2-3-1,3-4-3,Daniel Siebert,Match Report,,6.0,2.0,15.9,0.0,0.0,0.0,2024,Dortmund
2023-12-03,19:30,Bundesliga,Matchweek 13,Sun,Home,W,2,1,Eint Frankfurt,1.4,1.0,36.0,26107.0,Ermedin Demirović,4-2-3-1,5-4-1,Harm Osmers,Match Report,,7.0,3.0,18.1,0.0,0.0,1.0,2024,Augsburg
2023-12-03,15:30,Bundesliga,Matchweek 13,Sun,Away,W,1,0,Mainz 05,0.9,2.3,39.0,30300.0,Maximilian Eggestein,4-4-2,4-2-3-1,Tobias Stieler,Match Report,,13.0,5.0,17.1,0.0,0.0,0.0,2024,Freiburg
2023-12-03,15:30,Bundesliga,Matchweek 13,Sun,Home,L,0,1,Freiburg,2.3,0.9,61.0,30300.0,Silvan Widmer,4-2-3-1,4-4-2,Tobias Stieler,Match Report,,20.0,5.0,13.9,0.0,0.0,0.0,2024,Mainz 05
2023-12-05,20:45,DFB-Pokal,Round of 16,Tue,Home,W,1,0,Wolfsburg,,,50.0,39827.0,Julian Weigl,3-1-4-2,3-4-3,Bastian Dankert,Match Report,Required Extra Time,11.0,3.0,,,0.0,0.0,2024,Gladbach
2023-12-05,20:45,DFB-Pokal,Round of 16,Tue,Away,L,0,1,Gladbach,,,50.0,39827.0,Maximilian Arnold,3-4-3,3-1-4-2,Bastian Dankert,Match Report,Required Extra Time,14.0,3.0,,,0.0,0.0,2024,Wolfsburg
2023-12-06,18:00,DFB-Pokal,Round of 16,Wed,Away,L,0,2,Saarbrücken,,,61.0,15905.0,Kevin Trapp,4-1-4-1,5-4-1,Daniel Siebert,Match Report,,8.0,2.0,,,0.0,0.0,2024,Eint Frankfurt
2023-12-06,20:45,DFB-Pokal,Round of 16,Wed,Home,W,2,0,Dortmund,,,54.0,54500.0,Waldemar Anton,4-2-2-2,3-4-3,Benjamin Brand,Match Report,,17.0,7.0,,,0.0,0.0,2024,Stuttgart
2023-12-06,18:00,DFB-Pokal,Round of 16,Wed,Home,W,3,1,Paderborn 07,,,65.0,29249.0,Robert Andrich,3-4-3,4-2-3-1,Tobias Stieler,Match Report,,15.0,8.0,,,0.0,0.0,2024,Leverkusen
2023-12-06,20:45,DFB-Pokal,Round of 16,Wed,Away,L,0,2,Stuttgart,,,46.0,54500.0,Emre Can,3-4-3,4-2-2-2,Benjamin Brand,Match Report,,11.0,4.0,,,0.0,0.0,2024,Dortmund
2023-12-08,20:30,Bundesliga,Matchweek 14,Fri,Home,W,3,1,Bochum,1.5,1.5,42.0,16023.0,Oliver Baumann,4-1-2-1-2◆,4-3-3,Matthias Jöllenbeck,Match Report,,17.0,7.0,18.7,0.0,0.0,0.0,2024,Hoffenheim
2023-12-08,20:30,Bundesliga,Matchweek 14,Fri,Away,L,1,3,Hoffenheim,1.5,1.5,58.0,16023.0,Anthony Losilla,4-3-3,4-1-2-1-2,Matthias Jöllenbeck,Match Report,,22.0,5.0,21.0,0.0,0.0,0.0,2024,Bochum
2023-12-09,15:30,Bundesliga,Matchweek 14,Sat,Home,L,0,1,Freiburg,1.2,1.1,58.0,20146.0,Maximilian Arnold,3-4-3,4-4-1-1,Marco Fritz,Match Report,,10.0,2.0,15.8,2.0,0.0,0.0,2024,Wolfsburg
2023-12-09,18:30,Bundesliga,Matchweek 14,Sat,Away,W,3,2,Dortmund,2.8,1.5,47.0,81365.0,Lukas Klostermann,3-4-3,4-2-3-1,Sven Jablonski,Match Report,,26.0,8.0,16.6,1.0,0.0,0.0,2024,RB Leipzig
2023-12-09,15:30,Bundesliga,Matchweek 14,Sat,Home,W,2,0,Augsburg,1.5,0.7,48.0,41000.0,Leonardo Bittencourt,3-5-2,4-2-3-1,Sascha Stegemann,Match Report,,14.0,5.0,17.9,0.0,0.0,0.0,2024,Werder Bremen
2023-12-09,15:30,Bundesliga,Matchweek 14,Sat,Home,W,3,2,Darmstadt 98,1.4,0.9,44.0,15000.0,Patrick Mainka,4-2-2-2,3-4-1-2,Daniel Schlager,Match Report,,16.0,7.0,17.0,1.0,0.0,0.0,2024,Heidenheim
2023-12-09,15:30,Bundesliga,Matchweek 14,Sat,Away,L,1,3,Union Berlin,1.1,2.1,62.0,22012.0,Julian Weigl,3-1-4-2,4-2-3-1,Martin Petersen,Match Report,,11.0,3.0,20.7,0.0,0.0,0.0,2024,Gladbach
2023-12-09,15:30,Bundesliga,Matchweek 14,Sat,Away,W,1,0,Wolfsburg,1.1,1.2,42.0,20146.0,Vincenzo Grifo,4-4-1-1,3-4-3,Marco Fritz,Match Report,,4.0,1.0,13.0,0.0,0.0,0.0,2024,Freiburg
2023-12-09,15:30,Bundesliga,Matchweek 14,Sat,Away,L,2,3,Heidenheim,0.9,1.4,56.0,15000.0,Fabian Holland,3-4-1-2,4-2-2-2,Daniel Schlager,Match Report,,20.0,7.0,20.9,0.0,0.0,0.0,2024,Darmstadt 98
2023-12-09,15:30,Bundesliga,Matchweek 14,Sat,Home,W,5,1,Bayern Munich,1.3,2.1,36.0,58000.0,Kevin Trapp,4-4-2,4-2-3-1,Felix Zwayer,Match Report,,14.0,6.0,17.1,0.0,0.0,0.0,2024,Eint Frankfurt
2023-12-09,15:30,Bundesliga,Matchweek 14,Sat,Home,W,3,1,Gladbach,2.1,1.1,38.0,22012.0,Rani Khedira,4-2-3-1,3-1-4-2,Martin Petersen,Match Report,,15.0,5.0,16.8,1.0,1.0,1.0,2024,Union Berlin
2023-12-09,15:30,Bundesliga,Matchweek 14,Sat,Away,L,1,5,Eint Frankfurt,2.1,1.3,64.0,58000.0,Manuel Neuer,4-2-3-1,4-4-2,Felix Zwayer,Match Report,,20.0,4.0,14.9,0.0,0.0,0.0,2024,Bayern Munich
2023-12-09,15:30,Bundesliga,Matchweek 14,Sat,Away,L,0,2,Werder Bremen,0.7,1.5,52.0,41000.0,Ermedin Demirović,4-2-3-1,3-5-2,Sascha Stegemann,Match Report,,11.0,1.0,19.8,0.0,0.0,0.0,2024,Augsburg
2023-12-09,18:30,Bundesliga,Matchweek 14,Sat,Home,L,2,3,RB Leipzig,1.5,2.8,53.0,81365.0,Emre Can,4-2-3-1,3-4-3,Sven Jablonski,Match Report,,18.0,6.0,16.1,0.0,0.0,0.0,2024,Dortmund
2023-12-10,17:30,Bundesliga,Matchweek 14,Sun,Away,D,0,0,Köln,1.4,0.3,46.0,50000.0,Silvan Widmer,3-4-3,4-2-3-1,Frank Willenborg,Match Report,,13.0,5.0,14.6,0.0,0.0,0.0,2024,Mainz 05
2023-12-10,15:30,Bundesliga,Matchweek 14,Sun,Home,D,1,1,Leverkusen,2.6,1.3,52.0,54500.0,Waldemar Anton,4-2-3-1,3-4-3,Deniz Aytekin,Match Report,,22.0,10.0,20.1,1.0,0.0,0.0,2024,Stuttgart
2023-12-10,15:30,Bundesliga,Matchweek 14,Sun,Away,D,1,1,Stuttgart,1.3,2.6,48.0,54500.0,Lukáš Hrádecký,3-4-3,4-2-3-1,Deniz Aytekin,Match Report,,18.0,5.0,14.9,0.0,0.0,0.0,2024,Leverkusen
2023-12-10,17:30,Bundesliga,Matchweek 14,Sun,Home,D,0,0,Mainz 05,0.3,1.4,54.0,50000.0,Marvin Schwäbe,4-2-3-1,3-4-3,Frank Willenborg,Match Report,,5.0,3.0,22.3,0.0,0.0,0.0,2024,Köln
2023-12-12,21:00,Champions Lg,Group stage,Tue,Home,L,2,3,es Real Madrid,1.1,2.9,26.0,73420.0,Rani Khedira,5-3-2,4-2-2-2,Rade Obrenović,Match Report,,8.0,5.0,14.5,0.0,0.0,0.0,2024,Union Berlin
2023-12-12,20:00 (21:00),Champions Lg,Group stage,Tue,Away,W,1,0,eng Manchester Utd,1.2,0.3,59.0,73073.0,Manuel Neuer,4-2-3-1,4-2-3-1,Espen Eskås,Match Report,,10.0,3.0,16.4,0.0,0.0,0.0,2024,Bayern Munich
2023-12-13,21:00,Champions Lg,Group stage,Wed,Home,D,1,1,fr Paris S-G,1.4,2.8,41.0,81365.0,Gregor Kobel,4-2-3-1,3-4-3,Glenn Nyberg,Match Report,,10.0,6.0,19.3,0.0,0.0,0.0,2024,Dortmund
2023-12-13,18:45,Champions Lg,Group stage,Wed,Home,W,2,1,ch Young Boys,0.7,1.5,53.0,43331.0,Péter Gulácsi,4-2-2-2,4-4-2,Manfredas Lukjančukas,Match Report,,10.0,2.0,20.2,2.0,0.0,0.0,2024,RB Leipzig
2023-12-14,20:00 (21:00),Europa Lg,Group stage,Thu,Away,L,0,2,eng West Ham,0.4,1.6,43.0,48876.0,Vincenzo Grifo,4-4-2,4-3-3,João Pinheiro,Match Report,,12.0,4.0,16.3,0.0,0.0,0.0,2024,Freiburg
2023-12-14,17:45 (18:45),Conf Lg,Group stage,Thu,Away,L,0,2,sct Aberdeen,0.9,1.2,77.0,14474.0,Makoto Hasebe,4-1-4-1,5-4-1,Miguel Nogueira,Match Report,,16.0,5.0,15.0,0.0,0.0,0.0,2024,Eint Frankfurt
2023-12-14,18:45,Europa Lg,Group stage,Thu,Home,W,5,1,no Molde,1.6,0.5,67.0,28504.0,Jonathan Tah,5-3-2,3-5-2,Robert Jones,Match Report,,20.0,9.0,19.0,1.0,0.0,0.0,2024,Leverkusen
2023-12-15,20:30,Bundesliga,Matchweek 15,Fri,Home,D,2,2,Werder Bremen,1.4,1.6,50.0,50660.0,Julian Weigl,3-5-2,3-4-3,Felix Zwayer,Match Report,,14.0,4.0,18.9,0.0,0.0,0.0,2024,Gladbach
2023-12-15,20:30,Bundesliga,Matchweek 15,Fri,Away,D,2,2,Gladbach,1.6,1.4,50.0,50660.0,Leonardo Bittencourt,3-4-3,3-5-2,Felix Zwayer,Match Report,,12.0,5.0,14.5,0.0,0.0,0.0,2024,Werder Bremen
2023-12-16,15:30,Bundesliga,Matchweek 15,Sat,Home,W,3,0,Union Berlin,2.8,0.7,49.0,25300.0,Anthony Losilla,4-3-3,4-2-3-1,Sven Jablonski,Match Report,,21.0,6.0,17.9,1.0,1.0,1.0,2024,Bochum
2023-12-16,18:30,Bundesliga,Matchweek 15,Sat,Away,L,1,3,RB Leipzig,0.8,2.8,43.0,42946.0,Oliver Baumann,3-4-1-2,4-2-2-2,Robert Schröder,Match Report,,9.0,4.0,12.5,1.0,0.0,0.0,2024,Hoffenheim
2023-12-16,15:30,Bundesliga,Matchweek 15,Sat,Away,W,1,0,Darmstadt 98,0.6,0.6,37.0,16900.0,Koen Casteels,3-5-1-1,3-4-1-2,Robert Hartmann,Match Report,,11.0,2.0,24.2,0.0,0.0,0.0,2024,Wolfsburg
2023-12-16,15:30,Bundesliga,Matchweek 15,Sat,Away,W,1,0,Mainz 05,0.5,1.6,35.0,27200.0,Patrick Mainka,4-5-1,4-2-2-2,Bastian Dankert,Match Report,,6.0,2.0,18.4,0.0,0.0,0.0,2024,Heidenheim
2023-12-16,15:30,Bundesliga,Matchweek 15,Sat,Home,D,1,1,Dortmund,1.8,2.6,37.0,30660.0,Ermedin Demirović,4-2-3-1,4-3-3,Matthias Jöllenbeck,Match Report,,20.0,3.0,17.0,0.0,0.0,0.0,2024,Augsburg
2023-12-16,15:30,Bundesliga,Matchweek 15,Sat,Away,L,0,3,Bochum,0.7,2.8,51.0,25300.0,Rani Khedira,4-2-3-1,4-3-3,Sven Jablonski,Match Report,,9.0,1.0,13.0,0.0,0.0,0.0,2024,Union Berlin
2023-12-16,15:30,Bundesliga,Matchweek 15,Sat,Away,D,1,1,Augsburg,2.6,1.8,63.0,30660.0,Emre Can,4-3-3,4-2-3-1,Matthias Jöllenbeck,Match Report,,24.0,7.0,16.4,0.0,0.0,0.0,2024,Dortmund
2023-12-16,15:30,Bundesliga,Matchweek 15,Sat,Home,L,0,1,Heidenheim,1.6,0.5,65.0,27200.0,Dominik Kohr,4-2-2-2,4-5-1,Bastian Dankert,Match Report,,19.0,3.0,15.0,1.0,0.0,0.0,2024,Mainz 05
2023-12-16,18:30,Bundesliga,Matchweek 15,Sat,Home,W,3,1,Hoffenheim,2.8,0.8,57.0,42946.0,Yussuf Poulsen,4-2-2-2,3-4-1-2,Robert Schröder,Match Report,,22.0,10.0,15.0,1.0,0.0,0.0,2024,RB Leipzig
2023-12-16,15:30,Bundesliga,Matchweek 15,Sat,Home,L,0,1,Wolfsburg,0.6,0.6,63.0,16900.0,Marcel Schuhen,3-4-1-2,3-5-1-1,Robert Hartmann,Match Report,,13.0,4.0,20.9,1.0,0.0,0.0,2024,Darmstadt 98
2023-12-17,19:30,Bundesliga,Matchweek 15,Sun,Away,L,0,3,Bayern Munich,0.4,2.8,62.0,75000.0,Waldemar Anton,4-4-2,4-2-3-1,Tobias Stieler,Match Report,,6.0,2.0,17.0,0.0,0.0,0.0,2024,Stuttgart
2023-12-17,15:30,Bundesliga,Matchweek 15,Sun,Home,W,2,0,Köln,3.0,1.2,52.0,34700.0,Vincenzo Grifo,4-2-3-1,4-2-3-1,Harm Osmers,Match Report,,22.0,7.0,15.2,0.0,0.0,0.0,2024,Freiburg
2023-12-17,15:30,Bundesliga,Matchweek 15,Sun,Away,L,0,2,Freiburg,1.2,3.0,48.0,34700.0,Florian Kainz,4-2-3-1,4-2-3-1,Harm Osmers,Match Report,,7.0,1.0,18.4,1.0,0.0,0.0,2024,Köln
2023-12-17,17:30,Bundesliga,Matchweek 15,Sun,Away,L,0,3,Leverkusen,0.2,2.5,39.0,30210.0,Kevin Trapp,3-4-3,3-4-3,Christian Dingert,Match Report,,4.0,2.0,19.8,0.0,0.0,0.0,2024,Eint Frankfurt
2023-12-17,19:30,Bundesliga,Matchweek 15,Sun,Home,W,3,0,Stuttgart,2.8,0.4,38.0,75000.0,Manuel Neuer,4-2-3-1,4-4-2,Tobias Stieler,Match Report,,17.0,8.0,14.3,1.0,0.0,0.0,2024,Bayern Munich
2023-12-17,17:30,Bundesliga,Matchweek 15,Sun,Home,W,3,0,Eint Frankfurt,2.5,0.2,61.0,30210.0,Lukáš Hrádecký,3-4-3,3-4-3,Christian Dingert,Match Report,,14.0,5.0,16.1,1.0,0.0,0.0,2024,Leverkusen
2023-12-19,20:30,Bundesliga,Matchweek 16,Tue,Home,D,1,1,Mainz 05,1.2,0.9,65.0,80350.0,Emre Can,4-3-3,3-4-3,Marco Fritz,Match Report,,22.0,7.0,19.5,1.0,0.0,0.0,2024,Dortmund
2023-12-19,20:30,Bundesliga,Matchweek 16,Tue,Away,D,3,3,Hoffenheim,0.8,3.5,55.0,18125.0,Tobias Kempe,3-4-1-2,3-1-4-2,Frank Willenborg,Match Report,,15.0,3.0,20.2,0.0,0.0,0.0,2024,Darmstadt 98
2023-12-19,20:30,Bundesliga,Matchweek 16,Tue,Home,D,3,3,Darmstadt 98,3.5,0.8,45.0,18125.0,Oliver Baumann,3-1-4-2,3-4-1-2,Frank Willenborg,Match Report,,13.0,3.0,14.1,1.0,1.0,1.0,2024,Hoffenheim
2023-12-19,18:30,Bundesliga,Matchweek 16,Tue,Away,D,1,1,Werder Bremen,1.7,1.5,55.0,41000.0,Emil Forsberg,4-2-2-2,3-4-3,Tobias Reichel,Match Report,,17.0,8.0,16.1,0.0,0.0,0.0,2024,RB Leipzig
2023-12-19,20:30,Bundesliga,Matchweek 16,Tue,Away,D,1,1,Dortmund,0.9,1.2,35.0,80350.0,Silvan Widmer,3-4-3,4-3-3,Marco Fritz,Match Report,,11.0,6.0,20.3,1.0,0.0,0.0,2024,Mainz 05
2023-12-19,18:30,Bundesliga,Matchweek 16,Tue,Home,D,1,1,RB Leipzig,1.5,1.7,45.0,41000.0,Marco Friedl,3-4-3,4-2-2-2,Tobias Reichel,Match Report,,11.0,1.0,15.1,1.0,0.0,0.0,2024,Werder Bremen
2023-12-20,20:30,Bundesliga,Matchweek 16,Wed,Away,L,0,3,Stuttgart,0.2,2.6,34.0,53600.0,Ermedin Demirović,4-4-2,4-4-2,Daniel Siebert,Match Report,,6.0,4.0,16.8,0.0,0.0,0.0,2024,Augsburg
2023-12-20,20:30,Bundesliga,Matchweek 16,Wed,Away,W,2,1,Wolfsburg,2.5,0.3,61.0,28917.0,Manuel Neuer,4-2-3-1,3-1-4-2,Sascha Stegemann,Match Report,,21.0,7.0,17.9,2.0,0.0,0.0,2024,Bayern Munich
2023-12-20,20:30,Bundesliga,Matchweek 16,Wed,Home,W,2,1,Gladbach,1.4,0.3,63.0,58000.0,Kevin Trapp,4-4-2,3-4-3,Florian Badstübner,Match Report,,14.0,6.0,16.1,1.0,0.0,0.0,2024,Eint Frankfurt
2023-12-20,20:30,Bundesliga,Matchweek 16,Wed,Home,W,3,0,Augsburg,2.6,0.2,66.0,53600.0,Waldemar Anton,4-4-2,4-4-2,Daniel Siebert,Match Report,,17.0,8.0,17.7,0.0,0.0,0.0,2024,Stuttgart
2023-12-20,20:30,Bundesliga,Matchweek 16,Wed,Away,L,2,3,Heidenheim,1.8,1.9,47.0,15000.0,Maximilian Eggestein,4-2-3-1,4-4-2,Benjamin Brand,Match Report,,10.0,3.0,16.2,0.0,1.0,1.0,2024,Freiburg
2023-12-20,20:30,Bundesliga,Matchweek 16,Wed,Away,L,1,2,Eint Frankfurt,0.3,1.4,37.0,58000.0,Julian Weigl,3-4-3,4-4-2,Florian Badstübner,Match Report,,7.0,2.0,22.4,0.0,0.0,0.0,2024,Gladbach
2023-12-20,20:30,Bundesliga,Matchweek 16,Wed,Home,W,3,2,Freiburg,1.9,1.8,53.0,15000.0,Patrick Mainka,4-4-2,4-2-3-1,Benjamin Brand,Match Report,,15.0,3.0,14.5,1.0,0.0,0.0,2024,Heidenheim
2023-12-20,20:30,Bundesliga,Matchweek 16,Wed,Away,L,0,4,Leverkusen,0.4,3.3,31.0,30210.0,Anthony Losilla,4-3-3,3-4-1-2,Daniel Schlager,Match Report,,6.0,1.0,15.5,0.0,0.0,0.0,2024,Bochum
2023-12-20,18:30,Bundesliga,Matchweek 16,Wed,Home,W,2,0,Köln,1.5,0.8,40.0,22012.0,Rani Khedira,4-3-3,4-1-3-2,Deniz Aytekin,Match Report,,11.0,6.0,13.2,0.0,0.0,0.0,2024,Union Berlin
2023-12-20,18:30,Bundesliga,Matchweek 16,Wed,Away,L,0,2,Union Berlin,0.8,1.5,60.0,22012.0,Marvin Schwäbe,4-1-3-2,4-3-3,Deniz Aytekin,Match Report,,16.0,7.0,19.4,1.0,0.0,0.0,2024,Köln
2023-12-20,20:30,Bundesliga,Matchweek 16,Wed,Home,L,1,2,Bayern Munich,0.3,2.5,39.0,28917.0,Maximilian Arnold,3-1-4-2,4-2-3-1,Sascha Stegemann,Match Report,,5.0,4.0,21.0,0.0,0.0,0.0,2024,Wolfsburg
2023-12-20,20:30,Bundesliga,Matchweek 16,Wed,Home,W,4,0,Bochum,3.3,0.4,69.0,30210.0,Lukáš Hrádecký,3-4-1-2,4-3-3,Daniel Schlager,Match Report,,15.0,7.0,13.9,0.0,1.0,1.0,2024,Leverkusen
2024-01-12,20:30,Bundesliga,Matchweek 17,Fri,Away,L,0,3,Bayern Munich,1.2,2.8,39.0,75000.0,Oliver Baumann,3-1-4-2,4-2-3-1,Benjamin Brand,Match Report,,11.0,4.0,18.2,0.0,0.0,0.0,2024,Hoffenheim
2024-01-12,20:30,Bundesliga,Matchweek 17,Fri,Home,W,3,0,Hoffenheim,2.8,1.2,61.0,75000.0,Manuel Neuer,4-2-3-1,3-1-4-2,Benjamin Brand,Match Report,,27.0,11.0,17.6,0.0,0.0,0.0,2024,Bayern Munich
2024-01-13,15:30,Bundesliga,Matchweek 17,Sat,Away,D,1,1,Mainz 05,0.6,0.4,48.0,24000.0,Maximilian Arnold,4-2-3-1,3-1-4-2,Patrick Ittrich,Match Report,,9.0,4.0,16.2,0.0,0.0,0.0,2024,Wolfsburg
2024-01-13,15:30,Bundesliga,Matchweek 17,Sat,Home,L,0,1,Eint Frankfurt,3.5,1.1,62.0,45867.0,Kevin Kampl,4-4-2,3-4-3,Frank Willenborg,Match Report,,31.0,8.0,13.3,0.0,0.0,0.0,2024,RB Leipzig
2024-01-13,15:30,Bundesliga,Matchweek 17,Sat,Away,D,0,0,Freiburg,0.5,1.8,43.0,33800.0,Jérôme Roussillon,5-3-2,4-2-3-1,Christian Dingert,Match Report,,9.0,4.0,18.4,0.0,0.0,0.0,2024,Union Berlin
2024-01-13,18:30,Bundesliga,Matchweek 17,Sat,Home,L,0,3,Dortmund,1.0,3.1,48.0,17810.0,Fabian Holland,5-3-2,4-3-3,Deniz Aytekin,Match Report,,11.0,2.0,20.4,1.0,0.0,0.0,2024,Darmstadt 98
2024-01-13,15:30,Bundesliga,Matchweek 17,Sat,Home,D,1,1,Heidenheim,0.9,0.9,51.0,50000.0,Florian Kainz,4-2-3-1,4-4-2,Felix Zwayer,Match Report,,14.0,5.0,15.3,1.0,0.0,0.0,2024,Köln
2024-01-13,15:30,Bundesliga,Matchweek 17,Sat,Home,D,0,0,Union Berlin,1.8,0.5,57.0,33800.0,Vincenzo Grifo,4-2-3-1,5-3-2,Christian Dingert,Match Report,,13.0,3.0,12.0,0.0,0.0,0.0,2024,Freiburg
2024-01-13,15:30,Bundesliga,Matchweek 17,Sat,Away,W,1,0,Augsburg,2.0,0.4,76.0,30055.0,Lukáš Hrádecký,3-4-1-2,4-1-2-1-2,Sven Jablonski,Match Report,,24.0,6.0,17.9,0.0,0.0,0.0,2024,Leverkusen
2024-01-13,15:30,Bundesliga,Matchweek 17,Sat,Away,D,1,1,Köln,0.9,0.9,49.0,50000.0,Patrick Mainka,4-4-2,4-2-3-1,Felix Zwayer,Match Report,,9.0,2.0,16.2,1.0,0.0,0.0,2024,Heidenheim
2024-01-13,18:30,Bundesliga,Matchweek 17,Sat,Away,W,3,0,Darmstadt 98,3.1,1.0,52.0,17810.0,Emre Can,4-3-3,5-3-2,Deniz Aytekin,Match Report,,17.0,8.0,18.4,0.0,0.0,0.0,2024,Dortmund
2024-01-13,15:30,Bundesliga,Matchweek 17,Sat,Home,L,0,1,Leverkusen,0.4,2.0,24.0,30055.0,Ermedin Demirović,4-1-2-1-2◆,3-4-1-2,Sven Jablonski,Match Report,,3.0,0.0,20.1,0.0,0.0,0.0,2024,Augsburg
2024-01-13,15:30,Bundesliga,Matchweek 17,Sat,Home,D,1,1,Wolfsburg,0.4,0.6,52.0,24000.0,Silvan Widmer,3-1-4-2,4-2-3-1,Patrick Ittrich,Match Report,,11.0,2.0,18.3,0.0,0.0,0.0,2024,Mainz 05
2024-01-13,15:30,Bundesliga,Matchweek 17,Sat,Away,W,1,0,RB Leipzig,1.1,3.5,38.0,45867.0,Kevin Trapp,3-4-3,4-4-2,Frank Willenborg,Match Report,,5.0,1.0,12.9,0.0,0.0,0.0,2024,Eint Frankfurt
2024-01-14,15:30,Bundesliga,Matchweek 17,Sun,Home,D,1,1,Werder Bremen,0.7,0.8,49.0,26000.0,Anthony Losilla,4-3-3,3-4-3,Tobias Stieler,Match Report,,14.0,4.0,18.2,0.0,0.0,0.0,2024,Bochum
2024-01-14,15:30,Bundesliga,Matchweek 17,Sun,Away,D,1,1,Bochum,0.8,0.7,51.0,26000.0,Marco Friedl,3-4-3,4-3-3,Tobias Stieler,Match Report,,16.0,3.0,16.0,0.0,0.0,0.0,2024,Werder Bremen
2024-01-14,17:30,Bundesliga,Matchweek 17,Sun,Away,L,1,3,Gladbach,0.9,1.9,71.0,53429.0,Waldemar Anton,4-2-3-1,4-3-3,Harm Osmers,Match Report,,15.0,2.0,21.0,2.0,0.0,0.0,2024,Stuttgart
2024-01-14,17:30,Bundesliga,Matchweek 17,Sun,Home,W,3,1,Stuttgart,1.9,0.9,29.0,53429.0,Julian Weigl,4-3-3,4-2-3-1,Harm Osmers,Match Report,,8.0,4.0,12.5,0.0,0.0,0.0,2024,Gladbach
2024-01-20,15:30,Bundesliga,Matchweek 18,Sat,Away,L,2,3,Freiburg,1.4,2.7,56.0,33600.0,Oliver Baumann,3-1-4-2,4-1-3-2,Sascha Stegemann,Match Report,,16.0,4.0,18.2,0.0,0.0,0.0,2024,Hoffenheim
2024-01-20,15:30,Bundesliga,Matchweek 18,Sat,Home,D,2,2,Eint Frankfurt,1.1,1.2,50.0,17750.0,Fabian Holland,3-4-3◆,3-4-3,Daniel Siebert,Match Report,,12.0,3.0,18.3,0.0,0.0,0.0,2024,Darmstadt 98
2024-01-20,15:30,Bundesliga,Matchweek 18,Sat,Away,D,1,1,Heidenheim,1.1,1.1,47.0,15000.0,Maximilian Arnold,4-2-3-1,4-1-4-1,Timo Gerach,Match Report,,13.0,3.0,16.6,0.0,0.0,0.0,2024,Wolfsburg
2024-01-20,18:30,Bundesliga,Matchweek 18,Sat,Home,L,2,3,Leverkusen,1.6,2.0,40.0,46529.0,Lukas Klostermann,4-2-2-2,3-4-3,Matthias Jöllenbeck,Match Report,,10.0,6.0,15.7,0.0,0.0,0.0,2024,RB Leipzig
2024-01-20,15:30,Bundesliga,Matchweek 18,Sat,Home,W,3,2,Hoffenheim,2.7,1.4,44.0,33600.0,Vincenzo Grifo,4-1-3-2,3-1-4-2,Sascha Stegemann,Match Report,,18.0,9.0,15.6,1.0,0.0,0.0,2024,Freiburg
2024-01-20,18:30,Bundesliga,Matchweek 18,Sat,Away,W,3,2,RB Leipzig,2.0,1.6,60.0,46529.0,Lukáš Hrádecký,3-4-3,4-2-2-2,Matthias Jöllenbeck,Match Report,,18.0,5.0,15.8,0.0,0.0,0.0,2024,Leverkusen
2024-01-20,15:30,Bundesliga,Matchweek 18,Sat,Home,D,1,1,Wolfsburg,1.1,1.1,53.0,15000.0,Patrick Mainka,4-1-4-1,4-2-3-1,Timo Gerach,Match Report,,12.0,3.0,15.2,1.0,0.0,0.0,2024,Heidenheim
2024-01-20,15:30,Bundesliga,Matchweek 18,Sat,Away,W,4,0,Köln,3.4,1.3,61.0,50000.0,Gregor Kobel,4-3-3,4-4-2,Daniel Schlager,Match Report,,10.0,6.0,16.9,1.0,1.0,1.0,2024,Dortmund
2024-01-20,15:30,Bundesliga,Matchweek 18,Sat,Away,D,2,2,Darmstadt 98,1.2,1.1,50.0,17750.0,Kevin Trapp,3-4-3,3-4-3,Daniel Siebert,Match Report,,8.0,4.0,16.4,0.0,0.0,0.0,2024,Eint Frankfurt
2024-01-20,15:30,Bundesliga,Matchweek 18,Sat,Home,W,1,0,Stuttgart,0.9,1.4,38.0,26000.0,Anthony Losilla,4-4-2,4-2-3-1,Bastian Dankert,Match Report,,6.0,1.0,16.0,0.0,0.0,0.0,2024,Bochum
2024-01-20,15:30,Bundesliga,Matchweek 18,Sat,Home,L,0,4,Dortmund,1.3,3.4,39.0,50000.0,Florian Kainz,4-4-2,4-3-3,Daniel Schlager,Match Report,,19.0,5.0,17.4,0.0,0.0,0.0,2024,Köln
2024-01-20,15:30,Bundesliga,Matchweek 18,Sat,Away,L,0,1,Bochum,1.4,0.9,62.0,26000.0,Waldemar Anton,4-2-3-1,4-4-2,Bastian Dankert,Match Report,,19.0,5.0,14.2,0.0,0.0,0.0,2024,Stuttgart
2024-01-21,17:30,Bundesliga,Matchweek 18,Sun,Home,L,1,2,Augsburg,1.7,1.3,55.0,44867.0,Alassane Pléa,4-4-2,4-3-1-2,Martin Petersen,Match Report,,18.0,4.0,17.3,0.0,0.0,0.0,2024,Gladbach
2024-01-21,15:30,Bundesliga,Matchweek 18,Sun,Home,L,0,1,Werder Bremen,1.9,0.4,68.0,75000.0,Manuel Neuer,4-2-3-1,3-5-2,Marco Fritz,Match Report,,22.0,7.0,15.6,1.0,0.0,0.0,2024,Bayern Munich
2024-01-21,15:30,Bundesliga,Matchweek 18,Sun,Away,W,1,0,Bayern Munich,0.4,1.9,32.0,75000.0,Marco Friedl,3-5-2,4-2-3-1,Marco Fritz,Match Report,,8.0,3.0,17.3,0.0,0.0,0.0,2024,Werder Bremen
2024-01-21,17:30,Bundesliga,Matchweek 18,Sun,Away,W,2,1,Gladbach,1.3,1.7,45.0,44867.0,Ermedin Demirović,4-3-1-2,4-4-2,Martin Petersen,Match Report,,15.0,7.0,16.8,0.0,0.0,0.0,2024,Augsburg
2024-01-24,20:30,Bundesliga,Matchweek 13,Wed,Home,W,1,0,Union Berlin,2.1,0.2,72.0,75000.0,Manuel Neuer,4-2-3-1,5-3-2,Frank Willenborg,Match Report,,22.0,10.0,16.6,0.0,0.0,0.0,2024,Bayern Munich
2024-01-24,20:30,Bundesliga,Matchweek 13,Wed,Away,L,0,1,Bayern Munich,0.2,2.1,28.0,75000.0,Christopher Trimmel,5-3-2,4-2-3-1,Frank Willenborg,Match Report,,4.0,1.0,19.3,0.0,0.0,0.0,2024,Union Berlin
2024-01-26,20:30,Bundesliga,Matchweek 19,Fri,Away,L,0,1,Eint Frankfurt,0.8,1.3,45.0,58000.0,Silvan Widmer,3-5-2,3-4-3,Felix Zwayer,Match Report,,7.0,0.0,17.5,0.0,0.0,0.0,2024,Mainz 05
2024-01-26,20:30,Bundesliga,Matchweek 19,Fri,Home,W,1,0,Mainz 05,1.3,0.8,55.0,58000.0,Kevin Trapp,3-4-3,3-5-2,Felix Zwayer,Match Report,,11.0,3.0,17.8,0.0,0.0,0.0,2024,Eint Frankfurt
2024-01-27,18:30,Bundesliga,Matchweek 19,Sat,Home,D,0,0,Gladbach,2.9,0.3,75.0,30210.0,Robert Andrich,3-4-3,5-3-2,Deniz Aytekin,Match Report,,28.0,9.0,18.8,0.0,0.0,0.0,2024,Leverkusen
2024-01-27,15:30,Bundesliga,Matchweek 19,Sat,Home,L,2,3,Bayern Munich,2.6,2.3,42.0,30660.0,Ermedin Demirović,4-3-1-2,4-2-3-1,Christian Dingert,Match Report,,13.0,5.0,18.4,1.0,1.0,2.0,2024,Augsburg
2024-01-27,15:30,Bundesliga,Matchweek 19,Sat,Away,L,2,5,Stuttgart,0.4,2.2,46.0,52100.0,Lukas Klostermann,4-2-2-2,3-5-2,Sven Jablonski,Match Report,,4.0,2.0,20.2,0.0,0.0,0.0,2024,RB Leipzig
2024-01-27,15:30,Bundesliga,Matchweek 19,Sat,Home,D,1,1,Köln,1.5,0.6,52.0,24525.0,Koen Casteels,4-2-3-1,4-2-3-1,Sören Storks,Match Report,,14.0,4.0,11.1,1.0,0.0,0.0,2024,Wolfsburg
2024-01-27,15:30,Bundesliga,Matchweek 19,Sat,Home,D,1,1,Heidenheim,2.8,1.1,67.0,20120.0,Oliver Baumann,4-3-1-2,4-2-3-1,Tobias Welz,Match Report,,22.0,6.0,17.1,0.0,1.0,1.0,2024,Hoffenheim
2024-01-27,15:30,Bundesliga,Matchweek 19,Sat,Home,W,5,2,RB Leipzig,2.2,0.4,54.0,52100.0,Waldemar Anton,3-5-2,4-2-2-2,Sven Jablonski,Match Report,,17.0,8.0,19.1,0.0,1.0,1.0,2024,Stuttgart
2024-01-27,15:30,Bundesliga,Matchweek 19,Sat,Away,D,1,1,Hoffenheim,1.1,2.8,33.0,20120.0,Patrick Mainka,4-2-3-1,4-3-1-2,Tobias Welz,Match Report,,14.0,3.0,21.4,0.0,0.0,0.0,2024,Heidenheim
2024-01-27,15:30,Bundesliga,Matchweek 19,Sat,Away,W,3,2,Augsburg,2.3,2.6,58.0,30660.0,Manuel Neuer,4-2-3-1,4-3-1-2,Christian Dingert,Match Report,,13.0,4.0,14.2,0.0,0.0,0.0,2024,Bayern Munich
2024-01-27,15:30,Bundesliga,Matchweek 19,Sat,Away,L,1,3,Werder Bremen,1.2,2.5,58.0,41500.0,Vincenzo Grifo,4-2-3-1,3-5-2,Robert Hartmann,Match Report,,6.0,3.0,16.0,1.0,1.0,1.0,2024,Freiburg
2024-01-27,18:30,Bundesliga,Matchweek 19,Sat,Away,D,0,0,Leverkusen,0.3,2.9,25.0,30210.0,Julian Weigl,5-3-2,3-4-3,Deniz Aytekin,Match Report,,4.0,3.0,19.4,0.0,0.0,0.0,2024,Gladbach
2024-01-27,15:30,Bundesliga,Matchweek 19,Sat,Home,W,3,1,Freiburg,2.5,1.2,42.0,41500.0,Marco Friedl,3-5-2,4-2-3-1,Robert Hartmann,Match Report,,13.0,2.0,20.4,0.0,1.0,1.0,2024,Werder Bremen
2024-01-27,15:30,Bundesliga,Matchweek 19,Sat,Away,D,1,1,Wolfsburg,0.6,1.5,48.0,24525.0,Florian Kainz,4-2-3-1,4-2-3-1,Sören Storks,Match Report,,6.0,2.0,17.4,0.0,0.0,0.0,2024,Köln
2024-01-28,17:30,Bundesliga,Matchweek 19,Sun,Home,W,3,1,Bochum,2.9,0.5,63.0,81365.0,Niklas Süle,4-2-2-2,4-3-3,Benjamin Brand,Match Report,,17.0,4.0,14.8,1.0,2.0,2.0,2024,Dortmund
2024-01-28,15:30,Bundesliga,Matchweek 19,Sun,Away,L,0,1,Union Berlin,1.1,2.5,50.0,21786.0,Fabian Holland,3-3-3-1,3-5-2,Harm Osmers,Match Report,,16.0,1.0,17.6,0.0,0.0,0.0,2024,Darmstadt 98
2024-01-28,15:30,Bundesliga,Matchweek 19,Sun,Home,W,1,0,Darmstadt 98,2.5,1.1,50.0,21786.0,Christopher Trimmel,3-5-2,3-3-3-1,Harm Osmers,Match Report,,21.0,6.0,14.9,0.0,0.0,0.0,2024,Union Berlin
2024-01-28,17:30,Bundesliga,Matchweek 19,Sun,Away,L,1,3,Dortmund,0.5,2.9,37.0,81365.0,Anthony Losilla,4-3-3,4-2-2-2,Benjamin Brand,Match Report,,11.0,4.0,20.8,1.0,0.0,0.0,2024,Bochum
2024-02-02,20:30,Bundesliga,Matchweek 20,Fri,Home,D,0,0,Dortmund,1.2,0.6,31.0,15000.0,Patrick Mainka,4-2-3-1,4-2-2-2,Bastian Dankert,Match Report,,12.0,0.0,14.5,0.0,0.0,0.0,2024,Heidenheim
2024-02-02,20:30,Bundesliga,Matchweek 20,Fri,Away,D,0,0,Heidenheim,0.6,1.2,69.0,15000.0,Niklas Süle,4-2-2-2,4-2-3-1,Bastian Dankert,Match Report,,14.0,5.0,18.1,0.0,0.0,0.0,2024,Dortmund
2024-02-03,18:30,Bundesliga,Matchweek 20,Sat,Home,W,2,0,Eint Frankfurt,1.3,0.8,41.0,50000.0,Florian Kainz,4-2-3-1,3-4-3,Timo Gerach,Match Report,,15.0,4.0,17.2,1.0,0.0,0.0,2024,Köln
2024-02-03,15:30,Bundesliga,Matchweek 20,Sat,Away,L,1,3,Bayern Munich,1.0,2.1,45.0,75000.0,Julian Weigl,4-1-4-1,4-2-3-1,Tobias Stieler,Match Report,,11.0,2.0,22.4,0.0,0.0,0.0,2024,Gladbach
2024-02-03,15:30,Bundesliga,Matchweek 20,Sat,Home,L,1,3,Stuttgart,0.7,1.7,35.0,34700.0,Vincenzo Grifo,4-2-3-1,3-4-3,Daniel Siebert,Match Report,,6.0,3.0,11.4,0.0,0.0,0.0,2024,Freiburg
2024-02-03,15:30,Bundesliga,Matchweek 20,Sat,Away,W,3,1,Freiburg,1.7,0.7,65.0,34700.0,Waldemar Anton,3-4-3,4-2-3-1,Daniel Siebert,Match Report,,17.0,9.0,17.7,0.0,0.0,0.0,2024,Stuttgart
2024-02-03,15:30,Bundesliga,Matchweek 20,Sat,Home,L,0,1,Werder Bremen,0.8,0.6,59.0,31800.0,Silvan Widmer,4-2-3-1,3-5-2,Benjamin Brand,Match Report,,23.0,5.0,21.9,1.0,0.0,0.0,2024,Mainz 05
2024-02-03,15:30,Bundesliga,Matchweek 20,Sat,Home,L,0,2,Leverkusen,0.6,1.9,33.0,17810.0,Fabian Holland,4-4-2,3-4-3,Tobias Reichel,Match Report,,8.0,6.0,16.9,0.0,0.0,0.0,2024,Darmstadt 98
2024-02-03,15:30,Bundesliga,Matchweek 20,Sat,Home,W,3,1,Gladbach,2.1,1.0,55.0,75000.0,Manuel Neuer,4-2-3-1,4-1-4-1,Tobias Stieler,Match Report,,20.0,6.0,17.9,1.0,0.0,0.0,2024,Bayern Munich
2024-02-03,15:30,Bundesliga,Matchweek 20,Sat,Home,D,1,1,Augsburg,0.9,1.6,49.0,24500.0,Anthony Losilla,4-2-3-1,4-1-2-1-2,Patrick Ittrich,Match Report,,10.0,4.0,18.4,0.0,0.0,0.0,2024,Bochum
2024-02-03,15:30,Bundesliga,Matchweek 20,Sat,Away,W,2,0,Darmstadt 98,1.9,0.6,67.0,17810.0,Lukáš Hrádecký,3-4-3,4-4-2,Tobias Reichel,Match Report,,20.0,7.0,18.1,0.0,0.0,0.0,2024,Leverkusen
2024-02-03,15:30,Bundesliga,Matchweek 20,Sat,Away,W,1,0,Mainz 05,0.6,0.8,41.0,31800.0,Marco Friedl,3-5-2,4-2-3-1,Benjamin Brand,Match Report,,6.0,1.0,16.4,0.0,0.0,0.0,2024,Werder Bremen
2024-02-03,15:30,Bundesliga,Matchweek 20,Sat,Away,D,1,1,Bochum,1.6,0.9,51.0,24500.0,Ermedin Demirović,4-1-2-1-2◆,4-2-3-1,Patrick Ittrich,Match Report,,13.0,2.0,16.7,0.0,1.0,1.0,2024,Augsburg
2024-02-03,18:30,Bundesliga,Matchweek 20,Sat,Away,L,0,2,Köln,0.8,1.3,59.0,50000.0,Kevin Trapp,3-4-3,4-2-3-1,Timo Gerach,Match Report,,11.0,4.0,16.9,1.0,0.0,0.0,2024,Eint Frankfurt
2024-02-04,17:30,Bundesliga,Matchweek 20,Sun,Away,L,0,2,RB Leipzig,0.5,1.1,34.0,44032.0,Christopher Trimmel,3-5-2,4-2-2-2,Marco Fritz,Match Report,,10.0,2.0,19.3,0.0,0.0,0.0,2024,Union Berlin
2024-02-04,15:30,Bundesliga,Matchweek 20,Sun,Home,D,2,2,Hoffenheim,1.7,1.7,45.0,22917.0,Maximilian Arnold,4-4-2,4-1-2-1-2,Florian Badstübner,Match Report,,13.0,6.0,16.4,0.0,1.0,1.0,2024,Wolfsburg
2024-02-04,17:30,Bundesliga,Matchweek 20,Sun,Home,W,2,0,Union Berlin,1.1,0.5,66.0,44032.0,Willi Orban,4-2-2-2,3-5-2,Marco Fritz,Match Report,,16.0,6.0,15.9,1.0,0.0,0.0,2024,RB Leipzig
2024-02-04,15:30,Bundesliga,Matchweek 20,Sun,Away,D,2,2,Wolfsburg,1.7,1.7,55.0,22917.0,Oliver Baumann,4-1-2-1-2◆,4-4-2,Florian Badstübner,Match Report,,17.0,7.0,18.3,1.0,0.0,0.0,2024,Hoffenheim
2024-02-06,20:45,DFB-Pokal,Quarter-finals,Tue,Away,L,2,3,Leverkusen,,,44.0,30210.0,Waldemar Anton,3-4-3,3-4-3,Daniel Schlager,Match Report,,11.0,5.0,,,0.0,0.0,2024,Stuttgart
2024-02-06,20:45,DFB-Pokal,Quarter-finals,Tue,Home,W,3,2,Stuttgart,,,56.0,30210.0,Jonathan Tah,3-4-3,3-4-3,Daniel Schlager,Match Report,,16.0,6.0,,,0.0,0.0,2024,Leverkusen
2024-02-07,18:30,Bundesliga,Matchweek 18,Wed,Home,D,1,1,Union Berlin,1.3,1.0,46.0,26200.0,Robin Zentner,4-3-3,3-5-2,Martin Petersen,Match Report,,16.0,6.0,14.6,2.0,0.0,0.0,2024,Mainz 05
2024-02-07,18:30,Bundesliga,Matchweek 18,Wed,Away,D,1,1,Mainz 05,1.0,1.3,54.0,26200.0,Rani Khedira,3-5-2,4-3-3,Martin Petersen,Match Report,,16.0,4.0,16.7,0.0,0.0,0.0,2024,Union Berlin
2024-02-09,20:30,Bundesliga,Matchweek 21,Fri,Home,W,3,0,Freiburg,1.9,0.3,66.0,81365.0,Emre Can,4-2-2-2,4-2-3-1,Harm Osmers,Match Report,,17.0,8.0,14.6,0.0,0.0,0.0,2024,Dortmund
2024-02-09,20:30,Bundesliga,Matchweek 21,Fri,Away,L,0,3,Dortmund,0.3,1.9,34.0,81365.0,Vincenzo Grifo,4-2-3-1,4-2-2-2,Harm Osmers,Match Report,,6.0,3.0,19.0,0.0,0.0,0.0,2024,Freiburg
2024-02-10,15:30,Bundesliga,Matchweek 21,Sat,Away,W,2,1,Werder Bremen,1.8,1.7,35.0,41000.0,Patrick Mainka,4-2-3-1,3-5-2,Robert Schröder,Match Report,,11.0,3.0,13.4,0.0,0.0,0.0,2024,Heidenheim
2024-02-10,15:30,Bundesliga,Matchweek 21,Sat,Home,D,1,1,Bochum,2.4,1.5,53.0,57500.0,Robin Koch,4-2-3-1,4-1-2-1-2,Sven Jablonski,Match Report,,9.0,2.0,12.6,0.0,0.0,0.0,2024,Eint Frankfurt
2024-02-10,15:30,Bundesliga,Matchweek 21,Sat,Away,D,1,1,Eint Frankfurt,1.5,2.4,47.0,57500.0,Anthony Losilla,4-1-2-1-2◆,4-2-3-1,Sven Jablonski,Match Report,,14.0,5.0,22.1,0.0,0.0,0.0,2024,Bochum
2024-02-10,18:30,Bundesliga,Matchweek 21,Sat,Away,L,0,3,Leverkusen,0.6,1.3,61.0,30210.0,Manuel Neuer,3-4-3,3-4-3,Felix Zwayer,Match Report,,9.0,1.0,17.2,0.0,0.0,0.0,2024,Bayern Munich
2024-02-10,15:30,Bundesliga,Matchweek 21,Sat,Away,L,0,1,Union Berlin,1.3,0.5,58.0,22000.0,Maximilian Arnold,4-4-2,3-5-2,Matthias Jöllenbeck,Match Report,,17.0,4.0,16.5,1.0,0.0,0.0,2024,Wolfsburg
2024-02-10,15:30,Bundesliga,Matchweek 21,Sat,Away,D,2,2,Augsburg,1.3,0.7,58.0,28510.0,Willi Orban,4-2-2-2,4-3-1-2,Benjamin Brand,Match Report,,8.0,6.0,15.6,0.0,0.0,1.0,2024,RB Leipzig
2024-02-10,15:30,Bundesliga,Matchweek 21,Sat,Home,L,1,2,Heidenheim,1.7,1.8,65.0,41000.0,Marco Friedl,3-5-2,4-2-3-1,Robert Schröder,Match Report,,15.0,3.0,17.1,1.0,0.0,0.0,2024,Werder Bremen
2024-02-10,15:30,Bundesliga,Matchweek 21,Sat,Home,D,2,2,RB Leipzig,0.7,1.3,42.0,28510.0,Ermedin Demirović,4-3-1-2,4-2-2-2,Benjamin Brand,Match Report,,11.0,4.0,16.3,0.0,0.0,0.0,2024,Augsburg
2024-02-10,15:30,Bundesliga,Matchweek 21,Sat,Home,D,0,0,Darmstadt 98,1.5,0.7,58.0,46121.0,Julian Weigl,3-5-2,3-4-1-2,Sascha Stegemann,Match Report,,24.0,8.0,19.1,0.0,0.0,0.0,2024,Gladbach
2024-02-10,15:30,Bundesliga,Matchweek 21,Sat,Home,W,1,0,Wolfsburg,0.5,1.3,42.0,22000.0,Rani Khedira,3-5-2,4-4-2,Matthias Jöllenbeck,Match Report,,8.0,1.0,15.7,0.0,0.0,0.0,2024,Union Berlin
2024-02-10,18:30,Bundesliga,Matchweek 21,Sat,Home,W,3,0,Bayern Munich,1.3,0.6,39.0,30210.0,Lukáš Hrádecký,3-4-3,3-4-3,Felix Zwayer,Match Report,,14.0,8.0,16.4,0.0,0.0,0.0,2024,Leverkusen
2024-02-10,15:30,Bundesliga,Matchweek 21,Sat,Away,D,0,0,Gladbach,0.7,1.5,42.0,46121.0,Fabian Holland,3-4-1-2,3-5-2,Sascha Stegemann,Match Report,,10.0,1.0,21.5,0.0,0.0,0.0,2024,Darmstadt 98
2024-02-11,15:30,Bundesliga,Matchweek 21,Sun,Away,L,1,3,Stuttgart,1.4,1.9,39.0,52005.0,Robin Zentner,3-4-3,4-2-3-1,Deniz Aytekin,Match Report,,17.0,6.0,17.2,0.0,0.0,0.0,2024,Mainz 05
2024-02-11,17:30,Bundesliga,Matchweek 21,Sun,Away,D,1,1,Hoffenheim,0.1,1.2,43.0,23020.0,Florian Kainz,4-2-3-1,3-4-3,Christian Dingert,Match Report,,6.0,1.0,24.6,1.0,0.0,0.0,2024,Köln
2024-02-11,15:30,Bundesliga,Matchweek 21,Sun,Home,W,3,1,Mainz 05,1.9,1.4,61.0,52005.0,Waldemar Anton,4-2-3-1,3-4-3,Deniz Aytekin,Match Report,,11.0,7.0,14.9,0.0,0.0,0.0,2024,Stuttgart
2024-02-11,17:30,Bundesliga,Matchweek 21,Sun,Home,D,1,1,Köln,1.2,0.1,57.0,23020.0,Oliver Baumann,3-4-3,4-2-3-1,Christian Dingert,Match Report,,10.0,3.0,14.6,0.0,0.0,0.0,2024,Hoffenheim
2024-02-13,21:00,Champions Lg,Round of 16,Tue,Home,L,0,1,es Real Madrid,1.4,1.4,50.0,45028.0,Willi Orban,4-2-2-2,4-3-1-2,Irfan Peljto,Match Report,Leg 1 of 2,14.0,9.0,17.2,0.0,0.0,0.0,2024,RB Leipzig
2024-02-14,21:00,Champions Lg,Round of 16,Wed,Away,L,0,1,it Lazio,1.1,1.6,61.0,57470.0,Manuel Neuer,4-2-3-1,4-3-3,François Letexier,Match Report,Leg 1 of 2,17.0,0.0,17.6,1.0,0.0,0.0,2024,Bayern Munich
2024-02-15,21:00,Europa Lg,Knockout round play-offs,Thu,Away,D,0,0,fr Lens,1.6,0.6,43.0,38194.0,Maximilian Eggestein,5-3-2,3-4-3,Bartosz Frankowski,Match Report,Leg 1 of 2,17.0,4.0,15.0,0.0,0.0,0.0,2024,Freiburg
2024-02-15,18:45,Conf Lg,Knockout round play-offs,Thu,Away,D,2,2,be Union SG,1.6,1.6,50.0,9015.0,Kevin Trapp,3-4-3,3-4-1-2,Craig Pawson,Match Report,Leg 1 of 2,12.0,6.0,14.8,0.0,0.0,0.0,2024,Eint Frankfurt
2024-02-16,20:30,Bundesliga,Matchweek 22,Fri,Away,W,1,0,Köln,1.8,0.8,43.0,50000.0,Marco Friedl,3-5-2,4-2-3-1,Daniel Siebert,Match Report,,13.0,4.0,16.7,0.0,0.0,0.0,2024,Werder Bremen
2024-02-16,20:30,Bundesliga,Matchweek 22,Fri,Home,L,0,1,Werder Bremen,0.8,1.8,57.0,50000.0,Florian Kainz,4-2-3-1,3-5-2,Daniel Siebert,Match Report,,13.0,2.0,17.0,1.0,0.0,0.0,2024,Köln
2024-02-17,15:30,Bundesliga,Matchweek 22,Sat,Away,W,1,0,Hoffenheim,1.4,1.0,34.0,19050.0,Christopher Trimmel,3-5-2,4-1-2-1-2,Robert Hartmann,Match Report,,10.0,3.0,17.0,1.0,0.0,0.0,2024,Union Berlin
2024-02-17,18:30,Bundesliga,Matchweek 22,Sat,Home,W,2,0,Gladbach,1.7,0.7,49.0,44822.0,Willi Orban,4-2-2-2,3-5-2,Sören Storks,Match Report,,16.0,9.0,16.3,0.0,0.0,0.0,2024,RB Leipzig
2024-02-17,18:30,Bundesliga,Matchweek 22,Sat,Away,L,0,2,RB Leipzig,0.7,1.7,51.0,44822.0,Julian Weigl,3-5-2,4-2-2-2,Sören Storks,Match Report,,15.0,0.0,17.3,0.0,0.0,0.0,2024,Gladbach
2024-02-17,15:30,Bundesliga,Matchweek 22,Sat,Away,L,0,1,Mainz 05,1.0,2.1,54.0,24800.0,Jeffrey Gouweleeuw,4-1-2-1-2◆,3-4-3,Tobias Reichel,Match Report,,10.0,3.0,15.5,0.0,0.0,0.0,2024,Augsburg
2024-02-17,15:30,Bundesliga,Matchweek 22,Sat,Home,L,1,2,Stuttgart,1.7,1.6,57.0,17810.0,Fabian Holland,3-4-1-2,4-2-3-1,Tobias Welz,Match Report,,20.0,7.0,15.7,1.0,0.0,0.0,2024,Darmstadt 98
2024-02-17,15:30,Bundesliga,Matchweek 22,Sat,Home,W,1,0,Augsburg,2.1,1.0,46.0,24800.0,Robin Zentner,3-4-3,4-1-2-1-2,Tobias Reichel,Match Report,,17.0,4.0,16.7,0.0,0.0,1.0,2024,Mainz 05
2024-02-17,15:30,Bundesliga,Matchweek 22,Sat,Home,L,1,2,Leverkusen,0.4,1.9,39.0,15000.0,Patrick Mainka,4-2-3-1,3-4-1-2,Harm Osmers,Match Report,,6.0,3.0,20.5,0.0,0.0,0.0,2024,Heidenheim
2024-02-17,15:30,Bundesliga,Matchweek 22,Sat,Away,W,2,1,Darmstadt 98,1.6,1.7,43.0,17810.0,Waldemar Anton,4-2-3-1,3-4-1-2,Tobias Welz,Match Report,,14.0,4.0,17.1,0.0,0.0,0.0,2024,Stuttgart
2024-02-17,15:30,Bundesliga,Matchweek 22,Sat,Home,L,0,1,Union Berlin,1.0,1.4,66.0,19050.0,Oliver Baumann,4-1-2-1-2◆,3-5-2,Robert Hartmann,Match Report,,18.0,4.0,19.5,0.0,0.0,0.0,2024,Hoffenheim
2024-02-17,15:30,Bundesliga,Matchweek 22,Sat,Away,W,2,1,Heidenheim,1.9,0.4,61.0,15000.0,Lukáš Hrádecký,3-4-1-2,4-2-3-1,Harm Osmers,Match Report,,18.0,3.0,15.7,0.0,0.0,0.0,2024,Leverkusen
2024-02-17,15:30,Bundesliga,Matchweek 22,Sat,Away,D,1,1,Wolfsburg,1.4,1.8,63.0,28917.0,Emre Can,4-2-3-1,4-2-3-1,Martin Petersen,Match Report,,12.0,5.0,21.4,2.0,0.0,0.0,2024,Dortmund
2024-02-17,15:30,Bundesliga,Matchweek 22,Sat,Home,D,1,1,Dortmund,1.8,1.4,37.0,28917.0,Maximilian Arnold,4-2-3-1,4-2-3-1,Martin Petersen,Match Report,,11.0,4.0,15.3,0.0,0.0,0.0,2024,Wolfsburg
2024-02-18,17:30,Bundesliga,Matchweek 22,Sun,Away,L,2,3,Bochum,3.3,1.7,68.0,26000.0,Manuel Neuer,4-2-3-1,4-3-3,Daniel Schlager,Match Report,,27.0,9.0,14.6,0.0,0.0,0.0,2024,Bayern Munich
2024-02-18,17:30,Bundesliga,Matchweek 22,Sun,Home,W,3,2,Bayern Munich,1.7,3.3,32.0,26000.0,Anthony Losilla,4-3-3,4-2-3-1,Daniel Schlager,Match Report,,12.0,3.0,19.5,0.0,1.0,1.0,2024,Bochum
2024-02-18,15:30,Bundesliga,Matchweek 22,Sun,Away,D,3,3,Freiburg,1.0,2.2,46.0,34700.0,Kevin Trapp,3-4-3,3-4-3,Tobias Stieler,Match Report,,10.0,5.0,15.7,0.0,0.0,0.0,2024,Eint Frankfurt
2024-02-18,15:30,Bundesliga,Matchweek 22,Sun,Home,D,3,3,Eint Frankfurt,2.2,1.0,54.0,34700.0,Vincenzo Grifo,3-4-3,3-4-3,Tobias Stieler,Match Report,,12.0,6.0,18.0,0.0,1.0,1.0,2024,Freiburg
2024-02-20,21:00,Champions Lg,Round of 16,Tue,Away,D,1,1,nl PSV Eindhoven,0.9,1.6,45.0,34950.0,Emre Can,4-2-3-1,4-3-3,Srđan Jovanović,Match Report,Leg 1 of 2,8.0,5.0,13.3,0.0,0.0,0.0,2024,Dortmund
2024-02-22,18:45,Europa Lg,Knockout round play-offs,Thu,Home,W,3,2,fr Lens,3.2,0.8,49.0,22969.0,Maximilian Eggestein,4-4-2,3-4-1-2,Rade Obrenović,Match Report,Leg 2 of 2; Freiburg won; Required Extra Time,24.0,8.0,14.5,0.0,0.0,0.0,2024,Freiburg
2024-02-22,21:00,Conf Lg,Knockout round play-offs,Thu,Home,L,1,2,be Union SG,1.2,0.8,53.0,57300.0,Kevin Trapp,3-4-3,3-5-2,Espen Eskås,Match Report,Leg 2 of 2; Union SG won,10.0,3.0,13.4,1.0,0.0,0.0,2024,Eint Frankfurt
2024-02-23,20:30,Bundesliga,Matchweek 23,Fri,Home,W,2,1,Mainz 05,1.1,1.1,67.0,30210.0,Lukáš Hrádecký,3-4-3,3-4-3,Timo Gerach,Match Report,,17.0,7.0,19.8,1.0,0.0,0.0,2024,Leverkusen
2024-02-23,20:30,Bundesliga,Matchweek 23,Fri,Away,L,1,2,Leverkusen,1.1,1.1,33.0,30210.0,Silvan Widmer,3-4-3,3-4-3,Timo Gerach,Match Report,,13.0,4.0,20.3,0.0,0.0,0.0,2024,Mainz 05
2024-02-24,15:30,Bundesliga,Matchweek 23,Sat,Home,D,2,2,Heidenheim,1.1,1.1,58.0,21341.0,Rani Khedira,3-5-2,4-5-1,Deniz Aytekin,Match Report,,12.0,3.0,16.7,0.0,0.0,0.0,2024,Union Berlin
2024-02-24,15:30,Bundesliga,Matchweek 23,Sat,Home,D,1,1,Köln,2.2,0.7,74.0,54500.0,Waldemar Anton,4-2-3-1,4-2-3-1,Patrick Ittrich,Match Report,,13.0,5.0,14.0,1.0,0.0,0.0,2024,Stuttgart
2024-02-24,15:30,Bundesliga,Matchweek 23,Sat,Away,D,1,1,Stuttgart,0.7,2.2,26.0,54500.0,Florian Kainz,4-2-3-1,4-2-3-1,Patrick Ittrich,Match Report,,12.0,6.0,19.3,0.0,0.0,0.0,2024,Köln
2024-02-24,15:30,Bundesliga,Matchweek 23,Sat,Away,D,2,2,Union Berlin,1.1,1.1,42.0,21341.0,Patrick Mainka,4-5-1,3-5-2,Deniz Aytekin,Match Report,,10.0,4.0,20.2,0.0,0.0,0.0,2024,Heidenheim
2024-02-24,15:30,Bundesliga,Matchweek 23,Sat,Away,D,1,1,Werder Bremen,1.0,1.8,45.0,42358.0,Fabian Holland,3-5-2,3-5-2,Florian Badstübner,Match Report,,12.0,3.0,15.9,0.0,0.0,0.0,2024,Darmstadt 98
2024-02-24,18:30,Bundesliga,Matchweek 23,Sat,Home,W,2,1,RB Leipzig,1.5,0.9,57.0,75000.0,Manuel Neuer,4-2-3-1,4-2-2-2,Sascha Stegemann,Match Report,,16.0,4.0,16.3,0.0,0.0,0.0,2024,Bayern Munich
2024-02-24,15:30,Bundesliga,Matchweek 23,Sat,Away,L,2,5,Gladbach,1.6,3.5,52.0,53196.0,Kevin Stöger,4-5-1,4-3-3,Frank Willenborg,Match Report,,16.0,4.0,16.2,1.0,0.0,0.0,2024,Bochum
2024-02-24,15:30,Bundesliga,Matchweek 23,Sat,Home,D,1,1,Darmstadt 98,1.8,1.0,55.0,42358.0,Christian Groß,3-5-2,3-5-2,Florian Badstübner,Match Report,,15.0,4.0,16.7,0.0,0.0,0.0,2024,Werder Bremen
2024-02-24,18:30,Bundesliga,Matchweek 23,Sat,Away,L,1,2,Bayern Munich,0.9,1.5,43.0,75000.0,Willi Orban,4-2-2-2,4-2-3-1,Sascha Stegemann,Match Report,,11.0,6.0,20.5,0.0,0.0,0.0,2024,RB Leipzig
2024-02-24,15:30,Bundesliga,Matchweek 23,Sat,Home,W,5,2,Bochum,3.5,1.6,48.0,53196.0,Julian Weigl,4-3-3,4-5-1,Frank Willenborg,Match Report,,21.0,5.0,16.9,0.0,1.0,1.0,2024,Gladbach
2024-02-25,19:30,Bundesliga,Matchweek 23,Sun,Home,W,2,1,Freiburg,1.6,1.6,63.0,28894.0,Ermedin Demirović,4-1-2-1-2◆,4-2-2-2,Bastian Dankert,Match Report,,19.0,8.0,15.6,1.0,0.0,0.0,2024,Augsburg
2024-02-25,17:30,Bundesliga,Matchweek 23,Sun,Home,L,2,3,Hoffenheim,1.9,1.3,69.0,81365.0,Emre Can,4-2-3-1,3-4-1-2,Marco Fritz,Match Report,,21.0,7.0,15.9,1.0,0.0,0.0,2024,Dortmund
2024-02-25,17:30,Bundesliga,Matchweek 23,Sun,Away,W,3,2,Dortmund,1.3,1.9,31.0,81365.0,Oliver Baumann,3-4-1-2,4-2-3-1,Marco Fritz,Match Report,,9.0,5.0,16.6,1.0,0.0,0.0,2024,Hoffenheim
2024-02-25,15:30,Bundesliga,Matchweek 23,Sun,Away,D,2,2,Eint Frankfurt,1.0,0.9,43.0,56500.0,Maximilian Arnold,4-2-3-1,4-4-2,Daniel Schlager,Match Report,,14.0,8.0,17.7,0.0,0.0,0.0,2024,Wolfsburg
2024-02-25,19:30,Bundesliga,Matchweek 23,Sun,Away,L,1,2,Augsburg,1.6,1.6,37.0,28894.0,Christian Günter,4-2-2-2,4-1-2-1-2,Bastian Dankert,Match Report,,4.0,0.0,19.7,0.0,1.0,1.0,2024,Freiburg
2024-02-25,15:30,Bundesliga,Matchweek 23,Sun,Home,D,2,2,Wolfsburg,0.9,1.0,57.0,56500.0,Kevin Trapp,4-4-2,4-2-3-1,Daniel Schlager,Match Report,,12.0,5.0,14.9,0.0,0.0,0.0,2024,Eint Frankfurt
2024-03-01,20:30,Bundesliga,Matchweek 24,Fri,Away,D,2,2,Freiburg,1.8,1.5,62.0,34700.0,Manuel Neuer,4-2-3-1,4-4-2,Sven Jablonski,Match Report,,20.0,7.0,14.6,0.0,0.0,0.0,2024,Bayern Munich
2024-03-01,20:30,Bundesliga,Matchweek 24,Fri,Home,D,2,2,Bayern Munich,1.5,1.8,38.0,34700.0,Christian Günter,4-4-2,4-2-3-1,Sven Jablonski,Match Report,,17.0,6.0,20.0,0.0,0.0,0.0,2024,Freiburg
2024-03-02,15:30,Bundesliga,Matchweek 24,Sat,Away,W,6,0,Darmstadt 98,2.9,0.8,54.0,17810.0,Ermedin Demirović,4-3-1-2,3-4-1-2,Felix Zwayer,Match Report,,22.0,7.0,16.8,0.0,0.0,0.0,2024,Augsburg
2024-03-02,15:30,Bundesliga,Matchweek 24,Sat,Away,W,4,1,Bochum,2.1,0.8,56.0,24200.0,Willi Orban,4-2-2-2,4-2-3-1,Harm Osmers,Match Report,,12.0,4.0,16.4,0.0,0.0,0.0,2024,RB Leipzig
2024-03-02,15:30,Bundesliga,Matchweek 24,Sat,Home,L,0,2,Dortmund,1.2,1.6,39.0,22012.0,Rani Khedira,3-5-2,4-2-3-1,Christian Dingert,Match Report,,14.0,3.0,16.7,0.0,0.0,0.0,2024,Union Berlin
2024-03-02,15:30,Bundesliga,Matchweek 24,Sat,Away,W,2,1,Heidenheim,1.2,1.0,42.0,15000.0,Kevin Trapp,4-4-2,4-2-3-1,Sören Storks,Match Report,,10.0,5.0,13.4,1.0,0.0,0.0,2024,Eint Frankfurt
2024-03-02,15:30,Bundesliga,Matchweek 24,Sat,Home,L,0,6,Augsburg,0.8,2.9,46.0,17810.0,Fabian Holland,3-4-1-2,4-3-1-2,Felix Zwayer,Match Report,,10.0,5.0,20.7,1.0,0.0,0.0,2024,Darmstadt 98
2024-03-02,18:30,Bundesliga,Matchweek 24,Sat,Away,W,3,2,Wolfsburg,1.1,0.8,58.0,25000.0,Waldemar Anton,3-4-3,4-2-3-1,Benjamin Brand,Match Report,,6.0,2.0,22.3,0.0,1.0,1.0,2024,Stuttgart
2024-03-02,15:30,Bundesliga,Matchweek 24,Sat,Away,W,2,0,Union Berlin,1.6,1.2,61.0,22012.0,Emre Can,4-2-3-1,3-5-2,Christian Dingert,Match Report,,13.0,7.0,16.2,0.0,0.0,0.0,2024,Dortmund
2024-03-02,15:30,Bundesliga,Matchweek 24,Sat,Home,D,1,1,Gladbach,1.0,1.0,43.0,33305.0,Silvan Widmer,3-4-3,4-3-3,Robert Schröder,Match Report,,19.0,3.0,18.9,2.0,0.0,0.0,2024,Mainz 05
2024-03-02,15:30,Bundesliga,Matchweek 24,Sat,Away,D,1,1,Mainz 05,1.0,1.0,57.0,33305.0,Julian Weigl,4-3-3,3-4-3,Robert Schröder,Match Report,,14.0,5.0,16.1,0.0,0.0,0.0,2024,Gladbach
2024-03-02,18:30,Bundesliga,Matchweek 24,Sat,Home,L,2,3,Stuttgart,0.8,1.1,42.0,25000.0,Maximilian Arnold,4-2-3-1,3-4-3,Benjamin Brand,Match Report,,12.0,2.0,15.8,0.0,0.0,0.0,2024,Wolfsburg
2024-03-02,15:30,Bundesliga,Matchweek 24,Sat,Home,L,1,4,RB Leipzig,0.8,2.1,44.0,24200.0,Anthony Losilla,4-2-3-1,4-2-2-2,Harm Osmers,Match Report,,14.0,3.0,23.7,1.0,0.0,0.0,2024,Bochum
2024-03-02,15:30,Bundesliga,Matchweek 24,Sat,Home,L,1,2,Eint Frankfurt,1.0,1.2,58.0,15000.0,Patrick Mainka,4-2-3-1,4-4-2,Sören Storks,Match Report,,15.0,3.0,15.7,0.0,0.0,0.0,2024,Heidenheim
2024-03-03,17:30,Bundesliga,Matchweek 24,Sun,Away,L,1,2,Hoffenheim,1.3,1.7,53.0,25000.0,Christian Groß,3-5-2,3-4-3,Matthias Jöllenbeck,Match Report,,18.0,7.0,17.3,2.0,0.0,0.0,2024,Werder Bremen
2024-03-03,15:30,Bundesliga,Matchweek 24,Sun,Away,W,2,0,Köln,1.5,1.0,77.0,50000.0,Lukáš Hrádecký,3-4-3,4-4-2,Tobias Stieler,Match Report,,17.0,5.0,16.9,2.0,0.0,0.0,2024,Leverkusen
2024-03-03,17:30,Bundesliga,Matchweek 24,Sun,Home,W,2,1,Werder Bremen,1.7,1.3,47.0,25000.0,Oliver Baumann,3-4-3,3-5-2,Matthias Jöllenbeck,Match Report,,14.0,7.0,18.2,0.0,0.0,0.0,2024,Hoffenheim
2024-03-03,15:30,Bundesliga,Matchweek 24,Sun,Home,L,0,2,Leverkusen,1.0,1.5,23.0,50000.0,Marvin Schwäbe,4-4-2,3-4-3,Tobias Stieler,Match Report,,6.0,0.0,11.0,0.0,0.0,0.0,2024,Köln
2024-03-05,21:00,Champions Lg,Round of 16,Tue,Home,W,3,0,it Lazio,3.5,0.4,60.0,75000.0,Manuel Neuer,4-2-3-1,4-3-3,Slavko Vinčič,Match Report,Leg 2 of 2; Bayern Munich won,24.0,7.0,16.0,0.0,0.0,0.0,2024,Bayern Munich
2024-03-06,21:00,Champions Lg,Round of 16,Wed,Away,D,1,1,es Real Madrid,1.0,0.8,47.0,76126.0,Willi Orban,4-2-2-2,4-3-3,Davide Massa,Match Report,Leg 2 of 2; Real Madrid won,20.0,4.0,17.8,1.0,0.0,0.0,2024,RB Leipzig
2024-03-07,21:45 (18:45),Europa Lg,Round of 16,Thu,Away,D,2,2,az Qarabağ,1.3,1.8,66.0,30423.0,Jonathan Tah,3-4-1-2,4-2-3-1,Benoît Bastien,Match Report,Leg 1 of 2,10.0,4.0,15.5,0.0,0.0,0.0,2024,Leverkusen
2024-03-07,21:00,Europa Lg,Round of 16,Thu,Home,W,1,0,eng West Ham,1.5,1.4,58.0,34700.0,Christian Günter,4-1-4-1,4-2-3-1,Alejandro Hernández,Match Report,Leg 1 of 2,15.0,4.0,19.4,0.0,0.0,0.0,2024,Freiburg
2024-03-08,20:30,Bundesliga,Matchweek 25,Fri,Away,L,0,2,Stuttgart,0.9,1.0,30.0,53800.0,Rani Khedira,5-4-1,3-4-3,Robert Schröder,Match Report,,9.0,4.0,16.3,0.0,0.0,0.0,2024,Union Berlin
2024-03-08,20:30,Bundesliga,Matchweek 25,Fri,Home,W,2,0,Union Berlin,1.0,0.9,70.0,53800.0,Atakan Karazor,3-4-3,5-4-1,Robert Schröder,Match Report,,14.0,5.0,21.1,0.0,0.0,0.0,2024,Stuttgart
2024-03-09,15:30,Bundesliga,Matchweek 25,Sat,Away,L,1,8,Bayern Munich,0.8,6.2,41.0,75000.0,Silvan Widmer,3-4-3,4-2-3-1,Patrick Ittrich,Match Report,,14.0,2.0,20.2,1.0,0.0,0.0,2024,Mainz 05
2024-03-09,18:30,Bundesliga,Matchweek 25,Sat,Away,W,2,1,Werder Bremen,1.2,1.8,54.0,42100.0,Emre Can,4-2-3-1,3-5-2,Deniz Aytekin,Match Report,,13.0,6.0,17.5,0.0,0.0,0.0,2024,Dortmund
2024-03-09,18:30,Bundesliga,Matchweek 25,Sat,Home,L,1,2,Dortmund,1.8,1.2,46.0,42100.0,Niklas Stark,3-5-2,4-2-3-1,Deniz Aytekin,Match Report,,16.0,5.0,17.8,2.0,0.0,0.0,2024,Werder Bremen
2024-03-09,15:30,Bundesliga,Matchweek 25,Sat,Away,L,0,1,Augsburg,0.4,0.5,42.0,30660.0,Patrick Mainka,4-1-3-2,4-1-2-1-2,Frank Willenborg,Match Report,,6.0,1.0,18.9,0.0,0.0,0.0,2024,Heidenheim
2024-03-09,15:30,Bundesliga,Matchweek 25,Sat,Home,W,8,1,Mainz 05,6.2,0.8,59.0,75000.0,Manuel Neuer,4-2-3-1,3-4-3,Patrick Ittrich,Match Report,,24.0,11.0,11.6,0.0,0.0,0.0,2024,Bayern Munich
2024-03-09,15:30,Bundesliga,Matchweek 25,Sat,Away,L,0,2,RB Leipzig,0.5,3.2,36.0,40000.0,Tobias Kempe,4-2-2-2,4-2-2-2,Robert Hartmann,Match Report,,9.0,4.0,18.8,0.0,0.0,0.0,2024,Darmstadt 98
2024-03-09,15:30,Bundesliga,Matchweek 25,Sat,Home,D,3,3,Köln,1.8,0.6,58.0,54042.0,Julian Weigl,4-2-3-1,4-2-3-1,Felix Zwayer,Match Report,,17.0,5.0,13.9,0.0,0.0,0.0,2024,Gladbach
2024-03-09,15:30,Bundesliga,Matchweek 25,Sat,Home,W,2,0,Darmstadt 98,3.2,0.5,64.0,40000.0,Willi Orban,4-2-2-2,4-2-2-2,Robert Hartmann,Match Report,,29.0,8.0,15.9,3.0,0.0,0.0,2024,RB Leipzig
2024-03-09,15:30,Bundesliga,Matchweek 25,Sat,Home,W,1,0,Heidenheim,0.5,0.4,58.0,30660.0,Ermedin Demirović,4-1-2-1-2◆,4-1-3-2,Frank Willenborg,Match Report,,7.0,3.0,16.7,1.0,0.0,0.0,2024,Augsburg
2024-03-09,15:30,Bundesliga,Matchweek 25,Sat,Away,D,3,3,Gladbach,0.6,1.8,42.0,54042.0,Florian Kainz,4-2-3-1,4-2-3-1,Felix Zwayer,Match Report,,12.0,5.0,15.9,1.0,0.0,0.0,2024,Köln
2024-03-10,15:30,Bundesliga,Matchweek 25,Sun,Away,W,2,1,Bochum,1.4,1.2,40.0,25594.0,Christian Günter,4-2-2-2,4-1-3-2,Marco Fritz,Match Report,,9.0,4.0,16.5,0.0,0.0,0.0,2024,Freiburg
2024-03-10,17:30,Bundesliga,Matchweek 25,Sun,Home,W,3,1,Hoffenheim,2.4,0.6,64.0,57000.0,Kevin Trapp,3-4-3,3-4-1-2,Bastian Dankert,Match Report,,17.0,7.0,14.7,1.0,0.0,0.0,2024,Eint Frankfurt
2024-03-10,19:30,Bundesliga,Matchweek 25,Sun,Away,L,0,2,Leverkusen,0.2,2.1,24.0,29314.0,Maximilian Arnold,3-4-3,3-4-3,Daniel Siebert,Match Report,,2.0,1.0,19.2,0.0,0.0,0.0,2024,Wolfsburg
2024-03-10,19:30,Bundesliga,Matchweek 25,Sun,Home,W,2,0,Wolfsburg,2.1,0.2,76.0,29314.0,Lukáš Hrádecký,3-4-3,3-4-3,Daniel Siebert,Match Report,,19.0,8.0,19.5,1.0,0.0,0.0,2024,Leverkusen
2024-03-10,15:30,Bundesliga,Matchweek 25,Sun,Home,L,1,2,Freiburg,1.2,1.4,60.0,25594.0,Anthony Losilla,4-1-3-2,4-2-2-2,Marco Fritz,Match Report,,24.0,7.0,16.7,0.0,0.0,0.0,2024,Bochum
2024-03-10,17:30,Bundesliga,Matchweek 25,Sun,Away,L,1,3,Eint Frankfurt,0.6,2.4,36.0,57000.0,Oliver Baumann,3-4-1-2,3-4-3,Bastian Dankert,Match Report,,6.0,2.0,15.9,0.0,0.0,0.0,2024,Hoffenheim
2024-03-12,20:30,DFB-Pokal,Quarter-finals,Tue,Away,L,1,2,Saarbrücken,,,73.0,15903.0,Julian Weigl,3-4-3,3-5-2,Robert Hartmann,Match Report,,21.0,5.0,,,0.0,0.0,2024,Gladbach
2024-03-13,21:00,Champions Lg,Round of 16,Wed,Home,W,2,0,nl PSV Eindhoven,1.5,1.5,48.0,81365.0,Emre Can,4-2-3-1,4-3-3,Daniele Orsato,Match Report,Leg 2 of 2; Dortmund won,15.0,7.0,13.0,0.0,0.0,0.0,2024,Dortmund
2024-03-14,17:45 (18:45),Europa Lg,Round of 16,Thu,Away,L,0,5,eng West Ham,0.3,2.1,60.0,51014.0,Christian Günter,4-2-2-2,4-2-3-1,Marco Guida,Match Report,Leg 2 of 2; West Ham won,10.0,3.0,22.3,0.0,0.0,0.0,2024,Freiburg
2024-03-14,21:00,Europa Lg,Round of 16,Thu,Home,W,3,2,az Qarabağ,4.1,1.1,72.0,30210.0,Robert Andrich,3-4-3,4-2-3-1,Anthony Taylor,Match Report,Leg 2 of 2; Leverkusen won,33.0,8.0,14.2,0.0,0.0,0.0,2024,Leverkusen
2024-03-15,20:30,Bundesliga,Matchweek 26,Fri,Home,L,1,5,RB Leipzig,1.2,3.3,34.0,49000.0,Florian Kainz,4-2-3-1,4-2-2-2,Florian Badstübner,Match Report,,10.0,2.0,17.4,0.0,0.0,0.0,2024,Köln
2024-03-15,20:30,Bundesliga,Matchweek 26,Fri,Away,W,5,1,Köln,3.3,1.2,66.0,49000.0,Willi Orban,4-2-2-2,4-2-3-1,Florian Badstübner,Match Report,,22.0,8.0,15.8,1.0,0.0,0.0,2024,RB Leipzig
2024-03-16,15:30,Bundesliga,Matchweek 26,Sat,Away,L,0,2,Mainz 05,0.7,2.5,50.0,33000.0,Anthony Losilla,4-1-2-1-2◆,3-4-3,Matthias Jöllenbeck,Match Report,,11.0,1.0,16.1,0.0,0.0,0.0,2024,Bochum
2024-03-16,15:30,Bundesliga,Matchweek 26,Sat,Away,D,1,1,Heidenheim,0.5,1.1,47.0,15000.0,Julian Weigl,4-3-3,4-2-3-1,Martin Petersen,Match Report,,7.0,2.0,20.5,0.0,0.0,0.0,2024,Gladbach
2024-03-16,15:30,Bundesliga,Matchweek 26,Sat,Away,W,3,1,Wolfsburg,0.7,1.3,50.0,21735.0,Ermedin Demirović,4-1-2-1-2◆,4-4-2,Timo Gerach,Match Report,,15.0,5.0,27.9,1.0,0.0,0.0,2024,Augsburg
2024-03-16,18:30,Bundesliga,Matchweek 26,Sat,Away,W,3,0,Hoffenheim,3.7,0.5,57.0,30150.0,Waldemar Anton,3-4-3,3-4-3,Sascha Stegemann,Match Report,,25.0,11.0,17.5,0.0,0.0,0.0,2024,Stuttgart
2024-03-16,15:30,Bundesliga,Matchweek 26,Sat,Home,L,1,3,Augsburg,1.3,0.7,50.0,21735.0,Maximilian Arnold,4-4-2,4-1-2-1-2,Timo Gerach,Match Report,,15.0,4.0,14.6,0.0,0.0,0.0,2024,Wolfsburg
2024-03-16,15:30,Bundesliga,Matchweek 26,Sat,Home,D,1,1,Gladbach,1.1,0.5,53.0,15000.0,Patrick Mainka,4-2-3-1,4-3-3,Martin Petersen,Match Report,,19.0,3.0,13.7,0.0,0.0,0.0,2024,Heidenheim
2024-03-16,15:30,Bundesliga,Matchweek 26,Sat,Home,L,2,5,Bayern Munich,1.2,3.6,24.0,17810.0,Fabian Holland,4-4-2,4-2-3-1,Tobias Reichel,Match Report,,7.0,3.0,16.2,0.0,0.0,0.0,2024,Darmstadt 98
2024-03-16,15:30,Bundesliga,Matchweek 26,Sat,Away,W,5,2,Darmstadt 98,3.6,1.2,76.0,17810.0,Manuel Neuer,4-2-3-1,4-4-2,Tobias Reichel,Match Report,,27.0,6.0,14.6,0.0,0.0,0.0,2024,Bayern Munich
2024-03-16,15:30,Bundesliga,Matchweek 26,Sat,Home,W,2,0,Bochum,2.5,0.7,50.0,33000.0,Robin Zentner,3-4-3,4-1-2-1-2,Matthias Jöllenbeck,Match Report,,14.0,3.0,19.0,0.0,1.0,1.0,2024,Mainz 05
2024-03-16,15:30,Bundesliga,Matchweek 26,Sat,Home,W,2,1,Werder Bremen,1.1,1.1,50.0,22012.0,Christopher Trimmel,3-4-1-2,3-4-3,Daniel Schlager,Match Report,,11.0,6.0,15.5,0.0,0.0,0.0,2024,Union Berlin
2024-03-16,15:30,Bundesliga,Matchweek 26,Sat,Away,L,1,2,Union Berlin,1.1,1.1,50.0,22012.0,Miloš Veljković,3-4-3,3-4-1-2,Daniel Schlager,Match Report,,11.0,2.0,16.4,0.0,0.0,0.0,2024,Werder Bremen
2024-03-16,18:30,Bundesliga,Matchweek 26,Sat,Home,L,0,3,Stuttgart,0.5,3.7,43.0,30150.0,Oliver Baumann,3-4-3,3-4-3,Sascha Stegemann,Match Report,,7.0,1.0,21.3,0.0,0.0,0.0,2024,Hoffenheim
2024-03-17,17:30,Bundesliga,Matchweek 26,Sun,Home,W,3,1,Eint Frankfurt,2.3,0.9,66.0,81365.0,Emre Can,4-3-3,3-4-3,Tobias Stieler,Match Report,,15.0,4.0,20.1,1.0,1.0,1.0,2024,Dortmund
2024-03-17,15:30,Bundesliga,Matchweek 26,Sun,Home,L,2,3,Leverkusen,0.9,2.3,33.0,34700.0,Christian Günter,5-4-1,3-4-3,Harm Osmers,Match Report,,11.0,3.0,14.6,0.0,0.0,0.0,2024,Freiburg
2024-03-17,17:30,Bundesliga,Matchweek 26,Sun,Away,L,1,3,Dortmund,0.9,2.3,34.0,81365.0,Kevin Trapp,3-4-3,4-3-3,Tobias Stieler,Match Report,,9.0,6.0,17.9,1.0,0.0,0.0,2024,Eint Frankfurt
2024-03-17,15:30,Bundesliga,Matchweek 26,Sun,Away,W,3,2,Freiburg,2.3,0.9,67.0,34700.0,Lukáš Hrádecký,3-4-3,5-4-1,Harm Osmers,Match Report,,19.0,7.0,16.6,1.0,0.0,0.0,2024,Leverkusen
2024-03-30,15:30,Bundesliga,Matchweek 27,Sat,Home,L,0,3,Freiburg,1.5,1.7,54.0,53259.0,Jonas Omlin,4-2-3-1,3-4-1-2,Christian Dingert,Match Report,,19.0,3.0,13.4,0.0,0.0,0.0,2024,Gladbach
2024-03-30,18:30,Bundesliga,Matchweek 27,Sat,Home,L,0,2,Dortmund,1.5,0.9,61.0,75000.0,Thomas Müller,4-2-3-1,4-3-3,Harm Osmers,Match Report,,17.0,1.0,13.9,0.0,0.0,0.0,2024,Bayern Munich
2024-03-30,15:30,Bundesliga,Matchweek 27,Sat,Away,W,3,0,Gladbach,1.7,1.5,46.0,53259.0,Christian Günter,3-4-1-2,4-2-3-1,Christian Dingert,Match Report,,14.0,8.0,18.1,1.0,0.0,0.0,2024,Freiburg
2024-03-30,15:30,Bundesliga,Matchweek 27,Sat,Home,D,0,0,Union Berlin,1.0,1.5,65.0,57100.0,Kevin Trapp,3-4-3,3-4-3,Marco Fritz,Match Report,,16.0,3.0,18.2,1.0,0.0,0.0,2024,Eint Frankfurt
2024-03-30,15:30,Bundesliga,Matchweek 27,Sat,Away,D,0,0,Eint Frankfurt,1.5,1.0,35.0,57100.0,Christopher Trimmel,3-4-3,3-4-3,Marco Fritz,Match Report,,11.0,2.0,15.2,0.0,0.0,0.0,2024,Union Berlin
2024-03-30,15:30,Bundesliga,Matchweek 27,Sat,Away,L,1,2,Leverkusen,0.8,3.1,33.0,30210.0,Oliver Baumann,5-3-2,3-4-3,Deniz Aytekin,Match Report,,6.0,2.0,21.4,0.0,0.0,0.0,2024,Hoffenheim
2024-03-30,15:30,Bundesliga,Matchweek 27,Sat,Away,D,0,0,RB Leipzig,0.9,2.5,34.0,44813.0,Robin Zentner,3-4-3,4-4-2,Frank Willenborg,Match Report,,8.0,2.0,15.4,0.0,0.0,0.0,2024,Mainz 05
2024-03-30,15:30,Bundesliga,Matchweek 27,Sat,Home,W,2,1,Hoffenheim,3.1,0.8,67.0,30210.0,Lukáš Hrádecký,3-4-3,5-3-2,Deniz Aytekin,Match Report,,34.0,11.0,17.0,1.0,0.0,0.0,2024,Leverkusen
2024-03-30,15:30,Bundesliga,Matchweek 27,Sat,Home,D,0,0,Mainz 05,2.5,0.9,66.0,44813.0,Willi Orban,4-4-2,3-4-3,Frank Willenborg,Match Report,,20.0,9.0,15.9,0.0,0.0,0.0,2024,RB Leipzig
2024-03-30,18:30,Bundesliga,Matchweek 27,Sat,Away,W,2,0,Bayern Munich,0.9,1.5,39.0,75000.0,Emre Can,4-3-3,4-2-3-1,Harm Osmers,Match Report,,11.0,5.0,17.7,0.0,0.0,0.0,2024,Dortmund
2024-03-30,15:30,Bundesliga,Matchweek 27,Sat,Home,L,0,2,Wolfsburg,0.5,2.3,49.0,41500.0,Marco Friedl,3-5-2,3-4-3,Sascha Stegemann,Match Report,,6.0,1.0,18.5,0.0,0.0,0.0,2024,Werder Bremen
2024-03-30,15:30,Bundesliga,Matchweek 27,Sat,Away,W,2,0,Werder Bremen,2.3,0.5,51.0,41500.0,Maximilian Arnold,3-4-3,3-5-2,Sascha Stegemann,Match Report,,16.0,5.0,13.1,0.0,0.0,0.0,2024,Wolfsburg
2024-03-31,17:30,Bundesliga,Matchweek 27,Sun,Away,D,3,3,Stuttgart,1.3,3.0,28.0,60000.0,Patrick Mainka,4-2-3-1,4-2-2-2,Felix Zwayer,Match Report,,6.0,3.0,9.5,0.0,0.0,0.0,2024,Heidenheim
2024-03-31,15:30,Bundesliga,Matchweek 27,Sun,Away,D,1,1,Augsburg,1.3,2.2,43.0,37660.0,Florian Kainz,4-2-3-1,4-1-2-1-2,Sören Storks,Match Report,,12.0,2.0,19.4,0.0,0.0,0.0,2024,Köln
2024-03-31,17:30,Bundesliga,Matchweek 27,Sun,Home,D,3,3,Heidenheim,3.0,1.3,72.0,60000.0,Waldemar Anton,4-2-2-2,4-2-3-1,Felix Zwayer,Match Report,,20.0,6.0,16.8,0.0,0.0,0.0,2024,Stuttgart
2024-03-31,19:30,Bundesliga,Matchweek 27,Sun,Away,D,2,2,Bochum,0.9,1.8,43.0,25023.0,Marcel Schuhen,4-1-3-2,4-3-3,Sven Jablonski,Match Report,,12.0,3.0,19.3,0.0,0.0,0.0,2024,Darmstadt 98
2024-03-31,19:30,Bundesliga,Matchweek 27,Sun,Home,D,2,2,Darmstadt 98,1.8,0.9,57.0,25023.0,Anthony Losilla,4-3-3,4-1-3-2,Sven Jablonski,Match Report,,21.0,7.0,15.3,0.0,0.0,0.0,2024,Bochum
2024-03-31,15:30,Bundesliga,Matchweek 27,Sun,Home,D,1,1,Köln,2.2,1.3,57.0,37660.0,Elvis Rexhbeçaj,4-1-2-1-2◆,4-2-3-1,Sören Storks,Match Report,,25.0,5.0,16.2,1.0,0.0,0.0,2024,Augsburg
2024-04-03,20:45,DFB-Pokal,Semi-finals,Wed,Home,W,4,0,Düsseldorf,,,72.0,30210.0,Jonathan Tah,3-4-3,5-3-2,Christian Dingert,Match Report,,22.0,8.0,,,1.0,1.0,2024,Leverkusen
2024-04-05,20:30,Bundesliga,Matchweek 28,Fri,Home,D,1,1,Werder Bremen,2.1,1.6,66.0,58000.0,Kevin Trapp,4-4-2,3-5-2,Robert Hartmann,Match Report,,24.0,5.0,14.5,0.0,0.0,0.0,2024,Eint Frankfurt
2024-04-05,20:30,Bundesliga,Matchweek 28,Fri,Away,D,1,1,Eint Frankfurt,1.6,2.1,34.0,58000.0,Marco Friedl,3-5-2,4-4-2,Robert Hartmann,Match Report,,11.0,7.0,18.1,1.0,0.0,0.0,2024,Werder Bremen
2024-04-06,15:30,Bundesliga,Matchweek 28,Sat,Away,L,2,3,Heidenheim,1.9,1.4,67.0,15000.0,Thomas Müller,4-2-3-1,4-2-3-1,Robert Schröder,Match Report,,15.0,7.0,14.4,0.0,0.0,0.0,2024,Bayern Munich
2024-04-06,18:30,Bundesliga,Matchweek 28,Sat,Home,L,0,1,Stuttgart,2.5,1.6,51.0,81365.0,Emre Can,4-3-3,3-4-3,Matthias Jöllenbeck,Match Report,,16.0,7.0,13.9,0.0,0.0,0.0,2024,Dortmund
2024-04-06,15:30,Bundesliga,Matchweek 28,Sat,Away,L,1,2,Köln,0.6,1.0,44.0,50000.0,Anthony Losilla,4-3-1-2,4-2-3-1,Tobias Welz,Match Report,,11.0,2.0,13.5,0.0,0.0,0.0,2024,Bochum
2024-04-06,15:30,Bundesliga,Matchweek 28,Sat,Home,L,0,1,Leverkusen,0.3,2.8,35.0,22012.0,Christopher Trimmel,3-5-2,3-4-3,Benjamin Brand,Match Report,,9.0,0.0,16.6,0.0,0.0,0.0,2024,Union Berlin
2024-04-06,18:30,Bundesliga,Matchweek 28,Sat,Away,W,1,0,Dortmund,1.6,2.5,49.0,81365.0,Atakan Karazor,3-4-3,4-3-3,Matthias Jöllenbeck,Match Report,,10.0,2.0,16.7,0.0,0.0,0.0,2024,Stuttgart
2024-04-06,15:30,Bundesliga,Matchweek 28,Sat,Home,L,1,4,RB Leipzig,1.6,2.3,47.0,33200.0,Christian Günter,3-4-3,4-2-2-2,Daniel Siebert,Match Report,,12.0,2.0,16.6,0.0,0.0,1.0,2024,Freiburg
2024-04-06,15:30,Bundesliga,Matchweek 28,Sat,Away,W,4,1,Freiburg,2.3,1.6,53.0,33200.0,Willi Orban,4-2-2-2,3-4-3,Daniel Siebert,Match Report,,14.0,6.0,18.0,0.0,0.0,0.0,2024,RB Leipzig
2024-04-06,15:30,Bundesliga,Matchweek 28,Sat,Home,W,4,0,Darmstadt 98,3.6,0.5,59.0,33000.0,Robin Zentner,3-4-3,4-1-3-2,Daniel Schlager,Match Report,,18.0,9.0,14.9,3.0,0.0,0.0,2024,Mainz 05
2024-04-06,15:30,Bundesliga,Matchweek 28,Sat,Home,W,2,1,Bochum,1.0,0.6,56.0,50000.0,Florian Kainz,4-2-3-1,4-3-1-2,Tobias Welz,Match Report,,20.0,7.0,16.3,0.0,0.0,0.0,2024,Köln
2024-04-06,15:30,Bundesliga,Matchweek 28,Sat,Away,W,1,0,Union Berlin,2.8,0.3,65.0,22012.0,Lukáš Hrádecký,3-4-3,3-5-2,Benjamin Brand,Match Report,,19.0,7.0,18.1,1.0,1.0,1.0,2024,Leverkusen
2024-04-06,15:30,Bundesliga,Matchweek 28,Sat,Home,W,3,2,Bayern Munich,1.4,1.9,33.0,15000.0,Patrick Mainka,4-2-3-1,4-2-3-1,Robert Schröder,Match Report,,9.0,4.0,15.9,1.0,0.0,0.0,2024,Heidenheim
2024-04-06,15:30,Bundesliga,Matchweek 28,Sat,Away,L,0,4,Mainz 05,0.5,3.6,41.0,33000.0,Fabian Holland,4-1-3-2,3-4-3,Daniel Schlager,Match Report,,14.0,2.0,23.5,0.0,0.0,0.0,2024,Darmstadt 98
2024-04-07,15:30,Bundesliga,Matchweek 28,Sun,Home,W,3,1,Augsburg,1.8,1.2,54.0,28881.0,Oliver Baumann,3-4-1-2,5-3-2,Florian Exner,Match Report,,18.0,6.0,17.4,0.0,0.0,0.0,2024,Hoffenheim
2024-04-07,17:30,Bundesliga,Matchweek 28,Sun,Away,W,3,1,Wolfsburg,1.1,1.2,39.0,26105.0,Julian Weigl,3-4-3,4-4-2,Bastian Dankert,Match Report,,10.0,6.0,14.7,0.0,0.0,0.0,2024,Gladbach
2024-04-07,15:30,Bundesliga,Matchweek 28,Sun,Away,L,1,3,Hoffenheim,1.2,1.8,46.0,28881.0,Ermedin Demirović,5-3-2,3-4-1-2,Florian Exner,Match Report,,15.0,6.0,18.9,0.0,0.0,0.0,2024,Augsburg
2024-04-07,17:30,Bundesliga,Matchweek 28,Sun,Home,L,1,3,Gladbach,1.2,1.1,61.0,26105.0,Maximilian Arnold,4-4-2,3-4-3,Bastian Dankert,Match Report,,13.0,4.0,15.4,1.0,0.0,0.0,2024,Wolfsburg
2024-04-09,20:00 (21:00),Champions Lg,Quarter-finals,Tue,Away,D,2,2,eng Arsenal,1.9,1.0,41.0,60221.0,Manuel Neuer,4-2-3-1,4-3-3,Glenn Nyberg,Match Report,Leg 1 of 2,7.0,1.0,20.5,0.0,1.0,1.0,2024,Bayern Munich
2024-04-10,21:00,Champions Lg,Quarter-finals,Wed,Away,L,1,2,es Atlético Madrid,0.9,2.2,66.0,68641.0,Emre Can,4-2-3-1,3-5-2,Marco Guida,Match Report,Leg 1 of 2,12.0,4.0,18.8,1.0,0.0,0.0,2024,Dortmund
2024-04-11,21:00,Europa Lg,Quarter-finals,Thu,Home,W,2,0,eng West Ham,2.3,0.2,72.0,30210.0,Jonathan Tah,3-4-3,3-4-3,Artur Soares Dias,Match Report,Leg 1 of 2,33.0,11.0,17.4,0.0,0.0,0.0,2024,Leverkusen
2024-04-12,20:30,Bundesliga,Matchweek 29,Fri,Away,L,0,2,Augsburg,1.6,1.6,53.0,29731.0,Christopher Trimmel,3-5-2,4-1-2-1-2,Tobias Stieler,Match Report,,17.0,3.0,13.0,0.0,0.0,0.0,2024,Union Berlin
2024-04-12,20:30,Bundesliga,Matchweek 29,Fri,Home,W,2,0,Union Berlin,1.6,1.6,47.0,29731.0,Ermedin Demirović,4-1-2-1-2◆,3-5-2,Tobias Stieler,Match Report,,10.0,4.0,17.1,0.0,0.0,0.0,2024,Augsburg
2024-04-13,15:30,Bundesliga,Matchweek 29,Sat,Home,D,1,1,Heidenheim,1.2,1.1,61.0,24414.0,Anthony Losilla,4-2-3-1,4-2-3-1,Patrick Ittrich,Match Report,,23.0,5.0,20.0,3.0,0.0,0.0,2024,Bochum
2024-04-13,15:30,Bundesliga,Matchweek 29,Sat,Away,D,1,1,Bochum,1.1,1.2,39.0,24414.0,Patrick Mainka,4-2-3-1,4-2-3-1,Patrick Ittrich,Match Report,,11.0,3.0,18.2,0.0,0.0,0.0,2024,Heidenheim
2024-04-13,15:30,Bundesliga,Matchweek 29,Sat,Away,L,0,3,RB Leipzig,0.4,1.3,50.0,45858.0,Maximilian Arnold,3-4-3,4-2-2-2,Christian Dingert,Match Report,,10.0,3.0,23.5,0.0,0.0,0.0,2024,Wolfsburg
2024-04-13,18:30,Bundesliga,Matchweek 29,Sat,Away,L,0,3,Stuttgart,0.6,1.2,46.0,60000.0,Kevin Trapp,4-2-2-2,4-2-3-1,Deniz Aytekin,Match Report,,10.0,3.0,19.1,1.0,0.0,0.0,2024,Eint Frankfurt
2024-04-13,15:30,Bundesliga,Matchweek 29,Sat,Home,L,1,2,Dortmund,1.1,1.3,46.0,54042.0,Jonas Omlin,3-4-3,4-2-3-1,Florian Badstübner,Match Report,,18.0,4.0,17.1,0.0,0.0,0.0,2024,Gladbach
2024-04-13,15:30,Bundesliga,Matchweek 29,Sat,Away,W,2,1,Gladbach,1.3,1.1,54.0,54042.0,Gregor Kobel,4-2-3-1,3-4-3,Florian Badstübner,Match Report,,11.0,3.0,21.9,0.0,1.0,1.0,2024,Dortmund
2024-04-13,15:30,Bundesliga,Matchweek 29,Sat,Home,W,2,0,Köln,2.2,0.9,69.0,75000.0,Thomas Müller,4-2-3-1,4-4-2,Frank Willenborg,Match Report,,16.0,6.0,14.9,0.0,0.0,0.0,2024,Bayern Munich
2024-04-13,15:30,Bundesliga,Matchweek 29,Sat,Home,W,3,0,Wolfsburg,1.3,0.4,50.0,45858.0,Willi Orban,4-2-2-2,3-4-3,Christian Dingert,Match Report,,16.0,6.0,15.0,0.0,0.0,0.0,2024,RB Leipzig
2024-04-13,15:30,Bundesliga,Matchweek 29,Sat,Home,W,4,1,Hoffenheim,2.1,0.5,47.0,31000.0,Robin Zentner,3-4-3,3-5-2,Felix Zwayer,Match Report,,25.0,8.0,17.5,0.0,0.0,0.0,2024,Mainz 05
2024-04-13,18:30,Bundesliga,Matchweek 29,Sat,Home,W,3,0,Eint Frankfurt,1.2,0.6,54.0,60000.0,Waldemar Anton,4-2-3-1,4-2-2-2,Deniz Aytekin,Match Report,,9.0,6.0,16.3,0.0,0.0,0.0,2024,Stuttgart
2024-04-13,15:30,Bundesliga,Matchweek 29,Sat,Away,L,0,2,Bayern Munich,0.9,2.2,31.0,75000.0,Florian Kainz,4-4-2,4-2-3-1,Frank Willenborg,Match Report,,11.0,5.0,18.5,0.0,0.0,0.0,2024,Köln
2024-04-13,15:30,Bundesliga,Matchweek 29,Sat,Away,L,1,4,Mainz 05,0.5,2.1,53.0,31000.0,Oliver Baumann,3-5-2,3-4-3,Felix Zwayer,Match Report,,5.0,1.0,20.5,0.0,0.0,0.0,2024,Hoffenheim
2024-04-14,15:30,Bundesliga,Matchweek 29,Sun,Away,W,1,0,Darmstadt 98,0.9,1.1,47.0,17810.0,Christian Günter,3-4-3,3-4-1-2,Sascha Stegemann,Match Report,,9.0,3.0,16.0,0.0,0.0,0.0,2024,Freiburg
2024-04-14,17:30,Bundesliga,Matchweek 29,Sun,Away,L,0,5,Leverkusen,0.7,3.2,44.0,30210.0,Leonardo Bittencourt,3-5-2,3-4-3,Harm Osmers,Match Report,,7.0,3.0,17.6,0.0,0.0,0.0,2024,Werder Bremen
2024-04-14,17:30,Bundesliga,Matchweek 29,Sun,Home,W,5,0,Werder Bremen,3.2,0.7,56.0,30210.0,Lukáš Hrádecký,3-4-3,3-5-2,Harm Osmers,Match Report,,19.0,9.0,16.2,0.0,1.0,1.0,2024,Leverkusen
2024-04-14,15:30,Bundesliga,Matchweek 29,Sun,Home,L,0,1,Freiburg,1.1,0.9,53.0,17810.0,Fabian Holland,3-4-1-2,3-4-3,Sascha Stegemann,Match Report,,17.0,4.0,20.5,0.0,0.0,0.0,2024,Darmstadt 98
2024-04-16,21:00,Champions Lg,Quarter-finals,Tue,Home,W,4,2,es Atlético Madrid,1.5,1.9,52.0,81365.0,Emre Can,4-2-3-1,3-5-2,Slavko Vinčič,Match Report,Leg 2 of 2; Dortmund won,19.0,9.0,16.9,0.0,0.0,0.0,2024,Dortmund
2024-04-17,21:00,Champions Lg,Quarter-finals,Wed,Home,W,1,0,eng Arsenal,1.3,0.4,51.0,75000.0,Manuel Neuer,4-2-3-1,4-3-3,Danny Makkelie,Match Report,Leg 2 of 2; Bayern Munich won,15.0,3.0,14.9,0.0,0.0,0.0,2024,Bayern Munich
2024-04-18,20:00 (21:00),Europa Lg,Quarter-finals,Thu,Away,D,1,1,eng West Ham,1.1,1.5,57.0,62473.0,Jonathan Tah,3-4-3,4-2-3-1,José Sánchez,Match Report,Leg 2 of 2; Leverkusen won,9.0,2.0,18.1,0.0,0.0,0.0,2024,Leverkusen
2024-04-19,20:30,Bundesliga,Matchweek 30,Fri,Home,W,3,1,Augsburg,1.8,0.5,63.0,57600.0,Kevin Trapp,4-4-2,4-1-2-1-2,Martin Petersen,Match Report,,12.0,7.0,18.1,0.0,0.0,0.0,2024,Eint Frankfurt
2024-04-19,20:30,Bundesliga,Matchweek 30,Fri,Away,L,1,3,Eint Frankfurt,0.5,1.8,37.0,57600.0,Ermedin Demirović,4-1-2-1-2◆,4-4-2,Martin Petersen,Match Report,,6.0,1.0,19.0,0.0,0.0,0.0,2024,Augsburg
2024-04-20,15:30,Bundesliga,Matchweek 30,Sat,Away,W,2,0,Köln,1.8,1.0,42.0,50000.0,Tobias Kempe,3-4-3,4-4-2,Matthias Jöllenbeck,Match Report,,12.0,6.0,19.9,0.0,0.0,0.0,2024,Darmstadt 98
2024-04-20,15:30,Bundesliga,Matchweek 30,Sat,Away,L,3,4,Hoffenheim,1.0,2.3,41.0,26078.0,Julian Weigl,5-4-1,3-5-2,Sören Storks,Match Report,,13.0,7.0,12.8,0.0,0.0,0.0,2024,Gladbach
2024-04-20,15:30,Bundesliga,Matchweek 30,Sat,Home,W,4,3,Gladbach,2.3,1.0,59.0,26078.0,Oliver Baumann,3-5-2,5-4-1,Sören Storks,Match Report,,28.0,9.0,19.2,2.0,0.0,0.0,2024,Hoffenheim
2024-04-20,15:30,Bundesliga,Matchweek 30,Sat,Home,W,1,0,Bochum,0.8,1.3,46.0,26327.0,Maximilian Arnold,4-4-2,4-2-3-1,Tobias Reichel,Match Report,,9.0,5.0,17.0,0.0,0.0,0.0,2024,Wolfsburg
2024-04-20,15:30,Bundesliga,Matchweek 30,Sat,Away,L,0,1,Wolfsburg,1.3,0.8,54.0,26327.0,Anthony Losilla,4-2-3-1,4-4-2,Tobias Reichel,Match Report,,13.0,1.0,17.8,1.0,0.0,0.0,2024,Bochum
2024-04-20,15:30,Bundesliga,Matchweek 30,Sat,Home,L,1,2,RB Leipzig,1.0,1.8,39.0,15000.0,Patrick Mainka,4-1-2-1-2◆,4-2-2-2,Tobias Welz,Match Report,,10.0,4.0,14.9,1.0,0.0,0.0,2024,Heidenheim
2024-04-20,15:30,Bundesliga,Matchweek 30,Sat,Home,L,0,2,Darmstadt 98,1.0,1.8,58.0,50000.0,Florian Kainz,4-4-2,3-4-3,Matthias Jöllenbeck,Match Report,,19.0,4.0,17.2,0.0,0.0,0.0,2024,Köln
2024-04-20,18:30,Bundesliga,Matchweek 30,Sat,Away,W,5,1,Union Berlin,1.4,1.4,63.0,22012.0,Manuel Neuer,4-2-3-1,3-5-2,Sven Jablonski,Match Report,,19.0,9.0,16.5,1.0,0.0,0.0,2024,Bayern Munich
2024-04-20,15:30,Bundesliga,Matchweek 30,Sat,Away,W,2,1,Heidenheim,1.8,1.0,61.0,15000.0,Willi Orban,4-2-2-2,4-1-2-1-2,Tobias Welz,Match Report,,12.0,4.0,14.9,0.0,0.0,0.0,2024,RB Leipzig
2024-04-20,18:30,Bundesliga,Matchweek 30,Sat,Home,L,1,5,Bayern Munich,1.4,1.4,37.0,22012.0,Christopher Trimmel,3-5-2,4-2-3-1,Sven Jablonski,Match Report,,15.0,4.0,14.5,0.0,0.0,0.0,2024,Union Berlin
2024-04-21,15:30,Bundesliga,Matchweek 30,Sun,Away,L,1,2,Werder Bremen,2.2,1.5,69.0,42100.0,Waldemar Anton,3-5-2,3-4-3,Robert Schröder,Match Report,,15.0,5.0,15.7,1.0,0.0,0.0,2024,Stuttgart
2024-04-21,17:30,Bundesliga,Matchweek 30,Sun,Away,D,1,1,Dortmund,1.1,0.5,52.0,81365.0,Lukáš Hrádecký,3-4-3,4-1-4-1,Daniel Siebert,Match Report,,13.0,3.0,19.4,3.0,0.0,0.0,2024,Leverkusen
2024-04-21,17:30,Bundesliga,Matchweek 30,Sun,Home,D,1,1,Leverkusen,0.5,1.1,48.0,81365.0,Emre Can,4-1-4-1,3-4-3,Daniel Siebert,Match Report,,8.0,2.0,19.1,0.0,0.0,0.0,2024,Dortmund
2024-04-21,15:30,Bundesliga,Matchweek 30,Sun,Home,W,2,1,Stuttgart,1.5,2.2,31.0,42100.0,Marco Friedl,3-4-3,3-5-2,Robert Schröder,Match Report,,8.0,1.0,24.6,0.0,1.0,1.0,2024,Werder Bremen
2024-04-21,19:30,Bundesliga,Matchweek 30,Sun,Home,D,1,1,Mainz 05,1.1,1.0,40.0,34300.0,Christian Günter,3-4-3,3-4-3,Marco Fritz,Match Report,,6.0,3.0,14.2,0.0,0.0,0.0,2024,Freiburg
2024-04-21,19:30,Bundesliga,Matchweek 30,Sun,Away,D,1,1,Freiburg,1.0,1.1,60.0,34300.0,Robin Zentner,3-4-3,3-4-3,Marco Fritz,Match Report,,16.0,3.0,18.9,1.0,0.0,0.0,2024,Mainz 05
2024-04-26,20:30,Bundesliga,Matchweek 31,Fri,Away,L,2,3,Bochum,1.0,3.2,54.0,24300.0,Oliver Baumann,3-5-2,4-2-3-1,Tobias Stieler,Match Report,,10.0,4.0,15.6,0.0,0.0,0.0,2024,Hoffenheim
2024-04-26,20:30,Bundesliga,Matchweek 31,Fri,Home,W,3,2,Hoffenheim,3.2,1.0,46.0,24300.0,Anthony Losilla,4-2-3-1,3-5-2,Tobias Stieler,Match Report,,36.0,12.0,15.9,3.0,0.0,0.0,2024,Bochum
2024-04-27,18:30,Bundesliga,Matchweek 31,Sat,Away,D,2,2,Leverkusen,1.7,1.4,51.0,30210.0,Waldemar Anton,4-2-2-2,3-4-3,Felix Zwayer,Match Report,,11.0,4.0,17.1,0.0,0.0,0.0,2024,Stuttgart
2024-04-27,15:30,Bundesliga,Matchweek 31,Sat,Home,W,2,1,Eint Frankfurt,3.3,0.5,62.0,75000.0,Manuel Neuer,4-2-3-1,3-5-2,Daniel Schlager,Match Report,,19.0,7.0,17.8,0.0,1.0,1.0,2024,Bayern Munich
2024-04-27,15:30,Bundesliga,Matchweek 31,Sat,Away,L,1,2,Bayern Munich,0.5,3.3,38.0,75000.0,Kevin Trapp,3-5-2,4-2-3-1,Daniel Schlager,Match Report,,10.0,3.0,22.6,0.0,0.0,0.0,2024,Eint Frankfurt
2024-04-27,15:30,Bundesliga,Matchweek 31,Sat,Home,W,4,1,Dortmund,2.6,1.6,39.0,47069.0,Willi Orban,4-2-2-2,4-5-1,Deniz Aytekin,Match Report,,21.0,7.0,18.6,0.0,0.0,0.0,2024,RB Leipzig
2024-04-27,15:30,Bundesliga,Matchweek 31,Sat,Home,L,1,2,Wolfsburg,2.2,0.5,51.0,32800.0,Christian Günter,3-4-3,3-4-3,Frank Willenborg,Match Report,,14.0,3.0,16.5,0.0,0.0,1.0,2024,Freiburg
2024-04-27,15:30,Bundesliga,Matchweek 31,Sat,Away,W,2,1,Freiburg,0.5,2.2,49.0,32800.0,Maximilian Arnold,3-4-3,3-4-3,Frank Willenborg,Match Report,,12.0,4.0,23.1,1.0,0.0,0.0,2024,Wolfsburg
2024-04-27,15:30,Bundesliga,Matchweek 31,Sat,Away,W,3,0,Augsburg,2.0,0.6,46.0,30660.0,Marco Friedl,3-4-3,4-1-2-1-2,Tobias Welz,Match Report,,14.0,5.0,19.6,0.0,1.0,1.0,2024,Werder Bremen
2024-04-27,15:30,Bundesliga,Matchweek 31,Sat,Away,L,1,4,RB Leipzig,1.6,2.6,61.0,47069.0,Gregor Kobel,4-5-1,4-2-2-2,Deniz Aytekin,Match Report,,12.0,5.0,15.4,0.0,0.0,0.0,2024,Dortmund
2024-04-27,18:30,Bundesliga,Matchweek 31,Sat,Home,D,2,2,Stuttgart,1.4,1.7,49.0,30210.0,Lukáš Hrádecký,3-4-3,4-2-2-2,Felix Zwayer,Match Report,,14.0,6.0,20.1,2.0,0.0,0.0,2024,Leverkusen
2024-04-27,15:30,Bundesliga,Matchweek 31,Sat,Home,L,0,3,Werder Bremen,0.6,2.0,54.0,30660.0,Ermedin Demirović,4-1-2-1-2◆,3-4-3,Tobias Welz,Match Report,,13.0,1.0,19.8,0.0,0.0,0.0,2024,Augsburg
2024-04-28,15:30,Bundesliga,Matchweek 31,Sun,Away,D,0,0,Gladbach,1.0,0.9,48.0,53723.0,Rani Khedira,3-4-1-2,3-4-3,Sascha Stegemann,Match Report,,14.0,7.0,21.5,0.0,0.0,0.0,2024,Union Berlin
2024-04-28,17:30,Bundesliga,Matchweek 31,Sun,Away,D,1,1,Mainz 05,2.5,1.6,61.0,33305.0,Marvin Schwäbe,4-2-3-1,3-4-3,Benjamin Brand,Match Report,,15.0,5.0,20.2,0.0,1.0,2.0,2024,Köln
2024-04-28,15:30,Bundesliga,Matchweek 31,Sun,Home,D,0,0,Union Berlin,0.9,1.0,52.0,53723.0,Alassane Pléa,3-4-3,3-4-1-2,Sascha Stegemann,Match Report,,13.0,4.0,15.4,0.0,0.0,0.0,2024,Gladbach
2024-04-28,19:30,Bundesliga,Matchweek 31,Sun,Away,W,1,0,Darmstadt 98,1.6,0.7,55.0,17416.0,Patrick Mainka,4-1-3-2,3-4-1-2,Bastian Dankert,Match Report,,17.0,5.0,16.2,0.0,0.0,0.0,2024,Heidenheim
2024-04-28,17:30,Bundesliga,Matchweek 31,Sun,Home,D,1,1,Köln,1.6,2.5,39.0,33305.0,Robin Zentner,3-4-3,4-2-3-1,Benjamin Brand,Match Report,,16.0,4.0,14.7,0.0,0.0,0.0,2024,Mainz 05
2024-04-28,19:30,Bundesliga,Matchweek 31,Sun,Home,L,0,1,Heidenheim,0.7,1.6,45.0,17416.0,Tobias Kempe,3-4-1-2,4-1-3-2,Bastian Dankert,Match Report,,11.0,3.0,20.2,1.0,0.0,0.0,2024,Darmstadt 98
2024-04-30,21:00,Champions Lg,Semi-finals,Tue,Home,D,2,2,es Real Madrid,1.6,1.9,51.0,75000.0,Manuel Neuer,4-2-3-1,4-4-2,Clément Turpin,Match Report,Leg 1 of 2,13.0,4.0,20.2,1.0,1.0,1.0,2024,Bayern Munich
2024-05-01,21:00,Champions Lg,Semi-finals,Wed,Home,W,1,0,fr Paris S-G,1.7,1.7,43.0,81365.0,Emre Can,4-2-3-1,4-3-3,Anthony Taylor,Match Report,Leg 1 of 2,13.0,4.0,14.7,0.0,0.0,0.0,2024,Dortmund
2024-05-02,21:00,Europa Lg,Semi-finals,Thu,Away,W,2,0,it Roma,2.0,1.5,46.0,64073.0,Jonathan Tah,3-4-3,4-3-3,François Letexier,Match Report,Leg 1 of 2,19.0,4.0,20.4,0.0,0.0,0.0,2024,Leverkusen
2024-05-03,20:30,Bundesliga,Matchweek 32,Fri,Away,D,1,1,Hoffenheim,0.8,1.6,45.0,25066.0,Willi Orban,4-2-2-2,3-5-2,Harm Osmers,Match Report,,8.0,4.0,17.5,0.0,0.0,0.0,2024,RB Leipzig
2024-05-03,20:30,Bundesliga,Matchweek 32,Fri,Home,D,1,1,RB Leipzig,1.6,0.8,55.0,25066.0,Oliver Baumann,3-5-2,4-2-2-2,Harm Osmers,Match Report,,20.0,8.0,20.0,0.0,0.0,0.0,2024,Hoffenheim
2024-05-04,15:30,Bundesliga,Matchweek 32,Sat,Away,L,1,3,Stuttgart,1.7,1.8,39.0,60000.0,Manuel Neuer,4-2-3-1,4-2-2-2,Tobias Welz,Match Report,,9.0,2.0,17.1,0.0,1.0,1.0,2024,Bayern Munich
2024-05-04,15:30,Bundesliga,Matchweek 32,Sat,Home,W,3,1,Bayern Munich,1.8,1.7,61.0,60000.0,Waldemar Anton,4-2-2-2,4-2-3-1,Tobias Welz,Match Report,,24.0,9.0,20.4,0.0,0.0,0.0,2024,Stuttgart
2024-05-04,18:30,Bundesliga,Matchweek 32,Sat,Home,D,0,0,Freiburg,0.9,0.8,56.0,50000.0,Marvin Schwäbe,4-2-3-1,3-5-2,Sören Storks,Match Report,,19.0,7.0,21.8,0.0,0.0,0.0,2024,Köln
2024-05-04,15:30,Bundesliga,Matchweek 32,Sat,Home,W,3,0,Darmstadt 98,2.2,0.4,53.0,23108.0,Maximilian Arnold,4-2-3-1,3-4-1-2,Robert Hartmann,Match Report,,21.0,7.0,18.5,2.0,0.0,0.0,2024,Wolfsburg
2024-05-04,15:30,Bundesliga,Matchweek 32,Sat,Away,L,0,3,Wolfsburg,0.4,2.2,47.0,23108.0,Marvin Mehlem,3-4-1-2,4-2-3-1,Robert Hartmann,Match Report,,6.0,1.0,19.6,1.0,0.0,0.0,2024,Darmstadt 98
2024-05-04,15:30,Bundesliga,Matchweek 32,Sat,Away,D,2,2,Werder Bremen,1.9,1.4,44.0,42100.0,Julian Weigl,3-1-4-2,3-4-3,Timo Gerach,Match Report,,16.0,5.0,19.3,0.0,1.0,1.0,2024,Gladbach
2024-05-04,15:30,Bundesliga,Matchweek 32,Sat,Away,L,1,5,Dortmund,2.5,4.0,39.0,81365.0,Ermedin Demirović,3-4-1-2,4-2-3-1,Robert Schröder,Match Report,,22.0,3.0,14.3,0.0,0.0,0.0,2024,Augsburg
2024-05-04,18:30,Bundesliga,Matchweek 32,Sat,Away,D,0,0,Köln,0.8,0.9,44.0,50000.0,Christian Günter,3-5-2,4-2-3-1,Sören Storks,Match Report,,4.0,0.0,12.1,0.0,0.0,0.0,2024,Freiburg
2024-05-04,15:30,Bundesliga,Matchweek 32,Sat,Home,D,2,2,Gladbach,1.4,1.9,56.0,42100.0,Marco Friedl,3-4-3,3-1-4-2,Timo Gerach,Match Report,,18.0,6.0,14.6,1.0,0.0,0.0,2024,Werder Bremen
2024-05-04,15:30,Bundesliga,Matchweek 32,Sat,Home,W,5,1,Augsburg,4.0,2.5,61.0,81365.0,Gregor Kobel,4-2-3-1,3-4-1-2,Robert Schröder,Match Report,,21.0,10.0,15.5,0.0,0.0,0.0,2024,Dortmund
2024-05-05,19:30,Bundesliga,Matchweek 32,Sun,Away,D,1,1,Heidenheim,1.4,0.9,54.0,15000.0,Silvan Widmer,3-4-3,4-1-3-2,Sven Jablonski,Match Report,,10.0,3.0,14.8,0.0,0.0,0.0,2024,Mainz 05
2024-05-05,17:30,Bundesliga,Matchweek 32,Sun,Away,W,5,1,Eint Frankfurt,2.7,1.9,45.0,58000.0,Lukáš Hrádecký,3-4-3,4-2-2-2,Christian Dingert,Match Report,,7.0,4.0,22.0,0.0,2.0,2.0,2024,Leverkusen
2024-05-05,15:30,Bundesliga,Matchweek 32,Sun,Away,W,4,3,Union Berlin,1.4,0.9,52.0,22012.0,Kevin Stöger,4-2-3-1,3-5-2,Marco Fritz,Match Report,,18.0,5.0,18.5,0.0,0.0,0.0,2024,Bochum
2024-05-05,15:30,Bundesliga,Matchweek 32,Sun,Home,L,3,4,Bochum,0.9,1.4,48.0,22012.0,Rani Khedira,3-5-2,4-2-3-1,Marco Fritz,Match Report,,12.0,5.0,15.9,0.0,0.0,0.0,2024,Union Berlin
2024-05-05,19:30,Bundesliga,Matchweek 32,Sun,Home,D,1,1,Mainz 05,0.9,1.4,46.0,15000.0,Patrick Mainka,4-1-3-2,3-4-3,Sven Jablonski,Match Report,,15.0,5.0,19.4,0.0,0.0,0.0,2024,Heidenheim
2024-05-05,17:30,Bundesliga,Matchweek 32,Sun,Home,L,1,5,Leverkusen,1.9,2.7,55.0,58000.0,Kevin Trapp,4-2-2-2,3-4-3,Christian Dingert,Match Report,,17.0,5.0,19.4,1.0,0.0,0.0,2024,Eint Frankfurt
2024-05-07,21:00,Champions Lg,Semi-finals,Tue,Away,W,1,0,fr Paris S-G,0.7,3.0,31.0,46435.0,Emre Can,4-2-3-1,4-3-3,Daniele Orsato,Match Report,Leg 2 of 2; Dortmund won,7.0,3.0,13.7,0.0,0.0,0.0,2024,Dortmund
2024-05-08,21:00,Champions Lg,Semi-finals,Wed,Away,L,1,2,es Real Madrid,0.4,2.8,43.0,76579.0,Manuel Neuer,4-2-3-1,4-4-2,Szymon Marciniak,Match Report,Leg 2 of 2; Real Madrid won,8.0,5.0,17.4,0.0,0.0,0.0,2024,Bayern Munich
2024-05-09,21:00,Europa Lg,Semi-finals,Thu,Home,D,2,2,it Roma,2.8,2.1,59.0,30210.0,Jonathan Tah,3-4-3,3-5-2,Danny Makkelie,Match Report,Leg 2 of 2; Leverkusen won,32.0,13.0,19.2,1.0,0.0,0.0,2024,Leverkusen
2024-05-10,20:30,Bundesliga,Matchweek 33,Fri,Home,L,0,1,Stuttgart,0.6,1.9,24.0,30660.0,Ermedin Demirović,4-3-1-2,4-2-2-2,Patrick Ittrich,Match Report,,9.0,1.0,18.7,2.0,0.0,0.0,2024,Augsburg
2024-05-10,20:30,Bundesliga,Matchweek 33,Fri,Away,W,1,0,Augsburg,1.9,0.6,76.0,30660.0,Waldemar Anton,4-2-2-2,4-3-1-2,Patrick Ittrich,Match Report,,19.0,7.0,16.6,0.0,0.0,0.0,2024,Stuttgart
2024-05-11,18:30,Bundesliga,Matchweek 33,Sat,Home,W,3,0,Dortmund,2.1,0.4,32.0,33305.0,Silvan Widmer,3-4-3,4-3-3,Tobias Stieler,Match Report,,14.0,6.0,15.8,2.0,0.0,0.0,2024,Mainz 05
2024-05-11,15:30,Bundesliga,Matchweek 33,Sat,Home,D,1,1,Heidenheim,1.5,0.7,56.0,34700.0,Christian Günter,3-4-3,4-2-3-1,Daniel Siebert,Match Report,,20.0,4.0,17.2,1.0,0.0,0.0,2024,Freiburg
2024-05-11,15:30,Bundesliga,Matchweek 33,Sat,Away,D,1,1,Gladbach,1.5,0.4,56.0,54042.0,Kevin Trapp,3-5-2,3-5-2,Robert Schröder,Match Report,,17.0,2.0,13.1,0.0,0.0,0.0,2024,Eint Frankfurt
2024-05-11,15:30,Bundesliga,Matchweek 33,Sat,Home,D,1,1,Werder Bremen,1.4,1.1,45.0,47069.0,Willi Orban,3-4-3,3-4-3,Sascha Stegemann,Match Report,,13.0,5.0,17.3,0.0,0.0,0.0,2024,RB Leipzig
2024-05-11,15:30,Bundesliga,Matchweek 33,Sat,Home,W,3,2,Union Berlin,3.1,1.6,62.0,50000.0,Florian Kainz,4-2-3-1,3-4-3,Deniz Aytekin,Match Report,,17.0,4.0,16.3,0.0,1.0,1.0,2024,Köln
2024-05-11,15:30,Bundesliga,Matchweek 33,Sat,Away,L,2,3,Köln,1.6,3.1,38.0,50000.0,Christopher Trimmel,3-4-3,4-2-3-1,Deniz Aytekin,Match Report,,12.0,5.0,16.7,0.0,1.0,1.0,2024,Union Berlin
2024-05-11,15:30,Bundesliga,Matchweek 33,Sat,Home,D,1,1,Eint Frankfurt,0.4,1.5,44.0,54042.0,Julian Weigl,3-5-2,3-5-2,Robert Schröder,Match Report,,6.0,3.0,20.6,0.0,0.0,0.0,2024,Gladbach
2024-05-11,18:30,Bundesliga,Matchweek 33,Sat,Away,L,0,3,Mainz 05,0.4,2.1,68.0,33305.0,Niklas Süle,4-3-3,3-4-3,Tobias Stieler,Match Report,,9.0,2.0,21.7,0.0,0.0,0.0,2024,Dortmund
2024-05-11,15:30,Bundesliga,Matchweek 33,Sat,Away,D,1,1,Freiburg,0.7,1.5,44.0,34700.0,Patrick Mainka,4-2-3-1,3-4-3,Daniel Siebert,Match Report,,8.0,3.0,18.3,0.0,0.0,0.0,2024,Heidenheim
2024-05-11,15:30,Bundesliga,Matchweek 33,Sat,Away,D,1,1,RB Leipzig,1.1,1.4,55.0,47069.0,Marco Friedl,3-4-3,3-4-3,Sascha Stegemann,Match Report,,11.0,2.0,19.7,0.0,0.0,0.0,2024,Werder Bremen
2024-05-12,19:30,Bundesliga,Matchweek 33,Sun,Home,L,0,5,Leverkusen,0.3,4.2,33.0,26000.0,Anthony Losilla,4-2-3-1,3-4-3,Benjamin Brand,Match Report,,3.0,0.0,11.0,0.0,0.0,0.0,2024,Bochum
2024-05-12,17:30,Bundesliga,Matchweek 33,Sun,Away,L,0,2,Bayern Munich,0.2,0.3,41.0,75000.0,Maximilian Arnold,4-4-2,4-2-3-1,Bastian Dankert,Match Report,,5.0,2.0,32.6,0.0,0.0,0.0,2024,Wolfsburg
2024-05-12,15:30,Bundesliga,Matchweek 33,Sun,Home,L,0,6,Hoffenheim,0.6,3.3,41.0,17810.0,Marvin Mehlem,3-4-3,3-4-1-2,Florian Badstübner,Match Report,,10.0,0.0,19.7,0.0,0.0,0.0,2024,Darmstadt 98
2024-05-12,17:30,Bundesliga,Matchweek 33,Sun,Home,W,2,0,Wolfsburg,0.3,0.2,59.0,75000.0,Manuel Neuer,4-2-3-1,4-4-2,Bastian Dankert,Match Report,,6.0,3.0,17.7,1.0,0.0,0.0,2024,Bayern Munich
2024-05-12,15:30,Bundesliga,Matchweek 33,Sun,Away,W,6,0,Darmstadt 98,3.3,0.6,59.0,17810.0,Oliver Baumann,3-4-1-2,3-4-3,Florian Badstübner,Match Report,,12.0,7.0,16.6,0.0,0.0,0.0,2024,Hoffenheim
2024-05-12,19:30,Bundesliga,Matchweek 33,Sun,Away,W,5,0,Bochum,4.2,0.3,67.0,26000.0,Lukáš Hrádecký,3-4-3,4-2-3-1,Benjamin Brand,Match Report,,28.0,9.0,19.4,1.0,1.0,1.0,2024,Leverkusen
2024-05-18,15:30,Bundesliga,Matchweek 34,Sat,Away,W,3,1,Wolfsburg,1.8,0.8,37.0,26627.0,Silvan Widmer,3-4-3,3-4-3,Frank Willenborg,Match Report,,12.0,6.0,16.7,0.0,0.0,0.0,2024,Mainz 05
2024-05-18,15:30,Bundesliga,Matchweek 34,Sat,Home,W,2,1,Freiburg,2.3,1.0,38.0,22012.0,Christopher Trimmel,3-4-3,4-2-3-1,Christian Dingert,Match Report,,11.0,3.0,18.5,0.0,0.0,2.0,2024,Union Berlin
2024-05-18,15:30,Bundesliga,Matchweek 34,Sat,Home,W,4,1,Bochum,3.0,2.1,46.0,42100.0,Marco Friedl,3-5-2,4-2-3-1,Martin Petersen,Match Report,,26.0,13.0,15.8,0.0,0.0,0.0,2024,Werder Bremen
2024-05-18,15:30,Bundesliga,Matchweek 34,Sat,Away,L,0,4,Stuttgart,1.3,1.6,40.0,60000.0,Jonas Omlin,4-1-4-1,4-2-3-1,Daniel Schlager,Match Report,,14.0,5.0,16.4,0.0,0.0,0.0,2024,Gladbach
2024-05-18,15:30,Bundesliga,Matchweek 34,Sat,Away,L,1,2,Leverkusen,1.2,2.4,35.0,30210.0,Ermedin Demirović,4-1-2-1-2◆,3-4-3,Matthias Jöllenbeck,Match Report,,10.0,2.0,16.5,1.0,0.0,0.0,2024,Augsburg
2024-05-18,15:30,Bundesliga,Matchweek 34,Sat,Away,L,1,2,Union Berlin,1.0,2.3,62.0,22012.0,Christian Günter,4-2-3-1,3-4-3,Christian Dingert,Match Report,,13.0,4.0,13.9,0.0,0.0,0.0,2024,Freiburg
2024-05-18,15:30,Bundesliga,Matchweek 34,Sat,Away,L,0,4,Dortmund,0.3,2.6,28.0,81365.0,Tobias Kempe,3-4-1-2,4-3-3,Daniel Siebert,Match Report,,6.0,0.0,17.3,0.0,0.0,0.0,2024,Darmstadt 98
2024-05-18,15:30,Bundesliga,Matchweek 34,Sat,Home,W,2,1,Augsburg,2.4,1.2,65.0,30210.0,Lukáš Hrádecký,3-4-3,4-1-2-1-2,Matthias Jöllenbeck,Match Report,,20.0,8.0,17.3,0.0,0.0,0.0,2024,Leverkusen
2024-05-18,15:30,Bundesliga,Matchweek 34,Sat,Home,W,4,2,Bayern Munich,1.8,1.5,48.0,30150.0,Oliver Baumann,3-4-3,3-1-4-2,Marco Fritz,Match Report,,17.0,9.0,16.3,0.0,0.0,0.0,2024,Hoffenheim
2024-05-18,15:30,Bundesliga,Matchweek 34,Sat,Home,W,4,0,Gladbach,1.6,1.3,60.0,60000.0,Waldemar Anton,4-2-3-1,4-1-4-1,Daniel Schlager,Match Report,,21.0,11.0,18.7,0.0,0.0,0.0,2024,Stuttgart
2024-05-18,15:30,Bundesliga,Matchweek 34,Sat,Away,L,1,4,Heidenheim,2.3,1.0,51.0,15000.0,Florian Kainz,4-2-3-1,4-2-3-1,Tobias Welz,Match Report,,22.0,9.0,16.1,0.0,0.0,0.0,2024,Köln
2024-05-18,15:30,Bundesliga,Matchweek 34,Sat,Home,L,1,3,Mainz 05,0.8,1.8,63.0,26627.0,Maximilian Arnold,3-4-3,3-4-3,Frank Willenborg,Match Report,,13.0,3.0,19.7,1.0,0.0,0.0,2024,Wolfsburg
2024-05-18,15:30,Bundesliga,Matchweek 34,Sat,Home,W,4,0,Darmstadt 98,2.6,0.3,72.0,81365.0,Marco Reus,4-3-3,3-4-1-2,Daniel Siebert,Match Report,,21.0,9.0,17.5,3.0,0.0,0.0,2024,Dortmund
2024-05-18,15:30,Bundesliga,Matchweek 34,Sat,Away,L,1,4,Werder Bremen,2.1,3.0,54.0,42100.0,Anthony Losilla,4-2-3-1,3-5-2,Martin Petersen,Match Report,,27.0,7.0,15.5,1.0,0.0,0.0,2024,Bochum
2024-05-18,15:30,Bundesliga,Matchweek 34,Sat,Home,W,4,1,Köln,1.0,2.3,49.0,15000.0,Patrick Mainka,4-2-3-1,4-2-3-1,Tobias Welz,Match Report,,16.0,7.0,19.9,1.0,0.0,0.0,2024,Heidenheim
2024-05-18,15:30,Bundesliga,Matchweek 34,Sat,Away,D,2,2,Eint Frankfurt,1.6,2.1,53.0,57500.0,Willi Orban,4-2-2-2,3-4-3,Felix Zwayer,Match Report,,8.0,4.0,16.6,0.0,1.0,1.0,2024,RB Leipzig
2024-05-18,15:30,Bundesliga,Matchweek 34,Sat,Home,D,2,2,RB Leipzig,2.1,1.6,47.0,57500.0,Kevin Trapp,3-4-3,4-2-2-2,Felix Zwayer,Match Report,,21.0,5.0,17.2,0.0,1.0,1.0,2024,Eint Frankfurt
2024-05-18,15:30,Bundesliga,Matchweek 34,Sat,Away,L,2,4,Hoffenheim,1.5,1.8,52.0,30150.0,Manuel Neuer,3-1-4-2,3-4-3,Marco Fritz,Match Report,,11.0,4.0,15.7,1.0,0.0,0.0,2024,Bayern Munich
2024-05-22,20:00 (21:00),Europa Lg,Final,Wed,Neutral,L,0,3,it Atalanta,0.8,0.7,66.0,47135.0,Jonathan Tah,3-4-3,3-4-3,István Kovács,Match Report,,10.0,3.0,19.8,0.0,0.0,0.0,2024,Leverkusen
2024-05-23,20:30,Rel/Pro play-offs,German 1/2 Relegation/Promotion play-offs,Thu,Home,L,0,3,Düsseldorf,,,60.0,26000.0,Kevin Stöger,4-2-3-1,4-5-1,Robert Schröder,Match Report,Leg 1 of 2,17.0,3.0,,,0.0,0.0,2024,Bochum
2024-05-25,20:00,DFB-Pokal,Final,Sat,Neutral,W,1,0,Kaiserslautern,,,61.0,74322.0,Jonathan Tah,3-4-3,4-1-4-1,Bastian Dankert,Match Report,,14.0,4.0,,,0.0,0.0,2024,Leverkusen
2024-05-27,20:30,Rel/Pro play-offs,German 1/2 Relegation/Promotion play-offs,Mon,Away,W,3 (6),0 (5),Düsseldorf,,,64.0,51500.0,Anthony Losilla,3-4-1-2,4-5-1,Deniz Aytekin,Match Report,Leg 2 of 2; Bochum won; Bochum won on penalty kicks following extra time,23.0,8.0,,,1.0,1.0,2024,Bochum
2024-06-01,20:00 (21:00),Champions Lg,Final,Sat,Home,L,0,2,es Real Madrid,2.1,1.1,43.0,86212.0,Emre Can,4-3-3,4-3-1-2,Slavko Vinčič,Match Report,,13.0,3.0,16.2,0.0,0.0,0.0,2024,Dortmund
2024-08-16,20:45,DFB-Pokal,Round of 64,Fri,Away,W,4,0,Ulm,,,77.0,15000.0,Manuel Neuer,4-2-3-1,5-3-2,Sven Jablonski,Match Report,,16.0,7.0,,,0.0,0.0,2025,Bayern Munich
2024-08-16,18:00,DFB-Pokal,Round of 64,Fri,Away,W,3,1,Wehen,,,64.0,12500.0,Jonathan Burkardt,3-4-3,3-4-3,Richard Hempel,Match Report,Required Extra Time,20.0,9.0,,,0.0,0.0,2025,Mainz 05
2024-08-16,18:00,DFB-Pokal,Round of 64,Fri,Away,W,3,2,Hallescher,,,68.0,14000.0,Jackson Irvine,3-5-2,3-4-1-2,Daniel Siebert,Match Report,Required Extra Time,15.0,8.0,,,0.0,0.0,2025,St. Pauli
2024-08-16,18:00,DFB-Pokal,Round of 64,Fri,Away,D,2 (5),2 (3),W'burg Kickers,,,70.0,12000.0,Grischa Prömel,3-4-1-2,4-3-3,Martin Petersen,Match Report,Hoffenheim won on penalty kicks following extra time,20.0,11.0,,,0.0,0.0,2025,Hoffenheim
2024-08-17,15:30,DFB-Pokal,Round of 64,Sat,Away,W,4,0,Villingen,,,67.0,6800.0,Patrick Mainka,4-4-2,4-2-3-1,Fabienne Michel,Match Report,,21.0,10.0,,,0.0,0.0,2025,Heidenheim
2024-08-17,15:30,DFB-Pokal,Round of 64,Sat,Away,W,4,1,Rot-Weiss Essen,,,58.0,17000.0,Willi Orban,4-4-2,5-3-2,Christian Dingert,Match Report,,17.0,11.0,,,0.0,0.0,2025,RB Leipzig
2024-08-17,20:30,DFL-Supercup,DFL-Supercup,Sat,Away,D,2 (3),2 (4),Leverkusen,,,66.0,30210.0,Atakan Karazor,4-2-3-1,3-4-3,Tobias Stieler,Match Report,Leverkusen won on penalty kicks following extra time,12.0,4.0,,,0.0,0.0,2025,Stuttgart
2024-08-17,18:00,DFB-Pokal,Round of 64,Sat,Away,W,3,2,Aachen,,,70.0,29555.0,Lewis Holtby,3-4-1-2,3-4-3,Michael Bacher,Match Report,,18.0,9.0,,,0.0,0.0,2025,Holstein Kiel
2024-08-17,18:00,DFB-Pokal,Round of 64,Sat,Away,W,4,1,1. FC Phönix Lübeck,,,85.0,50971.0,Emre Can,3-4-3,4-2-3-1,Max Burda,Match Report,,11.0,8.0,,,1.0,1.0,2025,Dortmund
2024-08-17,15:30,DFB-Pokal,Round of 64,Sat,Away,W,4,0,Osnabrück,,,51.0,15500.0,Christian Günter,4-4-2,4-3-3,Tobias Reichel,Match Report,,16.0,6.0,,,0.0,0.0,2025,Freiburg
2024-08-17,15:30,DFB-Pokal,Round of 64,Sat,Away,W,1,0,Greifswalder SV 04,,,65.0,4990.0,Rani Khedira,3-4-3,3-4-1-2,Lukas Benen,Match Report,,30.0,4.0,,,0.0,0.0,2025,Union Berlin
2024-08-17,20:30,DFL-Supercup,DFL-Supercup,Sat,Home,D,2 (4),2 (3),Stuttgart,,,34.0,30210.0,Lukáš Hrádecký,3-4-3,4-2-3-1,Tobias Stieler,Match Report,Leverkusen won on penalty kicks following extra time,12.0,4.0,,,0.0,0.0,2025,Leverkusen
2024-08-17,13:00,DFB-Pokal,Round of 64,Sat,Away,W,3,1,Erzgebirge Aue,,,56.0,14811.0,Jonas Omlin,4-2-3-1,4-2-3-1,Florian Badstübner,Match Report,,25.0,11.0,,,0.0,1.0,2025,Gladbach
2024-08-18,13:00,DFB-Pokal,Round of 64,Sun,Away,W,4,1,Viktoria 1889,,,76.0,5504.0,Jeffrey Gouweleeuw,4-3-1-2,5-3-2,Eric-Dominic Weisbach,Match Report,,16.0,8.0,,,0.0,0.0,2025,Augsburg
2024-08-18,15:30,DFB-Pokal,Round of 64,Sun,Away,L,0,1,Jahn R'burg,,,65.0,12000.0,Anthony Losilla,4-4-2◆,4-2-3-1,Florian Heft,Match Report,,18.0,7.0,,,0.0,0.0,2025,Bochum
2024-08-19,20:45,DFB-Pokal,Round of 64,Mon,Away,W,4,1,BTSV,,,58.0,21201.0,Kevin Trapp,4-2-3-1,3-4-3,Florian Exner,Match Report,,14.0,8.0,,,0.0,0.0,2025,Eint Frankfurt
2024-08-19,18:00,DFB-Pokal,Round of 64,Mon,Away,W,1,0,Koblenz,,,78.0,9447.0,Maxence Lacroix,3-4-3,4-1-3-2,Sören Storks,Match Report,,17.0,1.0,,,0.0,0.0,2025,Wolfsburg
2024-08-19,18:00,DFB-Pokal,Round of 64,Mon,Away,W,3,1,Energie Cottbus,,,61.0,20524.0,Marco Friedl,3-1-4-2,4-1-4-1,Harm Osmers,Match Report,,27.0,10.0,,,0.0,0.0,2025,Werder Bremen
2024-08-22,19:00,Conf Lg,Play-off round,Thu,Away,W,2,1,se Häcken,,,,4135.0,Patrick Mainka,4-1-4-1,4-3-3,Viktor Kopievskii,Match Report,Leg 1 of 2,,,,,0.0,0.0,2025,Heidenheim
2024-08-23,20:30,Bundesliga,Matchweek 1,Fri,Home,L,2,3,Leverkusen,1.6,2.7,43.0,54042.0,Jonas Omlin,4-2-3-1,3-4-3,Robert Schröder,Match Report,,14.0,7.0,15.3,0.0,0.0,0.0,2025,Gladbach
2024-08-23,20:30,Bundesliga,Matchweek 1,Fri,Away,W,3,2,Gladbach,2.7,1.6,57.0,54042.0,Lukáš Hrádecký,3-4-3,4-2-3-1,Robert Schröder,Match Report,,24.0,9.0,18.3,1.0,0.0,1.0,2025,Leverkusen
2024-08-24,15:30,Bundesliga,Matchweek 1,Sat,Away,L,0,1,RB Leipzig,1.0,1.3,38.0,44611.0,Anthony Losilla,4-1-2-1-2◆,4-2-2-2,Benjamin Brand,Match Report,,10.0,3.0,19.3,1.0,0.0,0.0,2025,Bochum
2024-08-24,15:30,Bundesliga,Matchweek 1,Sat,Away,D,2,2,Augsburg,1.4,1.0,54.0,30660.0,Marco Friedl,3-5-2,4-1-2-1-2,Sascha Stegemann,Match Report,,11.0,5.0,13.0,0.0,0.0,0.0,2025,Werder Bremen
2024-08-24,15:30,Bundesliga,Matchweek 1,Sat,Home,W,1,0,Bochum,1.3,1.0,62.0,44611.0,Willi Orban,4-2-2-2,4-1-2-1-2,Benjamin Brand,Match Report,,13.0,3.0,14.7,0.0,0.0,0.0,2025,RB Leipzig
2024-08-24,15:30,Bundesliga,Matchweek 1,Sat,Home,W,3,1,Stuttgart,2.1,0.4,33.0,34700.0,Christian Günter,4-2-3-1,4-2-3-1,Tobias Welz,Match Report,,16.0,5.0,16.4,1.0,0.0,0.0,2025,Freiburg
2024-08-24,18:30,Bundesliga,Matchweek 1,Sat,Away,L,0,2,Dortmund,1.4,1.7,31.0,81365.0,Kevin Trapp,4-2-3-1,3-4-3,Felix Zwayer,Match Report,,7.0,2.0,17.0,0.0,0.0,0.0,2025,Eint Frankfurt
2024-08-24,15:30,Bundesliga,Matchweek 1,Sat,Home,W,3,2,Holstein Kiel,3.5,1.7,54.0,18503.0,Oliver Baumann,3-4-1-2,3-4-1-2,Tobias Stieler,Match Report,,20.0,7.0,17.0,0.0,1.0,1.0,2025,Hoffenheim
2024-08-24,18:30,Bundesliga,Matchweek 1,Sat,Home,W,2,0,Eint Frankfurt,1.7,1.4,69.0,81365.0,Emre Can,3-4-3,4-2-3-1,Felix Zwayer,Match Report,,20.0,5.0,17.2,0.0,0.0,0.0,2025,Dortmund
2024-08-24,15:30,Bundesliga,Matchweek 1,Sat,Away,L,1,3,Freiburg,0.4,2.1,67.0,34700.0,Atakan Karazor,4-2-3-1,4-2-3-1,Tobias Welz,Match Report,,9.0,2.0,23.7,1.0,0.0,0.0,2025,Stuttgart
2024-08-24,15:30,Bundesliga,Matchweek 1,Sat,Away,D,1,1,Mainz 05,0.6,1.2,47.0,31500.0,Christopher Trimmel,3-4-3,3-4-3,Harm Osmers,Match Report,,15.0,5.0,19.8,0.0,0.0,0.0,2025,Union Berlin
2024-08-24,15:30,Bundesliga,Matchweek 1,Sat,Away,L,2,3,Hoffenheim,1.7,3.5,46.0,18503.0,Lewis Holtby,3-4-1-2,3-4-1-2,Tobias Stieler,Match Report,,17.0,6.0,16.9,0.0,0.0,0.0,2025,Holstein Kiel
2024-08-24,15:30,Bundesliga,Matchweek 1,Sat,Home,D,2,2,Werder Bremen,1.0,1.4,46.0,30660.0,Jeffrey Gouweleeuw,4-1-2-1-2◆,3-5-2,Sascha Stegemann,Match Report,,11.0,3.0,15.9,0.0,0.0,0.0,2025,Augsburg
2024-08-24,15:30,Bundesliga,Matchweek 1,Sat,Home,D,1,1,Union Berlin,1.2,0.6,53.0,31500.0,Jonathan Burkardt,3-4-3,3-4-3,Harm Osmers,Match Report,,14.0,3.0,15.4,1.0,0.0,0.0,2025,Mainz 05
2024-08-25,17:30,Bundesliga,Matchweek 1,Sun,Home,L,0,2,Heidenheim,1.2,1.1,60.0,29157.0,Jackson Irvine,3-5-2,4-2-3-1,Sven Jablonski,Match Report,,11.0,3.0,18.5,1.0,0.0,0.0,2025,St. Pauli
2024-08-25,17:30,Bundesliga,Matchweek 1,Sun,Away,W,2,0,St. Pauli,1.1,1.2,40.0,29157.0,Patrick Mainka,4-2-3-1,3-5-2,Sven Jablonski,Match Report,,5.0,3.0,17.0,1.0,0.0,0.0,2025,Heidenheim
2024-08-25,15:30,Bundesliga,Matchweek 1,Sun,Away,W,3,2,Wolfsburg,2.4,1.9,70.0,30000.0,Manuel Neuer,4-2-3-1,4-2-3-1,Daniel Siebert,Match Report,,15.0,8.0,11.1,0.0,0.0,0.0,2025,Bayern Munich
2024-08-25,15:30,Bundesliga,Matchweek 1,Sun,Home,L,2,3,Bayern Munich,1.9,2.4,30.0,30000.0,Maximilian Arnold,4-2-3-1,4-2-3-1,Daniel Siebert,Match Report,,9.0,1.0,19.7,0.0,1.0,1.0,2025,Wolfsburg
2024-08-27,20:45,DFB-Pokal,Round of 64,Tue,Away,W,5,0,Preußen Münster,,,76.0,12672.0,Atakan Karazor,4-2-3-1,4-4-2,Matthias Jöllenbeck,Match Report,,17.0,8.0,,,1.0,1.0,2025,Stuttgart
2024-08-28,18:00,DFB-Pokal,Round of 64,Wed,Away,W,1,0,Carl Zeiss Jena,,,74.0,15000.0,Jonathan Tah,3-4-3,4-4-2,Tobias Welz,Match Report,,16.0,3.0,,,0.0,0.0,2025,Leverkusen
2024-08-29,20:30,Conf Lg,Play-off round,Thu,Home,W,3,2,se Häcken,,,,11600.0,Patrick Mainka,4-4-2,4-3-3,Giorgi Kruashvili,Match Report,Leg 2 of 2; Heidenheim won,,,,,0.0,0.0,2025,Heidenheim
2024-08-30,20:30,Bundesliga,Matchweek 2,Fri,Away,L,0,1,Union Berlin,0.5,1.1,61.0,22012.0,Jackson Irvine,3-1-4-2,3-4-3,Bastian Dankert,Match Report,,8.0,1.0,16.0,0.0,0.0,0.0,2025,St. Pauli
2024-08-30,20:30,Bundesliga,Matchweek 2,Fri,Home,W,1,0,St. Pauli,1.1,0.5,39.0,22012.0,Rani Khedira,3-4-3,3-1-4-2,Bastian Dankert,Match Report,,11.0,5.0,21.5,0.0,0.0,0.0,2025,Union Berlin
2024-08-31,15:30,Bundesliga,Matchweek 2,Sat,Away,D,3,3,Stuttgart,2.3,3.8,37.0,59000.0,Jonathan Burkardt,3-4-3,4-2-3-1,Timo Gerach,Match Report,,10.0,6.0,21.6,1.0,1.0,1.0,2025,Mainz 05
2024-08-31,15:30,Bundesliga,Matchweek 2,Sat,Away,D,0,0,Werder Bremen,0.6,0.3,53.0,42100.0,Emre Can,4-2-3-1,3-4-3,Robert Hartmann,Match Report,,9.0,4.0,20.2,0.0,0.0,0.0,2025,Dortmund
2024-08-31,15:30,Bundesliga,Matchweek 2,Sat,Away,L,1,3,Eint Frankfurt,1.0,2.4,50.0,57100.0,Oliver Baumann,3-4-1-2,3-4-3,Florian Badstübner,Match Report,,11.0,3.0,21.8,0.0,0.0,0.0,2025,Hoffenheim
2024-08-31,15:30,Bundesliga,Matchweek 2,Sat,Home,D,3,3,Mainz 05,3.8,2.3,63.0,59000.0,Atakan Karazor,4-2-3-1,3-4-3,Timo Gerach,Match Report,,28.0,11.0,14.9,2.0,0.0,0.0,2025,Stuttgart
2024-08-31,18:30,Bundesliga,Matchweek 2,Sat,Away,W,3,2,Leverkusen,1.1,2.2,38.0,29615.0,Péter Gulácsi,3-4-3,3-4-3,Matthias Jöllenbeck,Match Report,,8.0,4.0,18.2,0.0,0.0,0.0,2025,RB Leipzig
2024-08-31,15:30,Bundesliga,Matchweek 2,Sat,Home,L,0,2,Gladbach,0.7,2.9,39.0,26000.0,Anthony Losilla,4-1-2-1-2◆,4-2-3-1,Sören Storks,Match Report,,15.0,4.0,21.3,0.0,0.0,0.0,2025,Bochum
2024-08-31,15:30,Bundesliga,Matchweek 2,Sat,Home,W,3,1,Hoffenheim,2.4,1.0,50.0,57100.0,Kevin Trapp,3-4-3,3-4-1-2,Florian Badstübner,Match Report,,18.0,7.0,15.5,0.0,0.0,0.0,2025,Eint Frankfurt
2024-08-31,15:30,Bundesliga,Matchweek 2,Sat,Home,D,0,0,Dortmund,0.3,0.6,47.0,42100.0,Marco Friedl,3-4-3,4-2-3-1,Robert Hartmann,Match Report,,5.0,1.0,19.8,1.0,0.0,0.0,2025,Werder Bremen
2024-08-31,15:30,Bundesliga,Matchweek 2,Sat,Home,L,0,2,Wolfsburg,1.1,1.3,54.0,15034.0,Lewis Holtby,3-4-1-2,4-2-3-1,Florian Exner,Match Report,,13.0,5.0,19.2,1.0,0.0,0.0,2025,Holstein Kiel
2024-08-31,15:30,Bundesliga,Matchweek 2,Sat,Away,W,2,0,Holstein Kiel,1.3,1.1,46.0,15034.0,Maximilian Arnold,4-2-3-1,3-4-1-2,Florian Exner,Match Report,,13.0,4.0,18.3,1.0,0.0,0.0,2025,Wolfsburg
2024-08-31,15:30,Bundesliga,Matchweek 2,Sat,Away,W,2,0,Bochum,2.9,0.7,61.0,26000.0,Jonas Omlin,4-2-3-1,4-1-2-1-2,Sören Storks,Match Report,,15.0,5.0,14.8,0.0,0.0,0.0,2025,Gladbach
2024-08-31,18:30,Bundesliga,Matchweek 2,Sat,Home,L,2,3,RB Leipzig,2.2,1.1,62.0,29615.0,Jonathan Tah,3-4-3,3-4-3,Matthias Jöllenbeck,Match Report,,26.0,10.0,15.6,0.0,0.0,0.0,2025,Leverkusen
2024-09-01,15:30,Bundesliga,Matchweek 2,Sun,Away,L,0,4,Heidenheim,0.7,3.1,64.0,15000.0,Jeffrey Gouweleeuw,4-1-2-1-2◆,4-2-3-1,Martin Petersen,Match Report,,15.0,0.0,19.6,2.0,0.0,0.0,2025,Augsburg
2024-09-01,17:30,Bundesliga,Matchweek 2,Sun,Away,L,0,2,Bayern Munich,1.0,1.5,34.0,75000.0,Christian Günter,4-2-3-1,4-1-4-1,Christian Dingert,Match Report,,8.0,3.0,26.8,0.0,0.0,1.0,2025,Freiburg
2024-09-01,17:30,Bundesliga,Matchweek 2,Sun,Home,W,2,0,Freiburg,1.5,1.0,66.0,75000.0,Manuel Neuer,4-1-4-1,4-2-3-1,Christian Dingert,Match Report,,11.0,2.0,16.0,0.0,1.0,1.0,2025,Bayern Munich
2024-09-01,15:30,Bundesliga,Matchweek 2,Sun,Home,W,4,0,Augsburg,3.1,0.7,36.0,15000.0,Patrick Mainka,4-2-3-1,4-1-2-1-2,Martin Petersen,Match Report,,14.0,7.0,17.2,0.0,1.0,1.0,2025,Heidenheim
2024-09-13,20:30,Bundesliga,Matchweek 3,Fri,Home,W,4,2,Heidenheim,2.6,1.8,60.0,81365.0,Julian Brandt,4-2-3-1,4-2-3-1,Robert Schröder,Match Report,,12.0,5.0,17.0,0.0,1.0,1.0,2025,Dortmund
2024-09-13,20:30,Bundesliga,Matchweek 3,Fri,Away,L,2,4,Dortmund,1.8,2.6,40.0,81365.0,Patrick Mainka,4-2-3-1,4-2-3-1,Robert Schröder,Match Report,,10.0,3.0,18.2,0.0,1.0,1.0,2025,Heidenheim
2024-09-14,15:30,Bundesliga,Matchweek 3,Sat,Away,W,3,1,Gladbach,2.2,1.6,56.0,53756.0,Atakan Karazor,4-2-2-2,4-2-3-1,Felix Brych,Match Report,,12.0,7.0,14.3,0.0,0.0,0.0,2025,Stuttgart
2024-09-14,15:30,Bundesliga,Matchweek 3,Sat,Home,D,0,0,Union Berlin,1.3,0.6,67.0,47800.0,Péter Gulácsi,3-4-3,3-4-3,Sven Jablonski,Match Report,,14.0,2.0,21.5,1.0,0.0,1.0,2025,RB Leipzig
2024-09-14,15:30,Bundesliga,Matchweek 3,Sat,Away,W,4,1,Hoffenheim,3.5,0.9,60.0,30150.0,Lukáš Hrádecký,3-4-3,3-4-1-2,Daniel Schlager,Match Report,,19.0,6.0,15.8,1.0,1.0,1.0,2025,Leverkusen
2024-09-14,15:30,Bundesliga,Matchweek 3,Sat,Home,L,1,3,Stuttgart,1.6,2.2,44.0,53756.0,Jonas Omlin,4-2-3-1,4-2-2-2,Felix Brych,Match Report,,15.0,7.0,15.5,0.0,0.0,0.0,2025,Gladbach
2024-09-14,18:30,Bundesliga,Matchweek 3,Sat,Away,W,6,1,Holstein Kiel,3.2,0.3,70.0,15034.0,Manuel Neuer,4-2-3-1,4-3-3,Tobias Reichel,Match Report,,22.0,11.0,15.9,0.0,1.0,1.0,2025,Bayern Munich
2024-09-14,15:30,Bundesliga,Matchweek 3,Sat,Away,L,1,2,Freiburg,0.9,3.7,46.0,34100.0,Maximilian Wittek,4-4-2,4-2-3-1,Daniel Siebert,Match Report,,13.0,3.0,19.8,0.0,0.0,0.0,2025,Bochum
2024-09-14,15:30,Bundesliga,Matchweek 3,Sat,Home,W,2,1,Bochum,3.7,0.9,54.0,34100.0,Christian Günter,4-2-3-1,4-4-2,Daniel Siebert,Match Report,,26.0,8.0,14.4,0.0,0.0,0.0,2025,Freiburg
2024-09-14,15:30,Bundesliga,Matchweek 3,Sat,Away,W,2,1,Wolfsburg,2.5,1.5,40.0,26281.0,Kevin Trapp,4-4-2,4-1-4-1,Harm Osmers,Match Report,,13.0,5.0,16.4,0.0,1.0,1.0,2025,Eint Frankfurt
2024-09-14,15:30,Bundesliga,Matchweek 3,Sat,Home,L,1,4,Leverkusen,0.9,3.5,40.0,30150.0,Oliver Baumann,3-4-1-2,3-4-3,Daniel Schlager,Match Report,,15.0,5.0,18.4,1.0,0.0,0.0,2025,Hoffenheim
2024-09-14,15:30,Bundesliga,Matchweek 3,Sat,Home,L,1,2,Eint Frankfurt,1.5,2.5,60.0,26281.0,Maximilian Arnold,4-1-4-1,4-4-2,Harm Osmers,Match Report,,18.0,4.0,17.9,0.0,0.0,0.0,2025,Wolfsburg
2024-09-14,15:30,Bundesliga,Matchweek 3,Sat,Away,D,0,0,RB Leipzig,0.6,1.3,33.0,47800.0,Rani Khedira,3-4-3,3-4-3,Sven Jablonski,Match Report,,10.0,3.0,12.9,0.0,0.0,0.0,2025,Union Berlin
2024-09-14,18:30,Bundesliga,Matchweek 3,Sat,Home,L,1,6,Bayern Munich,0.3,3.2,30.0,15034.0,Lewis Holtby,4-3-3,4-2-3-1,Tobias Reichel,Match Report,,5.0,1.0,16.9,0.0,0.0,0.0,2025,Holstein Kiel
2024-09-15,15:30,Bundesliga,Matchweek 3,Sun,Home,W,3,1,St. Pauli,2.7,0.5,44.0,30660.0,Jeffrey Gouweleeuw,3-4-3,3-5-2,Felix Zwayer,Match Report,,18.0,8.0,15.0,0.0,0.0,0.0,2025,Augsburg
2024-09-15,17:30,Bundesliga,Matchweek 3,Sun,Away,W,2,1,Mainz 05,1.6,1.1,42.0,32000.0,Marco Friedl,3-4-3,3-4-3,Benjamin Brand,Match Report,,13.0,3.0,16.1,0.0,1.0,1.0,2025,Werder Bremen
2024-09-15,17:30,Bundesliga,Matchweek 3,Sun,Home,L,1,2,Werder Bremen,1.1,1.6,58.0,32000.0,Jonathan Burkardt,3-4-3,3-4-3,Benjamin Brand,Match Report,,16.0,5.0,16.9,1.0,0.0,0.0,2025,Mainz 05
2024-09-15,15:30,Bundesliga,Matchweek 3,Sun,Away,L,1,3,Augsburg,0.5,2.7,56.0,30660.0,Jackson Irvine,3-5-2,3-4-3,Felix Zwayer,Match Report,,11.0,3.0,19.9,0.0,0.0,0.0,2025,St. Pauli
2024-09-17,21:00,Champions Lg,League phase,Tue,Home,W,9,2,hr Dinamo Zagreb,5.9,0.7,70.0,75000.0,Manuel Neuer,4-2-3-1,5-3-2,Juan Martínez,Match Report,,26.0,16.0,18.2,0.0,3.0,3.0,2025,Bayern Munich
2024-09-17,21:00,Champions Lg,League phase,Tue,Away,L,1,3,es Real Madrid,1.9,2.6,54.0,71288.0,Atakan Karazor,4-2-3-1,4-3-3,Halil Umut Meler,Match Report,,17.0,7.0,16.3,0.0,0.0,0.0,2025,Stuttgart
2024-09-18,21:00,Champions Lg,League phase,Wed,Away,W,3,0,be Club Brugge,1.9,1.2,63.0,19961.0,Emre Can,4-2-3-1,4-1-4-1,Irfan Peljto,Match Report,,16.0,5.0,21.1,1.0,1.0,1.0,2025,Dortmund
2024-09-19,21:00,Champions Lg,League phase,Thu,Away,L,1,2,es Atlético Madrid,0.7,1.7,48.0,57856.0,Willi Orban,4-4-2,3-4-3,Ivan Kružliak,Match Report,,7.0,3.0,17.1,1.0,0.0,0.0,2025,RB Leipzig
2024-09-19,18:45,Champions Lg,League phase,Thu,Away,W,4,0,nl Feyenoord,1.7,0.8,49.0,42297.0,Lukáš Hrádecký,3-4-3,4-3-3,Davide Massa,Match Report,,11.0,4.0,23.5,0.0,0.0,0.0,2025,Leverkusen
2024-09-20,20:30,Bundesliga,Matchweek 4,Fri,Away,W,3,2,Augsburg,1.0,2.4,27.0,28913.0,Jonathan Burkardt,3-4-3,3-4-3,Sören Storks,Match Report,,5.0,3.0,11.4,0.0,0.0,0.0,2025,Mainz 05
2024-09-20,20:30,Bundesliga,Matchweek 4,Fri,Home,L,2,3,Mainz 05,2.4,1.0,73.0,28913.0,Jeffrey Gouweleeuw,3-4-3,3-4-3,Sören Storks,Match Report,,29.0,7.0,15.5,0.0,0.0,0.0,2025,Augsburg
2024-09-21,15:30,Bundesliga,Matchweek 4,Sat,Away,W,3,0,Heidenheim,1.4,0.7,58.0,15000.0,Christian Günter,4-2-3-1,3-1-4-2,Benjamin Brand,Match Report,,15.0,5.0,16.8,0.0,0.0,0.0,2025,Freiburg
2024-09-21,18:30,Bundesliga,Matchweek 4,Sat,Home,W,2,0,Gladbach,2.7,1.7,37.0,58000.0,Robin Koch,4-4-2,4-2-3-1,Tobias Welz,Match Report,,18.0,4.0,16.2,2.0,0.0,0.0,2025,Eint Frankfurt
2024-09-21,15:30,Bundesliga,Matchweek 4,Sat,Home,W,2,1,Hoffenheim,1.2,0.4,51.0,21831.0,Rani Khedira,3-4-3,3-5-2,Matthias Jöllenbeck,Match Report,,12.0,2.0,18.3,2.0,0.0,0.0,2025,Union Berlin
2024-09-21,15:30,Bundesliga,Matchweek 4,Sat,Away,L,1,2,Union Berlin,0.4,1.2,49.0,21831.0,Oliver Baumann,3-5-2,3-4-3,Matthias Jöllenbeck,Match Report,,7.0,3.0,20.5,1.0,0.0,0.0,2025,Hoffenheim
2024-09-21,15:30,Bundesliga,Matchweek 4,Sat,Home,L,0,5,Bayern Munich,0.0,3.0,31.0,42100.0,Niklas Stark,3-5-2,4-2-3-1,Bastian Dankert,Match Report,,0.0,0.0,,0.0,0.0,0.0,2025,Werder Bremen
2024-09-21,15:30,Bundesliga,Matchweek 4,Sat,Away,W,5,0,Werder Bremen,3.0,0.0,69.0,42100.0,Joshua Kimmich,4-2-3-1,3-5-2,Bastian Dankert,Match Report,,25.0,7.0,17.3,1.0,0.0,0.0,2025,Bayern Munich
2024-09-21,15:30,Bundesliga,Matchweek 4,Sat,Home,L,0,3,Freiburg,0.7,1.4,42.0,15000.0,Patrick Mainka,3-1-4-2,4-2-3-1,Benjamin Brand,Match Report,,7.0,1.0,16.7,0.0,0.0,0.0,2025,Heidenheim
2024-09-21,15:30,Bundesliga,Matchweek 4,Sat,Home,D,2,2,Holstein Kiel,0.8,1.9,44.0,26000.0,Philipp Hofmann,4-1-2-1-2◆,3-4-3,Martin Petersen,Match Report,,14.0,3.0,17.0,0.0,0.0,0.0,2025,Bochum
2024-09-21,18:30,Bundesliga,Matchweek 4,Sat,Away,L,0,2,Eint Frankfurt,1.7,2.7,63.0,58000.0,Julian Weigl,4-2-3-1,4-4-2,Tobias Welz,Match Report,,25.0,7.0,17.6,1.0,0.0,0.0,2025,Gladbach
2024-09-21,15:30,Bundesliga,Matchweek 4,Sat,Away,D,2,2,Bochum,1.9,0.8,56.0,26000.0,Lewis Holtby,3-4-3,4-1-2-1-2,Martin Petersen,Match Report,,14.0,4.0,16.5,1.0,0.0,0.0,2025,Holstein Kiel
2024-09-22,17:30,Bundesliga,Matchweek 4,Sun,Away,L,1,5,Stuttgart,0.7,3.4,48.0,60000.0,Julian Brandt,4-2-3-1,4-4-2,Florian Badstübner,Match Report,,7.0,3.0,12.9,0.0,0.0,0.0,2025,Dortmund
2024-09-22,19:30,Bundesliga,Matchweek 4,Sun,Away,D,0,0,St. Pauli,0.7,1.4,69.0,29251.0,Willi Orban,4-4-2,3-4-3,Robert Hartmann,Match Report,,10.0,5.0,15.4,0.0,0.0,0.0,2025,RB Leipzig
2024-09-22,17:30,Bundesliga,Matchweek 4,Sun,Home,W,5,1,Dortmund,3.4,0.7,52.0,60000.0,Atakan Karazor,4-4-2,4-2-3-1,Florian Badstübner,Match Report,,17.0,9.0,14.8,0.0,0.0,0.0,2025,Stuttgart
2024-09-22,15:30,Bundesliga,Matchweek 4,Sun,Home,W,4,3,Wolfsburg,1.9,0.7,78.0,29250.0,Lukáš Hrádecký,3-4-3,4-1-4-1,Sascha Stegemann,Match Report,,20.0,7.0,16.3,0.0,0.0,0.0,2025,Leverkusen
2024-09-22,19:30,Bundesliga,Matchweek 4,Sun,Home,D,0,0,RB Leipzig,1.4,0.7,31.0,29251.0,Jackson Irvine,3-4-3,4-4-2,Robert Hartmann,Match Report,,17.0,4.0,14.0,0.0,0.0,0.0,2025,St. Pauli
2024-09-22,15:30,Bundesliga,Matchweek 4,Sun,Away,L,3,4,Leverkusen,0.7,1.9,22.0,29250.0,Maximilian Arnold,4-1-4-1,3-4-3,Sascha Stegemann,Match Report,,9.0,4.0,22.1,0.0,0.0,0.0,2025,Wolfsburg
2024-09-25,21:00,Europa Lg,League phase,Wed,Away,D,1,1,dk Midtjylland,1.4,2.1,50.0,8561.0,Oliver Baumann,3-4-3,4-4-2,Nenad Minaković,Match Report,,14.0,2.0,16.8,0.0,0.0,0.0,2025,Hoffenheim
2024-09-26,21:00,Europa Lg,League phase,Thu,Home,D,3,3,cz Viktoria Plzeň,1.4,1.2,67.0,56500.0,Tuta,4-4-2,3-5-2,Mykola Balakin,Match Report,,19.0,6.0,15.8,0.0,0.0,0.0,2025,Eint Frankfurt
2024-09-27,20:30,Bundesliga,Matchweek 5,Fri,Away,L,2,4,Dortmund,1.3,3.2,34.0,81365.0,Anthony Losilla,4-1-2-1-2◆,4-2-3-1,Felix Brych,Match Report,,10.0,5.0,20.0,0.0,0.0,0.0,2025,Bochum
2024-09-27,20:30,Bundesliga,Matchweek 5,Fri,Home,W,4,2,Bochum,3.2,1.3,66.0,81365.0,Emre Can,4-2-3-1,4-1-2-1-2,Felix Brych,Match Report,,22.0,7.0,16.4,0.0,1.0,1.0,2025,Dortmund
2024-09-28,15:30,Bundesliga,Matchweek 5,Sat,Away,W,2,0,Mainz 05,1.2,0.6,50.0,31500.0,Patrick Mainka,4-2-3-1,3-4-3,Florian Exner,Match Report,,14.0,6.0,14.5,0.0,0.0,0.0,2025,Heidenheim
2024-09-28,15:30,Bundesliga,Matchweek 5,Sat,Home,W,1,0,Union Berlin,0.9,0.7,62.0,53056.0,Julian Weigl,4-2-3-1,3-4-3,Daniel Schlager,Match Report,,8.0,2.0,14.6,0.0,0.0,0.0,2025,Gladbach
2024-09-28,15:30,Bundesliga,Matchweek 5,Sat,Home,D,2,2,Stuttgart,1.1,1.8,31.0,27135.0,Maximilian Arnold,4-4-2,4-2-3-1,Sven Jablonski,Match Report,,5.0,2.0,14.3,0.0,0.0,0.0,2025,Wolfsburg
2024-09-28,15:30,Bundesliga,Matchweek 5,Sat,Away,W,3,0,Freiburg,1.1,1.2,27.0,34700.0,Jackson Irvine,3-4-3,4-2-3-1,Timo Gerach,Match Report,,10.0,4.0,17.6,2.0,0.0,0.0,2025,St. Pauli
2024-09-28,18:30,Bundesliga,Matchweek 5,Sat,Away,D,1,1,Bayern Munich,0.1,1.4,31.0,75000.0,Lukáš Hrádecký,3-4-3,4-2-3-1,Felix Zwayer,Match Report,,3.0,2.0,40.5,0.0,0.0,0.0,2025,Leverkusen
2024-09-28,15:30,Bundesliga,Matchweek 5,Sat,Home,L,0,3,St. Pauli,1.2,1.1,73.0,34700.0,Christian Günter,4-2-3-1,3-4-3,Timo Gerach,Match Report,,8.0,1.0,16.9,1.0,0.0,1.0,2025,Freiburg
2024-09-28,15:30,Bundesliga,Matchweek 5,Sat,Home,L,0,2,Heidenheim,0.6,1.2,50.0,31500.0,Silvan Widmer,3-4-3,4-2-3-1,Florian Exner,Match Report,,7.0,1.0,17.9,1.0,0.0,0.0,2025,Mainz 05
2024-09-28,15:30,Bundesliga,Matchweek 5,Sat,Away,L,0,1,Gladbach,0.7,0.9,38.0,53056.0,Rani Khedira,3-4-3,4-2-3-1,Daniel Schlager,Match Report,,9.0,2.0,19.9,0.0,0.0,0.0,2025,Union Berlin
2024-09-28,18:30,Bundesliga,Matchweek 5,Sat,Home,D,1,1,Leverkusen,1.4,0.1,69.0,75000.0,Manuel Neuer,4-2-3-1,3-4-3,Felix Zwayer,Match Report,,18.0,3.0,19.3,1.0,0.0,0.0,2025,Bayern Munich
2024-09-28,15:30,Bundesliga,Matchweek 5,Sat,Away,L,0,4,RB Leipzig,1.1,3.0,41.0,44407.0,Jeffrey Gouweleeuw,3-4-3,4-4-2,Daniel Siebert,Match Report,,6.0,0.0,17.2,0.0,0.0,1.0,2025,Augsburg
2024-09-28,15:30,Bundesliga,Matchweek 5,Sat,Home,W,4,0,Augsburg,3.0,1.1,59.0,44407.0,Willi Orban,4-4-2,3-4-3,Daniel Siebert,Match Report,,17.0,6.0,14.0,0.0,0.0,0.0,2025,RB Leipzig
2024-09-28,15:30,Bundesliga,Matchweek 5,Sat,Away,D,2,2,Wolfsburg,1.8,1.1,69.0,27135.0,Atakan Karazor,4-2-3-1,4-4-2,Sven Jablonski,Match Report,,17.0,3.0,18.9,1.0,0.0,1.0,2025,Stuttgart
2024-09-29,17:30,Bundesliga,Matchweek 5,Sun,Home,L,3,4,Werder Bremen,1.2,2.9,37.0,26018.0,Oliver Baumann,3-4-1-2,3-4-3,Tobias Reichel,Match Report,,10.0,4.0,17.2,2.0,0.0,0.0,2025,Hoffenheim
2024-09-29,17:30,Bundesliga,Matchweek 5,Sun,Away,W,4,3,Hoffenheim,2.9,1.2,64.0,26018.0,Niklas Stark,3-4-3,3-4-1-2,Tobias Reichel,Match Report,,23.0,10.0,14.2,1.0,0.0,0.0,2025,Werder Bremen
2024-09-29,15:30,Bundesliga,Matchweek 5,Sun,Away,W,4,2,Holstein Kiel,2.1,1.1,53.0,15034.0,Robin Koch,4-2-3-1,3-5-2,Tobias Stieler,Match Report,,20.0,10.0,14.6,0.0,0.0,0.0,2025,Eint Frankfurt
2024-09-29,15:30,Bundesliga,Matchweek 5,Sun,Home,L,2,4,Eint Frankfurt,1.1,2.1,47.0,15034.0,Lewis Holtby,3-5-2,4-2-3-1,Tobias Stieler,Match Report,,9.0,4.0,23.4,1.0,1.0,1.0,2025,Holstein Kiel
2024-10-01,21:00,Champions Lg,League phase,Tue,Home,W,7,1,sct Celtic,2.6,2.1,52.0,81365.0,Emre Can,4-2-3-1,4-3-3,Jose Maria Sánchez,Match Report,,14.0,11.0,18.2,0.0,2.0,2.0,2025,Dortmund
2024-10-01,18:45,Champions Lg,League phase,Tue,Home,D,1,1,cz Sparta Prague,1.7,1.0,76.0,60000.0,Atakan Karazor,4-2-3-1,3-4-3,Manfredas Lukjančukas,Match Report,,26.0,10.0,18.9,2.0,0.0,0.0,2025,Stuttgart
2024-10-01,21:00,Champions Lg,League phase,Tue,Home,W,1,0,it Milan,1.8,1.0,50.0,30210.0,Lukáš Hrádecký,3-4-3,4-2-3-1,Sandro Schärer,Match Report,,16.0,9.0,17.2,0.0,0.0,0.0,2025,Leverkusen
2024-10-02,20:00 (21:00),Champions Lg,League phase,Wed,Away,L,0,1,eng Aston Villa,1.5,0.4,70.0,38991.0,Manuel Neuer,4-2-3-1,4-2-3-1,Radu Petrescu,Match Report,,17.0,7.0,19.9,1.0,0.0,0.0,2025,Bayern Munich
2024-10-02,21:00,Champions Lg,League phase,Wed,Home,L,2,3,it Juventus,3.3,1.2,45.0,45228.0,Willi Orban,4-4-2,4-2-3-1,François Letexier,Match Report,,23.0,6.0,17.4,2.0,1.0,1.0,2025,RB Leipzig
2024-10-03,18:45,Conf Lg,League phase,Thu,Home,W,2,1,si Olimpija,1.8,1.3,66.0,12887.0,Patrick Mainka,4-1-4-1,4-4-2,Enea Jorgji,Match Report,,17.0,7.0,19.9,2.0,0.0,1.0,2025,Heidenheim
2024-10-03,18:45,Europa Lg,League phase,Thu,Home,W,2,0,ua Dynamo Kyiv,1.5,0.2,48.0,20351.0,Oliver Baumann,3-4-1-2,4-3-3,Aleksandar Stavrev,Match Report,,19.0,6.0,19.4,1.0,0.0,0.0,2025,Hoffenheim
2024-10-03,22:00 (21:00),Europa Lg,League phase,Thu,Away,W,3,1,tr Beşiktaş,2.3,2.3,35.0,35305.0,Robin Koch,4-4-2,4-2-3-1,John Beaton,Match Report,,10.0,4.0,15.0,0.0,1.0,1.0,2025,Eint Frankfurt
2024-10-04,20:30,Bundesliga,Matchweek 6,Fri,Home,W,2,1,Gladbach,1.3,0.5,35.0,30660.0,Jeffrey Gouweleeuw,3-5-2,4-2-3-1,Florian Badstübner,Match Report,,15.0,5.0,16.0,0.0,0.0,0.0,2025,Augsburg
2024-10-04,20:30,Bundesliga,Matchweek 6,Fri,Away,L,1,2,Augsburg,0.5,1.3,65.0,30660.0,Julian Weigl,4-2-3-1,3-5-2,Florian Badstübner,Match Report,,11.0,4.0,15.1,0.0,0.0,0.0,2025,Gladbach
2024-10-05,15:30,Bundesliga,Matchweek 6,Sat,Home,L,0,1,Freiburg,1.0,1.0,58.0,41200.0,Marco Friedl,3-4-3,4-2-3-1,Tobias Welz,Match Report,,12.0,3.0,19.6,1.0,0.0,0.0,2025,Werder Bremen
2024-10-05,15:30,Bundesliga,Matchweek 6,Sat,Away,D,2,2,Leverkusen,1.6,2.1,26.0,30210.0,Lewis Holtby,3-5-2,3-4-3,Robert Hartmann,Match Report,,7.0,3.0,13.6,0.0,1.0,1.0,2025,Holstein Kiel
2024-10-05,15:30,Bundesliga,Matchweek 6,Sat,Away,W,3,1,Bochum,2.4,1.7,42.0,24630.0,Maximilian Arnold,3-4-1-2,4-3-1-2,Max Burda,Match Report,,16.0,4.0,18.2,0.0,0.0,1.0,2025,Wolfsburg
2024-10-05,15:30,Bundesliga,Matchweek 6,Sat,Home,W,2,1,Dortmund,1.5,0.7,33.0,22012.0,Christopher Trimmel,3-4-3,4-2-3-1,Tobias Reichel,Match Report,,13.0,4.0,19.1,0.0,1.0,1.0,2025,Union Berlin
2024-10-05,15:30,Bundesliga,Matchweek 6,Sat,Away,W,1,0,Werder Bremen,1.0,1.0,42.0,41200.0,Christian Günter,4-2-3-1,3-4-3,Tobias Welz,Match Report,,15.0,3.0,20.6,0.0,0.0,0.0,2025,Freiburg
2024-10-05,18:30,Bundesliga,Matchweek 6,Sat,Home,L,0,3,Mainz 05,1.0,1.1,56.0,29546.0,Jackson Irvine,3-4-3,3-4-3,Christian Dingert,Match Report,,19.0,4.0,16.5,0.0,0.0,0.0,2025,St. Pauli
2024-10-05,15:30,Bundesliga,Matchweek 6,Sat,Away,L,1,2,Union Berlin,0.7,1.5,67.0,22012.0,Emre Can,4-2-3-1,3-4-3,Tobias Reichel,Match Report,,8.0,4.0,18.3,0.0,0.0,0.0,2025,Dortmund
2024-10-05,18:30,Bundesliga,Matchweek 6,Sat,Away,W,3,0,St. Pauli,1.1,1.0,44.0,29546.0,Jonathan Burkardt,3-4-3,3-4-3,Christian Dingert,Match Report,,8.0,4.0,21.4,0.0,0.0,0.0,2025,Mainz 05
2024-10-05,15:30,Bundesliga,Matchweek 6,Sat,Home,L,1,3,Wolfsburg,1.7,2.4,58.0,24630.0,Anthony Losilla,4-3-1-2,3-4-1-2,Max Burda,Match Report,,18.0,5.0,18.9,1.0,0.0,0.0,2025,Bochum
2024-10-05,15:30,Bundesliga,Matchweek 6,Sat,Home,D,2,2,Holstein Kiel,2.1,1.6,74.0,30210.0,Lukáš Hrádecký,3-4-3,3-5-2,Robert Hartmann,Match Report,,23.0,7.0,18.3,0.0,0.0,0.0,2025,Leverkusen
2024-10-06,19:30,Bundesliga,Matchweek 6,Sun,Home,D,1,1,Hoffenheim,1.9,0.9,67.0,58000.0,Atakan Karazor,3-5-2,3-4-1-2,Harm Osmers,Match Report,,19.0,5.0,15.1,0.0,0.0,1.0,2025,Stuttgart
2024-10-06,19:30,Bundesliga,Matchweek 6,Sun,Away,D,1,1,Stuttgart,0.9,1.9,33.0,58000.0,Oliver Baumann,3-4-1-2,3-5-2,Harm Osmers,Match Report,,7.0,4.0,15.5,0.0,0.0,0.0,2025,Hoffenheim
2024-10-06,17:30,Bundesliga,Matchweek 6,Sun,Away,D,3,3,Eint Frankfurt,2.2,1.2,74.0,58000.0,Manuel Neuer,4-2-3-1,4-4-2,Benjamin Brand,Match Report,,24.0,13.0,17.5,2.0,0.0,0.0,2025,Bayern Munich
2024-10-06,15:30,Bundesliga,Matchweek 6,Sun,Away,W,1,0,Heidenheim,1.4,1.0,55.0,15000.0,Willi Orban,4-2-2-2,3-4-1-2,Sascha Stegemann,Match Report,,13.0,2.0,18.6,0.0,0.0,0.0,2025,RB Leipzig
2024-10-06,15:30,Bundesliga,Matchweek 6,Sun,Home,L,0,1,RB Leipzig,1.0,1.4,45.0,15000.0,Patrick Mainka,3-4-1-2,4-2-2-2,Sascha Stegemann,Match Report,,14.0,4.0,18.8,0.0,0.0,0.0,2025,Heidenheim
2024-10-06,17:30,Bundesliga,Matchweek 6,Sun,Home,D,3,3,Bayern Munich,1.2,2.2,26.0,58000.0,Robin Koch,4-4-2,4-2-3-1,Benjamin Brand,Match Report,,6.0,4.0,16.9,0.0,0.0,0.0,2025,Eint Frankfurt
2024-10-18,20:30,Bundesliga,Matchweek 7,Fri,Home,W,2,1,St. Pauli,2.6,0.6,74.0,81365.0,Emre Can,4-2-3-1,3-4-3,Matthias Jöllenbeck,Match Report,,20.0,7.0,13.4,0.0,0.0,0.0,2025,Dortmund
2024-10-18,20:30,Bundesliga,Matchweek 7,Fri,Away,L,1,2,Dortmund,0.6,2.6,26.0,81365.0,Jackson Irvine,3-4-3,4-2-3-1,Matthias Jöllenbeck,Match Report,,10.0,3.0,19.7,0.0,0.0,0.0,2025,St. Pauli
2024-10-19,15:30,Bundesliga,Matchweek 7,Sat,Home,W,3,1,Augsburg,0.8,0.6,57.0,33500.0,Christian Günter,4-2-3-1,3-5-2,Bastian Dankert,Match Report,,15.0,6.0,19.8,0.0,0.0,0.0,2025,Freiburg
2024-10-19,15:30,Bundesliga,Matchweek 7,Sat,Away,L,1,3,Hoffenheim,2.7,2.5,50.0,19281.0,Anthony Losilla,4-1-4-1,3-4-1-2,Sören Storks,Match Report,,12.0,3.0,19.8,1.0,0.0,1.0,2025,Bochum
2024-10-19,15:30,Bundesliga,Matchweek 7,Sat,Away,L,2,3,Gladbach,2.0,3.6,34.0,50000.0,Patrick Mainka,4-2-3-1,4-2-3-1,Daniel Siebert,Match Report,,18.0,5.0,15.9,1.0,1.0,1.0,2025,Heidenheim
2024-10-19,15:30,Bundesliga,Matchweek 7,Sat,Home,L,0,2,RB Leipzig,0.6,1.9,53.0,30100.0,Jonathan Burkardt,3-4-3,3-4-3,Felix Zwayer,Match Report,,17.0,2.0,18.1,0.0,0.0,0.0,2025,Mainz 05
2024-10-19,15:30,Bundesliga,Matchweek 7,Sat,Away,L,1,2,Leverkusen,1.9,3.8,46.0,30210.0,Kevin Trapp,4-4-2,3-4-3,Felix Brych,Match Report,,8.0,0.0,18.8,0.0,1.0,1.0,2025,Eint Frankfurt
2024-10-19,15:30,Bundesliga,Matchweek 7,Sat,Home,W,3,1,Bochum,2.5,2.7,50.0,19281.0,Oliver Baumann,3-4-1-2,4-1-4-1,Sören Storks,Match Report,,12.0,7.0,15.9,0.0,0.0,0.0,2025,Hoffenheim
2024-10-19,18:30,Bundesliga,Matchweek 7,Sat,Home,W,4,0,Stuttgart,3.2,0.5,65.0,75000.0,Manuel Neuer,4-2-3-1,4-2-3-1,Tobias Stieler,Match Report,,22.0,10.0,15.9,0.0,0.0,0.0,2025,Bayern Munich
2024-10-19,15:30,Bundesliga,Matchweek 7,Sat,Away,W,2,0,Mainz 05,1.9,0.6,47.0,30100.0,Willi Orban,3-4-3,3-4-3,Felix Zwayer,Match Report,,11.0,5.0,16.1,0.0,0.0,0.0,2025,RB Leipzig
2024-10-19,18:30,Bundesliga,Matchweek 7,Sat,Away,L,0,4,Bayern Munich,0.5,3.2,35.0,75000.0,Atakan Karazor,4-2-3-1,4-2-3-1,Tobias Stieler,Match Report,,4.0,1.0,17.7,0.0,0.0,0.0,2025,Stuttgart
2024-10-19,15:30,Bundesliga,Matchweek 7,Sat,Home,W,3,2,Heidenheim,3.6,2.0,66.0,50000.0,Julian Weigl,4-2-3-1,4-2-3-1,Daniel Siebert,Match Report,,19.0,9.0,16.0,0.0,1.0,1.0,2025,Gladbach
2024-10-19,15:30,Bundesliga,Matchweek 7,Sat,Home,W,2,1,Eint Frankfurt,3.8,1.9,54.0,30210.0,Lukáš Hrádecký,3-4-3,4-4-2,Felix Brych,Match Report,,26.0,8.0,17.4,0.0,0.0,1.0,2025,Leverkusen
2024-10-19,15:30,Bundesliga,Matchweek 7,Sat,Away,L,1,3,Freiburg,0.6,0.8,43.0,33500.0,Jeffrey Gouweleeuw,3-5-2,4-2-3-1,Bastian Dankert,Match Report,,9.0,3.0,20.7,0.0,0.0,0.0,2025,Augsburg
2024-10-20,17:30,Bundesliga,Matchweek 7,Sun,Away,W,4,2,Wolfsburg,2.0,1.8,57.0,28917.0,Marco Friedl,3-4-3,3-4-1-2,Daniel Schlager,Match Report,,15.0,7.0,16.8,1.0,0.0,0.0,2025,Werder Bremen
2024-10-20,17:30,Bundesliga,Matchweek 7,Sun,Home,L,2,4,Werder Bremen,1.8,2.0,43.0,28917.0,Maximilian Arnold,3-4-1-2,3-4-3,Daniel Schlager,Match Report,,14.0,5.0,16.3,0.0,0.0,0.0,2025,Wolfsburg
2024-10-20,15:30,Bundesliga,Matchweek 7,Sun,Home,L,0,2,Union Berlin,1.3,1.1,48.0,15034.0,Timo Becker,5-3-2,3-4-3,Timo Gerach,Match Report,,12.0,4.0,14.7,0.0,0.0,0.0,2025,Holstein Kiel
2024-10-20,15:30,Bundesliga,Matchweek 7,Sun,Away,W,2,0,Holstein Kiel,1.1,1.3,52.0,15034.0,Christopher Trimmel,3-4-3,5-3-2,Timo Gerach,Match Report,,14.0,4.0,14.8,0.0,0.0,0.0,2025,Union Berlin
2024-10-22,21:00,Champions Lg,League phase,Tue,Away,W,1,0,it Juventus,2.5,0.2,50.0,41306.0,Atakan Karazor,4-2-3-1,4-3-3,Espen Eskås,Match Report,,21.0,9.0,19.2,0.0,0.0,1.0,2025,Stuttgart
2024-10-22,21:00,Champions Lg,League phase,Tue,Away,L,2,5,es Real Madrid,1.6,3.5,48.0,74642.0,Julian Brandt,4-2-3-1,4-3-3,István Kovács,Match Report,,8.0,7.0,16.7,0.0,0.0,0.0,2025,Dortmund
2024-10-23,21:00,Champions Lg,League phase,Wed,Away,L,1,4,es Barcelona,1.0,2.2,60.0,50312.0,Manuel Neuer,4-2-3-1,4-2-3-1,Slavko Vinčič,Match Report,,11.0,3.0,21.9,0.0,0.0,0.0,2025,Bayern Munich
2024-10-23,21:00,Champions Lg,League phase,Wed,Home,L,0,1,eng Liverpool,0.8,2.3,43.0,45228.0,Willi Orban,4-4-2,4-3-3,Sandro Schärer,Match Report,,13.0,6.0,21.1,0.0,0.0,0.0,2025,RB Leipzig
2024-10-23,18:45,Champions Lg,League phase,Wed,Away,D,1,1,fr Brest,1.0,0.5,59.0,15510.0,Jonathan Tah,4-2-3-1,4-3-3,Ivan Kružliak,Match Report,,8.0,3.0,16.4,0.0,0.0,0.0,2025,Leverkusen
2024-10-24,20:00 (21:00),Europa Lg,League phase,Thu,Away,L,0,2,pt Porto,1.3,0.6,55.0,39203.0,Oliver Baumann,3-4-1-2,4-2-3-1,Damian Sylwestrzak,Match Report,,15.0,1.0,19.0,0.0,0.0,0.0,2025,Hoffenheim
2024-10-24,18:45,Europa Lg,League phase,Thu,Home,W,1,0,lv FK Rīgas FS,0.9,0.5,59.0,56600.0,Kevin Trapp,4-4-2,5-3-2,Allard Lindhout,Match Report,,20.0,4.0,19.2,0.0,0.0,0.0,2025,Eint Frankfurt
2024-10-24,22:00 (21:00),Conf Lg,League phase,Thu,Away,W,1,0,cy Pafos FC,1.3,1.1,39.0,2511.0,Patrick Mainka,4-2-3-1,4-2-3-1,Jasper Vergoote,Match Report,,9.0,3.0,15.1,0.0,0.0,0.0,2025,Heidenheim
2024-10-25,20:30,Bundesliga,Matchweek 8,Fri,Away,D,1,1,Mainz 05,0.7,1.7,48.0,33000.0,Julian Weigl,4-2-3-1,3-4-3,Martin Petersen,Match Report,,9.0,5.0,18.3,1.0,0.0,0.0,2025,Gladbach
2024-10-25,20:30,Bundesliga,Matchweek 8,Fri,Home,D,1,1,Gladbach,1.7,0.7,52.0,33000.0,Jonathan Burkardt,3-4-3,4-2-3-1,Martin Petersen,Match Report,,23.0,6.0,19.2,0.0,0.0,0.0,2025,Mainz 05
2024-10-26,15:30,Bundesliga,Matchweek 8,Sat,Home,W,2,1,Dortmund,0.6,1.0,25.0,30660.0,Jeffrey Gouweleeuw,5-3-2,4-2-3-1,Tobias Welz,Match Report,,12.0,4.0,22.4,1.0,0.0,0.0,2025,Augsburg
2024-10-26,15:30,Bundesliga,Matchweek 8,Sat,Home,W,2,1,Holstein Kiel,1.6,0.5,58.0,59000.0,Deniz Undav,4-4-2,3-5-2,Robert Hartmann,Match Report,,16.0,6.0,17.8,0.0,0.0,0.0,2025,Stuttgart
2024-10-26,15:30,Bundesliga,Matchweek 8,Sat,Away,D,0,0,St. Pauli,1.1,0.8,46.0,29546.0,Kamil Grabara,4-2-3-1,3-4-3,Tobias Reichel,Match Report,,9.0,4.0,17.1,0.0,0.0,0.0,2025,Wolfsburg
2024-10-26,18:30,Bundesliga,Matchweek 8,Sat,Home,D,2,2,Leverkusen,1.6,1.3,43.0,42100.0,Marco Friedl,3-4-3,3-4-3,Florian Badstübner,Match Report,,13.0,8.0,16.6,0.0,0.0,0.0,2025,Werder Bremen
2024-10-26,15:30,Bundesliga,Matchweek 8,Sat,Away,L,1,2,Augsburg,1.0,0.6,75.0,30660.0,Julian Brandt,4-2-3-1,5-3-2,Tobias Welz,Match Report,,11.0,4.0,20.1,0.0,0.0,0.0,2025,Dortmund
2024-10-26,15:30,Bundesliga,Matchweek 8,Sat,Home,D,0,0,Wolfsburg,0.8,1.1,54.0,29546.0,Jackson Irvine,3-4-3,4-2-3-1,Tobias Reichel,Match Report,,14.0,5.0,18.7,1.0,0.0,0.0,2025,St. Pauli
2024-10-26,15:30,Bundesliga,Matchweek 8,Sat,Away,L,1,2,Stuttgart,0.5,1.6,42.0,59000.0,Timo Becker,3-5-2,4-4-2,Robert Hartmann,Match Report,,9.0,3.0,18.0,0.0,0.0,0.0,2025,Holstein Kiel
2024-10-26,15:30,Bundesliga,Matchweek 8,Sat,Away,L,1,3,RB Leipzig,1.7,1.8,57.0,45908.0,Christian Günter,4-2-3-1,4-2-2-2,Sven Jablonski,Match Report,,15.0,5.0,18.0,2.0,0.0,0.0,2025,Freiburg
2024-10-26,15:30,Bundesliga,Matchweek 8,Sat,Home,W,3,1,Freiburg,1.8,1.7,43.0,45908.0,Willi Orban,4-2-2-2,4-2-3-1,Sven Jablonski,Match Report,,12.0,9.0,13.4,0.0,0.0,0.0,2025,RB Leipzig
2024-10-26,18:30,Bundesliga,Matchweek 8,Sat,Away,D,2,2,Werder Bremen,1.3,1.6,57.0,42100.0,Lukáš Hrádecký,3-4-3,3-4-3,Florian Badstübner,Match Report,,14.0,5.0,15.2,1.0,0.0,0.0,2025,Leverkusen
2024-10-27,19:30,Bundesliga,Matchweek 8,Sun,Away,D,0,0,Heidenheim,0.7,1.5,53.0,15000.0,Oliver Baumann,3-4-1-2,4-3-3,Christian Dingert,Match Report,,12.0,4.0,21.9,0.0,0.0,0.0,2025,Hoffenheim
2024-10-27,15:30,Bundesliga,Matchweek 8,Sun,Home,L,0,5,Bayern Munich,0.6,2.2,28.0,26000.0,Anthony Losilla,3-5-2,4-2-3-1,Florian Exner,Match Report,,6.0,1.0,24.2,1.0,0.0,0.0,2025,Bochum
2024-10-27,17:30,Bundesliga,Matchweek 8,Sun,Away,D,1,1,Union Berlin,1.5,1.4,52.0,22012.0,Kevin Trapp,3-5-2,3-4-3,Harm Osmers,Match Report,,17.0,5.0,17.4,1.0,0.0,0.0,2025,Eint Frankfurt
2024-10-27,15:30,Bundesliga,Matchweek 8,Sun,Away,W,5,0,Bochum,2.2,0.6,72.0,26000.0,Manuel Neuer,4-2-3-1,3-5-2,Florian Exner,Match Report,,19.0,10.0,17.0,1.0,0.0,0.0,2025,Bayern Munich
2024-10-27,17:30,Bundesliga,Matchweek 8,Sun,Home,D,1,1,Eint Frankfurt,1.4,1.5,48.0,22012.0,Christopher Trimmel,3-4-3,3-5-2,Harm Osmers,Match Report,,13.0,4.0,14.8,0.0,0.0,0.0,2025,Union Berlin
2024-10-27,19:30,Bundesliga,Matchweek 8,Sun,Home,D,0,0,Hoffenheim,1.5,0.7,47.0,15000.0,Patrick Mainka,4-3-3,3-4-1-2,Christian Dingert,Match Report,,17.0,3.0,18.4,2.0,0.0,0.0,2025,Heidenheim
2024-10-29,20:45,DFB-Pokal,Round of 32,Tue,Away,L,0,3,Köln,,,59.0,50000.0,Timo Becker,3-4-1-2,3-4-1-2,Bastian Dankert,Match Report,,14.0,3.0,,,0.0,0.0,2025,Holstein Kiel
2024-10-29,18:00,DFB-Pokal,Round of 32,Tue,Home,W,4,2,St. Pauli,,,47.0,40478.0,Willi Orban,3-4-3,3-4-3,Felix Zwayer,Match Report,,9.0,7.0,,,0.0,0.0,2025,RB Leipzig
2024-10-29,20:45,DFB-Pokal,Round of 32,Tue,Home,W,2,1,Kaiserslautern,,,69.0,60000.0,Atakan Karazor,4-4-2,4-2-3-1,Daniel Schlager,Match Report,,17.0,7.0,,,0.0,0.0,2025,Stuttgart
2024-10-29,20:45,DFB-Pokal,Round of 32,Tue,Away,L,0,1,Wolfsburg,,,58.0,30000.0,Emre Can,4-2-3-1,4-4-1-1,Daniel Siebert,Match Report,Required Extra Time,18.0,4.0,,,0.0,0.0,2025,Dortmund
2024-10-29,18:00,DFB-Pokal,Round of 32,Tue,Home,W,3,0,Schalke 04,,,53.0,27511.0,Elvis Rexhbeçaj,5-3-2,4-4-2,Frank Willenborg,Match Report,,12.0,3.0,,,0.0,0.0,2025,Augsburg
2024-10-29,18:00,DFB-Pokal,Round of 32,Tue,Home,W,3,0,Elversberg,,,66.0,30000.0,Jonathan Tah,3-5-2,5-3-2,Benjamin Brand,Match Report,,10.0,7.0,,,0.0,0.0,2025,Leverkusen
2024-10-29,20:45,DFB-Pokal,Round of 32,Tue,Home,W,1,0,Dortmund,,,42.0,30000.0,Maximilian Arnold,4-4-1-1,4-2-3-1,Daniel Siebert,Match Report,Required Extra Time,16.0,3.0,,,0.0,0.0,2025,Wolfsburg
2024-10-29,18:00,DFB-Pokal,Round of 32,Tue,Away,L,2,4,RB Leipzig,,,53.0,40478.0,Jackson Irvine,3-4-3,3-4-3,Felix Zwayer,Match Report,,17.0,4.0,,,0.0,0.0,2025,St. Pauli
2024-10-30,18:00,DFB-Pokal,Round of 32,Wed,Away,L,1,2,Eint Frankfurt,,,60.0,58000.0,Julian Weigl,4-2-3-1,4-4-2,Matthias Jöllenbeck,Match Report,,19.0,3.0,,,0.0,0.0,2025,Gladbach
2024-10-30,20:45,DFB-Pokal,Round of 32,Wed,Home,W,2,1,Nürnberg,,,50.0,18001.0,Oliver Baumann,3-4-3,3-4-3,Timo Gerach,Match Report,,23.0,10.0,,,0.0,0.0,2025,Hoffenheim
2024-10-30,18:00,DFB-Pokal,Round of 32,Wed,Home,W,2,1,Hamburger SV,,,48.0,34500.0,Christian Günter,4-2-3-1,3-1-4-2,Felix Brych,Match Report,,13.0,5.0,,,1.0,1.0,2025,Freiburg
2024-10-30,20:45,DFB-Pokal,Round of 32,Wed,Away,W,4,0,Mainz 05,,,80.0,33305.0,Manuel Neuer,4-2-3-1,3-4-3,Sascha Stegemann,Match Report,,15.0,10.0,,,0.0,0.0,2025,Bayern Munich
2024-10-30,20:45,DFB-Pokal,Round of 32,Wed,Home,L,0,4,Bayern Munich,,,20.0,33305.0,Nadiem Amiri,3-4-3,4-2-3-1,Sascha Stegemann,Match Report,,6.0,4.0,,,0.0,0.0,2025,Mainz 05
2024-10-30,20:45,DFB-Pokal,Round of 32,Wed,Away,L,0,2,Arminia,,,71.0,26117.0,Rani Khedira,3-4-3,3-4-3,Wolfgang Haslberger,Match Report,,21.0,5.0,,,0.0,0.0,2025,Union Berlin
2024-10-30,18:00,DFB-Pokal,Round of 32,Wed,Away,W,1,0,Paderborn 07,,,52.0,15000.0,Marco Friedl,3-4-3,3-4-3,Max Burda,Match Report,,11.0,3.0,,,0.0,0.0,2025,Werder Bremen
2024-10-30,18:00,DFB-Pokal,Round of 32,Wed,Away,L,1,2,Hertha BSC,,,55.0,44135.0,Norman Theuerkauf,4-2-3-1,4-4-2,Robert Kampka,Match Report,,10.0,1.0,,,0.0,0.0,2025,Heidenheim
2024-10-30,18:00,DFB-Pokal,Round of 32,Wed,Home,W,2,1,Gladbach,,,40.0,58000.0,Kevin Trapp,4-4-2,4-2-3-1,Matthias Jöllenbeck,Match Report,,14.0,7.0,,,0.0,0.0,2025,Eint Frankfurt
2024-11-01,20:30,Bundesliga,Matchweek 9,Fri,Away,D,0,0,Leverkusen,0.3,2.2,47.0,30210.0,Atakan Karazor,4-4-2,3-4-3,Daniel Siebert,Match Report,,4.0,1.0,20.5,0.0,0.0,0.0,2025,Stuttgart
2024-11-01,20:30,Bundesliga,Matchweek 9,Fri,Home,D,0,0,Stuttgart,2.2,0.3,53.0,30210.0,Lukáš Hrádecký,3-4-3,4-4-2,Daniel Siebert,Match Report,,19.0,5.0,13.4,0.0,0.0,0.0,2025,Leverkusen
2024-11-02,18:30,Bundesliga,Matchweek 9,Sat,Away,L,1,2,Dortmund,0.5,2.0,43.0,81365.0,Willi Orban,4-4-2,4-1-4-1,Tobias Stieler,Match Report,,7.0,2.0,18.8,0.0,0.0,0.0,2025,RB Leipzig
2024-11-02,15:30,Bundesliga,Matchweek 9,Sat,Home,W,3,0,Union Berlin,2.5,0.5,77.0,75000.0,Manuel Neuer,4-2-3-1,3-4-3,Matthias Jöllenbeck,Match Report,,15.0,6.0,16.6,0.0,1.0,1.0,2025,Bayern Munich
2024-11-02,15:30,Bundesliga,Matchweek 9,Sat,Away,L,2,7,Eint Frankfurt,1.8,3.5,36.0,58000.0,Anthony Losilla,4-4-2,4-4-2,Daniel Schlager,Match Report,,11.0,8.0,17.5,0.0,0.0,0.0,2025,Bochum
2024-11-02,15:30,Bundesliga,Matchweek 9,Sat,Home,L,0,2,St. Pauli,0.7,0.9,67.0,26199.0,Oliver Baumann,3-4-1-2,3-4-3,Sascha Stegemann,Match Report,,12.0,6.0,17.7,0.0,0.0,0.0,2025,Hoffenheim
2024-11-02,18:30,Bundesliga,Matchweek 9,Sat,Home,W,2,1,RB Leipzig,2.0,0.5,57.0,81365.0,Emre Can,4-1-4-1,4-4-2,Tobias Stieler,Match Report,,20.0,7.0,14.3,1.0,0.0,0.0,2025,Dortmund
2024-11-02,15:30,Bundesliga,Matchweek 9,Sat,Away,W,2,0,Hoffenheim,0.9,0.7,33.0,26199.0,Jackson Irvine,3-4-3,3-4-1-2,Sascha Stegemann,Match Report,,7.0,3.0,15.7,0.0,0.0,0.0,2025,St. Pauli
2024-11-02,15:30,Bundesliga,Matchweek 9,Sat,Home,W,7,2,Bochum,3.5,1.8,64.0,58000.0,Kevin Trapp,4-4-2,4-4-2,Daniel Schlager,Match Report,,18.0,9.0,17.0,2.0,0.0,0.0,2025,Eint Frankfurt
2024-11-02,15:30,Bundesliga,Matchweek 9,Sat,Away,D,1,1,Wolfsburg,0.5,1.2,31.0,22654.0,Jeffrey Gouweleeuw,3-5-2,4-2-3-1,Felix Brych,Match Report,,3.0,1.0,17.8,0.0,0.0,0.0,2025,Augsburg
2024-11-02,15:30,Bundesliga,Matchweek 9,Sat,Home,W,1,0,Heidenheim,1.1,1.2,45.0,14405.0,Timo Becker,3-5-2,3-4-3,Frank Willenborg,Match Report,,11.0,6.0,17.2,0.0,0.0,0.0,2025,Holstein Kiel
2024-11-02,15:30,Bundesliga,Matchweek 9,Sat,Away,L,0,1,Holstein Kiel,1.2,1.1,55.0,14405.0,Patrick Mainka,3-4-3,3-5-2,Frank Willenborg,Match Report,,17.0,4.0,15.0,0.0,0.0,0.0,2025,Heidenheim
2024-11-02,15:30,Bundesliga,Matchweek 9,Sat,Home,D,1,1,Augsburg,1.2,0.5,69.0,22654.0,Maximilian Arnold,4-2-3-1,3-5-2,Felix Brych,Match Report,,18.0,5.0,17.7,1.0,0.0,0.0,2025,Wolfsburg
2024-11-02,15:30,Bundesliga,Matchweek 9,Sat,Away,L,0,3,Bayern Munich,0.5,2.5,23.0,75000.0,Christopher Trimmel,3-4-3,4-2-3-1,Matthias Jöllenbeck,Match Report,,8.0,1.0,12.7,0.0,0.0,0.0,2025,Union Berlin
2024-11-03,15:30,Bundesliga,Matchweek 9,Sun,Away,D,0,0,Freiburg,0.5,0.8,49.0,34400.0,Jonathan Burkardt,3-4-3,4-2-3-1,Benjamin Brand,Match Report,,9.0,2.0,17.0,0.0,0.0,0.0,2025,Mainz 05
2024-11-03,17:30,Bundesliga,Matchweek 9,Sun,Away,L,1,4,Gladbach,1.4,2.5,53.0,54042.0,Marco Friedl,3-4-3,4-2-3-1,Bastian Dankert,Match Report,,15.0,5.0,15.2,0.0,0.0,0.0,2025,Werder Bremen
2024-11-03,17:30,Bundesliga,Matchweek 9,Sun,Home,W,4,1,Werder Bremen,2.5,1.4,47.0,54042.0,Julian Weigl,4-2-3-1,3-4-3,Bastian Dankert,Match Report,,16.0,7.0,14.5,0.0,0.0,0.0,2025,Gladbach
2024-11-03,15:30,Bundesliga,Matchweek 9,Sun,Home,D,0,0,Mainz 05,0.8,0.5,51.0,34400.0,Christian Günter,4-2-3-1,3-4-3,Benjamin Brand,Match Report,,10.0,2.0,19.7,0.0,0.0,0.0,2025,Freiburg
2024-11-05,20:00 (21:00),Champions Lg,League phase,Tue,Away,L,1,3,sct Celtic,1.3,1.8,40.0,57551.0,Willi Orban,4-4-2,4-3-3,Benoît Bastien,Match Report,,10.0,3.0,18.0,0.0,0.0,0.0,2025,RB Leipzig
2024-11-05,20:00 (21:00),Champions Lg,League phase,Tue,Away,L,0,4,eng Liverpool,0.9,3.7,53.0,59790.0,Lukáš Hrádecký,3-5-2,4-3-3,Danny Makkelie,Match Report,,12.0,4.0,20.1,0.0,0.0,0.0,2025,Leverkusen
2024-11-05,21:00,Champions Lg,League phase,Tue,Home,W,1,0,at Sturm Graz,2.0,0.4,66.0,81365.0,Emre Can,4-3-3,4-2-2-2,Erik Lambrechts,Match Report,,21.0,7.0,14.8,0.0,0.0,0.0,2025,Dortmund
2024-11-06,21:00,Champions Lg,League phase,Wed,Home,W,1,0,pt Benfica,1.4,0.1,73.0,75000.0,Manuel Neuer,4-2-3-1,5-3-2,Davide Massa,Match Report,,24.0,10.0,17.9,1.0,0.0,0.0,2025,Bayern Munich
2024-11-06,21:00,Champions Lg,League phase,Wed,Home,L,0,2,it Atalanta,1.0,2.3,55.0,60000.0,Atakan Karazor,4-2-3-1,3-4-3,Rade Obrenović,Match Report,,10.0,0.0,20.8,0.0,0.0,0.0,2025,Stuttgart
2024-11-07,20:00 (21:00),Conf Lg,League phase,Thu,Away,W,2,0,sct Hearts,0.9,1.8,52.0,17692.0,Patrick Mainka,4-1-4-1,4-3-3,Kristoffer Hagenes,Match Report,,10.0,2.0,16.1,0.0,0.0,0.0,2025,Heidenheim
2024-11-07,21:00,Europa Lg,League phase,Thu,Home,D,2,2,fr Lyon,1.4,0.9,44.0,18227.0,Oliver Baumann,3-4-1-2,3-4-3,Marian Barbu,Match Report,,18.0,11.0,17.9,0.0,0.0,0.0,2025,Hoffenheim
2024-11-07,18:45,Europa Lg,League phase,Thu,Home,W,1,0,cz Slavia Prague,0.9,1.1,47.0,57350.0,Kevin Trapp,4-4-2,3-4-3,Chris Kavanagh,Match Report,,10.0,5.0,17.7,1.0,0.0,0.0,2025,Eint Frankfurt
2024-11-08,20:30,Bundesliga,Matchweek 10,Fri,Home,D,0,0,Freiburg,0.7,1.7,41.0,22012.0,Christopher Trimmel,3-4-3,4-2-3-1,Tobias Reichel,Match Report,,12.0,6.0,20.2,0.0,0.0,0.0,2025,Union Berlin
2024-11-08,20:30,Bundesliga,Matchweek 10,Fri,Away,D,0,0,Union Berlin,1.7,0.7,59.0,22012.0,Christian Günter,4-2-3-1,3-4-3,Tobias Reichel,Match Report,,13.0,3.0,19.8,0.0,0.0,1.0,2025,Freiburg
2024-11-09,15:30,Bundesliga,Matchweek 10,Sat,Away,L,1,3,Mainz 05,0.9,2.0,47.0,33000.0,Emre Can,4-1-4-1,3-4-3,Florian Badstübner,Match Report,,1.0,0.0,23.0,0.0,1.0,1.0,2025,Dortmund
2024-11-09,15:30,Bundesliga,Matchweek 10,Sat,Away,W,1,0,St. Pauli,0.8,0.1,75.0,29546.0,Manuel Neuer,4-2-3-1,5-4-1,Timo Gerach,Match Report,,13.0,6.0,19.0,0.0,0.0,0.0,2025,Bayern Munich
2024-11-09,15:30,Bundesliga,Matchweek 10,Sat,Home,W,2,1,Holstein Kiel,1.7,0.7,60.0,42100.0,Marco Friedl,3-4-3,3-5-2,Sören Storks,Match Report,,16.0,5.0,15.2,1.0,0.0,0.0,2025,Werder Bremen
2024-11-09,18:30,Bundesliga,Matchweek 10,Sat,Home,D,0,0,Gladbach,1.0,0.9,61.0,46887.0,Willi Orban,3-4-3,4-2-3-1,Christian Dingert,Match Report,,12.0,5.0,16.2,0.0,0.0,0.0,2025,RB Leipzig
2024-11-09,15:30,Bundesliga,Matchweek 10,Sat,Home,D,1,1,Leverkusen,0.7,1.2,30.0,26000.0,Anthony Losilla,5-4-1,3-4-3,Robert Hartmann,Match Report,,15.0,3.0,20.1,0.0,0.0,0.0,2025,Bochum
2024-11-09,15:30,Bundesliga,Matchweek 10,Sat,Home,W,3,1,Dortmund,2.0,0.9,53.0,33000.0,Jonathan Burkardt,3-4-3,4-1-4-1,Florian Badstübner,Match Report,,13.0,9.0,13.4,0.0,0.0,0.0,2025,Mainz 05
2024-11-09,18:30,Bundesliga,Matchweek 10,Sat,Away,D,0,0,RB Leipzig,0.9,1.0,39.0,46887.0,Julian Weigl,4-2-3-1,3-4-3,Christian Dingert,Match Report,,14.0,4.0,19.2,0.0,0.0,0.0,2025,Gladbach
2024-11-09,15:30,Bundesliga,Matchweek 10,Sat,Away,L,1,2,Werder Bremen,0.7,1.7,40.0,42100.0,Timo Becker,3-5-2,3-4-3,Sören Storks,Match Report,,12.0,5.0,17.0,0.0,0.0,0.0,2025,Holstein Kiel
2024-11-09,15:30,Bundesliga,Matchweek 10,Sat,Away,D,1,1,Bochum,1.2,0.7,70.0,26000.0,Lukáš Hrádecký,3-4-3,5-4-1,Robert Hartmann,Match Report,,11.0,3.0,16.4,0.0,0.0,0.0,2025,Leverkusen
2024-11-09,15:30,Bundesliga,Matchweek 10,Sat,Home,L,0,1,Bayern Munich,0.1,0.8,25.0,29546.0,Jackson Irvine,5-4-1,4-2-3-1,Timo Gerach,Match Report,,3.0,0.0,21.8,0.0,0.0,0.0,2025,St. Pauli
2024-11-10,17:30,Bundesliga,Matchweek 10,Sun,Away,W,3,2,Stuttgart,1.3,2.5,40.0,60000.0,Kevin Trapp,4-4-2,4-2-3-1,Felix Zwayer,Match Report,,8.0,5.0,16.6,1.0,0.0,0.0,2025,Eint Frankfurt
2024-11-10,19:30,Bundesliga,Matchweek 10,Sun,Home,L,1,3,Wolfsburg,2.4,1.5,65.0,15000.0,Patrick Mainka,4-2-3-1,4-5-1,Harm Osmers,Match Report,,19.0,4.0,14.6,1.0,0.0,0.0,2025,Heidenheim
2024-11-10,19:30,Bundesliga,Matchweek 10,Sun,Away,W,3,1,Heidenheim,1.5,2.4,35.0,15000.0,Maximilian Arnold,4-5-1,4-2-3-1,Harm Osmers,Match Report,,13.0,6.0,14.1,1.0,0.0,0.0,2025,Wolfsburg
2024-11-10,17:30,Bundesliga,Matchweek 10,Sun,Home,L,2,3,Eint Frankfurt,2.5,1.3,60.0,60000.0,Atakan Karazor,4-2-3-1,4-4-2,Felix Zwayer,Match Report,,21.0,9.0,16.6,0.0,0.0,1.0,2025,Stuttgart
2024-11-10,15:30,Bundesliga,Matchweek 10,Sun,Away,D,0,0,Augsburg,0.5,0.9,56.0,28300.0,Oliver Baumann,3-4-1-2,3-5-2,Martin Petersen,Match Report,,11.0,2.0,20.5,0.0,0.0,0.0,2025,Hoffenheim
2024-11-10,15:30,Bundesliga,Matchweek 10,Sun,Home,D,0,0,Hoffenheim,0.9,0.5,44.0,28300.0,Jeffrey Gouweleeuw,3-5-2,3-4-1-2,Martin Petersen,Match Report,,16.0,4.0,20.4,1.0,0.0,0.0,2025,Augsburg
2024-11-22,20:30,Bundesliga,Matchweek 11,Fri,Away,L,0,3,Bayern Munich,0.1,3.7,20.0,75000.0,Jeffrey Gouweleeuw,3-5-2,4-2-3-1,Daniel Schlager,Match Report,,2.0,1.0,10.2,0.0,0.0,0.0,2025,Augsburg
2024-11-22,20:30,Bundesliga,Matchweek 11,Fri,Home,W,3,0,Augsburg,3.7,0.1,80.0,75000.0,Manuel Neuer,4-2-3-1,3-5-2,Daniel Schlager,Match Report,,31.0,12.0,18.1,1.0,2.0,2.0,2025,Bayern Munich
2024-11-23,15:30,Bundesliga,Matchweek 11,Sat,Home,W,5,2,Heidenheim,2.2,1.1,78.0,29103.0,Lukáš Hrádecký,3-4-3,4-3-1-2,Bastian Dankert,Match Report,,20.0,10.0,17.8,0.0,0.0,0.0,2025,Leverkusen
2024-11-23,18:30,Bundesliga,Matchweek 11,Sat,Home,W,1,0,Werder Bremen,1.1,0.4,50.0,58000.0,Kevin Trapp,4-4-2,3-4-3,Florian Badstübner,Match Report,,15.0,5.0,19.6,0.0,0.0,0.0,2025,Eint Frankfurt
2024-11-23,15:30,Bundesliga,Matchweek 11,Sat,Away,L,0,4,Dortmund,0.8,1.3,41.0,81365.0,Christian Günter,4-2-3-1,4-1-4-1,Felix Brych,Match Report,,7.0,2.0,18.1,0.0,0.0,0.0,2025,Freiburg
2024-11-23,15:30,Bundesliga,Matchweek 11,Sat,Away,L,0,2,Stuttgart,0.7,1.7,42.0,59000.0,Anthony Losilla,5-3-2,4-4-2,Benjamin Brand,Match Report,,9.0,2.0,19.4,0.0,0.0,0.0,2025,Bochum
2024-11-23,15:30,Bundesliga,Matchweek 11,Sat,Home,W,4,0,Freiburg,1.3,0.8,59.0,81365.0,Julian Brandt,4-1-4-1,4-2-3-1,Felix Brych,Match Report,,19.0,7.0,18.7,1.0,0.0,0.0,2025,Dortmund
2024-11-23,15:30,Bundesliga,Matchweek 11,Sat,Away,L,2,5,Leverkusen,1.1,2.2,22.0,29103.0,Patrick Mainka,4-3-1-2,3-4-3,Bastian Dankert,Match Report,,6.0,3.0,16.7,0.0,0.0,0.0,2025,Heidenheim
2024-11-23,15:30,Bundesliga,Matchweek 11,Sat,Home,W,1,0,Union Berlin,0.6,0.5,55.0,23861.0,Maximilian Arnold,4-2-3-1,3-4-3,Tobias Stieler,Match Report,,10.0,5.0,18.9,1.0,0.0,0.0,2025,Wolfsburg
2024-11-23,15:30,Bundesliga,Matchweek 11,Sat,Home,W,2,0,Bochum,1.7,0.7,58.0,59000.0,Atakan Karazor,4-4-2,5-3-2,Benjamin Brand,Match Report,,15.0,4.0,15.7,0.0,0.0,0.0,2025,Stuttgart
2024-11-23,18:30,Bundesliga,Matchweek 11,Sat,Away,L,0,1,Eint Frankfurt,0.4,1.1,50.0,58000.0,Marco Friedl,3-4-3,4-4-2,Florian Badstübner,Match Report,,8.0,1.0,20.3,0.0,0.0,0.0,2025,Werder Bremen
2024-11-23,15:30,Bundesliga,Matchweek 11,Sat,Away,L,0,1,Wolfsburg,0.5,0.6,45.0,23861.0,Christopher Trimmel,3-4-3,4-2-3-1,Tobias Stieler,Match Report,,11.0,4.0,17.3,1.0,0.0,0.0,2025,Union Berlin
2024-11-23,15:30,Bundesliga,Matchweek 11,Sat,Away,L,3,4,Hoffenheim,1.6,2.0,41.0,28023.0,Willi Orban,3-4-3,4-2-3-1,Frank Willenborg,Match Report,,14.0,6.0,15.5,1.0,0.0,0.0,2025,RB Leipzig
2024-11-23,15:30,Bundesliga,Matchweek 11,Sat,Home,W,4,3,RB Leipzig,2.0,1.6,59.0,28023.0,Oliver Baumann,4-2-3-1,3-4-3,Frank Willenborg,Match Report,,20.0,7.0,15.3,1.0,0.0,0.0,2025,Hoffenheim
2024-11-24,17:30,Bundesliga,Matchweek 11,Sun,Away,L,0,2,Gladbach,1.1,2.3,52.0,54042.0,Jackson Irvine,3-4-3,4-2-3-1,Robin Braun,Match Report,,15.0,3.0,16.2,0.0,0.0,0.0,2025,St. Pauli
2024-11-24,17:30,Bundesliga,Matchweek 11,Sun,Home,W,2,0,St. Pauli,2.3,1.1,48.0,54042.0,Julian Weigl,4-2-3-1,3-4-3,Robin Braun,Match Report,,15.0,3.0,14.6,0.0,0.0,0.0,2025,Gladbach
2024-11-24,15:30,Bundesliga,Matchweek 11,Sun,Home,L,0,3,Mainz 05,0.4,2.2,38.0,14906.0,Lewis Holtby,3-1-4-2,3-4-3,Sascha Stegemann,Match Report,,7.0,2.0,16.8,0.0,0.0,0.0,2025,Holstein Kiel
2024-11-24,15:30,Bundesliga,Matchweek 11,Sun,Away,W,3,0,Holstein Kiel,2.2,0.4,62.0,14906.0,Jonathan Burkardt,3-4-3,3-1-4-2,Sascha Stegemann,Match Report,,17.0,6.0,18.0,1.0,1.0,1.0,2025,Mainz 05
2024-11-26,21:00,Champions Lg,League phase,Tue,Home,W,5,0,at RB Salzburg,4.3,0.3,62.0,29211.0,Jonathan Tah,3-5-2,4-3-3,Mykola Balakin,Match Report,,28.0,12.0,15.4,2.0,1.0,1.0,2025,Leverkusen
2024-11-26,21:00,Champions Lg,League phase,Tue,Away,L,0,1,it Inter,0.1,1.4,50.0,63174.0,Willi Orban,4-4-2,3-1-4-2,João Pinheiro,Match Report,,7.0,1.0,23.8,0.0,0.0,0.0,2025,RB Leipzig
2024-11-26,21:00,Champions Lg,League phase,Tue,Home,W,1,0,fr Paris S-G,2.4,0.8,57.0,75000.0,Manuel Neuer,4-2-3-1,4-4-2,István Kovács,Match Report,,18.0,7.0,16.2,0.0,0.0,0.0,2025,Bayern Munich
2024-11-27,18:45,Champions Lg,League phase,Wed,Away,L,1,5,rs Red Star,0.6,1.8,71.0,41372.0,Atakan Karazor,4-2-3-1,4-2-3-1,Erik Lambrechts,Match Report,,13.0,2.0,16.6,1.0,0.0,0.0,2025,Stuttgart
2024-11-27,21:00,Champions Lg,League phase,Wed,Away,W,3,0,hr Dinamo Zagreb,1.7,0.2,70.0,20019.0,Julian Brandt,4-3-3,5-3-2,Clément Turpin,Match Report,,17.0,6.0,15.0,0.0,0.0,0.0,2025,Dortmund
2024-11-28,21:00,Europa Lg,League phase,Thu,Away,W,2,1,dk Midtjylland,2.5,0.8,57.0,9521.0,Kevin Trapp,4-4-2,4-2-3-1,Craig Pawson,Match Report,,16.0,5.0,17.4,0.0,1.0,1.0,2025,Eint Frankfurt
2024-11-28,18:45,Conf Lg,League phase,Thu,Home,L,0,2,eng Chelsea,1.7,3.2,34.0,15000.0,Patrick Mainka,4-1-4-1,4-2-3-1,Serdar Gözübüyük,Match Report,,16.0,11.0,18.2,0.0,0.0,0.0,2025,Heidenheim
2024-11-28,20:00 (21:00),Europa Lg,League phase,Thu,Away,L,0,3,pt Braga,0.8,0.5,55.0,10010.0,Oliver Baumann,4-2-3-1,4-3-3,Igor Pajač,Match Report,,15.0,3.0,21.5,1.0,0.0,0.0,2025,Hoffenheim
2024-11-29,20:30,Bundesliga,Matchweek 12,Fri,Home,W,3,1,Holstein Kiel,1.3,1.2,49.0,29546.0,Jackson Irvine,3-4-3,3-5-2,Felix Zwayer,Match Report,,11.0,3.0,14.4,0.0,0.0,0.0,2025,St. Pauli
2024-11-29,20:30,Bundesliga,Matchweek 12,Fri,Away,L,1,3,St. Pauli,1.2,1.3,51.0,29546.0,Lewis Holtby,3-5-2,3-4-3,Felix Zwayer,Match Report,,9.0,2.0,20.3,0.0,0.0,1.0,2025,Holstein Kiel
2024-11-30,15:30,Bundesliga,Matchweek 12,Sat,Away,W,5,1,RB Leipzig,2.2,1.0,37.0,40000.0,Maximilian Arnold,4-3-3,4-4-2,Martin Petersen,Match Report,,13.0,8.0,16.3,1.0,0.0,0.0,2025,Wolfsburg
2024-11-30,18:30,Bundesliga,Matchweek 12,Sat,Away,D,1,1,Dortmund,1.5,0.6,67.0,81365.0,Manuel Neuer,4-2-3-1,4-2-3-1,Sven Jablonski,Match Report,,14.0,5.0,19.4,2.0,0.0,0.0,2025,Bayern Munich
2024-11-30,15:30,Bundesliga,Matchweek 12,Sat,Home,L,1,5,Wolfsburg,1.0,2.2,63.0,40000.0,Willi Orban,4-4-2,4-3-3,Martin Petersen,Match Report,,9.0,4.0,18.6,0.0,0.0,0.0,2025,RB Leipzig
2024-11-30,15:30,Bundesliga,Matchweek 12,Sat,Home,W,1,0,Bochum,1.9,0.3,52.0,29556.0,Jeffrey Gouweleeuw,3-5-2,3-5-2,Tobias Reichel,Match Report,,15.0,3.0,17.3,0.0,1.0,1.0,2025,Augsburg
2024-11-30,15:30,Bundesliga,Matchweek 12,Sat,Home,W,3,1,Gladbach,1.6,1.5,48.0,34700.0,Christian Günter,4-2-3-1,4-2-3-1,Robert Hartmann,Match Report,,17.0,7.0,16.5,1.0,0.0,0.0,2025,Freiburg
2024-11-30,18:30,Bundesliga,Matchweek 12,Sat,Home,D,1,1,Bayern Munich,0.6,1.5,33.0,81365.0,Nico Schlotterbeck,4-2-3-1,4-2-3-1,Sven Jablonski,Match Report,,7.0,2.0,18.3,0.0,0.0,0.0,2025,Dortmund
2024-11-30,15:30,Bundesliga,Matchweek 12,Sat,Away,D,2,2,Werder Bremen,1.8,1.6,57.0,42100.0,Atakan Karazor,4-2-3-1,4-4-2,Harm Osmers,Match Report,,10.0,4.0,17.7,0.0,0.0,0.0,2025,Stuttgart
2024-11-30,15:30,Bundesliga,Matchweek 12,Sat,Home,L,1,2,Leverkusen,0.7,0.9,38.0,22012.0,Christopher Trimmel,3-4-3,4-5-1,Christian Dingert,Match Report,,8.0,2.0,15.1,0.0,0.0,0.0,2025,Union Berlin
2024-11-30,15:30,Bundesliga,Matchweek 12,Sat,Away,L,1,3,Freiburg,1.5,1.6,52.0,34700.0,Julian Weigl,4-2-3-1,4-2-3-1,Robert Hartmann,Match Report,,15.0,3.0,17.1,0.0,0.0,0.0,2025,Gladbach
2024-11-30,15:30,Bundesliga,Matchweek 12,Sat,Away,L,0,1,Augsburg,0.3,1.9,48.0,29556.0,Anthony Losilla,3-5-2,3-5-2,Tobias Reichel,Match Report,,7.0,1.0,22.0,0.0,0.0,0.0,2025,Bochum
2024-11-30,15:30,Bundesliga,Matchweek 12,Sat,Away,W,2,1,Union Berlin,0.9,0.7,62.0,22012.0,Lukáš Hrádecký,4-5-1,3-4-3,Christian Dingert,Match Report,,8.0,3.0,16.2,1.0,0.0,0.0,2025,Leverkusen
2024-11-30,15:30,Bundesliga,Matchweek 12,Sat,Home,D,2,2,Stuttgart,1.6,1.8,43.0,42100.0,Marco Friedl,4-4-2,4-2-3-1,Harm Osmers,Match Report,,20.0,6.0,15.4,0.0,0.0,0.0,2025,Werder Bremen
2024-12-01,15:30,Bundesliga,Matchweek 12,Sun,Home,W,2,0,Hoffenheim,2.2,0.4,52.0,30400.0,Jonathan Burkardt,3-4-3,4-2-3-1,Daniel Siebert,Match Report,,18.0,8.0,14.8,0.0,0.0,0.0,2025,Mainz 05
2024-12-01,15:30,Bundesliga,Matchweek 12,Sun,Away,L,0,2,Mainz 05,0.4,2.2,48.0,30400.0,Oliver Baumann,4-2-3-1,3-4-3,Daniel Siebert,Match Report,,10.0,2.0,21.1,0.0,0.0,0.0,2025,Hoffenheim
2024-12-01,17:30,Bundesliga,Matchweek 12,Sun,Away,W,4,0,Heidenheim,2.6,0.7,54.0,15000.0,Kevin Trapp,4-4-2,3-4-3,Florian Exner,Match Report,,14.0,8.0,17.2,0.0,0.0,0.0,2025,Eint Frankfurt
2024-12-01,17:30,Bundesliga,Matchweek 12,Sun,Home,L,0,4,Eint Frankfurt,0.7,2.6,46.0,15000.0,Patrick Mainka,3-4-3,4-4-2,Florian Exner,Match Report,,8.0,1.0,17.0,0.0,0.0,0.0,2025,Heidenheim
2024-12-03,20:45,DFB-Pokal,Round of 16,Tue,Home,W,1,0,Darmstadt 98,,,66.0,75000.0,Marco Friedl,3-4-3,3-4-3,Martin Petersen,Match Report,,20.0,5.0,,,0.0,0.0,2025,Werder Bremen
2024-12-03,20:45,DFB-Pokal,Round of 16,Tue,Home,L,0,1,Leverkusen,,,58.0,75000.0,Manuel Neuer,4-2-3-1,4-5-1,Harm Osmers,Match Report,,14.0,2.0,,,0.0,0.0,2025,Bayern Munich
2024-12-03,18:00,DFB-Pokal,Round of 16,Tue,Away,W,3,0,Jahn R'burg,,,71.0,15210.0,Angelo Stiller,4-2-3-1,3-4-3,Florian Badstübner,Match Report,,14.0,8.0,,,0.0,0.0,2025,Stuttgart
2024-12-03,20:45,DFB-Pokal,Round of 16,Tue,Away,W,1,0,Bayern Munich,,,42.0,75000.0,Jonathan Tah,4-5-1,4-2-3-1,Harm Osmers,Match Report,,11.0,4.0,,,0.0,0.0,2025,Leverkusen
2024-12-03,18:00,DFB-Pokal,Round of 16,Tue,Away,L,1,3,Arminia,,,54.0,26311.0,Christian Günter,4-2-3-1,5-3-2,Frank Willenborg,Match Report,,17.0,8.0,,,0.0,1.0,2025,Freiburg
2024-12-04,20:45,DFB-Pokal,Round of 16,Wed,Away,L,0,3,RB Leipzig,,,64.0,37187.0,Kevin Trapp,4-4-2,3-5-2,Sven Jablonski,Match Report,,7.0,1.0,,,0.0,0.0,2025,Eint Frankfurt
2024-12-04,20:45,DFB-Pokal,Round of 16,Wed,Away,D,2 (5),2 (4),Karlsruher,,,53.0,28422.0,Jeffrey Gouweleeuw,3-4-1-2,4-4-2,Tobias Stieler,Match Report,Augsburg won on penalty kicks following extra time,15.0,3.0,,,0.0,0.0,2025,Augsburg
2024-12-04,20:45,DFB-Pokal,Round of 16,Wed,Home,W,3,0,Eint Frankfurt,,,36.0,37187.0,Willi Orban,3-5-2,4-4-2,Sven Jablonski,Match Report,,15.0,6.0,,,0.0,0.0,2025,RB Leipzig
2024-12-04,18:00,DFB-Pokal,Round of 16,Wed,Home,W,3,0,Hoffenheim,,,44.0,13909.0,Maximilian Arnold,4-3-3,4-2-3-1,Daniel Schlager,Match Report,,16.0,5.0,,,0.0,0.0,2025,Wolfsburg
2024-12-04,18:00,DFB-Pokal,Round of 16,Wed,Away,L,0,3,Wolfsburg,,,56.0,13909.0,Oliver Baumann,4-2-3-1,4-3-3,Daniel Schlager,Match Report,,11.0,0.0,,,0.0,0.0,2025,Hoffenheim
2024-12-06,20:30,Bundesliga,Matchweek 13,Fri,Away,L,2,3,Stuttgart,1.4,2.1,36.0,59000.0,Rani Khedira,3-4-3,4-2-3-1,Tobias Welz,Match Report,,14.0,3.0,15.3,0.0,0.0,0.0,2025,Union Berlin
2024-12-06,20:30,Bundesliga,Matchweek 13,Fri,Home,W,3,2,Union Berlin,2.1,1.4,64.0,59000.0,Atakan Karazor,4-2-3-1,3-4-3,Tobias Welz,Match Report,,7.0,5.0,17.7,0.0,0.0,0.0,2025,Stuttgart
2024-12-07,18:30,Bundesliga,Matchweek 13,Sat,Away,D,1,1,Gladbach,1.5,1.1,60.0,54042.0,Nico Schlotterbeck,4-2-3-1,4-2-3-1,Tobias Stieler,Match Report,,16.0,3.0,14.6,0.0,0.0,0.0,2025,Dortmund
2024-12-07,15:30,Bundesliga,Matchweek 13,Sat,Home,L,0,2,RB Leipzig,1.2,1.6,56.0,14715.0,Timon Weiner,3-5-2,3-5-2,Florian Badstübner,Match Report,,17.0,5.0,16.0,0.0,0.0,0.0,2025,Holstein Kiel
2024-12-07,15:30,Bundesliga,Matchweek 13,Sat,Home,W,2,1,St. Pauli,0.9,1.8,62.0,30210.0,Lukáš Hrádecký,3-5-2,3-4-3,Matthias Jöllenbeck,Match Report,,6.0,2.0,18.6,1.0,0.0,0.0,2025,Leverkusen
2024-12-07,15:30,Bundesliga,Matchweek 13,Sat,Home,D,2,2,Augsburg,1.7,0.6,66.0,57000.0,Kevin Trapp,4-2-2-2,3-5-2,Bastian Dankert,Match Report,,16.0,4.0,16.0,0.0,0.0,0.0,2025,Eint Frankfurt
2024-12-07,15:30,Bundesliga,Matchweek 13,Sat,Away,W,1,0,Bochum,0.8,1.2,48.0,26000.0,Marco Friedl,4-4-2,3-4-3,Felix Brych,Match Report,,9.0,1.0,16.3,0.0,0.0,0.0,2025,Werder Bremen
2024-12-07,15:30,Bundesliga,Matchweek 13,Sat,Home,W,4,2,Heidenheim,2.4,1.3,82.0,75000.0,Thomas Müller,4-2-3-1,5-3-2,Sören Storks,Match Report,,21.0,10.0,15.8,0.0,0.0,0.0,2025,Bayern Munich
2024-12-07,15:30,Bundesliga,Matchweek 13,Sat,Away,L,1,2,Leverkusen,1.8,0.9,38.0,30210.0,Jackson Irvine,3-4-3,3-5-2,Matthias Jöllenbeck,Match Report,,12.0,4.0,15.3,0.0,0.0,0.0,2025,St. Pauli
2024-12-07,15:30,Bundesliga,Matchweek 13,Sat,Away,D,2,2,Eint Frankfurt,0.6,1.7,34.0,57000.0,Jeffrey Gouweleeuw,3-5-2,4-2-2-2,Bastian Dankert,Match Report,,8.0,3.0,16.8,0.0,0.0,0.0,2025,Augsburg
2024-12-07,15:30,Bundesliga,Matchweek 13,Sat,Home,L,0,1,Werder Bremen,1.2,0.8,52.0,26000.0,Philipp Hofmann,3-4-3,4-4-2,Felix Brych,Match Report,,12.0,2.0,21.3,0.0,0.0,0.0,2025,Bochum
2024-12-07,15:30,Bundesliga,Matchweek 13,Sat,Away,W,2,0,Holstein Kiel,1.6,1.2,44.0,14715.0,Willi Orban,3-5-2,3-5-2,Florian Badstübner,Match Report,,8.0,4.0,16.7,0.0,1.0,1.0,2025,RB Leipzig
2024-12-07,18:30,Bundesliga,Matchweek 13,Sat,Home,D,1,1,Dortmund,1.1,1.5,40.0,54042.0,Julian Weigl,4-2-3-1,4-2-3-1,Tobias Stieler,Match Report,,8.0,2.0,22.2,1.0,1.0,1.0,2025,Gladbach
2024-12-07,15:30,Bundesliga,Matchweek 13,Sat,Away,L,2,4,Bayern Munich,1.3,2.4,18.0,75000.0,Patrick Mainka,5-3-2,4-2-3-1,Sören Storks,Match Report,,2.0,2.0,9.5,0.0,0.0,0.0,2025,Heidenheim
2024-12-08,17:30,Bundesliga,Matchweek 13,Sun,Away,D,1,1,Hoffenheim,1.0,1.4,50.0,22027.0,Christian Günter,4-4-2,4-2-3-1,Sven Jablonski,Match Report,,11.0,4.0,15.1,0.0,0.0,0.0,2025,Freiburg
2024-12-08,15:30,Bundesliga,Matchweek 13,Sun,Away,L,3,4,Wolfsburg,2.6,1.2,56.0,20036.0,Jonathan Burkardt,3-4-3,4-4-2,Timo Gerach,Match Report,,12.0,5.0,13.1,1.0,0.0,0.0,2025,Mainz 05
2024-12-08,17:30,Bundesliga,Matchweek 13,Sun,Home,D,1,1,Freiburg,1.4,1.0,50.0,22027.0,Oliver Baumann,4-2-3-1,4-4-2,Sven Jablonski,Match Report,,15.0,5.0,17.2,0.0,0.0,0.0,2025,Hoffenheim
2024-12-08,15:30,Bundesliga,Matchweek 13,Sun,Home,W,4,3,Mainz 05,1.2,2.6,44.0,20036.0,Maximilian Arnold,4-4-2,3-4-3,Timo Gerach,Match Report,,10.0,5.0,19.9,1.0,0.0,0.0,2025,Wolfsburg
2024-12-10,21:00,Champions Lg,League phase,Tue,Home,W,1,0,it Inter,1.1,0.3,60.0,30210.0,Jonathan Tah,4-2-3-1,3-5-2,Slavko Vinčič,Match Report,,17.0,5.0,18.3,0.0,0.0,0.0,2025,Leverkusen
2024-12-10,21:00,Champions Lg,League phase,Tue,Home,L,2,3,eng Aston Villa,2.2,2.1,47.0,40406.0,Willi Orban,4-4-2,4-2-3-1,Maurizio Mariani,Match Report,,17.0,6.0,16.8,1.0,0.0,0.0,2025,RB Leipzig
2024-12-10,22:00 (21:00),Champions Lg,League phase,Tue,Away,W,5,1,ua Shakhtar,3.6,1.2,66.0,57079.0,Thomas Müller,4-2-3-1,4-1-4-1,Halil Umut Meler,Match Report,,20.0,7.0,17.1,1.0,1.0,1.0,2025,Bayern Munich
2024-12-11,21:00,Champions Lg,League phase,Wed,Home,L,2,3,es Barcelona,2.7,2.0,46.0,81365.0,Emre Can,4-3-3,4-2-3-1,François Letexier,Match Report,,11.0,1.0,17.4,0.0,1.0,1.0,2025,Dortmund
2024-12-11,21:00,Champions Lg,League phase,Wed,Home,W,5,1,ch Young Boys,2.3,0.2,64.0,60000.0,Atakan Karazor,4-2-3-1,4-2-3-1,Giorgi Kruashvili,Match Report,,20.0,6.0,16.0,0.0,0.0,0.0,2025,Stuttgart
2024-12-12,20:45 (18:45),Conf Lg,League phase,Thu,Away,L,1,3,tr Başakşehir,1.8,1.3,59.0,4769.0,Norman Theuerkauf,4-2-3-1,4-3-3,Marco Guida,Match Report,,16.0,4.0,16.2,0.0,0.0,0.0,2025,Heidenheim
2024-12-12,21:00,Europa Lg,League phase,Thu,Away,L,2,3,fr Lyon,1.1,2.1,57.0,41091.0,Kevin Trapp,4-4-2,4-3-3,Andris Treimanis,Match Report,,7.0,5.0,14.8,0.0,0.0,0.0,2025,Eint Frankfurt
2024-12-12,18:45,Europa Lg,League phase,Thu,Home,D,0,0,ro FCSB,0.9,0.6,68.0,23223.0,Oliver Baumann,4-2-3-1,4-2-3-1,Juxhin Xhaja,Match Report,,14.0,3.0,18.5,1.0,0.0,0.0,2025,Hoffenheim
2024-12-13,20:30,Bundesliga,Matchweek 14,Fri,Home,W,3,2,Wolfsburg,2.1,1.8,53.0,32600.0,Christian Günter,4-2-2-2,4-4-2,Sascha Stegemann,Match Report,,18.0,9.0,14.9,0.0,0.0,0.0,2025,Freiburg
2024-12-13,20:30,Bundesliga,Matchweek 14,Fri,Away,L,2,3,Freiburg,1.8,2.1,47.0,32600.0,Maximilian Arnold,4-4-2,4-2-2-2,Sascha Stegemann,Match Report,,20.0,5.0,18.5,0.0,0.0,0.0,2025,Wolfsburg
2024-12-14,15:30,Bundesliga,Matchweek 14,Sat,Away,W,2,0,Union Berlin,1.0,2.5,31.0,22012.0,Maximilian Wittek,3-4-3,3-4-3,Martin Petersen,Match Report,Match awarded to Bochum,13.0,3.0,15.1,0.0,0.0,0.0,2025,Bochum
2024-12-14,18:30,Bundesliga,Matchweek 14,Sat,Away,W,2,0,St. Pauli,1.0,0.6,44.0,29546.0,Marco Friedl,3-5-2,3-4-3,Robert Hartmann,Match Report,,8.0,4.0,17.5,0.0,0.0,0.0,2025,Werder Bremen
2024-12-14,15:30,Bundesliga,Matchweek 14,Sat,Away,L,1,2,Mainz 05,1.4,1.0,68.0,33305.0,Thomas Müller,4-2-3-1,3-4-3,Frank Willenborg,Match Report,,13.0,1.0,16.2,0.0,0.0,0.0,2025,Bayern Munich
2024-12-14,15:30,Bundesliga,Matchweek 14,Sat,Away,W,2,0,Augsburg,0.8,0.6,65.0,29310.0,Lukáš Hrádecký,3-4-3,3-1-4-2,Felix Zwayer,Match Report,,14.0,3.0,22.1,3.0,0.0,0.0,2025,Leverkusen
2024-12-14,15:30,Bundesliga,Matchweek 14,Sat,Home,W,2,1,Bayern Munich,1.0,1.4,32.0,33305.0,Jonathan Burkardt,3-4-3,4-2-3-1,Frank Willenborg,Match Report,,8.0,4.0,15.1,0.0,0.0,0.0,2025,Mainz 05
2024-12-14,15:30,Bundesliga,Matchweek 14,Sat,Home,L,0,2,Leverkusen,0.6,0.8,35.0,29310.0,Jeffrey Gouweleeuw,3-1-4-2,3-4-3,Felix Zwayer,Match Report,,8.0,4.0,16.1,0.0,0.0,0.0,2025,Augsburg
2024-12-14,15:30,Bundesliga,Matchweek 14,Sat,Away,L,1,4,Gladbach,0.6,2.4,44.0,52210.0,Lewis Holtby,3-5-2,4-2-3-1,Daniel Schlager,Match Report,,12.0,3.0,23.3,0.0,0.0,0.0,2025,Holstein Kiel
2024-12-14,15:30,Bundesliga,Matchweek 14,Sat,Home,W,4,1,Holstein Kiel,2.4,0.6,56.0,52210.0,Tim Kleindienst,4-2-3-1,3-5-2,Daniel Schlager,Match Report,,17.0,6.0,13.4,0.0,0.0,0.0,2025,Gladbach
2024-12-14,15:30,Bundesliga,Matchweek 14,Sat,Home,L,0,2,Bochum,2.5,1.0,69.0,22012.0,Rani Khedira,3-4-3,3-4-3,Martin Petersen,Match Report,Match awarded to Bochum,22.0,4.0,14.5,0.0,0.0,0.0,2025,Union Berlin
2024-12-14,18:30,Bundesliga,Matchweek 14,Sat,Home,L,0,2,Werder Bremen,0.6,1.0,56.0,29546.0,Jackson Irvine,3-4-3,3-5-2,Robert Hartmann,Match Report,,15.0,4.0,23.9,1.0,0.0,0.0,2025,St. Pauli
2024-12-15,15:30,Bundesliga,Matchweek 14,Sun,Away,W,3,1,Heidenheim,2.3,1.0,66.0,15000.0,Atakan Karazor,3-4-3,4-2-3-1,Christian Dingert,Match Report,,17.0,6.0,18.1,2.0,1.0,1.0,2025,Stuttgart
2024-12-15,17:30,Bundesliga,Matchweek 14,Sun,Away,D,1,1,Dortmund,1.0,0.5,46.0,81365.0,Oliver Baumann,4-4-2,4-2-3-1,Harm Osmers,Match Report,,12.0,1.0,13.4,0.0,0.0,0.0,2025,Hoffenheim
2024-12-15,19:30,Bundesliga,Matchweek 14,Sun,Home,W,2,1,Eint Frankfurt,1.9,0.9,44.0,40193.0,Willi Orban,5-3-2,3-4-3,Benjamin Brand,Match Report,,19.0,9.0,16.2,1.0,0.0,0.0,2025,RB Leipzig
2024-12-15,15:30,Bundesliga,Matchweek 14,Sun,Home,L,1,3,Stuttgart,1.0,2.3,34.0,15000.0,Patrick Mainka,4-2-3-1,3-4-3,Christian Dingert,Match Report,,9.0,2.0,18.0,0.0,0.0,0.0,2025,Heidenheim
2024-12-15,17:30,Bundesliga,Matchweek 14,Sun,Home,D,1,1,Hoffenheim,0.5,1.0,54.0,81365.0,Emre Can,4-2-3-1,4-4-2,Harm Osmers,Match Report,,6.0,2.0,16.9,1.0,0.0,0.0,2025,Dortmund
2024-12-15,19:30,Bundesliga,Matchweek 14,Sun,Away,L,1,2,RB Leipzig,0.9,1.9,56.0,40193.0,Kevin Trapp,3-4-3,5-3-2,Benjamin Brand,Match Report,,16.0,3.0,16.9,1.0,0.0,0.0,2025,Eint Frankfurt
2024-12-19,21:00,Conf Lg,League phase,Thu,Home,D,1,1,ch St. Gallen,1.7,0.7,61.0,12800.0,Patrick Mainka,4-2-3-1,4-2-3-1,Javier Alberola,Match Report,,20.0,4.0,18.5,0.0,0.0,0.0,2025,Heidenheim
2024-12-20,20:30,Bundesliga,Matchweek 15,Fri,Home,W,5,1,RB Leipzig,3.3,0.4,71.0,75000.0,Joshua Kimmich,4-2-3-1,5-3-2,Daniel Siebert,Match Report,,22.0,9.0,14.6,1.0,0.0,0.0,2025,Bayern Munich
2024-12-20,20:30,Bundesliga,Matchweek 15,Fri,Away,L,1,5,Bayern Munich,0.4,3.3,29.0,75000.0,Willi Orban,5-3-2,4-2-3-1,Daniel Siebert,Match Report,,4.0,1.0,11.4,0.0,0.0,0.0,2025,RB Leipzig
2024-12-21,15:30,Bundesliga,Matchweek 15,Sat,Away,L,1,5,Holstein Kiel,1.5,1.7,63.0,14830.0,Kristijan Jakić,3-5-2,3-4-1-2,Tobias Welz,Match Report,,17.0,4.0,14.7,1.0,0.0,0.0,2025,Augsburg
2024-12-21,15:30,Bundesliga,Matchweek 15,Sat,Away,W,2,1,Hoffenheim,0.7,3.5,35.0,28923.0,Julian Weigl,4-2-3-1,4-4-2,Bastian Dankert,Match Report,,5.0,3.0,11.5,0.0,0.0,0.0,2025,Gladbach
2024-12-21,15:30,Bundesliga,Matchweek 15,Sat,Home,L,1,3,Mainz 05,2.4,0.6,70.0,58000.0,Robin Koch,3-5-2,3-4-3,Florian Badstübner,Match Report,,34.0,8.0,16.3,0.0,0.0,0.0,2025,Eint Frankfurt
2024-12-21,15:30,Bundesliga,Matchweek 15,Sat,Home,L,0,1,St. Pauli,2.1,2.2,72.0,60000.0,Angelo Stiller,3-4-3,3-4-3,Felix Brych,Match Report,,25.0,5.0,14.2,0.0,0.0,0.0,2025,Stuttgart
2024-12-21,15:30,Bundesliga,Matchweek 15,Sat,Away,W,1,0,Stuttgart,2.2,2.1,28.0,60000.0,Jackson Irvine,3-4-3,3-4-3,Felix Brych,Match Report,,10.0,4.0,19.5,0.0,0.0,1.0,2025,St. Pauli
2024-12-21,15:30,Bundesliga,Matchweek 15,Sat,Home,L,1,2,Gladbach,3.5,0.7,65.0,28923.0,Oliver Baumann,4-4-2,4-2-3-1,Bastian Dankert,Match Report,,17.0,7.0,14.7,0.0,1.0,1.0,2025,Hoffenheim
2024-12-21,15:30,Bundesliga,Matchweek 15,Sat,Home,W,4,1,Union Berlin,2.3,1.3,54.0,42100.0,Marco Friedl,3-5-2,3-4-3,Florian Exner,Match Report,,10.0,5.0,11.9,0.0,0.0,0.0,2025,Werder Bremen
2024-12-21,18:30,Bundesliga,Matchweek 15,Sat,Away,L,1,5,Leverkusen,0.7,2.8,33.0,30210.0,Christian Günter,4-2-3-1,3-4-3,Tobias Stieler,Match Report,,8.0,2.0,17.7,0.0,0.0,0.0,2025,Freiburg
2024-12-21,18:30,Bundesliga,Matchweek 15,Sat,Home,W,5,1,Freiburg,2.8,0.7,67.0,30210.0,Lukáš Hrádecký,3-4-3,4-2-3-1,Tobias Stieler,Match Report,,19.0,11.0,15.6,0.0,0.0,1.0,2025,Leverkusen
2024-12-21,15:30,Bundesliga,Matchweek 15,Sat,Home,W,5,1,Augsburg,1.7,1.5,37.0,14830.0,Timon Weiner,3-4-1-2,3-5-2,Tobias Welz,Match Report,,8.0,6.0,12.4,1.0,0.0,0.0,2025,Holstein Kiel
2024-12-21,15:30,Bundesliga,Matchweek 15,Sat,Away,W,3,1,Eint Frankfurt,0.6,2.4,30.0,58000.0,Nadiem Amiri,3-4-3,3-5-2,Florian Badstübner,Match Report,,9.0,3.0,18.2,0.0,0.0,0.0,2025,Mainz 05
2024-12-21,15:30,Bundesliga,Matchweek 15,Sat,Away,L,1,4,Werder Bremen,1.3,2.3,46.0,42100.0,Christopher Trimmel,3-4-3,3-5-2,Florian Exner,Match Report,,16.0,4.0,17.5,0.0,0.0,0.0,2025,Union Berlin
2024-12-22,15:30,Bundesliga,Matchweek 15,Sun,Home,W,2,0,Heidenheim,1.6,0.6,52.0,24328.0,Anthony Losilla,3-5-2,4-1-3-2,Sven Jablonski,Match Report,,14.0,4.0,16.9,3.0,0.0,0.0,2025,Bochum
2024-12-22,17:30,Bundesliga,Matchweek 15,Sun,Home,L,1,3,Dortmund,1.5,2.7,50.0,28917.0,Maximilian Arnold,3-5-2,4-1-3-2,Matthias Jöllenbeck,Match Report,,14.0,5.0,15.8,1.0,0.0,0.0,2025,Wolfsburg
2024-12-22,15:30,Bundesliga,Matchweek 15,Sun,Away,L,0,2,Bochum,0.6,1.6,48.0,24328.0,Patrick Mainka,4-1-3-2,3-5-2,Sven Jablonski,Match Report,,10.0,2.0,19.5,1.0,0.0,0.0,2025,Heidenheim
2024-12-22,17:30,Bundesliga,Matchweek 15,Sun,Away,W,3,1,Wolfsburg,2.7,1.5,50.0,28917.0,Emre Can,4-1-3-2,3-5-2,Matthias Jöllenbeck,Match Report,,12.0,4.0,13.7,0.0,0.0,0.0,2025,Dortmund
2025-01-10,20:45,Bundesliga,Matchweek 16,Fri,Home,L,2,3,Leverkusen,1.3,1.6,70.0,81365.0,Julian Brandt,4-1-3-2,4-4-2,Tobias Stieler,Match Report,,11.0,4.0,19.3,0.0,1.0,1.0,2025,Dortmund
2025-01-10,20:45,Bundesliga,Matchweek 16,Fri,Away,W,3,2,Dortmund,1.6,1.3,30.0,81365.0,Lukáš Hrádecký,4-4-2,4-1-3-2,Tobias Stieler,Match Report,,7.0,5.0,13.4,0.0,0.0,0.0,2025,Leverkusen
2025-01-11,15:30,Bundesliga,Matchweek 16,Sat,Home,L,0,1,Eint Frankfurt,2.2,1.5,43.0,29546.0,Jackson Irvine,3-4-3,3-1-4-2,Harm Osmers,Match Report,,18.0,4.0,16.8,0.0,0.0,0.0,2025,St. Pauli
2025-01-11,15:30,Bundesliga,Matchweek 16,Sat,Away,W,1,0,Hoffenheim,0.7,0.9,45.0,18114.0,Maximilian Arnold,4-3-3,4-2-3-1,Christian Dingert,Match Report,,12.0,3.0,17.2,0.0,0.0,0.0,2025,Wolfsburg
2025-01-11,18:30,Bundesliga,Matchweek 16,Sat,Home,L,0,1,Bayern Munich,0.4,4.3,33.0,54042.0,Julian Weigl,4-2-3-1,4-2-3-1,Felix Zwayer,Match Report,,5.0,0.0,15.3,0.0,0.0,0.0,2025,Gladbach
2025-01-11,15:30,Bundesliga,Matchweek 16,Sat,Home,W,3,2,Holstein Kiel,0.7,1.8,51.0,33700.0,Christian Günter,4-2-3-1,3-4-3,Sören Storks,Match Report,,14.0,5.0,18.0,1.0,0.0,0.0,2025,Freiburg
2025-01-11,15:30,Bundesliga,Matchweek 16,Sat,Home,L,0,1,Wolfsburg,0.9,0.7,55.0,18114.0,Oliver Baumann,4-2-3-1,4-3-3,Christian Dingert,Match Report,,15.0,2.0,17.4,0.0,0.0,0.0,2025,Hoffenheim
2025-01-11,15:30,Bundesliga,Matchweek 16,Sat,Away,W,1,0,St. Pauli,1.5,2.2,57.0,29546.0,Kevin Trapp,3-1-4-2,3-4-3,Harm Osmers,Match Report,,14.0,6.0,14.5,0.0,0.0,0.0,2025,Eint Frankfurt
2025-01-11,15:30,Bundesliga,Matchweek 16,Sat,Home,W,2,0,Union Berlin,1.4,1.1,58.0,15000.0,Patrick Mainka,4-2-3-1,4-4-2,Robert Hartmann,Match Report,,16.0,8.0,15.9,2.0,0.0,0.0,2025,Heidenheim
2025-01-11,15:30,Bundesliga,Matchweek 16,Sat,Home,W,2,0,Bochum,1.9,0.6,58.0,32000.0,Jonathan Burkardt,3-4-3,3-5-2,Benjamin Brand,Match Report,,10.0,5.0,12.1,0.0,0.0,0.0,2025,Mainz 05
2025-01-11,15:30,Bundesliga,Matchweek 16,Sat,Away,L,2,3,Freiburg,1.8,0.7,49.0,33700.0,Timo Becker,3-4-3,4-2-3-1,Sören Storks,Match Report,,14.0,7.0,15.7,0.0,0.0,0.0,2025,Holstein Kiel
2025-01-11,18:30,Bundesliga,Matchweek 16,Sat,Away,W,1,0,Gladbach,4.3,0.4,67.0,54042.0,Manuel Neuer,4-2-3-1,4-2-3-1,Felix Zwayer,Match Report,,22.0,9.0,16.8,1.0,1.0,1.0,2025,Bayern Munich
2025-01-11,15:30,Bundesliga,Matchweek 16,Sat,Away,L,0,2,Mainz 05,0.6,1.9,42.0,32000.0,Anthony Losilla,3-5-2,3-4-3,Benjamin Brand,Match Report,,11.0,2.0,14.8,0.0,0.0,0.0,2025,Bochum
2025-01-11,15:30,Bundesliga,Matchweek 16,Sat,Away,L,0,2,Heidenheim,1.1,1.4,42.0,15000.0,Christopher Trimmel,4-4-2,4-2-3-1,Robert Hartmann,Match Report,,10.0,6.0,16.4,0.0,0.0,0.0,2025,Union Berlin
2025-01-12,17:30,Bundesliga,Matchweek 16,Sun,Away,W,1,0,Augsburg,2.4,0.3,57.0,30660.0,Atakan Karazor,4-4-2,3-4-3,Daniel Schlager,Match Report,,13.0,5.0,12.8,1.0,0.0,0.0,2025,Stuttgart
2025-01-12,15:30,Bundesliga,Matchweek 16,Sun,Away,L,2,4,RB Leipzig,1.5,2.1,51.0,47187.0,Marco Friedl,5-4-1,3-4-3,Tobias Reichel,Match Report,,7.0,2.0,15.2,0.0,0.0,0.0,2025,Werder Bremen
2025-01-12,17:30,Bundesliga,Matchweek 16,Sun,Home,L,0,1,Stuttgart,0.3,2.4,43.0,30660.0,Jeffrey Gouweleeuw,3-4-3,4-4-2,Daniel Schlager,Match Report,,8.0,2.0,21.0,0.0,0.0,0.0,2025,Augsburg
2025-01-12,15:30,Bundesliga,Matchweek 16,Sun,Home,W,4,2,Werder Bremen,2.1,1.5,49.0,47187.0,Willi Orban,3-4-3,5-4-1,Tobias Reichel,Match Report,,18.0,7.0,16.6,0.0,0.0,0.0,2025,RB Leipzig
2025-01-14,20:30,Bundesliga,Matchweek 17,Tue,Away,L,1,5,Wolfsburg,1.1,3.9,65.0,20519.0,Julian Weigl,4-2-3-1,4-4-2,Florian Badstübner,Match Report,,9.0,5.0,21.6,1.0,0.0,0.0,2025,Gladbach
2025-01-14,20:30,Bundesliga,Matchweek 17,Tue,Away,L,0,1,Leverkusen,0.7,1.8,34.0,30210.0,Jonathan Burkardt,3-4-3,3-4-3,Tobias Welz,Match Report,,7.0,4.0,15.0,0.0,0.0,0.0,2025,Mainz 05
2025-01-14,20:30,Bundesliga,Matchweek 17,Tue,Away,L,1,4,Eint Frankfurt,0.5,2.4,36.0,56500.0,Christian Günter,4-3-3,3-1-4-2,Sven Jablonski,Match Report,,7.0,5.0,25.0,1.0,0.0,0.0,2025,Freiburg
2025-01-14,18:30,Bundesliga,Matchweek 17,Tue,Home,W,4,2,Dortmund,1.6,1.0,25.0,15034.0,Timo Becker,3-4-3,4-1-4-1,Martin Petersen,Match Report,,11.0,7.0,19.3,0.0,0.0,0.0,2025,Holstein Kiel
2025-01-14,18:30,Bundesliga,Matchweek 17,Tue,Away,L,2,4,Holstein Kiel,1.0,1.6,75.0,15034.0,Emre Can,4-1-4-1,3-4-3,Martin Petersen,Match Report,,16.0,4.0,18.0,0.0,0.0,0.0,2025,Dortmund
2025-01-14,20:30,Bundesliga,Matchweek 17,Tue,Home,W,4,1,Freiburg,2.4,0.5,64.0,56500.0,Kevin Trapp,3-1-4-2,4-3-3,Sven Jablonski,Match Report,,23.0,8.0,16.1,1.0,0.0,0.0,2025,Eint Frankfurt
2025-01-14,20:30,Bundesliga,Matchweek 17,Tue,Home,W,1,0,Mainz 05,1.8,0.7,66.0,30210.0,Granit Xhaka,3-4-3,3-4-3,Tobias Welz,Match Report,,20.0,8.0,18.2,1.0,0.0,0.0,2025,Leverkusen
2025-01-14,20:30,Bundesliga,Matchweek 17,Tue,Home,W,5,1,Gladbach,3.9,1.1,35.0,20519.0,Maximilian Arnold,4-4-2,4-2-3-1,Florian Badstübner,Match Report,,15.0,4.0,17.7,1.0,1.0,1.0,2025,Wolfsburg
2025-01-15,18:30,Bundesliga,Matchweek 17,Wed,Home,W,1,0,St. Pauli,1.4,0.7,51.0,26000.0,Philipp Hofmann,3-4-3,3-4-3,Daniel Siebert,Match Report,,13.0,5.0,15.2,0.0,0.0,0.0,2025,Bochum
2025-01-15,20:30,Bundesliga,Matchweek 17,Wed,Away,D,3,3,Werder Bremen,1.4,1.5,48.0,39350.0,Patrick Mainka,4-4-2,3-1-4-2,Matthias Jöllenbeck,Match Report,,14.0,5.0,17.6,1.0,0.0,0.0,2025,Heidenheim
2025-01-15,20:30,Bundesliga,Matchweek 17,Wed,Away,L,0,5,Bayern Munich,0.2,3.4,35.0,75000.0,Oliver Baumann,4-2-3-1,4-2-3-1,Timo Gerach,Match Report,,5.0,2.0,28.0,0.0,0.0,0.0,2025,Hoffenheim
2025-01-15,20:30,Bundesliga,Matchweek 17,Wed,Home,D,3,3,Heidenheim,1.5,1.4,52.0,39350.0,Niklas Stark,3-1-4-2,4-4-2,Matthias Jöllenbeck,Match Report,,12.0,5.0,17.2,1.0,0.0,0.0,2025,Werder Bremen
2025-01-15,18:30,Bundesliga,Matchweek 17,Wed,Away,L,0,1,Bochum,0.7,1.4,49.0,26000.0,Jackson Irvine,3-4-3,3-4-3,Daniel Siebert,Match Report,,12.0,1.0,18.3,1.0,0.0,0.0,2025,St. Pauli
2025-01-15,20:30,Bundesliga,Matchweek 17,Wed,Away,W,2,0,Union Berlin,1.2,0.8,45.0,21560.0,Jeffrey Gouweleeuw,3-4-3,4-5-1,Frank Willenborg,Match Report,,11.0,5.0,16.0,0.0,0.0,0.0,2025,Augsburg
2025-01-15,20:30,Bundesliga,Matchweek 17,Wed,Home,L,0,2,Augsburg,0.8,1.2,55.0,21560.0,Christopher Trimmel,4-5-1,3-4-3,Frank Willenborg,Match Report,,13.0,2.0,17.1,0.0,0.0,0.0,2025,Union Berlin
2025-01-15,20:30,Bundesliga,Matchweek 17,Wed,Away,L,1,2,Stuttgart,1.0,2.5,42.0,57500.0,Willi Orban,3-4-3,4-4-2,Sascha Stegemann,Match Report,,6.0,3.0,19.9,0.0,0.0,0.0,2025,RB Leipzig
2025-01-15,20:30,Bundesliga,Matchweek 17,Wed,Home,W,5,0,Hoffenheim,3.4,0.2,65.0,75000.0,Manuel Neuer,4-2-3-1,4-2-3-1,Timo Gerach,Match Report,,24.0,9.0,15.7,0.0,1.0,1.0,2025,Bayern Munich
2025-01-15,20:30,Bundesliga,Matchweek 17,Wed,Home,W,2,1,RB Leipzig,2.5,1.0,58.0,57500.0,Atakan Karazor,4-4-2,3-4-3,Sascha Stegemann,Match Report,,14.0,6.0,16.3,0.0,0.0,0.0,2025,Stuttgart
2025-01-17,20:30,Bundesliga,Matchweek 18,Fri,Home,W,2,0,Dortmund,1.7,0.8,33.0,58000.0,Kevin Trapp,3-4-3,3-4-3,Daniel Schlager,Match Report,,13.0,5.0,16.3,0.0,0.0,0.0,2025,Eint Frankfurt
2025-01-17,20:30,Bundesliga,Matchweek 18,Fri,Away,L,0,2,Eint Frankfurt,0.8,1.7,67.0,58000.0,Emre Can,3-4-3,3-4-3,Daniel Schlager,Match Report,,12.0,3.0,15.0,0.0,0.0,0.0,2025,Dortmund
2025-01-18,15:30,Bundesliga,Matchweek 18,Sat,Away,W,2,0,Heidenheim,1.9,0.7,40.0,15000.0,Jackson Irvine,3-4-3,4-2-3-1,Bastian Dankert,Match Report,,6.0,3.0,17.7,0.0,1.0,1.0,2025,St. Pauli
2025-01-18,18:30,Bundesliga,Matchweek 18,Sat,Home,W,3,1,Gladbach,2.1,0.6,55.0,30210.0,Lukáš Hrádecký,4-2-3-1,4-5-1,Harm Osmers,Match Report,,9.0,4.0,17.1,0.0,1.0,1.0,2025,Leverkusen
2025-01-18,15:30,Bundesliga,Matchweek 18,Sat,Home,L,1,3,Hoffenheim,1.0,0.8,53.0,13923.0,Timon Weiner,3-4-3,4-2-3-1,Felix Brych,Match Report,,12.0,3.0,16.3,1.0,0.0,0.0,2025,Holstein Kiel
2025-01-18,15:30,Bundesliga,Matchweek 18,Sat,Away,D,3,3,Bochum,2.2,2.7,55.0,24158.0,Willi Orban,3-4-3,3-4-1-2,Robert Hartmann,Match Report,,11.0,3.0,13.5,0.0,0.0,0.0,2025,RB Leipzig
2025-01-18,15:30,Bundesliga,Matchweek 18,Sat,Home,W,4,0,Freiburg,1.9,0.2,56.0,60000.0,Atakan Karazor,4-4-2,4-2-3-1,Felix Zwayer,Match Report,,11.0,6.0,16.2,0.0,1.0,1.0,2025,Stuttgart
2025-01-18,15:30,Bundesliga,Matchweek 18,Sat,Away,W,3,1,Holstein Kiel,0.8,1.0,47.0,13923.0,Oliver Baumann,4-2-3-1,3-4-3,Felix Brych,Match Report,,11.0,6.0,13.7,0.0,0.0,0.0,2025,Hoffenheim
2025-01-18,15:30,Bundesliga,Matchweek 18,Sat,Home,L,0,2,St. Pauli,0.7,1.9,60.0,15000.0,Patrick Mainka,4-2-3-1,3-4-3,Bastian Dankert,Match Report,,8.0,1.0,14.1,0.0,0.0,0.0,2025,Heidenheim
2025-01-18,15:30,Bundesliga,Matchweek 18,Sat,Away,L,0,4,Stuttgart,0.2,1.9,44.0,60000.0,Christian Günter,4-2-3-1,4-4-2,Felix Zwayer,Match Report,,4.0,0.0,17.7,0.0,0.0,0.0,2025,Freiburg
2025-01-18,15:30,Bundesliga,Matchweek 18,Sat,Away,L,2,3,Bayern Munich,0.5,3.0,29.0,75000.0,Maximilian Arnold,4-1-3-2,4-2-3-1,Tobias Reichel,Match Report,,7.0,3.0,17.3,0.0,0.0,0.0,2025,Wolfsburg
2025-01-18,18:30,Bundesliga,Matchweek 18,Sat,Away,L,1,3,Leverkusen,0.6,2.1,45.0,30210.0,Julian Weigl,4-5-1,4-2-3-1,Harm Osmers,Match Report,,7.0,4.0,17.7,0.0,0.0,0.0,2025,Gladbach
2025-01-18,15:30,Bundesliga,Matchweek 18,Sat,Home,D,3,3,RB Leipzig,2.7,2.2,45.0,24158.0,Maximilian Wittek,3-4-1-2,3-4-3,Robert Hartmann,Match Report,,13.0,2.0,19.3,0.0,1.0,1.0,2025,Bochum
2025-01-18,15:30,Bundesliga,Matchweek 18,Sat,Home,W,3,2,Wolfsburg,3.0,0.5,71.0,75000.0,Manuel Neuer,4-2-3-1,4-1-3-2,Tobias Reichel,Match Report,,25.0,10.0,15.3,1.0,0.0,0.0,2025,Bayern Munich
2025-01-19,17:30,Bundesliga,Matchweek 18,Sun,Home,L,0,2,Augsburg,1.3,1.2,71.0,39350.0,Marco Friedl,3-5-2,3-4-3,Benjamin Brand,Match Report,,20.0,2.0,14.3,0.0,0.0,0.0,2025,Werder Bremen
2025-01-19,15:30,Bundesliga,Matchweek 18,Sun,Home,W,2,1,Mainz 05,2.1,1.7,34.0,21646.0,Danilho Doekhi,3-4-3,3-4-3,Florian Exner,Match Report,,11.0,3.0,18.9,1.0,1.0,1.0,2025,Union Berlin
2025-01-19,15:30,Bundesliga,Matchweek 18,Sun,Away,L,1,2,Union Berlin,1.7,2.1,66.0,21646.0,Nadiem Amiri,3-4-3,3-4-3,Florian Exner,Match Report,,8.0,0.0,20.7,0.0,1.0,1.0,2025,Mainz 05
2025-01-19,17:30,Bundesliga,Matchweek 18,Sun,Away,W,2,0,Werder Bremen,1.2,1.3,29.0,39350.0,Jeffrey Gouweleeuw,3-4-3,3-5-2,Benjamin Brand,Match Report,,9.0,4.0,16.2,0.0,0.0,0.0,2025,Augsburg
2025-01-21,21:00,Champions Lg,League phase,Tue,Away,W,3,1,sk Slovan Bratislava,3.4,0.6,59.0,22500.0,Deniz Undav,4-4-2,4-2-3-1,Chris Kavanagh,Match Report,,21.0,7.0,16.5,3.0,0.0,0.0,2025,Stuttgart
2025-01-21,21:00,Champions Lg,League phase,Tue,Away,L,1,2,es Atlético Madrid,0.8,0.8,70.0,66820.0,Jonathan Tah,4-2-3-1,5-4-1,Davide Massa,Match Report,,13.0,4.0,19.1,0.0,0.0,0.0,2025,Leverkusen
2025-01-21,21:00,Champions Lg,League phase,Tue,Away,L,1,2,it Bologna,1.0,2.1,47.0,26801.0,Nico Schlotterbeck,4-3-3,4-2-3-1,Serdar Gözübüyük,Match Report,,2.0,1.0,23.8,0.0,1.0,1.0,2025,Dortmund
2025-01-22,21:00,Champions Lg,League phase,Wed,Away,L,0,3,nl Feyenoord,2.4,1.7,80.0,43106.0,Manuel Neuer,4-2-3-1,4-3-3,François Letexier,Match Report,,30.0,6.0,15.7,0.0,0.0,0.0,2025,Bayern Munich
2025-01-22,18:45,Champions Lg,League phase,Wed,Home,W,2,1,pt Sporting CP,2.3,0.9,47.0,33478.0,Willi Orban,4-2-2-2,4-4-2,Manfredas Lukjančukas,Match Report,,10.0,6.0,16.5,0.0,0.0,0.0,2025,RB Leipzig
2025-01-23,18:45,Europa Lg,League phase,Thu,Home,L,2,3,eng Tottenham,2.5,1.8,56.0,30150.0,Oliver Baumann,4-2-2-2,4-3-3,Morten Krogh,Match Report,,22.0,5.0,19.1,1.0,0.0,0.0,2025,Hoffenheim
2025-01-23,21:00,Europa Lg,League phase,Thu,Home,W,2,0,hu Ferencváros,1.4,0.0,68.0,55500.0,Kevin Trapp,4-2-3-1,4-4-2,Enea Jorgji,Match Report,,14.0,8.0,18.7,0.0,0.0,0.0,2025,Eint Frankfurt
2025-01-24,20:30,Bundesliga,Matchweek 19,Fri,Home,D,2,2,Holstein Kiel,2.0,0.2,69.0,22103.0,Maximilian Arnold,4-1-2-1-2◆,3-4-3,Sven Jablonski,Match Report,,22.0,5.0,14.7,0.0,0.0,0.0,2025,Wolfsburg
2025-01-24,20:30,Bundesliga,Matchweek 19,Fri,Away,D,2,2,Wolfsburg,0.2,2.0,31.0,22103.0,Timo Becker,3-4-3,4-1-2-1-2,Sven Jablonski,Match Report,,5.0,2.0,12.4,0.0,0.0,0.0,2025,Holstein Kiel
2025-01-25,15:30,Bundesliga,Matchweek 19,Sat,Home,W,2,1,Heidenheim,1.1,1.2,60.0,30660.0,Jeffrey Gouweleeuw,3-4-3,4-2-3-1,Florian Badstübner,Match Report,,11.0,7.0,14.7,0.0,0.0,0.0,2025,Augsburg
2025-01-25,15:30,Bundesliga,Matchweek 19,Sat,Away,L,1,2,Augsburg,1.2,1.1,40.0,30660.0,Patrick Mainka,4-2-3-1,3-4-3,Florian Badstübner,Match Report,,11.0,6.0,19.2,0.0,0.0,0.0,2025,Heidenheim
2025-01-25,15:30,Bundesliga,Matchweek 19,Sat,Away,D,2,2,RB Leipzig,2.4,0.7,35.0,46793.0,Lukáš Hrádecký,4-2-3-1,4-4-2,Bastian Dankert,Match Report,,13.0,6.0,15.5,0.0,0.0,0.0,2025,Leverkusen
2025-01-25,15:30,Bundesliga,Matchweek 19,Sat,Away,L,0,2,Mainz 05,1.1,1.9,56.0,33000.0,Atakan Karazor,4-2-2-2,3-4-3,Tobias Stieler,Match Report,,10.0,4.0,15.7,0.0,0.0,0.0,2025,Stuttgart
2025-01-25,15:30,Bundesliga,Matchweek 19,Sat,Away,W,2,1,Freiburg,1.0,0.3,65.0,34700.0,Manuel Neuer,4-2-3-1,4-2-3-1,Daniel Siebert,Match Report,,7.0,3.0,16.8,0.0,0.0,0.0,2025,Bayern Munich
2025-01-25,15:30,Bundesliga,Matchweek 19,Sat,Home,L,1,2,Bayern Munich,0.3,1.0,35.0,34700.0,Maximilian Eggestein,4-2-3-1,4-2-3-1,Daniel Siebert,Match Report,,7.0,2.0,14.8,0.0,0.0,0.0,2025,Freiburg
2025-01-25,15:30,Bundesliga,Matchweek 19,Sat,Home,D,2,2,Leverkusen,0.7,2.4,65.0,46793.0,Willi Orban,4-4-2,4-2-3-1,Bastian Dankert,Match Report,,7.0,3.0,14.7,1.0,0.0,0.0,2025,RB Leipzig
2025-01-25,15:30,Bundesliga,Matchweek 19,Sat,Home,D,2,2,Werder Bremen,1.0,1.3,46.0,81365.0,Emre Can,4-3-3,3-1-4-2,Christian Dingert,Match Report,,8.0,4.0,15.8,1.0,0.0,0.0,2025,Dortmund
2025-01-25,18:30,Bundesliga,Matchweek 19,Sat,Away,L,0,3,Gladbach,0.5,2.3,43.0,54042.0,Anthony Losilla,3-1-4-2,4-2-3-1,Matthias Jöllenbeck,Match Report,,10.0,4.0,14.6,0.0,0.0,0.0,2025,Bochum
2025-01-25,15:30,Bundesliga,Matchweek 19,Sat,Away,D,2,2,Dortmund,1.3,1.0,54.0,81365.0,Marco Friedl,3-1-4-2,4-3-3,Christian Dingert,Match Report,,13.0,4.0,18.9,1.0,0.0,0.0,2025,Werder Bremen
2025-01-25,18:30,Bundesliga,Matchweek 19,Sat,Home,W,3,0,Bochum,2.3,0.5,57.0,54042.0,Julian Weigl,4-2-3-1,3-1-4-2,Matthias Jöllenbeck,Match Report,,15.0,5.0,16.9,0.0,0.0,1.0,2025,Gladbach
2025-01-25,15:30,Bundesliga,Matchweek 19,Sat,Home,W,2,0,Stuttgart,1.9,1.1,44.0,33000.0,Nadiem Amiri,3-4-3,4-2-2-2,Tobias Stieler,Match Report,,11.0,4.0,15.3,0.0,0.0,0.0,2025,Mainz 05
2025-01-26,17:30,Bundesliga,Matchweek 19,Sun,Home,W,3,0,Union Berlin,1.2,1.1,44.0,29546.0,Jackson Irvine,3-4-3,3-5-2,Sören Storks,Match Report,,16.0,5.0,14.9,0.0,0.0,0.0,2025,St. Pauli
2025-01-26,15:30,Bundesliga,Matchweek 19,Sun,Home,D,2,2,Eint Frankfurt,2.4,2.4,51.0,30150.0,Andrej Kramarić,4-2-3-1,3-4-3,Sascha Stegemann,Match Report,,24.0,8.0,18.0,0.0,0.0,0.0,2025,Hoffenheim
2025-01-26,17:30,Bundesliga,Matchweek 19,Sun,Away,L,0,3,St. Pauli,1.1,1.2,56.0,29546.0,Danilho Doekhi,3-5-2,3-4-3,Sören Storks,Match Report,,14.0,2.0,15.2,1.0,0.0,0.0,2025,Union Berlin
2025-01-26,15:30,Bundesliga,Matchweek 19,Sun,Away,D,2,2,Hoffenheim,2.4,2.4,49.0,30150.0,Kevin Trapp,3-4-3,4-2-3-1,Sascha Stegemann,Match Report,,11.0,6.0,15.3,0.0,1.0,1.0,2025,Eint Frankfurt
2025-01-29,21:00,Champions Lg,League phase,Wed,Home,L,1,4,fr Paris S-G,0.8,2.4,42.0,60000.0,Atakan Karazor,4-2-3-1,4-3-3,Davide Massa,Match Report,,10.0,2.0,15.9,0.0,0.0,0.0,2025,Stuttgart
2025-01-29,21:00,Champions Lg,League phase,Wed,Away,L,0,1,at Sturm Graz,1.5,1.3,60.0,26851.0,Willi Orban,3-4-1-2,4-1-2-1-2,Mykola Balakin,Match Report,,15.0,5.0,14.5,1.0,0.0,0.0,2025,RB Leipzig
2025-01-29,21:00,Champions Lg,League phase,Wed,Home,W,2,0,cz Sparta Prague,1.7,0.7,70.0,30210.0,Jonathan Tah,3-4-3,3-5-2,Georgi Kabakov,Match Report,,26.0,10.0,18.6,2.0,0.0,0.0,2025,Leverkusen
2025-01-29,21:00,Champions Lg,League phase,Wed,Home,W,3,1,ua Shakhtar,2.4,0.4,45.0,81365.0,Emre Can,4-4-2,4-2-3-1,Glenn Nyberg,Match Report,,15.0,7.0,13.4,1.0,0.0,0.0,2025,Dortmund
2025-01-29,21:00,Champions Lg,League phase,Wed,Home,W,3,1,sk Slovan Bratislava,3.7,0.9,75.0,75000.0,Manuel Neuer,4-1-4-1,3-4-3,João Pinheiro,Match Report,,35.0,9.0,15.6,0.0,0.0,0.0,2025,Bayern Munich
2025-01-30,21:00,Europa Lg,League phase,Thu,Away,L,0,2,it Roma,0.7,1.9,53.0,64458.0,Kevin Trapp,4-4-2,3-4-3,Rade Obrenović,Match Report,,6.0,2.0,17.4,0.0,0.0,0.0,2025,Eint Frankfurt
2025-01-30,21:00,Europa Lg,League phase,Thu,Away,W,4,3,be Anderlecht,1.7,1.4,50.0,17839.0,Kevin Akpoguma,4-3-3,4-1-4-1,Giorgi Kruashvili,Match Report,,10.0,5.0,13.6,0.0,0.0,0.0,2025,Hoffenheim
2025-01-31,20:30,Bundesliga,Matchweek 20,Fri,Away,L,0,1,Werder Bremen,1.2,2.5,62.0,40500.0,Nadiem Amiri,3-4-3,3-5-2,Martin Petersen,Match Report,,13.0,2.0,15.8,1.0,0.0,0.0,2025,Mainz 05
2025-01-31,20:30,Bundesliga,Matchweek 20,Fri,Home,W,1,0,Mainz 05,2.5,1.2,38.0,40500.0,Marco Friedl,3-5-2,3-4-3,Martin Petersen,Match Report,,11.0,4.0,13.7,0.0,0.0,1.0,2025,Werder Bremen
2025-02-01,15:30,Bundesliga,Matchweek 20,Sat,Home,D,1,1,Augsburg,0.8,0.3,45.0,29546.0,Jackson Irvine,3-4-3,3-4-3,Tobias Reichel,Match Report,,6.0,1.0,13.0,0.0,0.0,0.0,2025,St. Pauli
2025-02-01,18:30,Bundesliga,Matchweek 20,Sat,Home,D,0,0,RB Leipzig,1.3,0.3,47.0,22012.0,Rani Khedira,4-3-3,3-4-1-2,Daniel Schlager,Match Report,,21.0,5.0,21.0,0.0,0.0,0.0,2025,Union Berlin
2025-02-01,15:30,Bundesliga,Matchweek 20,Sat,Home,L,1,2,Dortmund,0.6,2.2,37.0,15000.0,Patrick Mainka,4-2-3-1,3-2-4-1,Frank Willenborg,Match Report,,11.0,5.0,20.0,0.0,0.0,0.0,2025,Heidenheim
2025-02-01,15:30,Bundesliga,Matchweek 20,Sat,Away,W,2,1,Stuttgart,2.1,1.2,46.0,60000.0,Julian Weigl,4-2-3-1,4-4-2,Robert Hartmann,Match Report,,13.0,6.0,17.9,0.0,0.0,0.0,2025,Gladbach
2025-02-01,15:30,Bundesliga,Matchweek 20,Sat,Away,W,2,1,Heidenheim,2.2,0.6,63.0,15000.0,Emre Can,3-2-4-1,4-2-3-1,Frank Willenborg,Match Report,,16.0,5.0,15.0,0.0,0.0,0.0,2025,Dortmund
2025-02-01,18:30,Bundesliga,Matchweek 20,Sat,Away,D,0,0,Union Berlin,0.3,1.3,53.0,22012.0,Willi Orban,3-4-1-2,4-3-3,Daniel Schlager,Match Report,,6.0,2.0,20.8,0.0,0.0,0.0,2025,RB Leipzig
2025-02-01,15:30,Bundesliga,Matchweek 20,Sat,Away,D,1,1,St. Pauli,0.3,0.8,55.0,29546.0,Jeffrey Gouweleeuw,3-4-3,3-4-3,Tobias Reichel,Match Report,,2.0,1.0,11.1,0.0,0.0,0.0,2025,Augsburg
2025-02-01,15:30,Bundesliga,Matchweek 20,Sat,Away,L,3,4,Bayern Munich,1.8,3.4,29.0,75000.0,Lewis Holtby,5-4-1,4-2-3-1,Florian Exner,Match Report,,10.0,5.0,15.3,0.0,0.0,0.0,2025,Holstein Kiel
2025-02-01,15:30,Bundesliga,Matchweek 20,Sat,Home,W,4,3,Holstein Kiel,3.4,1.8,71.0,75000.0,Manuel Neuer,4-2-3-1,5-4-1,Florian Exner,Match Report,,29.0,11.0,16.9,1.0,0.0,0.0,2025,Bayern Munich
2025-02-01,15:30,Bundesliga,Matchweek 20,Sat,Away,W,1,0,Bochum,1.7,1.0,42.0,25900.0,Christian Günter,4-2-3-1,4-2-3-1,Tobias Welz,Match Report,,13.0,4.0,14.1,1.0,0.0,0.0,2025,Freiburg
2025-02-01,15:30,Bundesliga,Matchweek 20,Sat,Home,L,1,2,Gladbach,1.2,2.1,54.0,60000.0,Angelo Stiller,4-4-2,4-2-3-1,Robert Hartmann,Match Report,,10.0,3.0,12.1,0.0,0.0,0.0,2025,Stuttgart
2025-02-01,15:30,Bundesliga,Matchweek 20,Sat,Home,L,0,1,Freiburg,1.0,1.7,58.0,25900.0,Philipp Hofmann,4-2-3-1,4-2-3-1,Tobias Welz,Match Report,,22.0,4.0,20.0,0.0,0.0,0.0,2025,Bochum
2025-02-02,15:30,Bundesliga,Matchweek 20,Sun,Away,D,1,1,Eint Frankfurt,1.2,1.2,39.0,56900.0,Maximilian Arnold,4-1-3-2,3-4-3,Benjamin Brand,Match Report,,11.0,2.0,18.9,0.0,0.0,0.0,2025,Wolfsburg
2025-02-02,17:30,Bundesliga,Matchweek 20,Sun,Away,L,1,3,Leverkusen,1.9,1.4,52.0,29278.0,Kevin Akpoguma,3-4-3,3-4-3,Robin Braun,Match Report,,16.0,7.0,14.7,1.0,0.0,0.0,2025,Hoffenheim
2025-02-02,17:30,Bundesliga,Matchweek 20,Sun,Home,W,3,1,Hoffenheim,1.4,1.9,48.0,29278.0,Lukáš Hrádecký,3-4-3,3-4-3,Robin Braun,Match Report,,9.0,5.0,17.0,0.0,0.0,0.0,2025,Leverkusen
2025-02-02,15:30,Bundesliga,Matchweek 20,Sun,Home,D,1,1,Wolfsburg,1.2,1.2,61.0,56900.0,Kevin Trapp,3-4-3,4-1-3-2,Benjamin Brand,Match Report,,16.0,4.0,17.2,0.0,0.0,0.0,2025,Eint Frankfurt
2025-02-04,20:45,DFB-Pokal,Quarter-finals,Tue,Home,W,1,0,Augsburg,,,60.0,59000.0,Atakan Karazor,4-4-2,3-4-3,Sascha Stegemann,Match Report,,12.0,2.0,,,0.0,0.0,2025,Stuttgart
2025-02-04,20:45,DFB-Pokal,Quarter-finals,Tue,Away,L,0,1,Stuttgart,,,40.0,59000.0,Jeffrey Gouweleeuw,3-4-3,4-4-2,Sascha Stegemann,Match Report,,6.0,3.0,,,0.0,0.0,2025,Augsburg
2025-02-05,20:45,DFB-Pokal,Quarter-finals,Wed,Home,W,3,2,Köln,,,79.0,30210.0,Jonathan Tah,3-4-3,3-4-1-2,Frank Willenborg,Match Report,Required Extra Time,23.0,7.0,,,0.0,0.0,2025,Leverkusen
2025-02-07,20:30,Bundesliga,Matchweek 21,Fri,Away,L,0,3,Bayern Munich,0.1,4.1,25.0,75000.0,Miloš Veljković,5-3-2,4-2-3-1,Sören Storks,Match Report,,2.0,0.0,14.8,0.0,0.0,0.0,2025,Werder Bremen
2025-02-07,20:30,Bundesliga,Matchweek 21,Fri,Home,W,3,0,Werder Bremen,4.1,0.1,75.0,75000.0,Manuel Neuer,4-2-3-1,5-3-2,Sören Storks,Match Report,,19.0,10.0,17.0,0.0,2.0,2.0,2025,Bayern Munich
2025-02-08,15:30,Bundesliga,Matchweek 21,Sat,Away,L,0,1,Freiburg,0.5,1.0,47.0,34000.0,Patrick Mainka,4-2-3-1,4-2-3-1,Timo Gerach,Match Report,,11.0,5.0,20.1,0.0,0.0,0.0,2025,Heidenheim
2025-02-08,15:30,Bundesliga,Matchweek 21,Sat,Away,W,2,1,Dortmund,0.3,1.4,32.0,81365.0,Atakan Karazor,3-4-3,4-2-3-1,Daniel Siebert,Match Report,,4.0,2.0,15.3,0.0,0.0,0.0,2025,Stuttgart
2025-02-08,15:30,Bundesliga,Matchweek 21,Sat,Away,D,0,0,Wolfsburg,1.4,0.7,59.0,28198.0,Lukáš Hrádecký,3-5-2,4-1-3-2,Sascha Stegemann,Match Report,,15.0,1.0,13.7,0.0,0.0,0.0,2025,Leverkusen
2025-02-08,15:30,Bundesliga,Matchweek 21,Sat,Home,L,0,4,Union Berlin,1.1,2.8,64.0,20023.0,Andrej Kramarić,4-2-3-1,4-2-3-1,Tobias Stieler,Match Report,,16.0,4.0,19.6,1.0,0.0,0.0,2025,Hoffenheim
2025-02-08,18:30,Bundesliga,Matchweek 21,Sat,Away,D,1,1,Gladbach,2.2,0.4,47.0,54042.0,Kevin Trapp,4-4-2,4-2-3-1,Christian Dingert,Match Report,,15.0,7.0,16.0,0.0,0.0,0.0,2025,Eint Frankfurt
2025-02-08,15:30,Bundesliga,Matchweek 21,Sat,Home,W,1,0,Heidenheim,1.0,0.5,53.0,34000.0,Christian Günter,4-2-3-1,4-2-3-1,Timo Gerach,Match Report,,9.0,3.0,13.7,0.0,0.0,0.0,2025,Freiburg
2025-02-08,15:30,Bundesliga,Matchweek 21,Sat,Home,D,0,0,Augsburg,1.3,0.3,66.0,33000.0,Silvan Widmer,3-4-3,3-4-3,Daniel Schlager,Match Report,,9.0,5.0,14.5,0.0,0.0,0.0,2025,Mainz 05
2025-02-08,15:30,Bundesliga,Matchweek 21,Sat,Home,D,0,0,Leverkusen,0.7,1.4,41.0,28198.0,Maximilian Arnold,4-1-3-2,3-5-2,Sascha Stegemann,Match Report,,13.0,8.0,20.4,1.0,0.0,0.0,2025,Wolfsburg
2025-02-08,18:30,Bundesliga,Matchweek 21,Sat,Home,D,1,1,Eint Frankfurt,0.4,2.2,53.0,54042.0,Julian Weigl,4-2-3-1,4-4-2,Christian Dingert,Match Report,,8.0,3.0,19.2,0.0,0.0,0.0,2025,Gladbach
2025-02-08,15:30,Bundesliga,Matchweek 21,Sat,Away,D,0,0,Mainz 05,0.3,1.3,34.0,33000.0,Jeffrey Gouweleeuw,3-4-3,3-4-3,Daniel Schlager,Match Report,,9.0,2.0,21.8,0.0,0.0,0.0,2025,Augsburg
2025-02-08,15:30,Bundesliga,Matchweek 21,Sat,Away,W,4,0,Hoffenheim,2.8,1.1,36.0,20023.0,Rani Khedira,4-2-3-1,4-2-3-1,Tobias Stieler,Match Report,,22.0,7.0,15.3,0.0,0.0,0.0,2025,Union Berlin
2025-02-08,15:30,Bundesliga,Matchweek 21,Sat,Home,L,1,2,Stuttgart,1.4,0.3,68.0,81365.0,Emre Can,4-2-3-1,3-4-3,Daniel Siebert,Match Report,,16.0,5.0,18.2,2.0,0.0,0.0,2025,Dortmund
2025-02-09,15:30,Bundesliga,Matchweek 21,Sun,Home,D,2,2,Bochum,1.9,2.3,48.0,15034.0,Lewis Holtby,3-1-4-2,4-2-3-1,Felix Zwayer,Match Report,,9.0,2.0,16.5,1.0,1.0,1.0,2025,Holstein Kiel
2025-02-09,17:30,Bundesliga,Matchweek 21,Sun,Away,L,0,2,RB Leipzig,0.6,1.5,44.0,46021.0,Jackson Irvine,3-4-3,3-4-3,Florian Badstübner,Match Report,,7.0,3.0,15.7,1.0,0.0,0.0,2025,St. Pauli
2025-02-09,15:30,Bundesliga,Matchweek 21,Sun,Away,D,2,2,Holstein Kiel,2.3,1.9,52.0,15034.0,Maximilian Wittek,4-2-3-1,3-1-4-2,Felix Zwayer,Match Report,,20.0,4.0,13.1,0.0,0.0,0.0,2025,Bochum
2025-02-09,17:30,Bundesliga,Matchweek 21,Sun,Home,W,2,0,St. Pauli,1.5,0.6,56.0,46021.0,Willi Orban,3-4-3,3-4-3,Florian Badstübner,Match Report,,11.0,5.0,12.0,0.0,0.0,0.0,2025,RB Leipzig
2025-02-11,20:00 (21:00),Champions Lg,Knockout phase play-offs,Tue,Away,W,3,0,pt Sporting CP,1.8,0.7,54.0,41543.0,Emre Can,4-2-3-1,4-2-3-1,Espen Eskås,Match Report,Leg 1 of 2,16.0,7.0,16.4,0.0,0.0,0.0,2025,Dortmund
2025-02-12,20:00 (21:00),Champions Lg,Knockout phase play-offs,Wed,Away,W,2,1,sct Celtic,0.7,1.3,57.0,57406.0,Manuel Neuer,4-2-3-1,4-3-3,Jesús Gil,Match Report,Leg 1 of 2,10.0,5.0,15.5,0.0,0.0,0.0,2025,Bayern Munich
2025-02-13,21:00,Conf Lg,Knockout phase play-offs,Thu,Away,W,2,1,dk FC Copenhagen,2.1,1.9,40.0,22789.0,Patrick Mainka,4-1-4-1,4-2-3-1,Anastasios Papapetrou,Match Report,Leg 1 of 2,11.0,7.0,15.2,0.0,0.0,0.0,2025,Heidenheim
2025-02-14,20:30,Bundesliga,Matchweek 22,Fri,Away,D,0,0,Augsburg,1.2,1.0,61.0,28260.0,Kevin Kampl,3-4-3,3-4-3,Sascha Stegemann,Match Report,,14.0,4.0,17.5,0.0,0.0,0.0,2025,RB Leipzig
2025-02-14,20:30,Bundesliga,Matchweek 22,Fri,Home,D,0,0,RB Leipzig,1.0,1.2,39.0,28260.0,Jeffrey Gouweleeuw,3-4-3,3-4-3,Sascha Stegemann,Match Report,,11.0,2.0,16.3,0.0,0.0,0.0,2025,Augsburg
2025-02-15,15:30,Bundesliga,Matchweek 22,Sat,Home,L,1,2,Wolfsburg,0.8,1.6,57.0,58000.0,Atakan Karazor,4-2-3-1,4-4-2,Tobias Welz,Match Report,,10.0,4.0,13.1,0.0,0.0,0.0,2025,Stuttgart
2025-02-15,18:30,Bundesliga,Matchweek 22,Sat,Away,D,0,0,Leverkusen,0.0,2.0,43.0,30210.0,Manuel Neuer,4-2-3-1,4-4-2,Daniel Siebert,Match Report,,2.0,0.0,14.7,0.0,0.0,0.0,2025,Bayern Munich
2025-02-15,15:30,Bundesliga,Matchweek 22,Sat,Away,W,2,1,Stuttgart,1.6,0.8,43.0,58000.0,Mattias Svanberg,4-4-2,4-2-3-1,Tobias Welz,Match Report,,6.0,2.0,19.2,0.0,1.0,1.0,2025,Wolfsburg
2025-02-15,18:30,Bundesliga,Matchweek 22,Sat,Home,D,0,0,Bayern Munich,2.0,0.0,57.0,30210.0,Lukáš Hrádecký,4-4-2,4-2-3-1,Daniel Siebert,Match Report,,15.0,2.0,15.8,0.0,0.0,0.0,2025,Leverkusen
2025-02-15,15:30,Bundesliga,Matchweek 22,Sat,Away,L,0,2,Bochum,2.6,2.7,69.0,26000.0,Emre Can,4-2-3-1,5-3-2,Harm Osmers,Match Report,,17.0,2.0,16.5,2.0,0.0,0.0,2025,Dortmund
2025-02-15,15:30,Bundesliga,Matchweek 22,Sat,Home,W,2,0,Dortmund,2.7,2.6,31.0,26000.0,Philipp Hofmann,5-3-2,4-2-3-1,Harm Osmers,Match Report,,18.0,9.0,15.2,0.0,0.0,0.0,2025,Bochum
2025-02-15,15:30,Bundesliga,Matchweek 22,Sat,Away,W,1,0,St. Pauli,1.3,0.2,46.0,29546.0,Christian Günter,4-2-3-1,3-4-3,Benjamin Brand,Match Report,,4.0,2.0,26.6,2.0,0.0,1.0,2025,Freiburg
2025-02-15,15:30,Bundesliga,Matchweek 22,Sat,Home,L,0,1,Freiburg,0.2,1.3,54.0,29546.0,Jackson Irvine,3-4-3,4-2-3-1,Benjamin Brand,Match Report,,5.0,1.0,20.9,0.0,0.0,0.0,2025,St. Pauli
2025-02-15,15:30,Bundesliga,Matchweek 22,Sat,Away,W,2,1,Union Berlin,2.1,2.0,48.0,22012.0,Julian Weigl,4-2-3-1,4-2-3-1,Sven Jablonski,Match Report,,9.0,5.0,12.8,0.0,0.0,0.0,2025,Gladbach
2025-02-15,15:30,Bundesliga,Matchweek 22,Sat,Home,L,1,2,Gladbach,2.0,2.1,52.0,22012.0,Rani Khedira,4-2-3-1,4-2-3-1,Sven Jablonski,Match Report,,17.0,2.0,15.6,0.0,1.0,1.0,2025,Union Berlin
2025-02-16,17:30,Bundesliga,Matchweek 22,Sun,Away,L,1,3,Eint Frankfurt,1.4,2.5,49.0,57700.0,Lewis Holtby,3-1-4-2,3-4-3,Robert Hartmann,Match Report,,10.0,4.0,18.0,1.0,0.0,0.0,2025,Holstein Kiel
2025-02-16,17:30,Bundesliga,Matchweek 22,Sun,Home,W,3,1,Holstein Kiel,2.5,1.4,51.0,57700.0,Kevin Trapp,3-4-3,3-1-4-2,Robert Hartmann,Match Report,,19.0,8.0,19.1,1.0,0.0,1.0,2025,Eint Frankfurt
2025-02-16,19:30,Bundesliga,Matchweek 22,Sun,Away,W,2,0,Heidenheim,2.0,0.6,44.0,15000.0,Jonathan Burkardt,3-4-1-2,3-4-3,Felix Brych,Match Report,,6.0,5.0,13.4,0.0,0.0,0.0,2025,Mainz 05
2025-02-16,15:30,Bundesliga,Matchweek 22,Sun,Away,W,3,1,Werder Bremen,1.4,1.1,37.0,39400.0,Andrej Kramarić,4-2-3-1,3-5-2,Frank Willenborg,Match Report,,15.0,6.0,15.8,0.0,0.0,0.0,2025,Hoffenheim
2025-02-16,19:30,Bundesliga,Matchweek 22,Sun,Home,L,0,2,Mainz 05,0.6,2.0,56.0,15000.0,Patrick Mainka,3-4-3,3-4-1-2,Felix Brych,Match Report,,12.0,3.0,20.2,0.0,0.0,0.0,2025,Heidenheim
2025-02-16,15:30,Bundesliga,Matchweek 22,Sun,Home,L,1,3,Hoffenheim,1.1,1.4,63.0,39400.0,Niklas Stark,3-5-2,4-2-3-1,Frank Willenborg,Match Report,,14.0,2.0,17.1,1.0,0.0,0.0,2025,Werder Bremen
2025-02-18,21:00,Champions Lg,Knockout phase play-offs,Tue,Home,D,1,1,sct Celtic,2.3,1.3,67.0,75000.0,Manuel Neuer,4-2-3-1,4-3-3,Benoît Bastien,Match Report,Leg 2 of 2; Bayern Munich won,23.0,9.0,18.4,1.0,0.0,0.0,2025,Bayern Munich
2025-02-19,18:45,Champions Lg,Knockout phase play-offs,Wed,Home,D,0,0,pt Sporting CP,1.9,0.4,55.0,80300.0,Emre Can,4-2-3-1,3-4-3,Davide Massa,Match Report,Leg 2 of 2; Dortmund won,18.0,4.0,19.5,0.0,0.0,1.0,2025,Dortmund
2025-02-20,18:45,Conf Lg,Knockout phase play-offs,Thu,Home,L,1,3,dk FC Copenhagen,1.8,2.5,59.0,12336.0,Patrick Mainka,3-4-3,4-2-3-1,Nikola Dabanović,Match Report,Leg 2 of 2; FC Copenhagen won; Required Extra Time,22.0,6.0,17.8,2.0,0.0,0.0,2025,Heidenheim
2025-02-21,20:30,Bundesliga,Matchweek 23,Fri,Away,L,0,5,Freiburg,1.2,1.8,63.0,34700.0,Niklas Stark,3-5-2,4-2-3-1,Max Burda,Match Report,,8.0,2.0,20.7,0.0,0.0,1.0,2025,Werder Bremen
2025-02-21,20:30,Bundesliga,Matchweek 23,Fri,Home,W,5,0,Werder Bremen,1.8,1.2,37.0,34700.0,Christian Günter,4-2-3-1,3-5-2,Max Burda,Match Report,,13.0,6.0,15.2,1.0,0.0,0.0,2025,Freiburg
2025-02-22,18:30,Bundesliga,Matchweek 23,Sat,Away,L,0,6,Dortmund,0.3,4.8,36.0,81365.0,Rani Khedira,4-2-3-1,4-2-3-1,Bastian Dankert,Match Report,,6.0,1.0,10.7,0.0,0.0,0.0,2025,Union Berlin
2025-02-22,15:30,Bundesliga,Matchweek 23,Sat,Home,W,2,0,St. Pauli,1.2,0.8,53.0,33305.0,Jonathan Burkardt,3-4-1-2,3-4-3,Felix Zwayer,Match Report,,10.0,5.0,17.2,0.0,0.0,0.0,2025,Mainz 05
2025-02-22,15:30,Bundesliga,Matchweek 23,Sat,Home,L,0,2,Leverkusen,0.3,1.8,38.0,15034.0,Timon Weiner,3-5-2,3-4-3,Daniel Schlager,Match Report,,4.0,3.0,25.0,0.0,0.0,0.0,2025,Holstein Kiel
2025-02-22,15:30,Bundesliga,Matchweek 23,Sat,Away,W,2,0,Holstein Kiel,1.8,0.3,62.0,15034.0,Jonathan Tah,3-4-3,3-5-2,Daniel Schlager,Match Report,,18.0,7.0,13.9,1.0,0.0,0.0,2025,Leverkusen
2025-02-22,15:30,Bundesliga,Matchweek 23,Sat,Away,L,0,2,Mainz 05,0.8,1.2,47.0,33305.0,Jackson Irvine,3-4-3,3-4-1-2,Felix Zwayer,Match Report,,12.0,0.0,17.0,1.0,0.0,0.0,2025,St. Pauli
2025-02-22,15:30,Bundesliga,Matchweek 23,Sat,Away,W,3,0,Gladbach,1.5,1.0,51.0,51493.0,Jeffrey Gouweleeuw,3-4-3,4-2-3-1,Florian Exner,Match Report,,17.0,4.0,19.9,2.0,0.0,0.0,2025,Augsburg
2025-02-22,15:30,Bundesliga,Matchweek 23,Sat,Home,L,0,3,Augsburg,1.0,1.5,49.0,51493.0,Jonas Omlin,4-2-3-1,3-4-3,Florian Exner,Match Report,,8.0,4.0,11.6,0.0,0.0,0.0,2025,Gladbach
2025-02-22,18:30,Bundesliga,Matchweek 23,Sat,Home,W,6,0,Union Berlin,4.8,0.3,64.0,81365.0,Emre Can,4-2-3-1,4-2-3-1,Bastian Dankert,Match Report,,24.0,8.0,12.8,0.0,0.0,0.0,2025,Dortmund
2025-02-22,15:30,Bundesliga,Matchweek 23,Sat,Home,D,1,1,Bochum,1.6,0.8,54.0,23772.0,Mattias Svanberg,4-4-2,3-5-2,Timo Gerach,Match Report,,13.0,6.0,14.7,0.0,0.0,0.0,2025,Wolfsburg
2025-02-22,15:30,Bundesliga,Matchweek 23,Sat,Away,D,1,1,Wolfsburg,0.8,1.6,46.0,23772.0,Philipp Hofmann,3-5-2,4-4-2,Timo Gerach,Match Report,,11.0,5.0,15.0,0.0,0.0,0.0,2025,Bochum
2025-02-23,17:30,Bundesliga,Matchweek 23,Sun,Home,W,4,0,Eint Frankfurt,3.8,0.5,63.0,75000.0,Manuel Neuer,4-2-3-1,3-4-3,Sascha Stegemann,Match Report,,19.0,10.0,13.1,0.0,0.0,0.0,2025,Bayern Munich
2025-02-23,19:30,Bundesliga,Matchweek 23,Sun,Home,D,1,1,Stuttgart,1.0,2.1,45.0,30150.0,Andrej Kramarić,5-3-2,4-2-2-2,Christian Dingert,Match Report,,9.0,2.0,17.7,0.0,0.0,0.0,2025,Hoffenheim
2025-02-23,19:30,Bundesliga,Matchweek 23,Sun,Away,D,1,1,Hoffenheim,2.1,1.0,55.0,30150.0,Atakan Karazor,4-2-2-2,5-3-2,Christian Dingert,Match Report,,14.0,7.0,13.5,0.0,0.0,0.0,2025,Stuttgart
2025-02-23,15:30,Bundesliga,Matchweek 23,Sun,Away,D,2,2,RB Leipzig,0.8,1.9,26.0,36619.0,Patrick Mainka,3-4-3,4-2-2-2,Martin Petersen,Match Report,,3.0,1.0,28.5,0.0,1.0,1.0,2025,Heidenheim
2025-02-23,17:30,Bundesliga,Matchweek 23,Sun,Away,L,0,4,Bayern Munich,0.5,3.8,37.0,75000.0,Kevin Trapp,3-4-3,4-2-3-1,Sascha Stegemann,Match Report,,7.0,2.0,16.3,0.0,0.0,0.0,2025,Eint Frankfurt
2025-02-23,15:30,Bundesliga,Matchweek 23,Sun,Home,D,2,2,Heidenheim,1.9,0.8,74.0,36619.0,Willi Orban,4-2-2-2,3-4-3,Martin Petersen,Match Report,,16.0,5.0,18.1,0.0,1.0,1.0,2025,RB Leipzig
2025-02-25,20:45,DFB-Pokal,Quarter-finals,Tue,Away,L,1,2,Arminia,,,56.0,26311.0,Niklas Stark,3-5-2,4-2-3-1,Robert Hartmann,Match Report,,11.0,2.0,,,0.0,0.0,2025,Werder Bremen
2025-02-26,20:45,DFB-Pokal,Quarter-finals,Wed,Away,L,0,1,RB Leipzig,,,49.0,40478.0,Mattias Svanberg,4-4-2,3-4-1-2,Tobias Reichel,Match Report,,11.0,5.0,,,0.0,0.0,2025,Wolfsburg
2025-02-26,20:45,DFB-Pokal,Quarter-finals,Wed,Home,W,1,0,Wolfsburg,,,51.0,40478.0,Willi Orban,3-4-1-2,4-4-2,Tobias Reichel,Match Report,,16.0,4.0,,,1.0,1.0,2025,RB Leipzig
2025-02-28,20:30,Bundesliga,Matchweek 24,Fri,Away,W,3,1,Stuttgart,2.2,0.9,47.0,60000.0,Manuel Neuer,4-2-3-1,4-2-2-2,Benjamin Brand,Match Report,,17.0,8.0,19.3,2.0,0.0,0.0,2025,Bayern Munich
2025-02-28,20:30,Bundesliga,Matchweek 24,Fri,Home,L,1,3,Bayern Munich,0.9,2.2,53.0,60000.0,Atakan Karazor,4-2-2-2,4-2-3-1,Benjamin Brand,Match Report,,12.0,3.0,16.0,0.0,0.0,0.0,2025,Stuttgart
2025-03-01,15:30,Bundesliga,Matchweek 24,Sat,Home,L,0,3,Gladbach,1.6,1.8,45.0,15000.0,Patrick Mainka,3-4-3,4-2-3-1,Sören Storks,Match Report,,20.0,4.0,18.3,1.0,0.0,0.0,2025,Heidenheim
2025-03-01,15:30,Bundesliga,Matchweek 24,Sat,Away,W,2,1,Werder Bremen,0.9,1.9,44.0,41152.0,Mattias Svanberg,4-3-3,3-5-2,Felix Brych,Match Report,,9.0,3.0,17.3,0.0,0.0,0.0,2025,Wolfsburg
2025-03-01,15:30,Bundesliga,Matchweek 24,Sat,Away,W,2,1,RB Leipzig,1.5,1.4,51.0,41406.0,Jonathan Burkardt,3-4-3,3-4-1-2,Daniel Siebert,Match Report,,15.0,3.0,15.9,0.0,0.0,0.0,2025,Mainz 05
2025-03-01,15:30,Bundesliga,Matchweek 24,Sat,Away,W,1,0,Bochum,0.6,0.9,42.0,24120.0,Oliver Baumann,4-2-3-1,3-5-2,Florian Badstübner,Match Report,,10.0,2.0,19.7,0.0,0.0,0.0,2025,Hoffenheim
2025-03-01,15:30,Bundesliga,Matchweek 24,Sat,Home,L,0,1,Hoffenheim,0.9,0.6,58.0,24120.0,Philipp Hofmann,3-5-2,4-2-3-1,Florian Badstübner,Match Report,,12.0,3.0,15.4,1.0,0.0,0.0,2025,Bochum
2025-03-01,15:30,Bundesliga,Matchweek 24,Sat,Home,L,1,2,Mainz 05,1.4,1.5,49.0,41406.0,Willi Orban,3-4-1-2,3-4-3,Daniel Siebert,Match Report,,13.0,3.0,14.9,0.0,0.0,0.0,2025,RB Leipzig
2025-03-01,15:30,Bundesliga,Matchweek 24,Sat,Home,L,1,2,Wolfsburg,1.9,0.9,56.0,41152.0,Niklas Stark,3-5-2,4-3-3,Felix Brych,Match Report,,15.0,7.0,16.8,0.0,0.0,0.0,2025,Werder Bremen
2025-03-01,15:30,Bundesliga,Matchweek 24,Sat,Away,W,2,0,St. Pauli,1.5,0.4,57.0,29546.0,Emre Can,4-2-3-1,3-4-3,Tobias Stieler,Match Report,,14.0,3.0,14.3,0.0,0.0,0.0,2025,Dortmund
2025-03-01,15:30,Bundesliga,Matchweek 24,Sat,Away,W,3,0,Heidenheim,1.8,1.6,55.0,15000.0,Julian Weigl,4-2-3-1,3-4-3,Sören Storks,Match Report,,13.0,5.0,17.8,0.0,0.0,0.0,2025,Gladbach
2025-03-01,15:30,Bundesliga,Matchweek 24,Sat,Home,L,0,2,Dortmund,0.4,1.5,43.0,29546.0,Jackson Irvine,3-4-3,4-2-3-1,Tobias Stieler,Match Report,,7.0,1.0,18.1,0.0,0.0,0.0,2025,St. Pauli
2025-03-01,18:30,Bundesliga,Matchweek 24,Sat,Away,W,4,1,Eint Frankfurt,2.0,1.1,59.0,58000.0,Lukáš Hrádecký,3-4-3,3-1-4-2,Felix Zwayer,Match Report,,20.0,9.0,15.1,0.0,0.0,0.0,2025,Leverkusen
2025-03-01,18:30,Bundesliga,Matchweek 24,Sat,Home,L,1,4,Leverkusen,1.1,2.0,41.0,58000.0,Kevin Trapp,3-1-4-2,3-4-3,Felix Zwayer,Match Report,,7.0,3.0,16.1,0.0,0.0,0.0,2025,Eint Frankfurt
2025-03-02,15:30,Bundesliga,Matchweek 24,Sun,Home,L,0,1,Holstein Kiel,1.2,1.0,52.0,22012.0,Rani Khedira,3-4-3,3-4-1-2,Tobias Reichel,Match Report,,14.0,3.0,10.1,0.0,0.0,0.0,2025,Union Berlin
2025-03-02,17:30,Bundesliga,Matchweek 24,Sun,Away,D,0,0,Augsburg,0.8,1.5,49.0,29651.0,Christian Günter,4-2-3-1,3-4-3,Harm Osmers,Match Report,,7.0,3.0,21.3,1.0,0.0,0.0,2025,Freiburg
2025-03-02,15:30,Bundesliga,Matchweek 24,Sun,Away,W,1,0,Union Berlin,1.0,1.2,48.0,22012.0,Timo Becker,3-4-1-2,3-4-3,Tobias Reichel,Match Report,,10.0,3.0,15.6,0.0,0.0,0.0,2025,Holstein Kiel
2025-03-02,17:30,Bundesliga,Matchweek 24,Sun,Home,D,0,0,Freiburg,1.5,0.8,51.0,29651.0,Jeffrey Gouweleeuw,3-4-3,4-2-3-1,Harm Osmers,Match Report,,13.0,5.0,16.9,1.0,0.0,0.0,2025,Augsburg
2025-03-04,21:00,Champions Lg,Round of 16,Tue,Home,D,1,1,fr Lille,0.3,0.9,44.0,81365.0,Emre Can,4-2-3-1,4-2-3-1,Jose Maria Sánchez,Match Report,Leg 1 of 2,7.0,1.0,17.4,0.0,0.0,0.0,2025,Dortmund
2025-03-05,21:00,Champions Lg,Round of 16,Wed,Away,L,0,3,de Bayern Munich,0.4,2.7,36.0,75000.0,Jonathan Tah,4-4-2,4-2-3-1,Michael Oliver,Match Report,Leg 1 of 2,3.0,1.0,13.3,0.0,0.0,0.0,2025,Leverkusen
2025-03-05,21:00,Champions Lg,Round of 16,Wed,Home,W,3,0,de Leverkusen,2.7,0.4,64.0,75000.0,Manuel Neuer,4-2-3-1,4-4-2,Michael Oliver,Match Report,Leg 1 of 2,16.0,4.0,18.7,1.0,1.0,1.0,2025,Bayern Munich
2025-03-06,21:00,Europa Lg,Round of 16,Thu,Away,W,2,1,nl Ajax,1.5,1.5,48.0,52641.0,Kevin Trapp,4-2-3-1,4-3-3,Simone Sozza,Match Report,Leg 1 of 2,17.0,5.0,18.0,0.0,0.0,0.0,2025,Eint Frankfurt
2025-03-07,20:30,Bundesliga,Matchweek 25,Fri,Away,W,3,1,Gladbach,1.5,1.4,43.0,51749.0,Jonathan Burkardt,3-4-3,4-2-3-1,Sascha Stegemann,Match Report,,15.0,7.0,18.9,0.0,0.0,0.0,2025,Mainz 05
2025-03-07,20:30,Bundesliga,Matchweek 25,Fri,Home,L,1,3,Mainz 05,1.4,1.5,57.0,51749.0,Jonas Omlin,4-2-3-1,3-4-3,Sascha Stegemann,Match Report,,12.0,4.0,17.0,0.0,0.0,0.0,2025,Gladbach
2025-03-08,15:30,Bundesliga,Matchweek 25,Sat,Home,D,2,2,Stuttgart,1.4,0.8,52.0,15034.0,Timo Becker,3-4-3,4-4-2,Bastian Dankert,Match Report,,17.0,5.0,19.5,1.0,0.0,0.0,2025,Holstein Kiel
2025-03-08,18:30,Bundesliga,Matchweek 25,Sat,Away,D,0,0,Freiburg,1.5,0.5,47.0,32900.0,Willi Orban,4-4-2,4-2-3-1,Sven Jablonski,Match Report,,18.0,3.0,14.4,1.0,0.0,0.0,2025,RB Leipzig
2025-03-08,15:30,Bundesliga,Matchweek 25,Sat,Away,D,2,2,Holstein Kiel,0.8,1.4,48.0,15034.0,Atakan Karazor,4-4-2,3-4-3,Bastian Dankert,Match Report,,6.0,2.0,12.4,0.0,0.0,0.0,2025,Stuttgart
2025-03-08,15:30,Bundesliga,Matchweek 25,Sat,Home,L,0,2,Werder Bremen,1.6,1.1,72.0,30210.0,Lukáš Hrádecký,3-4-3,3-5-2,Tobias Welz,Match Report,,18.0,4.0,16.8,1.0,0.0,0.0,2025,Leverkusen
2025-03-08,15:30,Bundesliga,Matchweek 25,Sat,Away,W,1,0,Dortmund,0.2,1.2,29.0,81365.0,Jeffrey Gouweleeuw,3-4-3,4-2-3-1,Deniz Aytekin,Match Report,,6.0,1.0,12.2,0.0,0.0,0.0,2025,Augsburg
2025-03-08,18:30,Bundesliga,Matchweek 25,Sat,Home,D,0,0,RB Leipzig,0.5,1.5,53.0,32900.0,Christian Günter,4-2-3-1,4-4-2,Sven Jablonski,Match Report,,10.0,2.0,25.2,1.0,0.0,0.0,2025,Freiburg
2025-03-08,15:30,Bundesliga,Matchweek 25,Sat,Away,W,3,2,Bayern Munich,1.1,2.4,27.0,75000.0,Philipp Hofmann,5-3-2,4-2-3-1,Christian Dingert,Match Report,,8.0,5.0,12.4,0.0,0.0,0.0,2025,Bochum
2025-03-08,15:30,Bundesliga,Matchweek 25,Sat,Home,L,2,3,Bochum,2.4,1.1,73.0,75000.0,Thomas Müller,4-2-3-1,5-3-2,Christian Dingert,Match Report,,13.0,5.0,16.2,0.0,0.0,1.0,2025,Bayern Munich
2025-03-08,15:30,Bundesliga,Matchweek 25,Sat,Away,W,2,0,Leverkusen,1.1,1.6,28.0,30210.0,Miloš Veljković,3-5-2,3-4-3,Tobias Welz,Match Report,,11.0,7.0,16.0,1.0,0.0,0.0,2025,Werder Bremen
2025-03-08,15:30,Bundesliga,Matchweek 25,Sat,Home,D,1,1,St. Pauli,2.0,1.5,57.0,28917.0,Mattias Svanberg,4-2-3-1,3-4-1-2,Robert Hartmann,Match Report,,15.0,3.0,15.6,0.0,1.0,1.0,2025,Wolfsburg
2025-03-08,15:30,Bundesliga,Matchweek 25,Sat,Home,L,0,1,Augsburg,1.2,0.2,71.0,81365.0,Emre Can,4-2-3-1,3-4-3,Deniz Aytekin,Match Report,,15.0,1.0,15.1,0.0,0.0,0.0,2025,Dortmund
2025-03-08,15:30,Bundesliga,Matchweek 25,Sat,Away,D,1,1,Wolfsburg,1.5,2.0,43.0,28917.0,Jackson Irvine,3-4-1-2,4-2-3-1,Robert Hartmann,Match Report,,14.0,4.0,16.2,0.0,0.0,0.0,2025,St. Pauli
2025-03-09,15:30,Bundesliga,Matchweek 25,Sun,Away,W,2,1,Eint Frankfurt,0.9,1.8,34.0,58000.0,Christopher Trimmel,3-5-2,4-2-3-1,Frank Willenborg,Match Report,,11.0,3.0,13.9,0.0,0.0,0.0,2025,Union Berlin
2025-03-09,15:30,Bundesliga,Matchweek 25,Sun,Home,L,1,2,Union Berlin,1.8,0.9,66.0,58000.0,Kevin Trapp,4-2-3-1,3-5-2,Frank Willenborg,Match Report,,13.0,2.0,16.5,0.0,0.0,1.0,2025,Eint Frankfurt
2025-03-09,17:30,Bundesliga,Matchweek 25,Sun,Home,D,1,1,Heidenheim,1.3,1.2,55.0,20814.0,Oliver Baumann,4-1-3-2,4-3-1-2,Daniel Schlager,Match Report,,16.0,3.0,20.0,0.0,0.0,0.0,2025,Hoffenheim
2025-03-09,17:30,Bundesliga,Matchweek 25,Sun,Away,D,1,1,Hoffenheim,1.2,1.3,45.0,20814.0,Patrick Mainka,4-3-1-2,4-1-3-2,Daniel Schlager,Match Report,,23.0,5.0,16.0,0.0,0.0,0.0,2025,Heidenheim
2025-03-11,21:00,Champions Lg,Round of 16,Tue,Away,W,2,0,de Leverkusen,2.3,1.4,46.0,30210.0,Joshua Kimmich,4-2-3-1,4-5-1,Slavko Vinčič,Match Report,Leg 2 of 2; Bayern Munich won,12.0,5.0,14.4,0.0,0.0,0.0,2025,Bayern Munich
2025-03-11,21:00,Champions Lg,Round of 16,Tue,Home,L,0,2,de Bayern Munich,1.4,2.3,54.0,30210.0,Lukáš Hrádecký,4-5-1,4-2-3-1,Slavko Vinčič,Match Report,Leg 2 of 2; Bayern Munich won,17.0,3.0,15.7,1.0,0.0,0.0,2025,Leverkusen
2025-03-12,18:45,Champions Lg,Round of 16,Wed,Away,W,2,1,fr Lille,3.0,1.2,51.0,48042.0,Emre Can,4-2-3-1,4-2-3-1,Sandro Schärer,Match Report,Leg 2 of 2; Dortmund won,16.0,5.0,14.2,0.0,1.0,1.0,2025,Dortmund
2025-03-13,18:45,Europa Lg,Round of 16,Thu,Home,W,4,1,nl Ajax,2.5,0.6,53.0,57500.0,Robin Koch,4-2-3-1,3-4-3,Irfan Peljto,Match Report,Leg 2 of 2; Eint Frankfurt won,16.0,9.0,18.2,0.0,0.0,0.0,2025,Eint Frankfurt
2025-03-14,20:30,Bundesliga,Matchweek 26,Fri,Away,L,0,1,St. Pauli,0.2,2.0,56.0,29546.0,Oliver Baumann,4-2-3-1,3-4-1-2,Felix Brych,Match Report,,4.0,0.0,18.6,0.0,0.0,0.0,2025,Hoffenheim
2025-03-14,20:30,Bundesliga,Matchweek 26,Fri,Home,W,1,0,Hoffenheim,2.0,0.2,44.0,29546.0,Jackson Irvine,3-4-1-2,4-2-3-1,Felix Brych,Match Report,,10.0,5.0,14.0,1.0,0.0,0.0,2025,St. Pauli
2025-03-15,18:30,Bundesliga,Matchweek 26,Sat,Home,W,2,0,Dortmund,1.8,3.0,34.0,47800.0,Willi Orban,3-4-3,4-2-3-1,Matthias Jöllenbeck,Match Report,,15.0,5.0,17.0,0.0,0.0,0.0,2025,RB Leipzig
2025-03-15,15:30,Bundesliga,Matchweek 26,Sat,Home,D,1,1,Bayern Munich,0.7,1.6,20.0,22012.0,Christopher Trimmel,5-4-1,4-2-3-1,Florian Exner,Match Report,,7.0,3.0,17.6,0.0,0.0,0.0,2025,Union Berlin
2025-03-15,15:30,Bundesliga,Matchweek 26,Sat,Home,D,2,2,Freiburg,1.3,3.1,44.0,33305.0,Jonathan Burkardt,3-4-3,4-4-1-1,Benjamin Brand,Match Report,,9.0,4.0,20.2,0.0,0.0,0.0,2025,Mainz 05
2025-03-15,15:30,Bundesliga,Matchweek 26,Sat,Home,L,2,4,Gladbach,2.5,2.4,53.0,42100.0,Miloš Veljković,3-5-2,4-2-3-1,Timo Gerach,Match Report,,22.0,1.0,15.1,1.0,1.0,1.0,2025,Werder Bremen
2025-03-15,15:30,Bundesliga,Matchweek 26,Sat,Away,D,2,2,Mainz 05,3.1,1.3,56.0,33305.0,Christian Günter,4-4-1-1,3-4-3,Benjamin Brand,Match Report,,24.0,8.0,13.4,1.0,0.0,0.0,2025,Freiburg
2025-03-15,18:30,Bundesliga,Matchweek 26,Sat,Away,L,0,2,RB Leipzig,3.0,1.8,66.0,47800.0,Emre Can,4-2-3-1,3-4-3,Matthias Jöllenbeck,Match Report,,25.0,9.0,15.0,0.0,0.0,0.0,2025,Dortmund
2025-03-15,15:30,Bundesliga,Matchweek 26,Sat,Away,L,0,1,Augsburg,0.8,0.7,58.0,28351.0,Maximilian Arnold,4-3-3,3-4-3,Martin Petersen,Match Report,,13.0,2.0,20.5,1.0,0.0,0.0,2025,Wolfsburg
2025-03-15,15:30,Bundesliga,Matchweek 26,Sat,Away,D,1,1,Union Berlin,1.6,0.7,80.0,22012.0,Joshua Kimmich,4-2-3-1,5-4-1,Florian Exner,Match Report,,18.0,4.0,21.1,1.0,0.0,0.0,2025,Bayern Munich
2025-03-15,15:30,Bundesliga,Matchweek 26,Sat,Away,W,4,2,Werder Bremen,2.4,2.5,47.0,42100.0,Jonas Omlin,4-2-3-1,3-5-2,Timo Gerach,Match Report,,12.0,6.0,18.0,0.0,1.0,1.0,2025,Gladbach
2025-03-15,15:30,Bundesliga,Matchweek 26,Sat,Home,W,1,0,Wolfsburg,0.7,0.8,42.0,28351.0,Jeffrey Gouweleeuw,3-4-3,4-3-3,Martin Petersen,Match Report,,10.0,2.0,19.5,0.0,0.0,0.0,2025,Augsburg
2025-03-16,17:30,Bundesliga,Matchweek 26,Sun,Home,W,3,1,Holstein Kiel,1.5,1.5,39.0,15000.0,Patrick Mainka,3-4-1-2,3-5-2,Harm Osmers,Match Report,,14.0,5.0,16.3,0.0,0.0,0.0,2025,Heidenheim
2025-03-16,15:30,Bundesliga,Matchweek 26,Sun,Home,L,1,3,Eint Frankfurt,1.4,2.5,51.0,26000.0,Philipp Hofmann,4-4-2,4-2-3-1,Felix Zwayer,Match Report,,17.0,7.0,13.7,0.0,0.0,0.0,2025,Bochum
2025-03-16,17:30,Bundesliga,Matchweek 26,Sun,Away,L,1,3,Heidenheim,1.5,1.5,61.0,15000.0,Timo Becker,3-5-2,3-4-1-2,Harm Osmers,Match Report,,16.0,4.0,19.4,1.0,0.0,0.0,2025,Holstein Kiel
2025-03-16,15:30,Bundesliga,Matchweek 26,Sun,Away,W,3,1,Bochum,2.5,1.4,49.0,26000.0,Robin Koch,4-2-3-1,4-4-2,Felix Zwayer,Match Report,,18.0,7.0,15.4,1.0,0.0,0.0,2025,Eint Frankfurt
2025-03-16,19:30,Bundesliga,Matchweek 26,Sun,Away,W,4,3,Stuttgart,1.7,2.3,57.0,59000.0,Lukáš Hrádecký,4-4-1-1,4-4-2,Daniel Siebert,Match Report,,16.0,4.0,14.2,0.0,0.0,0.0,2025,Leverkusen
2025-03-16,19:30,Bundesliga,Matchweek 26,Sun,Home,L,3,4,Leverkusen,2.3,1.7,43.0,59000.0,Atakan Karazor,4-4-2,4-4-1-1,Daniel Siebert,Match Report,,11.0,6.0,11.9,0.0,0.0,0.0,2025,Stuttgart
2025-03-28,20:30,Bundesliga,Matchweek 27,Fri,Away,L,1,3,Leverkusen,0.5,2.0,34.0,30210.0,Philipp Hofmann,5-3-2,3-5-2,Sven Jablonski,Match Report,,8.0,3.0,22.5,0.0,0.0,0.0,2025,Bochum
2025-03-28,20:30,Bundesliga,Matchweek 27,Fri,Home,W,3,1,Bochum,2.0,0.5,66.0,30210.0,Lukáš Hrádecký,3-5-2,5-3-2,Sven Jablonski,Match Report,,14.0,5.0,19.0,0.0,0.0,0.0,2025,Leverkusen
2025-03-29,15:30,Bundesliga,Matchweek 27,Sat,Home,D,1,1,Augsburg,1.4,0.6,56.0,21427.0,Oliver Baumann,4-2-3-1,3-4-3,Tobias Reichel,Match Report,,12.0,3.0,19.7,1.0,1.0,1.0,2025,Hoffenheim
2025-03-29,15:30,Bundesliga,Matchweek 27,Sat,Home,L,0,3,Werder Bremen,0.5,1.8,55.0,15034.0,Steven Skrzybski,3-4-1-2,3-5-2,Sascha Stegemann,Match Report,,11.0,0.0,20.3,1.0,0.0,0.0,2025,Holstein Kiel
2025-03-29,15:30,Bundesliga,Matchweek 27,Sat,Away,L,0,1,Gladbach,1.3,1.8,60.0,52358.0,Willi Orban,3-5-2,4-2-3-1,Tobias Stieler,Match Report,,19.0,3.0,17.0,1.0,0.0,0.0,2025,RB Leipzig
2025-03-29,15:30,Bundesliga,Matchweek 27,Sat,Away,D,1,1,Hoffenheim,0.6,1.4,44.0,21427.0,Jeffrey Gouweleeuw,3-4-3,4-2-3-1,Tobias Reichel,Match Report,,11.0,4.0,24.6,0.0,0.0,0.0,2025,Augsburg
2025-03-29,18:30,Bundesliga,Matchweek 27,Sat,Away,L,0,1,Eint Frankfurt,1.2,3.7,54.0,58000.0,Atakan Karazor,4-2-3-1,4-2-3-1,Deniz Aytekin,Match Report,,8.0,2.0,13.9,0.0,0.0,0.0,2025,Stuttgart
2025-03-29,15:30,Bundesliga,Matchweek 27,Sat,Away,L,2,3,Bayern Munich,1.0,3.5,35.0,75000.0,Jackson Irvine,3-4-1-2,4-2-3-1,Florian Badstübner,Match Report,,10.0,4.0,19.2,1.0,0.0,0.0,2025,St. Pauli
2025-03-29,15:30,Bundesliga,Matchweek 27,Sat,Home,W,1,0,RB Leipzig,1.8,1.3,40.0,52358.0,Julian Weigl,4-2-3-1,3-5-2,Tobias Stieler,Match Report,,16.0,3.0,15.0,1.0,0.0,0.0,2025,Gladbach
2025-03-29,15:30,Bundesliga,Matchweek 27,Sat,Away,W,1,0,Wolfsburg,1.3,1.3,39.0,21545.0,Patrick Mainka,3-4-1-2,4-3-3,Bastian Dankert,Match Report,,10.0,3.0,17.0,0.0,1.0,1.0,2025,Heidenheim
2025-03-29,15:30,Bundesliga,Matchweek 27,Sat,Away,W,3,0,Holstein Kiel,1.8,0.5,45.0,15034.0,Marco Friedl,3-5-2,3-4-1-2,Sascha Stegemann,Match Report,,14.0,7.0,16.8,1.0,0.0,0.0,2025,Werder Bremen
2025-03-29,18:30,Bundesliga,Matchweek 27,Sat,Home,W,1,0,Stuttgart,3.7,1.2,46.0,58000.0,Robin Koch,4-2-3-1,4-2-3-1,Deniz Aytekin,Match Report,,19.0,5.0,14.9,1.0,0.0,0.0,2025,Eint Frankfurt
2025-03-29,15:30,Bundesliga,Matchweek 27,Sat,Home,W,3,2,St. Pauli,3.5,1.0,65.0,75000.0,Joshua Kimmich,4-2-3-1,3-4-1-2,Florian Badstübner,Match Report,,19.0,8.0,13.3,0.0,0.0,0.0,2025,Bayern Munich
2025-03-29,15:30,Bundesliga,Matchweek 27,Sat,Home,L,0,1,Heidenheim,1.3,1.3,61.0,21545.0,Maximilian Arnold,4-3-3,3-4-1-2,Bastian Dankert,Match Report,,11.0,2.0,17.5,1.0,0.0,0.0,2025,Wolfsburg
2025-03-30,15:30,Bundesliga,Matchweek 27,Sun,Home,L,1,2,Union Berlin,1.4,1.0,72.0,34300.0,Christian Günter,4-4-1-1,3-4-3,Sören Storks,Match Report,,9.0,3.0,19.5,1.0,0.0,0.0,2025,Freiburg
2025-03-30,15:30,Bundesliga,Matchweek 27,Sun,Away,W,2,1,Freiburg,1.0,1.4,28.0,34300.0,Christopher Trimmel,3-4-3,4-4-1-1,Sören Storks,Match Report,,10.0,6.0,16.7,1.0,0.0,0.0,2025,Union Berlin
2025-03-30,17:30,Bundesliga,Matchweek 27,Sun,Away,L,1,3,Dortmund,0.8,2.8,56.0,81365.0,Silvan Widmer,3-4-3,3-1-4-2,Daniel Schlager,Match Report,,12.0,2.0,14.5,0.0,0.0,0.0,2025,Mainz 05
2025-03-30,17:30,Bundesliga,Matchweek 27,Sun,Home,W,3,1,Mainz 05,2.8,0.8,44.0,81365.0,Emre Can,3-1-4-2,3-4-3,Daniel Schlager,Match Report,,18.0,7.0,17.6,1.0,0.0,0.0,2025,Dortmund
2025-04-01,20:45,DFB-Pokal,Semi-finals,Tue,Away,L,1,2,Arminia,,,52.0,26601.0,Lukáš Hrádecký,3-5-2,5-4-1,Harm Osmers,Match Report,,13.0,4.0,,,0.0,0.0,2025,Leverkusen
2025-04-02,20:45,DFB-Pokal,Semi-finals,Wed,Away,L,1,3,Stuttgart,,,68.0,60000.0,Willi Orban,4-4-2,5-3-2,Sven Jablonski,Match Report,,25.0,5.0,,,0.0,0.0,2025,RB Leipzig
2025-04-02,20:45,DFB-Pokal,Semi-finals,Wed,Home,W,3,1,RB Leipzig,,,32.0,60000.0,Atakan Karazor,5-3-2,4-4-2,Sven Jablonski,Match Report,,9.0,6.0,,,0.0,0.0,2025,Stuttgart
2025-04-04,20:30,Bundesliga,Matchweek 28,Fri,Home,L,1,3,Bayern Munich,0.4,2.4,31.0,30660.0,Jeffrey Gouweleeuw,3-4-3,4-2-3-1,Matthias Jöllenbeck,Match Report,,6.0,3.0,15.5,0.0,0.0,0.0,2025,Augsburg
2025-04-04,20:30,Bundesliga,Matchweek 28,Fri,Away,W,3,1,Augsburg,2.4,0.4,69.0,30660.0,Joshua Kimmich,4-2-3-1,3-4-3,Matthias Jöllenbeck,Match Report,,19.0,7.0,16.8,2.0,0.0,0.0,2025,Bayern Munich
2025-04-05,15:30,Bundesliga,Matchweek 28,Sat,Away,L,1,3,RB Leipzig,0.9,1.6,34.0,44478.0,Oliver Baumann,4-2-3-1,4-2-2-2,Robert Hartmann,Match Report,,9.0,5.0,16.9,0.0,0.0,0.0,2025,Hoffenheim
2025-04-05,15:30,Bundesliga,Matchweek 28,Sat,Away,W,1,0,Heidenheim,0.4,1.0,51.0,15000.0,Lukáš Hrádecký,3-4-3,5-4-1,Tobias Stieler,Match Report,,6.0,2.0,21.6,0.0,0.0,0.0,2025,Leverkusen
2025-04-05,18:30,Bundesliga,Matchweek 28,Sat,Away,L,0,2,Werder Bremen,0.5,1.0,62.0,42100.0,Robin Koch,4-2-3-1,3-5-2,Daniel Siebert,Match Report,,9.0,0.0,18.0,1.0,0.0,0.0,2025,Eint Frankfurt
2025-04-05,15:30,Bundesliga,Matchweek 28,Sat,Away,W,4,1,Freiburg,3.3,1.8,46.0,34700.0,Emre Can,3-5-2,4-2-3-1,Felix Zwayer,Match Report,,18.0,7.0,12.7,0.0,0.0,0.0,2025,Dortmund
2025-04-05,15:30,Bundesliga,Matchweek 28,Sat,Home,L,1,4,Dortmund,1.8,3.3,54.0,34700.0,Vincenzo Grifo,4-2-3-1,3-5-2,Felix Zwayer,Match Report,,12.0,2.0,14.5,0.0,0.0,0.0,2025,Freiburg
2025-04-05,18:30,Bundesliga,Matchweek 28,Sat,Home,W,2,0,Eint Frankfurt,1.0,0.5,38.0,42100.0,Marco Friedl,3-5-2,4-2-3-1,Daniel Siebert,Match Report,,12.0,4.0,17.2,0.0,0.0,0.0,2025,Werder Bremen
2025-04-05,15:30,Bundesliga,Matchweek 28,Sat,Away,W,4,0,Bochum,2.8,0.8,46.0,26000.0,Atakan Karazor,4-4-2,3-5-2,Felix Brych,Match Report,,14.0,6.0,15.4,0.0,0.0,0.0,2025,Stuttgart
2025-04-05,15:30,Bundesliga,Matchweek 28,Sat,Home,W,3,1,Hoffenheim,1.6,0.9,66.0,44478.0,Willi Orban,4-2-2-2,4-2-3-1,Robert Hartmann,Match Report,,16.0,5.0,18.0,1.0,0.0,0.0,2025,RB Leipzig
2025-04-05,15:30,Bundesliga,Matchweek 28,Sat,Home,D,1,1,Holstein Kiel,1.8,0.9,58.0,32500.0,Jonathan Burkardt,3-4-3,3-4-1-2,Frank Willenborg,Match Report,,13.0,3.0,14.5,1.0,0.0,0.0,2025,Mainz 05
2025-04-05,15:30,Bundesliga,Matchweek 28,Sat,Away,D,1,1,Mainz 05,0.9,1.8,42.0,32500.0,Timo Becker,3-4-1-2,3-4-3,Frank Willenborg,Match Report,,10.0,5.0,13.4,0.0,0.0,0.0,2025,Holstein Kiel
2025-04-05,15:30,Bundesliga,Matchweek 28,Sat,Home,L,0,4,Stuttgart,0.8,2.8,54.0,26000.0,Philipp Hofmann,3-5-2,4-4-2,Felix Brych,Match Report,,11.0,2.0,16.7,0.0,0.0,0.0,2025,Bochum
2025-04-05,15:30,Bundesliga,Matchweek 28,Sat,Home,L,0,1,Leverkusen,1.0,0.4,49.0,15000.0,Patrick Mainka,5-4-1,3-4-3,Tobias Stieler,Match Report,,10.0,2.0,13.8,0.0,0.0,0.0,2025,Heidenheim
2025-04-06,15:30,Bundesliga,Matchweek 28,Sun,Home,D,1,1,Gladbach,1.9,0.6,63.0,29546.0,Jackson Irvine,3-4-1-2,4-2-3-1,Christian Dingert,Match Report,,26.0,9.0,19.8,1.0,0.0,0.0,2025,St. Pauli
2025-04-06,17:30,Bundesliga,Matchweek 28,Sun,Home,W,1,0,Wolfsburg,1.2,1.9,46.0,22012.0,Christopher Trimmel,3-5-2,3-4-1-2,Harm Osmers,Match Report,,13.0,3.0,19.2,1.0,0.0,0.0,2025,Union Berlin
2025-04-06,17:30,Bundesliga,Matchweek 28,Sun,Away,L,0,1,Union Berlin,1.9,1.2,54.0,22012.0,Maximilian Arnold,3-4-1-2,3-5-2,Harm Osmers,Match Report,,12.0,3.0,13.2,0.0,0.0,0.0,2025,Wolfsburg
2025-04-06,15:30,Bundesliga,Matchweek 28,Sun,Away,D,1,1,St. Pauli,0.6,1.9,37.0,29546.0,Julian Weigl,4-2-3-1,3-4-1-2,Christian Dingert,Match Report,,5.0,3.0,17.3,0.0,0.0,0.0,2025,Gladbach
2025-04-08,21:00,Champions Lg,Quarter-finals,Tue,Home,L,1,2,it Inter,2.3,0.8,58.0,75000.0,Joshua Kimmich,4-2-3-1,3-5-2,Sandro Schärer,Match Report,Leg 1 of 2,20.0,7.0,14.9,0.0,0.0,0.0,2025,Bayern Munich
2025-04-09,21:00,Champions Lg,Quarter-finals,Wed,Away,L,0,4,es Barcelona,1.4,3.5,40.0,49760.0,Emre Can,4-5-1,4-2-3-1,Espen Eskås,Match Report,Leg 1 of 2,13.0,3.0,14.5,0.0,0.0,0.0,2025,Dortmund
2025-04-10,20:00 (21:00),Europa Lg,Quarter-finals,Thu,Away,D,1,1,eng Tottenham,0.3,0.9,44.0,57849.0,Robin Koch,4-2-3-1,4-3-3,Szymon Marciniak,Match Report,Leg 1 of 2,4.0,2.0,18.3,0.0,0.0,0.0,2025,Eint Frankfurt
2025-04-11,20:30,Bundesliga,Matchweek 29,Fri,Away,W,3,2,Wolfsburg,1.3,1.6,53.0,23070.0,Péter Gulácsi,4-2-2-2,3-4-1-2,Florian Exner,Match Report,,16.0,5.0,19.2,0.0,0.0,0.0,2025,RB Leipzig
2025-04-11,20:30,Bundesliga,Matchweek 29,Fri,Home,L,2,3,RB Leipzig,1.6,1.3,47.0,23070.0,Maximilian Arnold,3-4-1-2,4-2-2-2,Florian Exner,Match Report,,17.0,6.0,12.6,0.0,0.0,0.0,2025,Wolfsburg
2025-04-12,15:30,Bundesliga,Matchweek 29,Sat,Home,L,1,2,St. Pauli,0.5,1.2,51.0,15034.0,Timo Becker,3-4-1-2,3-4-3,Benjamin Brand,Match Report,,6.0,2.0,19.9,0.0,0.0,0.0,2025,Holstein Kiel
2025-04-12,15:30,Bundesliga,Matchweek 29,Sat,Home,D,0,0,Union Berlin,0.8,0.5,74.0,30210.0,Lukáš Hrádecký,3-5-2,3-4-3,Bastian Dankert,Match Report,,17.0,4.0,18.5,1.0,0.0,0.0,2025,Leverkusen
2025-04-12,15:30,Bundesliga,Matchweek 29,Sat,Away,W,2,1,Gladbach,1.6,0.7,58.0,53981.0,Christian Günter,4-2-3-1,4-2-3-1,Deniz Aytekin,Match Report,,19.0,7.0,13.1,0.0,0.0,0.0,2025,Freiburg
2025-04-12,15:30,Bundesliga,Matchweek 29,Sat,Home,W,2,0,Mainz 05,1.7,1.2,36.0,30150.0,Oliver Baumann,4-2-3-1,3-4-3,Sven Jablonski,Match Report,,8.0,5.0,14.4,0.0,0.0,0.0,2025,Hoffenheim
2025-04-12,15:30,Bundesliga,Matchweek 29,Sat,Home,L,1,2,Augsburg,2.8,1.1,53.0,25048.0,Philipp Hofmann,3-5-2,3-4-3,Martin Petersen,Match Report,,25.0,9.0,16.1,1.0,0.0,0.0,2025,Bochum
2025-04-12,18:30,Bundesliga,Matchweek 29,Sat,Home,D,2,2,Dortmund,2.3,1.6,62.0,75000.0,Thomas Müller,4-2-3-1,3-1-4-2,Tobias Welz,Match Report,,28.0,11.0,17.8,0.0,0.0,0.0,2025,Bayern Munich
2025-04-12,15:30,Bundesliga,Matchweek 29,Sat,Away,D,0,0,Leverkusen,0.5,0.8,26.0,30210.0,Christopher Trimmel,3-4-3,3-5-2,Bastian Dankert,Match Report,,7.0,3.0,16.9,0.0,0.0,0.0,2025,Union Berlin
2025-04-12,15:30,Bundesliga,Matchweek 29,Sat,Home,L,1,2,Freiburg,0.7,1.6,42.0,53981.0,Julian Weigl,4-2-3-1,4-2-3-1,Deniz Aytekin,Match Report,,10.0,1.0,17.0,0.0,0.0,0.0,2025,Gladbach
2025-04-12,15:30,Bundesliga,Matchweek 29,Sat,Away,L,0,2,Hoffenheim,1.2,1.7,64.0,30150.0,Robin Zentner,3-4-3,4-2-3-1,Sven Jablonski,Match Report,,14.0,1.0,15.2,0.0,0.0,0.0,2025,Mainz 05
2025-04-12,15:30,Bundesliga,Matchweek 29,Sat,Away,W,2,1,Bochum,1.1,2.8,47.0,25048.0,Jeffrey Gouweleeuw,3-4-3,3-5-2,Martin Petersen,Match Report,,12.0,4.0,19.6,2.0,0.0,0.0,2025,Augsburg
2025-04-12,15:30,Bundesliga,Matchweek 29,Sat,Away,W,2,1,Holstein Kiel,1.2,0.5,49.0,15034.0,Jackson Irvine,3-4-3,3-4-1-2,Benjamin Brand,Match Report,,14.0,6.0,15.8,0.0,0.0,0.0,2025,St. Pauli
2025-04-12,18:30,Bundesliga,Matchweek 29,Sat,Away,D,2,2,Bayern Munich,1.6,2.3,38.0,75000.0,Emre Can,3-1-4-2,4-2-3-1,Tobias Welz,Match Report,,11.0,3.0,14.8,0.0,0.0,0.0,2025,Dortmund
2025-04-13,17:30,Bundesliga,Matchweek 29,Sun,Home,W,3,0,Heidenheim,3.7,1.7,44.0,57500.0,Robin Koch,4-2-3-1,3-1-4-2,Timo Gerach,Match Report,,19.0,8.0,19.8,0.0,0.0,0.0,2025,Eint Frankfurt
2025-04-13,17:30,Bundesliga,Matchweek 29,Sun,Away,L,0,3,Eint Frankfurt,1.7,3.7,56.0,57500.0,Patrick Mainka,3-1-4-2,4-2-3-1,Timo Gerach,Match Report,,14.0,3.0,19.4,0.0,0.0,0.0,2025,Heidenheim
2025-04-13,15:30,Bundesliga,Matchweek 29,Sun,Away,W,2,1,Stuttgart,1.5,1.7,52.0,60000.0,Marco Friedl,3-5-2,4-2-3-1,Daniel Schlager,Match Report,,14.0,5.0,18.0,0.0,0.0,0.0,2025,Werder Bremen
2025-04-13,15:30,Bundesliga,Matchweek 29,Sun,Home,L,1,2,Werder Bremen,1.7,1.5,48.0,60000.0,Atakan Karazor,4-2-3-1,3-5-2,Daniel Schlager,Match Report,,12.0,4.0,17.0,0.0,0.0,0.0,2025,Stuttgart
2025-04-15,21:00,Champions Lg,Quarter-finals,Tue,Home,W,3,1,es Barcelona,3.6,0.5,47.0,81365.0,Gregor Kobel,3-4-3,4-2-3-1,Maurizio Mariani,Match Report,Leg 2 of 2; Barcelona won,17.0,10.0,13.4,0.0,1.0,1.0,2025,Dortmund
2025-04-16,21:00,Champions Lg,Quarter-finals,Wed,Away,D,2,2,it Inter,1.5,1.4,63.0,75625.0,Thomas Müller,4-2-3-1,3-5-2,Slavko Vinčič,Match Report,Leg 2 of 2; Inter won,20.0,6.0,15.3,0.0,0.0,0.0,2025,Bayern Munich
2025-04-17,21:00,Europa Lg,Quarter-finals,Thu,Home,L,0,1,eng Tottenham,0.9,1.5,61.0,57500.0,Robin Koch,4-2-3-1,4-3-3,Davide Massa,Match Report,Leg 2 of 2; Tottenham won,14.0,5.0,18.5,1.0,0.0,0.0,2025,Eint Frankfurt
2025-04-19,15:30,Bundesliga,Matchweek 30,Sat,Away,D,1,1,RB Leipzig,0.8,1.9,39.0,45940.0,Timo Becker,3-4-3,4-4-2,Felix Brych,Match Report,,14.0,3.0,17.5,0.0,0.0,0.0,2025,Holstein Kiel
2025-04-19,18:30,Bundesliga,Matchweek 30,Sat,Away,D,4,4,Union Berlin,0.9,1.3,77.0,22012.0,Atakan Karazor,4-2-3-1,3-5-2,Tobias Stieler,Match Report,,12.0,6.0,18.7,1.0,0.0,0.0,2025,Stuttgart
2025-04-19,15:30,Bundesliga,Matchweek 30,Sat,Home,L,0,4,Bayern Munich,0.6,3.2,32.0,15000.0,Patrick Mainka,4-3-1-2,4-2-3-1,Frank Willenborg,Match Report,,4.0,1.0,13.4,0.0,0.0,0.0,2025,Heidenheim
2025-04-19,15:30,Bundesliga,Matchweek 30,Sat,Home,W,1,0,Bochum,1.8,0.7,48.0,42100.0,Marco Friedl,3-5-2,3-4-3,Robert Schröder,Match Report,,14.0,4.0,15.1,1.0,0.0,0.0,2025,Werder Bremen
2025-04-19,15:30,Bundesliga,Matchweek 30,Sat,Away,D,2,2,Mainz 05,1.6,2.7,48.0,31500.0,Maximilian Arnold,3-5-2,3-4-1-2,Felix Zwayer,Match Report,,16.0,4.0,17.4,1.0,0.0,0.0,2025,Wolfsburg
2025-04-19,15:30,Bundesliga,Matchweek 30,Sat,Home,W,3,2,Hoffenheim,1.3,1.5,40.0,34100.0,Vincenzo Grifo,4-4-1-1,3-4-3,Sascha Stegemann,Match Report,,12.0,6.0,14.9,0.0,0.0,0.0,2025,Freiburg
2025-04-19,15:30,Bundesliga,Matchweek 30,Sat,Away,L,0,1,Werder Bremen,0.7,1.8,52.0,42100.0,Philipp Hofmann,3-4-3,3-5-2,Robert Schröder,Match Report,,12.0,1.0,19.5,2.0,0.0,0.0,2025,Bochum
2025-04-19,15:30,Bundesliga,Matchweek 30,Sat,Away,W,4,0,Heidenheim,3.2,0.6,68.0,15000.0,Joshua Kimmich,4-2-3-1,4-3-1-2,Frank Willenborg,Match Report,,18.0,11.0,15.2,1.0,0.0,0.0,2025,Bayern Munich
2025-04-19,15:30,Bundesliga,Matchweek 30,Sat,Away,L,2,3,Freiburg,1.5,1.3,60.0,34100.0,Oliver Baumann,3-4-3,4-4-1-1,Sascha Stegemann,Match Report,,19.0,6.0,18.4,1.0,0.0,0.0,2025,Hoffenheim
2025-04-19,18:30,Bundesliga,Matchweek 30,Sat,Home,D,4,4,Stuttgart,1.3,0.9,23.0,22012.0,Christopher Trimmel,3-5-2,4-2-3-1,Tobias Stieler,Match Report,,12.0,5.0,16.2,0.0,0.0,0.0,2025,Union Berlin
2025-04-19,15:30,Bundesliga,Matchweek 30,Sat,Home,D,2,2,Wolfsburg,2.7,1.6,52.0,31500.0,Robin Zentner,3-4-1-2,3-5-2,Felix Zwayer,Match Report,,18.0,7.0,14.7,0.0,0.0,0.0,2025,Mainz 05
2025-04-19,15:30,Bundesliga,Matchweek 30,Sat,Home,D,1,1,Holstein Kiel,1.9,0.8,61.0,45940.0,Péter Gulácsi,4-4-2,3-4-3,Felix Brych,Match Report,,9.0,3.0,15.0,0.0,1.0,1.0,2025,RB Leipzig
2025-04-20,17:30,Bundesliga,Matchweek 30,Sun,Away,L,2,3,Dortmund,1.4,1.4,41.0,81365.0,Jonas Omlin,4-2-3-1,3-4-3,Daniel Siebert,Match Report,,5.0,2.0,22.3,0.0,1.0,1.0,2025,Gladbach
2025-04-20,15:30,Bundesliga,Matchweek 30,Sun,Away,D,0,0,Augsburg,1.1,0.9,54.0,30660.0,Kevin Trapp,3-5-2,3-4-3,Florian Badstübner,Match Report,,8.0,4.0,10.8,0.0,0.0,0.0,2025,Eint Frankfurt
2025-04-20,15:30,Bundesliga,Matchweek 30,Sun,Home,D,0,0,Eint Frankfurt,0.9,1.1,46.0,30660.0,Jeffrey Gouweleeuw,3-4-3,3-5-2,Florian Badstübner,Match Report,,13.0,2.0,18.1,0.0,0.0,0.0,2025,Augsburg
2025-04-20,19:30,Bundesliga,Matchweek 30,Sun,Away,D,1,1,St. Pauli,0.8,1.1,57.0,29546.0,Lukáš Hrádecký,3-4-3,3-4-3,Sören Storks,Match Report,,6.0,4.0,15.5,0.0,0.0,0.0,2025,Leverkusen
2025-04-20,17:30,Bundesliga,Matchweek 30,Sun,Home,W,3,2,Gladbach,1.4,1.4,59.0,81365.0,Gregor Kobel,3-4-3,4-2-3-1,Daniel Siebert,Match Report,,14.0,6.0,16.8,0.0,0.0,0.0,2025,Dortmund
2025-04-20,19:30,Bundesliga,Matchweek 30,Sun,Home,D,1,1,Leverkusen,1.1,0.8,43.0,29546.0,Eric Smith,3-4-3,3-4-3,Sören Storks,Match Report,,10.0,5.0,16.8,3.0,0.0,0.0,2025,St. Pauli
2025-04-25,20:30,Bundesliga,Matchweek 31,Fri,Home,L,0,1,Heidenheim,1.8,0.3,69.0,60000.0,Atakan Karazor,4-2-3-1,5-3-2,Tobias Welz,Match Report,,19.0,3.0,18.9,1.0,0.0,0.0,2025,Stuttgart
2025-04-25,20:30,Bundesliga,Matchweek 31,Fri,Away,W,1,0,Stuttgart,0.3,1.8,31.0,60000.0,Patrick Mainka,5-3-2,4-2-3-1,Tobias Welz,Match Report,,6.0,2.0,21.4,0.0,0.0,0.0,2025,Heidenheim
2025-04-26,15:30,Bundesliga,Matchweek 31,Sat,Home,L,2,3,Dortmund,1.1,2.6,39.0,30150.0,Oliver Baumann,3-4-3,3-4-3,Benjamin Brand,Match Report,,11.0,3.0,15.7,1.0,0.0,0.0,2025,Hoffenheim
2025-04-26,15:30,Bundesliga,Matchweek 31,Sat,Home,W,3,0,Mainz 05,1.1,0.7,59.0,75000.0,Joshua Kimmich,4-2-2-2,3-4-3,Bastian Dankert,Match Report,,14.0,6.0,16.4,0.0,0.0,0.0,2025,Bayern Munich
2025-04-26,15:30,Bundesliga,Matchweek 31,Sat,Home,L,0,1,Freiburg,0.3,1.6,44.0,23145.0,Maximilian Arnold,3-5-2,4-4-1-1,Sven Jablonski,Match Report,,7.0,1.0,21.2,1.0,0.0,0.0,2025,Wolfsburg
2025-04-26,18:30,Bundesliga,Matchweek 31,Sat,Home,W,4,0,RB Leipzig,2.1,0.4,46.0,56500.0,Kevin Trapp,3-4-3,3-5-1-1,Matthias Jöllenbeck,Match Report,,9.0,5.0,13.1,1.0,0.0,0.0,2025,Eint Frankfurt
2025-04-26,15:30,Bundesliga,Matchweek 31,Sat,Away,L,0,2,Leverkusen,0.7,0.9,47.0,29563.0,Jeffrey Gouweleeuw,3-4-3,4-4-1-1,Christian Dingert,Match Report,,11.0,2.0,18.9,0.0,0.0,0.0,2025,Augsburg
2025-04-26,15:30,Bundesliga,Matchweek 31,Sat,Away,W,3,2,Hoffenheim,2.6,1.1,61.0,30150.0,Emre Can,3-4-3,3-4-3,Benjamin Brand,Match Report,,15.0,7.0,16.8,0.0,0.0,1.0,2025,Dortmund
2025-04-26,18:30,Bundesliga,Matchweek 31,Sat,Away,L,0,4,Eint Frankfurt,0.4,2.1,54.0,56500.0,Xavi Simons,3-5-1-1,3-4-3,Matthias Jöllenbeck,Match Report,,7.0,3.0,21.9,1.0,0.0,0.0,2025,RB Leipzig
2025-04-26,15:30,Bundesliga,Matchweek 31,Sat,Away,L,3,4,Holstein Kiel,1.6,3.5,62.0,15034.0,Jonas Omlin,4-2-3-1,3-4-1-2,Robert Hartmann,Match Report,,16.0,7.0,12.5,0.0,0.0,0.0,2025,Gladbach
2025-04-26,15:30,Bundesliga,Matchweek 31,Sat,Away,W,1,0,Wolfsburg,1.6,0.3,56.0,23145.0,Vincenzo Grifo,4-4-1-1,3-5-2,Sven Jablonski,Match Report,,15.0,2.0,17.1,1.0,0.0,0.0,2025,Freiburg
2025-04-26,15:30,Bundesliga,Matchweek 31,Sat,Away,L,0,3,Bayern Munich,0.7,1.1,41.0,75000.0,Jonathan Burkardt,3-4-3,4-2-2-2,Bastian Dankert,Match Report,,8.0,3.0,18.8,0.0,0.0,0.0,2025,Mainz 05
2025-04-26,15:30,Bundesliga,Matchweek 31,Sat,Home,W,2,0,Augsburg,0.9,0.7,53.0,29563.0,Jonathan Tah,4-4-1-1,3-4-3,Christian Dingert,Match Report,,14.0,5.0,18.4,0.0,0.0,0.0,2025,Leverkusen
2025-04-26,15:30,Bundesliga,Matchweek 31,Sat,Home,W,4,3,Gladbach,3.5,1.6,38.0,15034.0,Timo Becker,3-4-1-2,4-2-3-1,Robert Hartmann,Match Report,,22.0,11.0,17.1,0.0,0.0,0.0,2025,Holstein Kiel
2025-04-27,15:30,Bundesliga,Matchweek 31,Sun,Home,D,1,1,Union Berlin,1.5,0.3,66.0,26000.0,Philipp Hofmann,3-4-1-2,3-5-2,Deniz Aytekin,Match Report,,9.0,3.0,20.1,0.0,0.0,1.0,2025,Bochum
2025-04-27,17:30,Bundesliga,Matchweek 31,Sun,Away,D,0,0,Werder Bremen,0.6,1.1,49.0,42100.0,Eric Smith,3-4-3,3-4-3,Tobias Reichel,Match Report,,10.0,4.0,16.9,0.0,0.0,0.0,2025,St. Pauli
2025-04-27,17:30,Bundesliga,Matchweek 31,Sun,Home,D,0,0,St. Pauli,1.1,0.6,51.0,42100.0,Marco Friedl,3-4-3,3-4-3,Tobias Reichel,Match Report,,11.0,2.0,16.5,0.0,0.0,0.0,2025,Werder Bremen
2025-04-27,15:30,Bundesliga,Matchweek 31,Sun,Away,D,1,1,Bochum,0.3,1.5,34.0,26000.0,Christopher Trimmel,3-5-2,3-4-1-2,Deniz Aytekin,Match Report,,5.0,1.0,15.7,0.0,0.0,0.0,2025,Union Berlin
2025-05-02,20:30,Bundesliga,Matchweek 32,Fri,Home,D,0,0,Bochum,0.7,1.3,46.0,15000.0,Patrick Mainka,3-4-3,3-1-4-2,Sascha Stegemann,Match Report,,12.0,3.0,20.4,0.0,0.0,0.0,2025,Heidenheim
2025-05-02,20:30,Bundesliga,Matchweek 32,Fri,Away,D,0,0,Heidenheim,1.3,0.7,54.0,15000.0,Philipp Hofmann,3-1-4-2,3-4-3,Sascha Stegemann,Match Report,,14.0,3.0,16.3,0.0,0.0,0.0,2025,Bochum
2025-05-03,15:30,Bundesliga,Matchweek 32,Sat,Home,D,4,4,Hoffenheim,1.4,1.8,44.0,52000.0,Jonas Omlin,4-2-3-1,3-4-3,Frank Willenborg,Match Report,,12.0,7.0,16.7,0.0,0.0,0.0,2025,Gladbach
2025-05-03,18:30,Bundesliga,Matchweek 32,Sat,Away,L,0,4,Dortmund,0.7,2.4,46.0,81365.0,Kamil Grabara,3-5-2,3-4-3,Felix Brych,Match Report,,11.0,2.0,15.7,0.0,0.0,0.0,2025,Wolfsburg
2025-05-03,15:30,Bundesliga,Matchweek 32,Sat,Home,L,0,1,Stuttgart,0.4,2.7,30.0,29546.0,Eric Smith,3-4-3,4-2-3-1,Florian Exner,Match Report,,6.0,1.0,20.3,0.0,0.0,0.0,2025,St. Pauli
2025-05-03,15:30,Bundesliga,Matchweek 32,Sat,Home,D,2,2,Werder Bremen,1.5,1.6,41.0,22012.0,Christopher Trimmel,3-5-2,3-5-2,Sören Storks,Match Report,,18.0,8.0,17.5,0.0,0.0,0.0,2025,Union Berlin
2025-05-03,15:30,Bundesliga,Matchweek 32,Sat,Away,D,3,3,RB Leipzig,1.6,1.2,62.0,47800.0,Thomas Müller,4-4-2,4-4-2,Felix Zwayer,Match Report,,20.0,6.0,16.6,0.0,0.0,0.0,2025,Bayern Munich
2025-05-03,15:30,Bundesliga,Matchweek 32,Sat,Away,W,1,0,St. Pauli,2.7,0.4,70.0,29546.0,Atakan Karazor,4-2-3-1,3-4-3,Florian Exner,Match Report,,20.0,7.0,16.5,0.0,0.0,1.0,2025,Stuttgart
2025-05-03,15:30,Bundesliga,Matchweek 32,Sat,Home,D,3,3,Bayern Munich,1.2,1.6,38.0,47800.0,Kevin Kampl,4-4-2,4-4-2,Felix Zwayer,Match Report,,8.0,6.0,19.3,1.0,0.0,0.0,2025,RB Leipzig
2025-05-03,15:30,Bundesliga,Matchweek 32,Sat,Away,D,4,4,Gladbach,1.8,1.4,56.0,52000.0,Andrej Kramarić,3-4-3,4-2-3-1,Frank Willenborg,Match Report,,26.0,8.0,18.4,0.0,0.0,0.0,2025,Hoffenheim
2025-05-03,18:30,Bundesliga,Matchweek 32,Sat,Home,W,4,0,Wolfsburg,2.4,0.7,54.0,81365.0,Julian Brandt,3-4-3,3-5-2,Felix Brych,Match Report,,11.0,5.0,12.8,0.0,0.0,0.0,2025,Dortmund
2025-05-03,15:30,Bundesliga,Matchweek 32,Sat,Away,D,2,2,Union Berlin,1.6,1.5,59.0,22012.0,Marco Friedl,3-5-2,3-5-2,Sören Storks,Match Report,,13.0,6.0,17.6,0.0,0.0,0.0,2025,Werder Bremen
2025-05-04,15:30,Bundesliga,Matchweek 32,Sun,Home,L,1,3,Holstein Kiel,3.2,1.7,72.0,28660.0,Jeffrey Gouweleeuw,3-4-3,3-4-1-2,Harm Osmers,Match Report,,27.0,10.0,15.9,0.0,0.0,0.0,2025,Augsburg
2025-05-04,19:30,Bundesliga,Matchweek 32,Sun,Home,D,1,1,Eint Frankfurt,1.4,1.3,64.0,33305.0,Jonathan Burkardt,3-4-3,3-4-3,Martin Petersen,Match Report,,12.0,3.0,13.9,0.0,0.0,0.0,2025,Mainz 05
2025-05-04,17:30,Bundesliga,Matchweek 32,Sun,Away,D,2,2,Freiburg,0.3,0.9,67.0,34700.0,Jonathan Tah,3-4-3,4-4-1-1,Daniel Siebert,Match Report,,5.0,2.0,19.2,0.0,0.0,0.0,2025,Leverkusen
2025-05-04,19:30,Bundesliga,Matchweek 32,Sun,Away,D,1,1,Mainz 05,1.3,1.4,36.0,33305.0,Kevin Trapp,3-4-3,3-4-3,Martin Petersen,Match Report,,8.0,2.0,18.1,0.0,0.0,0.0,2025,Eint Frankfurt
2025-05-04,17:30,Bundesliga,Matchweek 32,Sun,Home,D,2,2,Leverkusen,0.9,0.3,33.0,34700.0,Vincenzo Grifo,4-4-1-1,3-4-3,Daniel Siebert,Match Report,,7.0,3.0,15.6,0.0,0.0,0.0,2025,Freiburg
2025-05-04,15:30,Bundesliga,Matchweek 32,Sun,Away,W,3,1,Augsburg,1.7,3.2,28.0,28660.0,Carl Johansson,3-4-1-2,3-4-3,Harm Osmers,Match Report,,6.0,3.0,17.3,0.0,1.0,1.0,2025,Holstein Kiel
2025-05-09,20:30,Bundesliga,Matchweek 33,Fri,Home,D,2,2,Hoffenheim,1.0,1.4,54.0,20145.0,Kamil Grabara,4-1-4-1,3-1-4-2,Matthias Jöllenbeck,Match Report,,14.0,5.0,16.8,0.0,0.0,0.0,2025,Wolfsburg
2025-05-09,20:30,Bundesliga,Matchweek 33,Fri,Away,D,2,2,Wolfsburg,1.4,1.0,46.0,20145.0,Oliver Baumann,3-1-4-2,4-1-4-1,Matthias Jöllenbeck,Match Report,,17.0,7.0,17.1,1.0,0.0,0.0,2025,Hoffenheim
2025-05-10,15:30,Bundesliga,Matchweek 33,Sat,Home,L,1,2,Freiburg,1.0,1.4,60.0,15034.0,Carl Johansson,3-4-1-2,4-4-1-1,Robert Schröder,Match Report,,15.0,3.0,25.6,2.0,0.0,0.0,2025,Holstein Kiel
2025-05-10,15:30,Bundesliga,Matchweek 33,Sat,Away,D,0,0,Werder Bremen,1.7,2.0,45.0,41000.0,Péter Gulácsi,4-4-2,3-5-2,Bastian Dankert,Match Report,,16.0,4.0,19.3,1.0,0.0,0.0,2025,RB Leipzig
2025-05-10,15:30,Bundesliga,Matchweek 33,Sat,Away,W,3,0,Union Berlin,1.1,0.5,51.0,22000.0,Patrick Mainka,3-4-3,3-4-1-2,Florian Badstübner,Match Report,,8.0,4.0,15.0,0.0,0.0,0.0,2025,Heidenheim
2025-05-10,18:30,Bundesliga,Matchweek 33,Sat,Away,L,0,2,Bayern Munich,1.6,2.5,38.0,75000.0,Jonas Omlin,4-1-4-1,4-2-3-1,Sven Jablonski,Match Report,,16.0,6.0,15.6,0.0,0.0,0.0,2025,Gladbach
2025-05-10,15:30,Bundesliga,Matchweek 33,Sat,Home,D,0,0,RB Leipzig,2.0,1.7,55.0,41000.0,Marco Friedl,3-5-2,4-4-2,Bastian Dankert,Match Report,,21.0,5.0,13.0,0.0,0.0,0.0,2025,Werder Bremen
2025-05-10,15:30,Bundesliga,Matchweek 33,Sat,Home,L,1,4,Mainz 05,0.9,1.5,44.0,26000.0,Maximilian Wittek,3-1-4-2,3-4-3,Tobias Stieler,Match Report,,11.0,6.0,20.0,0.0,0.0,0.0,2025,Bochum
2025-05-10,15:30,Bundesliga,Matchweek 33,Sat,Away,W,4,1,Bochum,1.5,0.9,56.0,26000.0,Jonathan Burkardt,3-4-3,3-1-4-2,Tobias Stieler,Match Report,,22.0,7.0,16.6,2.0,0.0,0.0,2025,Mainz 05
2025-05-10,18:30,Bundesliga,Matchweek 33,Sat,Home,W,2,0,Gladbach,2.5,1.6,62.0,75000.0,Manuel Neuer,4-2-3-1,4-1-4-1,Sven Jablonski,Match Report,,24.0,9.0,17.7,0.0,0.0,0.0,2025,Bayern Munich
2025-05-10,15:30,Bundesliga,Matchweek 33,Sat,Home,L,0,3,Heidenheim,0.5,1.1,49.0,22000.0,Christopher Trimmel,3-4-1-2,3-4-3,Florian Badstübner,Match Report,,10.0,1.0,17.6,0.0,0.0,0.0,2025,Union Berlin
2025-05-10,15:30,Bundesliga,Matchweek 33,Sat,Away,W,2,1,Holstein Kiel,1.4,1.0,40.0,15034.0,Vincenzo Grifo,4-4-1-1,3-4-1-2,Robert Schröder,Match Report,,9.0,3.0,10.3,0.0,0.0,0.0,2025,Freiburg
2025-05-11,19:30,Bundesliga,Matchweek 33,Sun,Home,W,4,0,Augsburg,3.9,0.5,70.0,59000.0,Atakan Karazor,4-2-3-1,3-4-3,Timo Gerach,Match Report,,29.0,11.0,13.8,0.0,0.0,0.0,2025,Stuttgart
2025-05-11,15:30,Bundesliga,Matchweek 33,Sun,Away,W,4,2,Leverkusen,1.2,2.2,38.0,30210.0,Julian Brandt,3-4-3,3-4-3,Deniz Aytekin,Match Report,,9.0,5.0,19.5,0.0,0.0,0.0,2025,Dortmund
2025-05-11,17:30,Bundesliga,Matchweek 33,Sun,Home,D,2,2,St. Pauli,1.7,0.8,72.0,58000.0,Kevin Trapp,3-4-3,3-4-3,Christian Dingert,Match Report,,13.0,5.0,14.9,0.0,0.0,0.0,2025,Eint Frankfurt
2025-05-11,17:30,Bundesliga,Matchweek 33,Sun,Away,D,2,2,Eint Frankfurt,0.8,1.7,28.0,58000.0,Eric Smith,3-4-3,3-4-3,Christian Dingert,Match Report,,5.0,2.0,14.8,0.0,0.0,0.0,2025,St. Pauli
2025-05-11,19:30,Bundesliga,Matchweek 33,Sun,Away,L,0,4,Stuttgart,0.5,3.9,30.0,59000.0,Jeffrey Gouweleeuw,3-4-3,4-2-3-1,Timo Gerach,Match Report,,7.0,0.0,16.3,0.0,0.0,0.0,2025,Augsburg
2025-05-11,15:30,Bundesliga,Matchweek 33,Sun,Home,L,2,4,Dortmund,2.2,1.2,62.0,30210.0,Jonathan Tah,3-4-3,3-4-3,Deniz Aytekin,Match Report,,19.0,10.0,16.8,0.0,0.0,0.0,2025,Leverkusen
2025-05-17,15:30,Bundesliga,Matchweek 34,Sat,Home,L,0,1,Wolfsburg,1.0,1.7,59.0,53048.0,Jonas Omlin,4-3-3,4-3-3,Sascha Stegemann,Match Report,,16.0,3.0,19.1,0.0,0.0,0.0,2025,Gladbach
2025-05-17,15:30,Bundesliga,Matchweek 34,Sat,Away,W,4,0,Hoffenheim,1.4,0.4,66.0,30150.0,Manuel Neuer,4-2-3-1,3-4-3,Daniel Schlager,Match Report,,14.0,5.0,19.1,1.0,0.0,0.0,2025,Bayern Munich
2025-05-17,15:30,Bundesliga,Matchweek 34,Sat,Away,W,3,2,RB Leipzig,2.6,1.1,51.0,47800.0,Atakan Karazor,3-4-3,4-2-2-2,Daniel Siebert,Match Report,,15.0,7.0,10.9,0.0,0.0,0.0,2025,Stuttgart
2025-05-17,15:30,Bundesliga,Matchweek 34,Sat,Home,L,1,3,Eint Frankfurt,0.7,2.0,59.0,34700.0,Vincenzo Grifo,4-4-1-1,3-4-3,Benjamin Brand,Match Report,,8.0,1.0,13.0,0.0,0.0,0.0,2025,Freiburg
2025-05-17,15:30,Bundesliga,Matchweek 34,Sat,Away,W,2,0,St. Pauli,1.3,0.8,43.0,29546.0,Maximilian Wittek,3-5-2,3-4-3,Felix Zwayer,Match Report,,9.0,6.0,17.5,0.0,0.0,0.0,2025,Bochum
2025-05-17,15:30,Bundesliga,Matchweek 34,Sat,Home,L,0,4,Bayern Munich,0.4,1.4,34.0,30150.0,Oliver Baumann,3-4-3,4-2-3-1,Daniel Schlager,Match Report,,6.0,2.0,17.9,0.0,0.0,0.0,2025,Hoffenheim
2025-05-17,15:30,Bundesliga,Matchweek 34,Sat,Away,W,1,0,Gladbach,1.7,1.0,41.0,53048.0,Maximilian Arnold,4-3-3,4-3-3,Sascha Stegemann,Match Report,,17.0,6.0,20.2,0.0,0.0,0.0,2025,Wolfsburg
2025-05-17,15:30,Bundesliga,Matchweek 34,Sat,Home,W,3,0,Holstein Kiel,2.4,0.8,73.0,81365.0,Julian Brandt,3-4-3,3-4-3,Harm Osmers,Match Report,,18.0,5.0,19.0,0.0,1.0,1.0,2025,Dortmund
2025-05-17,15:30,Bundesliga,Matchweek 34,Sat,Home,L,2,3,Stuttgart,1.1,2.6,49.0,47800.0,Péter Gulácsi,4-2-2-2,3-4-3,Daniel Siebert,Match Report,,8.0,5.0,15.0,1.0,0.0,0.0,2025,RB Leipzig
2025-05-17,15:30,Bundesliga,Matchweek 34,Sat,Away,L,0,3,Dortmund,0.8,2.4,27.0,81365.0,Lewis Holtby,3-4-3,3-4-3,Harm Osmers,Match Report,,4.0,2.0,11.3,0.0,0.0,0.0,2025,Holstein Kiel
2025-05-17,15:30,Bundesliga,Matchweek 34,Sat,Away,W,2,1,Augsburg,0.8,1.7,38.0,30660.0,Rani Khedira,3-4-3,3-4-3,Felix Brych,Match Report,,5.0,3.0,16.9,0.0,0.0,0.0,2025,Union Berlin
2025-05-17,15:30,Bundesliga,Matchweek 34,Sat,Away,W,4,1,Heidenheim,2.2,1.6,49.0,15000.0,Marco Friedl,3-5-2,3-4-3,Tobias Welz,Match Report,,12.0,5.0,15.5,0.0,1.0,1.0,2025,Werder Bremen
2025-05-17,15:30,Bundesliga,Matchweek 34,Sat,Away,D,2,2,Mainz 05,1.2,3.1,52.0,33305.0,Lukáš Hrádecký,3-4-3,3-4-3,Tobias Reichel,Match Report,,6.0,3.0,16.9,0.0,1.0,1.0,2025,Leverkusen
2025-05-17,15:30,Bundesliga,Matchweek 34,Sat,Home,L,0,2,Bochum,0.8,1.3,57.0,29546.0,Eric Smith,3-4-3,3-5-2,Felix Zwayer,Match Report,,10.0,2.0,18.6,0.0,0.0,0.0,2025,St. Pauli
2025-05-17,15:30,Bundesliga,Matchweek 34,Sat,Home,D,2,2,Leverkusen,3.1,1.2,48.0,33305.0,Jonathan Burkardt,3-4-3,3-4-3,Tobias Reichel,Match Report,,19.0,5.0,15.5,1.0,1.0,1.0,2025,Mainz 05
2025-05-17,15:30,Bundesliga,Matchweek 34,Sat,Home,L,1,2,Union Berlin,1.7,0.8,62.0,30660.0,Jeffrey Gouweleeuw,3-4-3,3-4-3,Felix Brych,Match Report,,19.0,4.0,15.9,0.0,0.0,0.0,2025,Augsburg
2025-05-17,15:30,Bundesliga,Matchweek 34,Sat,Away,W,3,1,Freiburg,2.0,0.7,41.0,34700.0,Kevin Trapp,3-4-3,4-4-1-1,Benjamin Brand,Match Report,,11.0,6.0,13.4,0.0,0.0,0.0,2025,Eint Frankfurt
2025-05-17,15:30,Bundesliga,Matchweek 34,Sat,Home,L,1,4,Werder Bremen,1.6,2.2,51.0,15000.0,Patrick Mainka,3-4-3,3-5-2,Tobias Welz,Match Report,,21.0,8.0,17.3,2.0,0.0,0.0,2025,Heidenheim
2025-05-22,20:30,Rel/Pro play-offs,German 1/2 Relegation/Promotion play-offs,Thu,Home,D,2,2,Elversberg,,,56.0,15000.0,Patrick Mainka,3-5-2,4-2-3-1,Sven Jablonski,Match Report,Leg 1 of 2,22.0,8.0,,,0.0,0.0,2025,Heidenheim
2025-05-24,20:00,DFB-Pokal,Final,Sat,Neutral,W,4,2,Arminia,,,41.0,74036.0,Atakan Karazor,4-4-2,4-1-4-1,Christian Dingert,Match Report,,14.0,7.0,,,0.0,0.0,2025,Stuttgart
2025-05-26,20:30,Rel/Pro play-offs,German 1/2 Relegation/Promotion play-offs,Mon,Away,W,2,1,Elversberg,,,35.0,9105.0,Patrick Mainka,3-1-4-2,4-2-3-1,Sascha Stegemann,Match Report,Leg 2 of 2; Heidenheim won,11.0,4.0,,,0.0,0.0,2025,Heidenheim
2025-08-15,18:00,DFB-Pokal,Round of 64,Fri,Away,W,4,0,Großaspach,,,69.0,8850.0,Robert Andrich,3-4-3,4-2-2-2,Michael Bacher,Match Report,,20.0,9.0,,,1.0,1.0,2026,Leverkusen
2025-08-15,18:00,DFB-Pokal,Round of 64,Fri,Away,W,5,0,FC Gütersloh 2000,,,49.0,9236.0,Christopher Trimmel,3-4-3,4-1-4-1,Jarno Wienefeld,Match Report,,15.0,8.0,,,0.0,0.0,2026,Union Berlin
2025-08-15,20:45,DFB-Pokal,Round of 64,Fri,Away,L,0,1,Arminia,,,49.0,,Marco Friedl,4-2-3-1,4-4-2,Robert Hartmann,Match Report,,10.0,0.0,,,0.0,0.0,2026,Werder Bremen
2025-08-16,15:30,DFB-Pokal,Round of 64,Sat,Away,D,0 (3),0 (2),Eintracht Norderstedt,,,78.0,30000.0,Eric Smith,3-4-3,3-5-2,Eric-Dominic Weisbach,Match Report,St. Pauli won on penalty kicks following extra time,41.0,16.0,,,0.0,0.0,2026,St. Pauli
2025-08-16,13:00,DFB-Pokal,Round of 64,Sat,Away,W,2,1,FK Pirmasens,,,75.0,10000.0,Jonas Meffert,3-4-3,4-2-3-1,Timo Gansloweit,Match Report,Required Extra Time,17.0,7.0,,,0.0,0.0,2026,Hamburger SV
2025-08-16,20:30,DFL-Supercup,Franz Beckenbauer Supercup,Sat,Away,W,2,1,Stuttgart,,,53.0,,Manuel Neuer,4-2-3-1,4-2-3-1,Harm Osmers,Match Report,,17.0,3.0,,,0.0,0.0,2026,Bayern Munich
2025-08-16,15:30,DFB-Pokal,Round of 64,Sat,Away,W,5,0,Bahlinger SC,,,57.0,4000.0,Patrick Mainka,3-4-3,4-2-3-1,Lukas Benen,Match Report,,15.0,10.0,,,0.0,0.0,2026,Heidenheim
2025-08-16,18:00,DFB-Pokal,Round of 64,Sat,Away,W,2,0,Sportfreunde Lotte,,,84.0,5681.0,Christian Günter,4-3-3,3-4-3,Florian Lechner,Match Report,,17.0,3.0,,,0.0,0.0,2026,Freiburg
2025-08-16,15:30,DFB-Pokal,Round of 64,Sat,Away,W,9,0,SV Hemelingen,,,72.0,6641.0,Maximilian Arnold,4-2-3-1,4-2-3-1,Nico Fuchs,Match Report,,38.0,17.0,,,1.0,1.0,2026,Wolfsburg
2025-08-16,15:30,DFB-Pokal,Round of 64,Sat,Away,W,4,0,Hansa Rostock,,,63.0,25000.0,Oliver Baumann,3-4-3,3-4-3,Wolfgang Haslberger,Match Report,,13.0,7.0,,,0.0,0.0,2026,Hoffenheim
2025-08-16,15:30,DFB-Pokal,Round of 64,Sat,Away,W,4,2,Sandhausen,,,75.0,4987.0,David Raum,4-3-3,4-4-2,Matthias Jöllenbeck,Match Report,,26.0,6.0,,,0.0,0.0,2026,RB Leipzig
2025-08-16,20:30,DFL-Supercup,Franz Beckenbauer Supercup,Sat,Home,L,1,2,Bayern Munich,,,47.0,,Atakan Karazor,4-2-3-1,4-2-3-1,Harm Osmers,Match Report,,14.0,5.0,,,0.0,0.0,2026,Stuttgart
2025-08-17,15:30,DFB-Pokal,Round of 64,Sun,Away,W,3,2,SV Atlas,,,64.0,14300.0,Rocco Reitz,4-2-3-1,4-4-2,Fabienne Michel,Match Report,,26.0,10.0,,,0.0,0.0,2026,Gladbach
2025-08-17,18:00,DFB-Pokal,Round of 64,Sun,Away,W,2,0,Hallescher,,,57.0,14000.0,Jeffrey Gouweleeuw,4-4-2,4-3-3,Tobias Reichel,Match Report,,16.0,6.0,,,0.0,0.0,2026,Augsburg
2025-08-17,15:30,DFB-Pokal,Round of 64,Sun,Away,W,2,1,Jahn R'burg,,,77.0,13396.0,Ron-Robert Zieler,3-4-3,3-4-1-2,Christian Dingert,Match Report,,17.0,2.0,,,0.0,0.0,2026,Köln
2025-08-17,13:00,DFB-Pokal,Round of 64,Sun,Away,W,5,0,FV Engers 07,,,83.0,10100.0,Robin Koch,4-2-3-1,4-3-3,Robert Kampka,Match Report,,31.0,10.0,,,0.0,0.0,2026,Eint Frankfurt
2025-08-18,20:45,DFB-Pokal,Round of 64,Mon,Away,W,1,0,Rot-Weiss Essen,,,67.0,19300.0,Gregor Kobel,3-5-2,3-4-3,Frank Willenborg,Match Report,,13.0,4.0,,,0.0,0.0,2026,Dortmund
2025-08-18,18:00,DFB-Pokal,Round of 64,Mon,Away,W,1,0,Dresden,,,48.0,30105.0,Silvan Widmer,3-4-1-2,4-2-3-1,Florian Badstübner,Match Report,,12.0,6.0,,,0.0,0.0,2026,Mainz 05
2025-08-21,18:00,Conf Lg,Play-off round,Thu,Away,,,,no Rosenborg,,,,,,,,,Head-to-Head,Leg 1 of 2,,,,,,,2026,Mainz 05
2025-08-22,20:30,Bundesliga,Matchweek 1,Fri,Home,,,,RB Leipzig,,,,,,,,,Head-to-Head,,,,,,,,2026,Bayern Munich
2025-08-22,20:30,Bundesliga,Matchweek 1,Fri,Away,,,,Bayern Munich,,,,,,,,,Head-to-Head,,,,,,,,2026,RB Leipzig
2025-08-23,15:30,Bundesliga,Matchweek 1,Sat,Away,,,,Union Berlin,,,,,,,,,Head-to-Head,,,,,,,,2026,Stuttgart
2025-08-23,15:30,Bundesliga,Matchweek 1,Sat,Away,,,,Eint Frankfurt,,,,,,,,,Head-to-Head,,,,,,,,2026,Werder Bremen
2025-08-23,15:30,Bundesliga,Matchweek 1,Sat,Home,,,,Werder Bremen,,,,,,,,,Head-to-Head,,,,,,,,2026,Eint Frankfurt
2025-08-23,18:30,Bundesliga,Matchweek 1,Sat,Home,,,,Dortmund,,,,,,,,,Head-to-Head,,,,,,,,2026,St. Pauli
2025-08-23,15:30,Bundesliga,Matchweek 1,Sat,Home,,,,Hoffenheim,,,,,,,,,Head-to-Head,,,,,,,,2026,Leverkusen
2025-08-23,15:30,Bundesliga,Matchweek 1,Sat,Home,,,,Augsburg,,,,,,,,,Head-to-Head,,,,,,,,2026,Freiburg
2025-08-23,15:30,Bundesliga,Matchweek 1,Sat,Away,,,,Heidenheim,,,,,,,,,Head-to-Head,,,,,,,,2026,Wolfsburg
2025-08-23,15:30,Bundesliga,Matchweek 1,Sat,Away,,,,Leverkusen,,,,,,,,,Head-to-Head,,,,,,,,2026,Hoffenheim
2025-08-23,15:30,Bundesliga,Matchweek 1,Sat,Away,,,,Freiburg,,,,,,,,,Head-to-Head,,,,,,,,2026,Augsburg
2025-08-23,15:30,Bundesliga,Matchweek 1,Sat,Home,,,,Stuttgart,,,,,,,,,Head-to-Head,,,,,,,,2026,Union Berlin
2025-08-23,18:30,Bundesliga,Matchweek 1,Sat,Away,,,,St. Pauli,,,,,,,,,Head-to-Head,,,,,,,,2026,Dortmund
2025-08-23,15:30,Bundesliga,Matchweek 1,Sat,Home,,,,Wolfsburg,,,,,,,,,Head-to-Head,,,,,,,,2026,Heidenheim
2025-08-24,17:30,Bundesliga,Matchweek 1,Sun,Away,,,,Gladbach,,,,,,,,,Head-to-Head,,,,,,,,2026,Hamburger SV
2025-08-24,17:30,Bundesliga,Matchweek 1,Sun,Home,,,,Hamburger SV,,,,,,,,,Head-to-Head,,,,,,,,2026,Gladbach
2025-08-24,15:30,Bundesliga,Matchweek 1,Sun,Away,,,,Mainz 05,,,,,,,,,Head-to-Head,,,,,,,,2026,Köln
2025-08-24,15:30,Bundesliga,Matchweek 1,Sun,Home,,,,Köln,,,,,,,,,Head-to-Head,,,,,,,,2026,Mainz 05
