,xg_home_rolling_3,xg_away_rolling_3,elo_home_rolling_3,elo_away_rolling_3,elo_rolling_diff,xg_rolling_diff,goal_ratio_diff,ga_per_xGA_diff,gf_per_xG_diff,elo_diff_x_xg_diff,elo_diff_sq,goal_ratio_home_rolling_1,goal_ratio_away_rolling_1
0,0.9666667,1.1333333,1616.268514,1714.4708659,-98.2023519,-0.1666667,-1.1111111,0.248151,-0.035224,16.3670586,9643.7019187,0.6666667,1.0
1,1.2666667,1.5,1590.8964844,1752.1384684,-161.2419841,-0.2333333,-0.6944444,0.4120854,0.1581077,37.6231296,25998.9774258,0.75,1.5
2,1.1666667,0.9333333,1640.478068,1641.1972249,-0.7191569,0.2333333,-0.1547619,-0.1543746,0.0066845,-0.1678033,0.5171867,0.2857143,0.25
3,1.1666667,1.8,1537.1184896,1707.4969075,-170.378418,-0.6333333,0.2055556,-1.7768441,-0.1484607,107.9063314,29028.8053088,2.0,1.3333333
4,2.5666667,2.3,1791.692627,1944.2658284,-152.5732015,0.2666667,0.0,-0.4810606,-0.4098136,-40.6861871,23278.5818058,2.0,3.5
5,1.2666667,1.6666667,1567.9077556,1698.9291586,-131.021403,-0.4,-0.2777778,0.8833364,0.3056559,52.4085612,17166.6080441,1.5,0.5
6,2.3666667,1.6666667,1830.6864827,1768.2451579,62.4413248,0.7,0.3888889,0.5661376,0.1464572,43.7089274,3898.9190469,0.5,1.0
7,1.3333333,0.9666667,1498.1685384,1650.0900879,-151.9215495,0.3666667,-1.0,0.4711462,0.597919,-55.7045681,23080.1571924,1.0,4.0
8,0.7666667,1.9,1728.4508057,1611.6400146,116.810791,-1.1333333,-1.2777778,0.2036563,-0.0614844,-132.3855632,13644.7609018,1.0,0.6666667
9,1.4333333,1.2333333,1653.6560466,1631.6711019,21.9849447,0.2,1.6547619,-0.3304491,0.3585059,4.3969889,483.3377935,3.0,1.5
10,1.6666667,1.4,1616.3174642,1587.6617025,28.6557617,0.2666667,1.1388889,-0.5037588,0.1515797,7.6415365,821.1526805,4.0,1.5
11,1.9333333,1.1666667,1945.0132243,1569.4100342,375.6031901,0.7666667,2.0,-0.3567821,0.8318898,287.9624457,141077.7563883,1.0,0.5
12,1.3,1.2333333,1636.2651774,1497.3775228,138.8876546,0.0666667,-0.2222222,0.5986284,-1.0304494,9.259177,19289.780591,0.6666667,0.3333333
13,1.9,1.9333333,1701.8384196,1799.880127,-98.0417074,-0.0333333,-0.3055556,1.0036181,0.2501282,3.2680569,9612.1763834,1.5,1.0
14,1.1333333,1.4,1771.1955566,1542.8301188,228.3654378,-0.2666667,-0.1555556,0.0717725,-0.5883944,-60.8974501,52150.7731968,0.2,0.6666667
15,1.6333333,0.8666667,1699.0906576,1618.7095947,80.3810628,0.7666667,0.7777778,-0.634981,-0.2071498,61.6254815,6461.1152622,2.0,1.0
16,1.2666667,2.2666667,1755.7958171,1827.7640788,-71.9682617,-1.0,-1.5555556,0.2747253,-0.0818735,71.9682617,5179.4306921,0.6666667,5.0
17,1.5,0.9666667,1718.424113,1729.9159342,-11.4918213,0.5333333,1.1388889,-0.0376984,0.1198801,-6.1289713,132.061956,1.0,0.25
18,1.1,1.3666667,1545.6195068,1748.4102376,-202.7907308,-0.2666667,-0.0555556,-0.2587689,-0.2976435,54.0775282,41124.0804984,0.3333333,1.0
19,0.9333333,1.3666667,1626.1478678,1717.9910889,-91.843221,-0.4333333,-0.1825397,-0.1112106,0.5567581,39.7987291,8435.1772498,0.6666667,1.0
20,2.1666667,1.7333333,1824.271932,1700.255249,124.0166829,0.4333333,1.1388889,-0.1118293,0.2689128,53.7405626,15380.1376458,1.0,0.25
21,0.9,2.1666667,1722.821167,1689.1931966,33.6279704,-1.2666667,-0.5833333,0.372765,-0.1607143,-42.5954291,1130.840391,1.0,1.5
22,1.9666667,1.5,1806.2753499,1656.3258057,149.9495443,0.4666667,-0.5,-0.3406085,-0.9597567,69.976454,22484.8658258,4.0,1.5
23,1.2333333,1.0666667,1586.0620117,1762.1635335,-176.1015218,0.1666667,-0.3166667,0.5344531,0.8461538,-29.3502536,31011.7459685,1.0,3.0
24,1.1,2.3333333,1490.1475017,1944.9941813,-454.8466796,-1.2333333,-2.5,0.9772727,-0.2091019,560.9775715,206885.5019735,0.6666667,5.0
25,0.9333333,1.3333333,1612.4475911,1619.9802653,-7.5326742,-0.4,-1.1111111,0.015873,-0.0601019,3.0130697,56.7411801,0.6666667,1.0
26,1.2666667,1.4,1566.5371501,1623.0722249,-56.5350748,-0.1333333,-0.0722222,-0.4652722,-0.3149138,7.53801,3196.2146864,0.2,1.5
27,1.7333333,1.1333333,1614.1481527,1605.7342529,8.4138998,0.6,1.6111111,-0.0103691,0.471621,5.0483399,70.7937093,5.0,0.6666667
28,2.4,1.1333333,1942.4779053,1713.0170491,229.4608561,1.2666667,1.9444444,1.0919312,0.5783126,290.6504178,52652.2844974,1.3333333,0.25
29,1.5333333,2.1,1618.3221436,1817.5309245,-199.2087809,-0.5666667,-0.1666667,-0.7905983,0.0184754,112.8849758,39684.1383877,1.5,1.0
30,2.1333333,0.9666667,1661.2287598,1563.2069906,98.0217692,1.1666667,1.8666667,-0.4292158,1.7367424,114.3587307,9608.2672371,2.0,0.2
31,1.0333333,1.1,1483.3883464,1621.1640218,-137.7756754,-0.0666667,-0.3055556,0.4008635,1.795809,9.185045,18982.1367411,0.75,0.5
32,1.0666667,1.4333333,1750.3128662,1813.1759847,-62.8631185,-0.3666667,0.5666667,-0.0908251,0.4420024,23.0498101,3951.7716675,4.0,0.5
33,2.5666667,0.8666667,1675.848348,1585.0325928,90.8157552,1.7,1.5833333,-1.3927739,-0.0604396,154.3867838,8247.5013865,4.0,0.25
34,1.2666667,0.9333333,1711.1670329,1544.7525228,166.4145101,0.3333333,0.7777778,-0.1601732,0.3793184,55.4715034,27693.7891718,2.0,0.6666667
35,1.4666667,1.2333333,1737.9564616,1695.478068,42.4783936,0.2333333,0.1388889,-0.0731215,0.0128205,9.9116252,1804.41392,1.5,1.0
36,2.0666667,1.3666667,1730.4062907,1741.292277,-10.8859863,0.7,-1.5,0.9681611,-0.6964479,-7.6201904,118.5046984,1.0,1.0
37,1.1,1.6666667,1691.8097331,1614.8930257,76.9167074,-0.5666667,-2.0833333,0.9091473,-0.5925926,-43.5861342,5916.1798721,1.0,2.0
38,0.6,1.1,1536.6846924,1623.9415283,-87.256836,-0.5,-0.6666667,-0.3941799,-2.500419,43.628418,7613.7554229,0.5,1.0
39,1.3333333,1.6666667,1598.1989339,1615.6795247,-17.4805908,-0.3333333,-0.2777778,-0.2090336,0.1098585,5.8268636,305.5710559,0.5,1.5
40,1.8333333,1.1666667,1805.5511068,1709.5745443,95.9765625,0.6666667,0.1666667,0.0214947,0.0743115,63.984375,9211.5005493,1.0,2.0
41,0.9,2.6333333,1583.1497396,1946.451416,-363.3016764,-1.7333333,-1.8055556,-1.1324786,-0.4037094,629.7229058,131988.1080751,0.3333333,0.6666667
42,1.4,3.1,1819.4035238,1672.044637,147.3588867,-1.7,-1.8333333,3.0525031,0.5254804,-250.5101074,21714.6414993,1.0,3.0
43,0.9666667,1.2666667,1552.0061442,1474.8789062,77.127238,-0.3,-0.2277778,0.33488,-2.2356238,-23.1381714,5948.6108364,1.0,0.6666667
44,0.9333333,1.9333333,1697.1704915,1669.4180094,27.7524821,-1.0,-0.5833333,-0.1572039,0.1220238,-27.7524821,770.2002609,1.5,1.0
45,1.5,1.3666667,1614.114502,1548.7884521,65.3260498,0.1333333,-0.9,-0.1157407,-0.557152,8.71014,4267.4927868,0.5,4.0
46,1.4666667,1.1666667,1744.363444,1691.3948161,52.968628,0.3,0.75,-0.847169,-0.2777778,15.8905884,2805.6755487,0.25,1.0
47,0.7666667,1.4666667,1472.3100993,1591.7015381,-119.3914388,-0.7,-0.5,0.0769755,1.7435897,83.5740072,14254.3156587,0.25,2.0
48,0.9,1.7333333,1628.0739339,1798.1406657,-170.0667318,-0.8333333,0.1111111,0.7459046,1.9567343,141.7222765,28922.6932538,0.3333333,1.0
49,1.8666667,1.2666667,1676.6494547,1819.8835449,-143.2340902,0.6,-0.2222222,-1.6880342,-0.9791667,-85.9404541,20516.0045954,0.3333333,2.0
50,2.7666667,1.0333333,1949.5991618,1533.7115478,415.8876139,1.7333333,-0.3888889,2.8268921,-0.1184502,720.8718642,172962.5074232,1.0,3.0
51,1.4333333,1.0,1624.7997233,1697.5812581,-72.7815348,0.4333333,1.0833333,0.1109076,0.3333333,-31.5386651,5297.1518078,1.0,3.0
52,1.3,1.3333333,1712.9685872,1578.9069417,134.0616455,-0.0333333,1.1388889,-1.6039427,0.3303118,-4.4687215,17972.5247942,1.0,1.0
53,2.8,2.5333333,1682.9302978,1734.022054,-51.0917562,0.2666667,0.3333333,-0.2804233,-0.0208903,-13.6244683,2610.3675516,0.5,4.0
54,1.3,0.9333333,1700.1807047,1468.0895996,232.0911051,0.3666667,0.6388889,-0.2211549,0.9869529,85.1000719,53866.281082,1.3333333,3.0
55,2.1333333,2.4333333,1740.9483643,1691.7688395,49.1795248,-0.3,-0.9722222,0.2186949,-0.924799,-14.7538574,2418.6256563,1.0,1.6666667
56,1.2,1.0333333,1693.6259359,1628.5095215,65.1164144,0.1666667,0.0555556,-0.2846743,-1.0582011,10.8527357,4240.14742,1.0,1.5
57,1.3,1.6666667,1536.2993164,1634.3561605,-98.0568441,-0.3666667,0.1388889,-0.6492273,-0.7928105,35.9541762,9615.1446683,0.6666667,0.75
58,2.1333333,1.6666667,1787.2049154,1611.8153076,175.3896077,0.4666667,-0.4444444,0.0859788,-0.2508727,81.8484836,30761.5145009,0.6666667,2.0
59,2.2666667,2.6333333,1742.2417399,1950.9700521,-208.7283122,-0.3666667,0.8111111,-0.1645827,0.5351135,76.5337145,43567.5082999,0.6,1.5
60,0.8666667,1.4,1818.2017416,1717.4650879,100.7366537,-0.5333333,0.0,1.9444444,0.6139601,-53.7262153,10147.873392,1.0,1.0
61,1.4333333,1.5333333,1589.337321,1548.8057454,40.5315755,-0.1,-0.8888889,0.5694444,-0.5787037,-4.0531576,1642.8086152,0.3333333,0.5
62,1.5666667,1.1666667,1576.1346842,1678.9748128,-102.8401286,0.4,0.0,-0.3405018,0.319617,-41.1360514,10576.0920436,1.0,1.0
63,1.6666667,1.7333333,1550.5694987,1710.3335368,-159.7640381,-0.0666667,-1.1666667,0.6222222,-0.9983997,10.6509359,25524.54787,0.3333333,4.0
64,0.6,1.6333333,1468.0714111,1577.2638346,-109.1924235,-1.0333333,0.25,-1.3221966,0.1268116,112.832171,11922.9853498,0.25,0.75
65,0.9,1.6,1613.5818278,1539.3533122,74.2285156,-0.7,-1.0185185,1.0259108,-0.2933007,-51.9599609,5509.8725331,0.1111111,2.0
66,1.1333333,2.3333333,1635.5447184,1783.8276774,-148.282959,-1.2,-2.8055556,0.4593786,-0.2858586,177.9395508,21987.8359199,0.5,9.0
67,0.8,1.6666667,1675.1505941,1584.2970378,90.8535563,-0.8666667,-0.8888889,0.3240741,1.4583333,-78.7397488,8254.3686924,1.3333333,3.0
68,2.5,1.3333333,1945.1094971,1813.508545,131.6009521,1.1666667,-1.3888889,0.990984,-0.0187219,153.5344441,17318.8105936,0.3333333,4.0
69,1.3333333,2.4,1628.9197591,1742.4899495,-113.5701904,-1.0666667,-1.5888889,0.0418301,-0.5579606,121.1415365,12898.1881551,1.0,3.0
70,1.3,2.3,1717.2993571,1734.7809245,-17.4815674,-1.0,0.1111111,-0.6351981,-0.1184023,17.4815674,305.6051976,0.25,0.6666667
71,2.3,1.1,1698.2220459,1694.210734,4.0113119,1.2,0.2222222,-0.529402,-0.5148316,4.8135742,16.0906229,1.5,1.0
72,1.0666667,0.8666667,1815.262085,1469.5743408,345.6877442,0.2,0.4833333,-0.4491634,-0.3787879,69.1375488,119500.0164901,0.2,0.5
73,1.4666667,2.0666667,1547.2152506,1708.1150309,-160.8997803,-0.6,-0.3888889,-0.3597929,-0.2535371,96.5398682,25888.7393006,1.3333333,2.0
74,1.9666667,1.1666667,1748.6709391,1708.4259033,40.2450358,0.8,0.8388889,0.2295504,1.0606061,32.1960286,1619.6629065,0.5,0.3333333
75,2.6,1.1666667,1787.7261149,1548.7987874,238.9273275,1.4333333,3.2777778,0.2222222,0.9813002,342.4625027,57086.2678104,1.6666667,0.6666667
76,1.3666667,0.9666667,1693.6868896,1676.1774496,17.5094401,0.4,-0.2777778,0.4188993,-1.3879672,7.003776,306.5804914,0.5,1.0
77,2.0666667,1.4,1729.6593831,1629.8996582,99.7597249,0.6666667,0.0555556,0.4193732,-0.201907,66.5064833,9952.0027188,3.0,2.0
78,1.8333333,2.7,1585.4966227,1938.1736247,-352.6770019,-0.8666667,-0.8333333,0.9014352,0.0061714,305.6534017,124381.0676927,1.0,5.0
79,1.2,1.1666667,1579.7483724,1631.8422038,-52.0938314,0.0333333,0.6333333,0.6704545,-0.6277778,-1.736461,2713.7672665,2.0,0.6
80,2.1333333,1.5666667,1717.4978435,1611.2523193,106.2455242,0.5666667,1.3240741,-1.3365449,0.4027856,60.205797,11288.1114054,1.5,0.75
81,0.8333333,1.5,1678.8366293,1554.3808594,124.4557699,-0.6666667,-0.8333333,0.7696687,2.2338171,-82.9705133,15489.2386614,1.5,3.0
82,1.3,2.5333333,1471.7469075,1793.78007,-322.0331624,-1.2333333,-3.8055556,-0.3015873,-1.5782671,397.1742337,103705.3577068,1.0,2.5
83,0.9333333,1.5,1542.8154704,1582.086792,-39.2713216,-0.5666667,-2.1166667,-0.7694962,-0.5258285,22.2537489,1542.2367028,0.4,5.0
84,2.0666667,1.6,1723.4495443,1585.6785889,137.7709554,0.4666667,0.5444444,-0.0925541,0.1507937,64.2931125,18980.836161,0.3333333,0.2
85,0.5,1.5666667,1624.8912354,1816.7788086,-191.8875733,-1.0666667,-1.3,0.7402035,0.1010101,204.6800782,36820.8407742,0.2,1.0
86,3.0333333,2.4666667,1935.1854248,1733.7338053,201.4516195,0.5666667,1.8888889,-0.0543901,0.0239041,114.1559177,40582.7549857,5.0,1.0
87,1.2333333,1.7333333,1695.1186523,1691.5836995,3.5349528,-0.5,0.4722222,-0.9130402,-0.294369,-1.7674764,12.4958913,3.0,0.6666667
88,1.9,1.0666667,1721.0002441,1638.6212158,82.3790283,0.8333333,-0.0555556,0.1856311,-0.4462302,68.6491903,6786.3043091,0.3333333,1.0
89,1.8,1.8666667,1607.9013672,1746.7178141,-138.816447,-0.0666667,0.0092593,0.8045691,0.4514712,9.2544298,19270.0059484,3.0,0.3333333
90,1.4333333,0.7,1751.1532389,1619.1814372,131.9718018,0.7333333,0.0111111,-0.6899085,-1.2777778,96.7793213,17416.5564615,0.6666667,0.6666667
91,1.6666667,2.2333333,1591.252889,1613.9364014,-22.6835124,-0.5666667,0.9166667,-0.9646465,-0.1135811,12.8539903,514.5417333,1.0,1.5
92,2.7,3.4,1730.4316406,1939.7341308,-209.3024902,-0.7,-2.2222222,0.4980727,-0.0467859,146.5117432,43807.5324179,1.6666667,0.6666667
93,2.0333333,2.0666667,1807.1256917,1722.3993327,84.726359,-0.0333333,0.8888889,0.6759259,1.1590752,-2.824212,7178.555915,1.3333333,1.0
94,1.1666667,1.4666667,1648.7224121,1694.0651448,-45.3427327,-0.3,-0.1611111,-1.08793,0.3019943,13.6028198,2055.9634117,0.6,0.75
95,2.1333333,1.1666667,1744.0456136,1687.4909261,56.5546875,0.9666667,0.5,-0.4291126,-0.9052682,54.6695312,3198.4326782,1.5,1.5
96,1.2333333,1.2333333,1818.6969401,1592.8322754,225.8646648,-0.0,0.1666667,-0.1184371,0.2645503,-0.0,51014.8467902,1.5,1.0
97,1.6666667,1.6333333,1689.1490072,1475.6313883,213.5176188,0.0333333,0.0833333,0.3372826,0.2391187,7.117254,45589.7735523,1.3333333,0.75
98,1.5,0.9,1570.5894368,1542.0461833,28.5432536,0.6,0.9777778,-0.3216011,0.2840909,17.1259521,814.7173242,0.6666667,1.0
99,1.8666667,2.4,1717.846639,1601.8944092,115.9522298,-0.5333333,-1.8888889,0.3703704,-0.5211988,-61.8411892,13444.9196033,0.5,1.5
100,0.9333333,1.0333333,1614.1558024,1654.5924886,-40.4366862,-0.1,-0.5777778,1.2123728,-0.5679876,4.0436686,1635.1255908,1.0,2.0
101,0.5666667,2.5666667,1598.0117187,1813.8803304,-215.8686117,-2.0,-1.4888889,-0.2249035,-1.0426731,431.7372233,46599.2575029,0.1666667,2.0
102,2.6666667,1.4333333,1945.7705892,1690.2781169,255.4924723,1.2333333,1.2777778,-0.4251304,-0.2342672,315.1073825,65276.403402,0.6666667,0.5
103,1.0,2.7333333,1543.2229004,1757.9270834,-214.704183,-1.7333333,-0.7555556,0.3642093,0.0011168,372.1539172,46097.8861977,0.3333333,1.5
104,1.6333333,2.2333333,1625.4254151,1816.9595134,-191.5340983,-0.6,-1.1111111,-0.2678571,0.122649,114.920459,36685.3108116,0.6666667,6.0
105,1.7,1.7666667,1479.0906169,1581.5895996,-102.4989827,-0.0666667,-0.9722222,0.6666667,0.2013715,6.8332655,10506.0414614,2.0,3.0
106,1.1,1.7,1694.3688151,1747.3068034,-52.9379883,-0.6,0.5555556,-0.763423,1.2301587,31.762793,2802.4306017,0.6666667,1.0
107,1.7,2.4666667,1697.3925781,1735.8634033,-38.4708252,-0.7666667,0.25,0.3988604,-0.0063714,29.4942993,1480.0043916,0.5,1.5
108,2.5666667,0.4,1609.9441325,1597.2269287,12.7172038,2.1666667,0.9166667,0.3749464,0.5522487,27.5539415,161.7272716,1.6666667,0.25
109,2.1,3.0,1817.9451904,1816.857015,1.0881754,-0.9,1.7222222,-0.3055556,0.8472758,-0.9793579,1.1841258,5.0,4.0
110,1.8,1.9,1588.7094726,1706.9821371,-118.2726644,-0.1,0.8555556,-0.521164,0.0362364,11.8272664,13988.4231522,1.0,0.6
111,0.9666667,0.9,1686.6305339,1635.3079834,51.3225504,0.0666667,-0.0825397,-0.422619,0.3072425,3.4215034,2634.004183,0.2857143,0.2
112,1.7,1.3666667,1737.435262,1540.556071,196.8791911,0.3333333,-0.7222222,0.6874237,-0.2002377,65.626397,38761.4158751,0.5,3.0
113,1.4333333,1.1,1763.4683024,1610.3286946,153.1396078,0.3333333,-0.1111111,-0.0443511,-0.4285714,51.0465359,23451.7394771,0.3333333,2.0
114,2.3333333,1.4666667,1734.9963786,1486.5662435,248.4301351,0.8666667,0.0277778,0.448493,0.3460317,215.3061171,61717.5320092,0.6666667,1.0
115,1.7,1.2,1700.6797689,1698.122111,2.5576579,0.5,-0.4722222,1.4061355,-0.2649573,1.2788289,6.5416139,1.5,2.0
116,0.9666667,3.2666667,1657.1139323,1944.37618,-287.2622477,-2.3,-0.5777778,-1.0239316,0.4062049,660.7031697,82519.5989537,0.5,3.5
117,1.4666667,2.3,1695.3506673,1822.4402669,-127.0895996,-0.8333333,-2.6333333,0.3787879,-0.5853711,105.9079997,16151.7663265,3.0,1.0
118,0.9333333,1.3333333,1630.2027995,1757.9920247,-127.7892252,-0.4,1.5111111,0.2433049,1.2619048,51.1156901,16330.0860857,6.0,0.5
119,3.1333333,2.3333333,1818.4696045,1614.8359375,203.633667,0.8,-0.0555556,-0.2063492,-0.4680736,162.9069336,41466.6703494,1.0,4.0
120,3.7666667,1.9666667,1936.5426432,1695.9368896,240.6057536,1.8,1.0555556,-0.0218254,0.1944851,433.0903565,57891.1286654,2.0,1.0
121,1.6,0.8666667,1540.822998,1681.1105957,-140.2875977,0.7333333,1.3492063,-0.6079973,0.5383557,-102.8775716,19680.6100591,1.6666667,0.1666667
122,1.2333333,1.1666667,1697.4136963,1651.9829915,45.4307047,0.0666667,0.2222222,-0.2166851,0.0193001,3.0287136,2063.9489326,1.0,0.5
123,1.2666667,1.6,1610.2765706,1731.1856283,-120.9090576,-0.3333333,-0.0555556,-0.4320124,-0.1419414,40.3030192,14619.0002178,2.0,3.0
124,0.3,1.7666667,1591.9199219,1586.6745605,5.2453613,-1.4666667,-1.2222222,0.3710854,-0.5263158,-7.6931966,27.5138155,0.25,0.3333333
125,1.1333333,1.5,1488.0159505,1722.6494547,-234.6335042,-0.3666667,0.4111111,-1.1343744,-0.3030303,86.0322849,55052.8812932,0.3333333,0.6
126,1.5333333,1.5333333,1695.8248698,1726.0382894,-30.2134196,0.0,-0.2222222,-0.1794872,0.2202381,-0.0,912.8507239,1.0,1.0
127,1.5,1.8,1622.9038899,1824.8400065,-201.9361166,-0.3,-0.1666667,-0.3867478,0.0865801,60.580835,40778.195174,0.5,0.6666667
128,1.4,1.4,1688.5507406,1704.9373372,-16.3865967,0.0,1.1111111,-0.6788942,1.0119851,-0.0,268.5205503,1.5,0.6666667
129,1.5666667,2.0,1629.8850098,1647.8589274,-17.9739176,-0.4333333,1.5666667,0.3095664,0.452381,7.7886976,323.0617151,0.5,1.0
130,1.4666667,1.7333333,1547.1512451,1693.9791667,-146.8279215,-0.2666667,1.2777778,-0.593254,0.8866463,39.1541124,21558.4385418,2.0,0.3333333
131,0.7,0.6333333,1581.9773356,1664.2774658,-82.3001302,0.0666667,0.3492063,-0.4700577,-0.042735,-5.4866753,6773.3114364,1.5,0.5
132,3.2,1.8666667,1819.9459635,1582.7536621,237.1923014,1.3333333,1.6666667,-0.5525031,0.6685274,316.2564019,56260.1878592,2.0,0.6666667
133,1.3,0.8333333,1489.212443,1743.8389079,-254.6264648,0.4666667,0.0,-0.0254067,0.3325622,-118.8256836,64834.6365935,1.5,2.0
134,1.1333333,3.7666667,1615.8326009,1934.5923665,-318.7597656,-2.6333333,-1.1666667,-0.7142857,-0.4850834,839.4007162,101607.7881866,1.0,3.0
135,2.5666667,1.2666667,1823.9613037,1561.7365723,262.2247314,1.3,-0.8333333,0.8615459,-0.8699908,340.8921509,68761.8097753,1.5,2.0
136,1.5333333,1.3,1576.8630778,1630.0976155,-53.2345377,0.2333333,-1.2222222,1.2207808,-1.2241462,-12.4213921,2833.9160077,0.5,0.6666667
137,1.7666667,2.5666667,1692.5620524,1824.0855306,-131.5234782,-0.8,-0.7444444,-0.0161515,-0.3209762,105.2187825,17298.4253091,1.5,2.0
138,1.6,2.0666667,1724.0860596,1632.4796142,91.6064453,-0.4666667,-0.9444444,-0.3311068,-0.7804233,-42.7496745,8391.7408266,0.3333333,0.6666667
139,1.9,1.1333333,1695.0172933,1622.990682,72.0266113,0.7666667,-0.4555556,1.1578283,0.0740741,55.220402,5187.8327402,0.5,0.2
140,2.2666667,1.3333333,1644.949178,1492.4500732,152.4991048,0.9333333,0.2555556,-0.4467709,0.2000098,142.3324978,23255.9769648,1.5,0.4
141,3.0333333,1.9,1938.2794189,1697.7091065,240.5703125,1.1333333,1.6666667,-0.1746032,0.221916,272.6463541,57874.0752403,5.0,3.0
142,1.3333333,1.0,1736.4444173,1578.8194987,157.6249187,0.3333333,0.9166667,-0.8975469,0.5279035,52.5416396,24845.6149847,2.5,0.5
143,0.6666667,1.0333333,1652.0576986,1689.8111165,-37.753418,-0.3666667,-0.8333333,0.7651515,-1.2032967,13.8429199,1425.3205682,2.0,0.6666667
144,1.2,1.5,1625.8607178,1700.6027425,-74.7420248,-0.3,-0.4888889,-0.030537,-0.2586368,22.4226074,5586.3702662,1.5,0.1666667
145,1.2666667,2.2666667,1693.1031901,1736.7906494,-43.6874593,-1.0,-0.7777778,0.2626263,0.2089386,43.6874593,1908.594103,4.0,4.0
146,1.1,1.7,1575.3253581,1685.8950602,-110.5697022,-0.6,-0.9722222,0.206653,-0.551507,66.3418213,12225.6590372,0.25,3.0
147,1.3666667,0.6,1629.7262777,1643.81014,-14.0838623,0.7666667,-0.4166667,0.4636083,0.5555556,-10.7976278,198.3551773,0.3333333,0.25
148,2.3666667,1.5333333,1826.8451741,1721.2777913,105.5673828,0.8333333,0.3333333,0.7513228,0.4667778,87.972819,11144.4723112,0.3333333,2.0
149,2.9,1.3,1822.233317,1570.4879964,251.7453206,1.6,0.3333333,0.2703506,-0.1580152,402.792513,63375.706444,3.0,3.0
150,1.7333333,2.8333333,1635.0610758,1942.2734782,-307.2124023,-1.1,-4.1111111,1.0331825,-0.7804168,337.9336426,94379.4601474,0.5,6.0
151,1.0,2.1666667,1575.1989746,1647.7141927,-72.5152181,-1.1666667,0.5,-0.0889724,1.0144088,84.6010877,5258.4568513,0.3333333,0.3333333
152,1.7666667,1.3666667,1493.1595459,1689.0347087,-195.8751628,0.4,1.1333333,-0.7859399,0.5006962,-78.3500651,38367.0794019,3.0,0.6666667
153,1.4333333,1.5333333,1690.1212565,1622.4868571,67.6343994,-0.1,1.0,-0.5933076,0.0808081,-6.7634399,4574.4119867,1.0,1.5
154,1.2,1.4333333,1701.4320475,1501.0108642,200.4211833,-0.2333333,0.0555556,-1.2227522,-0.9963798,-46.7649428,40168.6507154,1.0,0.6
155,1.5666667,0.8,1679.9141439,1573.2301025,106.6840413,0.7666667,0.3611111,0.9996098,0.478836,81.7910984,11381.4846752,1.6666667,1.0
156,1.0666667,1.0666667,1628.2669678,1627.5151367,0.751831,0.0,0.3444444,-0.6346366,-0.959695,0.0,0.5652499,1.0,0.5
157,2.8333333,3.1333333,1742.9718425,1822.4810791,-79.5092366,-0.3,-1.1111111,-0.3799534,-0.4618185,23.852771,6321.71871,0.6666667,6.0
158,0.7333333,0.7,1638.8777669,1571.1769206,67.7008463,0.0333333,-0.25,0.0592743,-0.2513228,2.2566949,4583.4045942,0.6666667,0.1666667
159,1.4333333,1.7,1645.6855875,1697.7801107,-52.0945231,-0.2666667,-1.3777778,0.4519783,-0.8642534,13.8918728,2713.8393405,0.2,1.5
160,3.0,1.6,1946.4619954,1824.228068,122.2339274,1.4,3.2222222,-0.8333333,0.3218111,171.1274984,14941.1330076,2.0,1.0
161,2.2,1.4,1827.4851888,1697.4781494,130.0070394,0.8,-0.0666667,0.495338,0.545283,104.0056315,16901.8302849,0.8,6.0
162,1.1666667,0.9666667,1502.4453125,1630.3242594,-127.8789469,0.2,0.5333333,0.5714286,0.6994611,-25.5757894,16353.0250688,1.0,0.5
163,1.1666667,1.5333333,1618.7698161,1637.3957519,-18.6259359,-0.3666667,-0.1777778,1.4754792,0.3888889,6.8295098,346.9254869,0.1666667,2.0
164,0.6666667,1.5,1569.6576742,1719.5904948,-149.9328206,-0.8333333,-0.3611111,-0.2512721,0.1841677,124.9440172,22479.8507031,1.0,1.0
165,1.1666667,2.7,1572.6283773,1744.3194987,-171.6911214,-1.5333333,0.0833333,-0.7928087,-0.2767216,263.2597195,29477.841179,3.0,1.25
166,1.5333333,0.8333333,1818.9586589,1634.5295003,184.4291586,0.7,0.3611111,-0.215781,-0.031746,129.100411,34014.1145296,1.0,0.3333333
167,1.9333333,1.3666667,1701.6290283,1674.3256429,27.3033854,0.5666667,0.8888889,-1.3313103,-0.481685,15.4719184,745.4748543,0.5,1.0
168,1.4,0.9,1621.2401123,1703.2187907,-81.9786784,0.5,0.2777778,0.4341649,1.2460317,-40.9893392,6720.5037067,2.0,1.0
169,1.9666667,2.3333333,1581.1691488,1950.7535807,-369.584432,-0.3666667,-0.5555556,-0.0529101,0.6220311,135.5142917,136592.6523521,5.0,1.0
170,1.9666667,0.9333333,1951.6252035,1508.1118978,443.5133057,1.0333333,1.0777778,-0.5508772,-0.4818885,458.2970825,196704.0523034,2.5,0.6666667
171,0.6666667,1.8333333,1622.4660644,1827.3736165,-204.9075521,-1.1666667,-3.5166667,-0.0373733,-1.993947,239.0588108,41987.1049076,0.25,5.0
172,1.3666667,0.6333333,1628.9489339,1570.1550293,58.7939046,0.7333333,0.2666667,-0.1887017,-1.3031136,43.11553,3456.7232181,1.0,0.4
173,1.0333333,2.4333333,1629.3724772,1589.5251465,39.8473307,-1.4,-0.9111111,-0.473138,0.0303437,-55.786263,1587.8097639,1.5,0.4
174,1.0,1.7,1699.5144857,1814.546224,-115.0317383,-0.7,-1.0,-0.2645503,-0.6428571,80.5222168,13232.3008163,1.0,4.0
175,2.1666667,2.5333333,1719.7159831,1705.8858642,13.8301189,-0.3666667,0.9166667,0.6309524,1.1113701,-5.0710436,191.2721879,2.5,0.75
176,2.0666667,1.5666667,1671.7432454,1622.7322998,49.0109456,0.5,0.1666667,0.4427609,0.2619048,24.5054728,2402.0727886,1.3333333,1.0
177,2.0,0.8666667,1746.4373779,1613.8591308,132.5782471,1.1333333,0.1944444,0.091061,0.6932414,150.2553467,17576.9916041,1.3333333,1.0
178,1.0,1.5666667,1704.9153239,1580.0787353,124.8365886,-0.5666667,1.0944444,0.4546991,0.8903682,-70.7407335,15584.173845,0.2,0.75
179,0.8,1.0666667,1573.3603516,1631.134318,-57.7739665,-0.2666667,0.7444444,-0.6071429,0.8065302,15.4063911,3337.8312013,3.0,0.1666667
180,1.8,1.2,1630.6393636,1509.6429444,120.9964192,0.6,0.2611111,0.0011453,-0.7889823,72.5978515,14640.1334673,0.2,0.75
181,1.3666667,1.4666667,1834.1739909,1631.1731364,203.0008545,-0.1,1.8222222,0.1420431,1.9167924,-20.3000854,41209.3469142,3.0,0.3333333
182,2.2,2.3333333,1706.2427978,1956.2669271,-250.0241293,-0.1333333,-0.8611111,0.0718183,-0.4250476,33.3365506,62512.0652156,1.0,1.3333333
183,2.8666667,0.7,1596.4747314,1701.4383952,-104.9636637,2.1666667,3.0777778,-0.6300366,0.9103604,-227.4212714,11017.3707043,6.0,0.1666667
184,0.7,2.0666667,1616.5562744,1730.6097412,-114.0534668,-1.3666667,-1.0,0.6702194,-0.8539222,155.8730713,13008.1932967,0.3333333,1.0
185,1.8,2.5,1586.1790365,1681.2556559,-95.0766195,-0.7,-0.6944444,0.0382297,0.1895665,66.5536336,9039.5635692,1.5,5.0
186,2.0333333,1.3666667,1823.443278,1754.3332926,69.1099854,0.6666667,1.8055556,-1.4444444,-1.0770798,46.0733236,4776.1900774,6.0,3.0
187,1.2,2.0666667,1518.1413981,1616.9405924,-98.7991943,-0.8666667,-2.8833333,0.9013781,-0.9270739,85.6259684,9761.2807943,0.3333333,4.0
188,2.7333333,1.8,1700.090861,1842.7376709,-142.6468099,0.9333333,-1.2222222,0.8979909,-0.4467419,-133.1370226,20348.1123746,1.0,1.0
189,2.7666667,1.5,1743.0846761,1845.8878988,-102.8032226,1.2666667,-1.7222222,1.125,-0.5624631,-130.2174153,10568.5025838,1.3333333,2.0
190,1.1,1.2666667,1638.0194092,1602.4818929,35.5375163,-0.1666667,-0.4722222,0.4060239,-1.6353646,-5.9229194,1262.9150648,0.5,1.0
191,1.7333333,0.5333333,1629.3586019,1617.8756917,11.4829101,1.2,0.5833333,0.4760179,0.7212476,13.7794922,131.8572251,1.0,0.3333333
192,0.5666667,1.7333333,1703.6352132,1709.6046142,-5.969401,-1.1666667,-0.1587302,0.5290651,-0.4103535,6.9643012,35.6337487,0.25,0.1428571
193,1.3666667,1.5,1776.5329997,1714.9152832,61.6177165,-0.1333333,-0.5111111,-0.6403743,0.1119747,-8.2156955,3796.7429826,1.0,0.6666667
194,1.1666667,1.0333333,1640.5478922,1585.1466471,55.4012451,0.1333333,-0.0666667,-0.3386243,-1.1309524,7.3868327,3069.2979586,3.0,1.0
195,3.3,0.7333333,1967.7363281,1619.9946289,347.7416992,2.5666667,2.9166667,-0.670314,0.0020678,892.537028,120924.2893857,7.0,0.75
196,2.5666667,2.0666667,1756.0736084,1637.0620524,119.0115561,0.5,-2.8333333,1.1210317,-1.1131921,59.505778,14163.7504774,0.6666667,1.5
197,1.4333333,1.0333333,1595.760376,1522.6167399,73.143636,0.4,1.0833333,-0.5892473,0.7533458,29.2574544,5349.9914922,1.0,0.6666667
198,1.3333333,0.7,1861.2894694,1703.043457,158.2460124,0.6333333,1.6944444,-1.8525641,0.95338,100.2224745,25041.80043,1.5,1.0
199,1.5,1.1333333,1859.2789307,1641.1682943,218.1106364,0.3666667,1.7222222,-1.2169312,0.3690476,79.9739,47572.2496963,1.0,2.0
200,0.8333333,1.4333333,1713.5120442,1632.9930827,80.5189616,-0.6,-0.0079365,-1.0906424,-0.2731481,-48.3113769,6483.3031718,1.0,1.0
201,0.7333333,1.8,1624.9329427,1719.8154297,-94.882487,-1.0666667,-1.8611111,0.1774892,0.0062657,101.2079861,9002.6863393,0.3333333,1.0
202,1.1333333,2.0666667,1727.6187744,1760.8526612,-33.2338868,-0.9333333,-0.8111111,0.2792632,-0.8440171,31.0182943,1104.4912296,0.2,1.5
203,0.8333333,3.6,1614.2499593,1983.3098145,-369.0598552,-2.7666667,-2.7777778,0.8012112,1.0453847,1021.0655993,136205.1766956,0.5,3.0
204,1.6666667,0.9666667,1657.2527669,1647.6880696,9.5646973,0.7,0.6555556,0.6666667,0.2025641,6.6952881,91.4834338,0.6666667,1.0
205,0.5666667,1.6,1618.3998617,1796.8459473,-178.4460856,-1.0333333,-2.4722222,1.1706349,-0.8119658,184.3942885,31843.005466,1.0,5.0
206,1.7,0.6666667,1626.7232666,1617.4932454,9.2300212,1.0333333,1.3888889,-0.189261,0.3227513,9.5376885,85.1932907,4.0,0.3333333
207,1.3666667,1.2666667,1726.0508626,1863.1083984,-137.0575358,0.1,-1.6666667,1.0699023,-1.0422852,-13.7057536,18784.7681196,1.5,5.0
208,1.9333333,1.9333333,1759.0920003,1811.5007731,-52.4087728,-0.0,-1.4444444,0.4166667,-0.0900488,0.0,2746.6794629,2.0,2.5
209,3.0666667,1.5333333,1990.9961345,1723.1342366,267.8618978,1.5333333,3.8777778,-1.5462315,0.7051282,410.7215767,71749.9963109,3.0,0.5
210,0.7,1.1666667,1520.202474,1713.8417969,-193.6393229,-0.4666667,0.202381,-0.4860991,-0.0793651,90.3650174,37496.1873732,1.0,0.25
211,1.0,0.8666667,1639.8049723,1621.4857178,18.3192546,0.1333333,0.5888889,-0.8547009,0.3066378,2.4425673,335.5950879,1.0,0.4
212,2.1333333,1.5,1659.4424642,1603.2154948,56.2269694,0.6333333,0.0555556,0.8586381,-0.0895944,35.6104139,3161.4720842,1.0,1.0
213,0.8,0.9333333,1695.0705566,1622.5319824,72.5385742,-0.1333333,-0.1,1.3821734,-0.7867133,-9.6718099,5261.8447518,0.2,0.6666667
214,1.3666667,1.3666667,1646.6147054,1867.28243,-220.6677246,0.0,0.6666667,-0.3190205,0.8255694,-0.0,48694.2446949,1.0,1.0
215,0.9333333,1.9666667,1619.2974853,1759.0521647,-139.7546794,-1.0333333,-0.2,0.4519141,0.199223,144.4131687,19531.3704049,2.0,0.5
216,1.1666667,2.6666667,1860.6669922,1991.5461426,-130.8791504,-1.5,0.5,-0.4166667,1.0573871,196.3187257,17129.3520182,3.0,2.0
217,2.6333333,0.9333333,1816.8250325,1722.6011149,94.2239176,1.7,2.2222222,-0.5119658,1.0401494,160.18066,8878.1466542,2.0,0.3333333
218,1.0666667,1.0,1707.7054036,1641.2513021,66.4541016,0.0666667,-0.7666667,0.1941392,-0.3571429,4.4302734,4416.147615,0.5,0.5
219,1.1666667,0.8666667,1600.0966797,1684.8076172,-84.7109375,0.3,0.5166667,-1.6096866,1.530303,-25.4132812,7175.9429321,1.0,0.25
220,1.7333333,1.9,1702.2165527,1656.1907145,46.0258382,-0.1666667,-0.1388889,-1.3558724,-0.1728395,-7.670973,2118.3777851,1.0,1.0
221,0.5333333,1.1666667,1611.208252,1645.1684977,-33.9602458,-0.6333333,-0.3777778,1.0681164,-0.184035,21.5081557,1153.2982925,0.2,0.1666667
222,1.1,0.7333333,1614.9297689,1514.6529948,100.2767741,0.3666667,0.7777778,0.2015873,0.1327839,36.7681505,10055.4314172,4.0,1.0
223,2.5666667,1.4333333,1864.0761312,1630.376709,233.6994222,1.1333333,-0.6666667,-0.1298701,-1.5451887,264.8593452,54615.4199366,6.0,5.0
224,0.8333333,2.2333333,1640.1086019,1824.6698405,-184.5612386,-1.4,-0.8,0.0519669,0.3804855,258.385734,34062.8507936,1.0,0.4
225,0.7333333,0.8666667,1673.0898845,1617.6254069,55.4644776,-0.1333333,-0.7611111,1.6043956,-0.468254,-7.3952637,3076.3082754,0.6666667,1.0
226,1.7333333,1.0,1990.5850423,1597.6245117,392.9605306,0.7333333,1.1666667,-0.2910053,-0.6349206,288.1710558,154417.9786094,2.0,1.5
227,1.0666667,1.9333333,1638.8651123,1691.8142904,-52.9491781,-0.8666667,-0.3611111,0.0099006,-0.1545894,45.8892877,2803.6154615,1.0,2.0
228,1.6,1.0666667,1637.1920573,1615.5712891,21.6207682,0.5333333,1.4444444,0.6666667,0.8348435,11.5310764,467.457619,1.0,1.0
229,1.4666667,2.3333333,1717.0963948,1689.4377848,27.65861,-0.8666667,0.7777778,-0.8504274,-0.02657,-23.9707953,764.9987071,2.5,1.0
230,0.9,1.0,1512.1767985,1860.0854492,-347.9086507,-0.1,-1.8333333,-0.3095238,-1.275641,34.7908651,121040.4292319,1.0,0.5
231,1.8666667,0.4666667,1756.3088786,1600.4590251,155.8498535,1.4,0.6555556,-1.129859,-0.1487179,218.1897949,24289.1768256,1.0,1.0
232,2.2333333,2.3666667,1648.8433838,1864.8194987,-215.9761149,-0.1333333,-1.8333333,1.8692202,-0.87983,28.7968153,46645.6822217,0.5,1.0
233,0.6666667,2.5666667,1619.3091634,1684.0659994,-64.756836,-1.9,0.6666667,-1.8333333,0.0983982,123.0379883,4193.4478044,2.0,1.5
234,0.9,1.7333333,1639.8282878,1755.5980225,-115.7697347,-0.8333333,-0.6666667,0.8121625,0.3717172,96.4747789,13402.6314725,0.5,2.5
235,2.6333333,1.0666667,1863.4424235,1515.9635824,347.4788411,1.5666667,2.1269841,0.3710179,1.2552247,544.3835178,120741.5450354,1.6666667,0.2857143
236,1.8666667,1.8333333,1862.9131266,1649.6350504,213.2780762,0.0333333,-0.6666667,-0.3571429,-0.284172,7.1092692,45487.5377734,3.5,3.0
237,0.8666667,1.7666667,1600.1298421,1686.9263916,-86.7965495,-0.9,-0.7777778,0.9450457,0.952381,78.1168946,7533.6410051,0.1666667,2.0
238,2.7,0.7666667,1685.7939453,1636.4895426,49.3044027,1.9333333,1.6111111,0.0735931,0.6377129,95.3218452,2430.9241256,4.0,0.5
239,1.7333333,2.0666667,1823.7213135,1994.1130778,-170.3917643,-0.3333333,-1.8666667,0.1574879,-0.5709617,56.7972548,29033.3533526,2.0,6.0
240,0.7333333,1.6333333,1626.7186686,1723.6258545,-96.9071859,-0.9,-0.0833333,-0.6703216,-0.1908213,87.2164673,9391.0026726,0.25,0.6666667
241,0.6,0.8,1595.8188884,1661.8340251,-66.0151367,-0.2,0.0611111,0.0941398,0.5238095,13.2030273,4357.9982779,0.4,0.5
242,1.0,1.7,1618.3405762,1644.6179606,-26.2773844,-0.7,1.0777778,-2.6423098,-0.3587154,18.3941691,690.5009309,0.3333333,0.6
243,1.5,1.6333333,1690.9416911,1865.9829915,-175.0413004,-0.1333333,0.4444444,-0.963925,-0.2613574,23.3388401,30639.4568574,1.0,1.0
244,2.2333333,0.9666667,1724.479777,1635.7877197,88.6920573,1.2666667,0.5555556,-0.1442919,-0.5288757,112.3432725,7866.2810222,2.0,2.0
245,1.1666667,0.6333333,1517.0522868,1626.4888916,-109.4366048,0.5333333,-0.1547619,-0.0129731,0.0252525,-58.3661892,11976.3704702,1.0,0.5
246,2.0,1.7333333,1997.5564372,1753.2797852,244.276652,0.2666667,1.8888889,0.1969697,1.012987,65.1404405,59671.0827123,1.6666667,0.5
247,1.3666667,1.3666667,1639.2331543,1589.9255371,49.3076172,0.0,-0.1,-1.3685127,0.0460373,0.0,2431.2411139,1.0,1.0
248,1.2666667,1.3333333,1658.3842773,1692.6489258,-34.2646485,-0.0666667,-0.4444444,0.9074074,-0.2139724,2.2843099,1174.0661345,0.5,0.3333333
249,1.6666667,2.1333333,1603.2255859,1865.0780843,-261.8524984,-0.4666667,-1.1111111,0.9444444,-0.015466,122.1978326,68566.7309009,1.0,2.0
250,0.5333333,0.8666667,1649.4267985,1821.8479411,-172.4211425,-0.3333333,-0.2777778,0.0723045,0.4761905,57.4737142,29729.0503925,1.0,0.6
251,1.6666667,1.2333333,1631.1145019,1620.5440267,10.5704752,0.4333333,0.7222222,0.0912698,0.6111111,4.5805393,111.7349467,3.0,1.0
252,1.9333333,2.2333333,1751.1165772,1730.1149495,21.0016276,-0.3,0.0,0.3317827,0.3136803,-6.3004883,441.0683632,0.6666667,1.0
253,1.3666667,1.3,1588.0456543,1519.7010905,68.3445637,0.0666667,0.4269841,1.2035091,1.0057304,4.5563042,4670.9793919,1.5,0.3333333
254,1.2666667,1.0333333,1638.5024821,1662.3532715,-23.8507894,0.2333333,-0.1333333,0.215781,-0.0607263,-5.5651842,568.8601534,1.0,0.4
255,1.4,2.3,1623.3239339,2002.2332764,-378.9093425,-0.9,-1.8055556,-0.1641414,-0.9848112,341.0184082,143572.2898085,3.0,1.5
256,2.1333333,1.9666667,1865.5041097,1633.800944,231.7031657,0.1666667,1.1666667,-0.2513228,0.951974,38.6171943,53686.3569954,2.0,0.5
257,1.7,0.8,1695.2617188,1643.2234294,52.0382894,0.9,1.4444444,-0.3782051,-0.8194444,46.8344605,2707.9835637,2.5,1.0
258,1.9333333,1.2666667,1862.8858643,1605.8652751,257.0205892,0.6666667,1.3333333,-0.7893218,0.9042146,171.3470595,66059.5832727,3.0,0.5
259,1.3333333,1.7333333,1616.2101644,1695.6094971,-79.3993327,-0.4,0.0,0.0515873,-0.1772487,31.7597331,6304.2540279,2.0,0.3333333
260,0.8,1.0666667,1814.3428548,1634.995931,179.3469238,-0.2666667,0.4444444,-1.2613574,0.4430847,-47.8258463,32165.3190765,1.0,0.6666667
261,1.3666667,1.2666667,1864.159139,1868.8191325,-4.6599935,0.1,0.2222222,0.6516142,0.5767196,-0.4659994,21.7155394,1.0,0.3333333
262,1.0333333,1.7,1641.0990397,1727.6169433,-86.5179036,-0.6666667,-0.1944444,-0.1421652,1.6982402,57.6786024,7485.3476433,0.6666667,0.25
263,1.9,1.5,1695.2937418,1589.5420735,105.7516683,0.4,-0.3888889,-0.6849817,-0.7594628,42.3006673,11183.4153482,2.0,2.0
264,1.0666667,1.8666667,1516.5586752,1749.0815837,-232.5229085,-0.8,-1.1111111,0.3312062,-0.2916667,186.0183268,54066.9029773,0.5,4.0
265,0.9,1.4,1659.4241536,1812.5543213,-153.1301676,-0.5,-0.6777778,-0.207672,-0.9705882,76.5650838,23448.8482394,0.6666667,2.0
266,0.9,2.0,1630.1003011,1699.1916504,-69.0913493,-1.1,-0.7222222,1.0396825,0.5175214,76.0004842,4773.6145435,0.5,1.5
267,1.3333333,1.1666667,1604.6969808,1616.4086914,-11.7117106,0.1666667,-0.3333333,0.7860195,-0.1137566,-1.9519518,137.1641652,1.0,0.5
268,1.9666667,1.5,2005.6722819,1641.490804,364.1814779,0.4666667,0.2222222,0.6504301,0.025012,169.9513563,132628.1488211,2.0,1.5
269,2.0666667,1.3,1633.3264567,1621.3370768,11.9893799,0.7666667,0.8333333,-0.1990741,0.0396664,9.1918579,143.7452304,3.0,0.5
270,1.6,2.2666667,1864.0284424,1695.8468017,168.1816406,-0.6666667,-0.6666667,-0.6078431,-0.2500398,-112.1210938,28285.0642461,3.0,5.0
271,1.7,1.2666667,1648.3898926,1640.3577474,8.0321452,0.4333333,0.3111111,-0.4221897,0.1524276,3.4805963,64.5153565,0.5,0.4
272,1.4333333,1.8333333,1810.6138509,1641.9723714,168.6414795,-0.4,-0.7222222,0.5,-0.0769395,-67.4565918,28439.9486079,0.3333333,2.0
273,2.2,1.6333333,1748.8650309,1651.3763021,97.4887289,0.5666667,0.8666667,0.031746,0.1982217,55.243613,9504.052256,2.0,3.0
274,2.3,0.9333333,1700.7128499,1513.1663412,187.5465088,1.3666667,1.2222222,-0.1104269,0.2646825,256.313562,35173.6929506,1.0,0.5
275,1.4666667,1.7333333,1724.758667,2008.9335124,-284.1748454,-0.2666667,-0.5833333,0.741632,-0.0409106,75.7799588,80755.3427581,2.5,2.0
276,0.9333333,1.3,1616.0612793,1861.394165,-245.3328857,-0.3666667,-0.2777778,0.0724461,0.1823362,89.9553914,60188.2248222,1.0,0.3333333
277,0.8,0.5666667,1594.7340495,1606.5305176,-11.7964681,0.2333333,0.4,-0.4520359,0.1640212,-2.7525092,139.1566604,0.2,1.0
278,1.7,0.9666667,1623.1171875,1625.5140381,-2.3968506,0.7333333,0.6111111,-1.1227571,-0.3854013,-1.7576905,5.744893,0.5,1.0
279,2.3,1.0333333,2010.6648763,1635.6826579,374.9822184,1.2666667,2.5777778,-1.7437908,0.4939875,474.9774766,140611.6640912,5.0,0.2
280,1.4333333,2.7333333,1862.566569,1753.525472,109.041097,-1.3,-1.3222222,-0.1125236,-0.7945326,-141.7534261,11889.960835,0.2,1.5
281,1.1333333,0.7,1596.6709798,1616.2397054,-19.5687256,0.4333333,1.3444444,-0.8419423,-1.5738706,-8.4797811,382.9350216,4.0,0.6666667
282,1.6333333,1.6666667,1624.0253499,1649.5794271,-25.5540772,-0.0333333,0.0555556,0.363795,0.0816993,0.8518026,653.0108598,3.5,0.6666667
283,0.8333333,2.9333333,1621.2363688,1700.0131022,-78.7767334,-2.1,-3.4047619,0.8399471,-0.0469466,165.4311401,6205.7737199,0.2857143,5.0
284,1.4,1.4666667,1857.1044108,1648.4988607,208.6055501,-0.0666667,-0.8888889,2.2380952,0.0989865,-13.9070367,43516.2755464,1.5,0.5
285,1.0,1.6,1723.831014,1805.4175619,-81.5865479,-0.6,-0.4611111,0.4410774,0.1454248,48.9519287,6656.3647928,0.2,2.0
286,1.7,1.9666667,1651.6029053,1707.6725667,-56.0696615,-0.2666667,0.9444444,-0.5397165,0.5513207,14.9519097,3143.806937,2.5,1.0
287,0.9666667,1.9333333,1801.293986,1851.8400065,-50.5460205,-0.9666667,-0.1666667,-1.9047619,-0.505291,48.8611531,2554.900185,1.0,2.0
288,2.2666667,1.0666667,1760.9445801,1600.0834554,160.8611247,1.2,-0.3166667,0.1557396,-0.4118166,193.0333496,25876.301429,0.25,0.5
289,0.6333333,1.7333333,1626.0436605,1627.723999,-1.6803385,-1.1,-1.2296296,0.8110696,-1.031746,1.8483724,2.8235375,0.1111111,0.4
290,1.0,1.6,1612.6582031,1852.2947591,-239.636556,-0.6,-1.1777778,0.9729345,1.7960928,143.7819336,57425.6789556,2.0,4.0
291,1.7,1.1666667,1657.9608968,1720.1731771,-62.2122803,0.5333333,1.0444444,-0.04181,0.8269694,-33.1798828,3870.3678201,1.3333333,1.0
292,2.9333333,3.1,1715.389445,2022.8648681,-307.4754232,-0.1666667,-1.5555556,0.0508351,-0.2577857,51.2459039,94541.1358515,1.3333333,9.0
293,1.1666667,0.9666667,1598.0946045,1658.7050374,-60.610433,0.2,1.3666667,-0.2403337,0.8269231,-12.1220866,3673.6245844,1.0,0.4
294,1.8333333,0.8666667,1850.7056071,1617.9333496,232.7722575,0.9666667,1.2296296,0.3254986,0.8895503,225.0131822,54182.9238461,1.0,0.5
295,1.6666667,1.7,1610.2041016,1761.9146321,-151.7105306,-0.0333333,-0.4047619,1.4494302,0.1851852,5.0570177,23016.0850848,0.5,1.0
296,1.2666667,1.5666667,1852.0870768,1664.7902018,187.296875,-0.3,-0.9333333,-0.025641,-1.1160594,-56.1890625,35080.1193973,0.3333333,1.0
297,2.0,3.0333333,1705.7167562,1729.6386312,-23.921875,-1.0333333,-1.5,0.7222561,0.0268234,24.7192708,572.2561019,2.0,2.5
298,2.8666667,1.3,2035.6678873,1661.2498372,374.4180501,1.5666667,3.5777778,-0.8769502,-0.0629926,586.5882785,140188.8762407,0.4,0.5
299,0.7666667,0.9666667,1722.2620036,1616.8851319,105.3768717,-0.2,-1.1555556,0.0123025,-2.2222222,-21.0753743,11104.2850963,1.0,3.0
300,1.3,2.5333333,1625.5732829,1852.4692383,-226.8959554,-1.2333333,-0.6666667,-0.3703704,0.1528287,279.838345,51481.7745769,1.0,5.0
301,0.9333333,0.9666667,1649.4866943,1794.6431071,-145.1564128,-0.0333333,-0.6333333,0.6162597,-0.0584046,4.8385471,21070.3841673,0.2,1.0
302,2.2,2.0333333,1747.679484,1840.6485189,-92.9690349,0.1666667,-1.6111111,0.1593383,0.0466422,-15.4948391,8643.241444,0.6666667,5.0
303,1.3666667,2.0,1660.6669108,1574.1856283,86.4812825,-0.6333333,-0.15,0.5082792,0.741712,-54.7714789,7479.0122286,0.8,1.0
304,1.2333333,1.1666667,1671.1919759,1633.070109,38.1218669,0.0666667,-0.6222222,0.5073362,-0.9434644,2.5414578,1453.2767334,0.2,2.0
305,1.5,0.8,1758.5593261,1715.9041341,42.655192,0.7,0.0833333,1.2713675,-0.005291,29.8586344,1819.4654046,2.0,1.0
306,0.7,2.9666667,1605.6931966,2038.7886963,-433.0954997,-2.2666667,-2.3833333,-0.4436506,0.791107,981.6831326,187571.7118315,0.5,1.25
307,1.5666667,2.2333333,1600.7989502,1706.9392497,-106.1402995,-0.6666667,-0.9166667,1.5949328,-0.2390101,70.7601997,11265.7631779,0.5,1.5
308,0.6666667,1.5,1608.7540283,1599.8480631,8.9059652,-0.8333333,-1.8962963,0.5904558,-1.0194444,-7.4216377,79.3162161,0.2,5.0
309,1.5666667,1.1333333,1579.1586914,1593.7145996,-14.5559082,0.4333333,1.5,-1.8396633,0.6486569,-6.3075602,211.8744645,3.0,1.0
310,2.1,0.7333333,1839.3502198,1601.8627523,237.4874675,1.3666667,1.8777778,-0.5363248,-0.3416667,324.5662055,56400.2972037,2.0,1.0
311,0.6333333,1.9333333,1635.6324056,1755.4053548,-119.7729492,-1.3,-0.9666667,0.5025031,-0.580404,155.704834,14345.5593601,0.5,1.0
312,1.4333333,1.0333333,1602.1145019,1670.4515381,-68.3370362,0.4,1.6,-0.3898148,0.7705128,-27.3348145,4669.950512,1.0,1.0
313,2.3,1.1333333,1854.3642171,1660.7011719,193.6630453,1.1666667,2.4555556,-1.1794872,-0.1571577,225.9402195,37505.375102,3.0,0.3333333
314,2.7,2.1,2031.1279704,1711.421753,319.7062174,0.6,-0.1166667,0.9060384,-0.0334172,191.8237304,102212.0654442,2.5,1.0
315,0.9666667,0.9,1712.4056397,1606.4344482,105.9711914,0.0666667,0.0333333,-0.831592,-1.0,7.0647461,11229.8934138,1.0,0.4
316,1.4666667,1.7333333,1633.6157226,1754.0551351,-120.4394125,-0.2666667,0.4444444,-0.1699034,0.7074176,32.1171767,14505.6520753,1.0,0.5
317,0.9666667,1.1333333,1792.218099,1635.8924154,156.3256836,-0.1666667,-0.1111111,0.4695767,0.7037037,-26.0542806,24437.7193426,2.0,0.3333333
318,0.2666667,0.9666667,1596.5303548,1592.4153239,4.1150309,-0.7,-1.1833333,1.015762,-0.5128205,-2.8805217,16.9334796,0.25,1.0
319,1.4,3.2666667,1590.3440349,2026.9871826,-436.6431478,-1.8666667,-2.4166667,-0.0788904,-0.3929464,815.0672092,190657.2384916,1.0,6.0
320,2.3333333,2.9,1756.8270264,1858.3241781,-101.4971517,-0.5666667,-1.7222222,0.7278613,0.0787082,57.5150526,10301.6718032,1.3333333,1.5
321,1.7333333,0.7666667,1717.3638916,1640.7102051,76.6536866,0.9666667,-0.4444444,0.4240813,-1.7474541,74.0985637,5875.7876643,0.1666667,1.0
322,0.8333333,0.8333333,1641.2990723,1622.6658935,18.6331788,0.0,0.1277778,-0.7992063,0.7602339,0.0,347.195351,0.5,0.75
323,1.0,1.9666667,1606.1986491,1833.8408203,-227.6421713,-0.9666667,-3.1444444,1.5664712,-0.5095238,220.0540989,51820.958139,0.6666667,4.0
324,1.0,1.5333333,1651.8228353,1709.2944743,-57.471639,-0.5333333,-0.5666667,0.2879992,0.784632,30.6515408,3302.9892932,0.6666667,1.5
325,0.7,1.4666667,1667.9484456,1794.9152425,-126.9667969,-0.7666667,-0.9333333,-0.5777778,0.0619658,97.3412109,16120.5675066,1.0,2.0
326,1.2,1.7,1759.4690348,1609.7278646,149.7411702,-0.5,-1.6111111,-0.4367816,-0.5035714,-74.8705851,22422.4180628,1.0,1.0
327,0.9,1.3666667,1644.1960856,1589.539266,54.6568196,-0.4666667,0.1111111,-0.4417556,0.6798341,-25.5065158,2987.3679324,1.0,0.6666667
328,1.2333333,1.4333333,1598.5561524,1718.2255046,-119.6693522,-0.2,0.9444444,-0.4853256,0.7957152,23.9338704,14320.753856,1.0,1.0
329,2.0666667,0.7333333,1615.4441732,1601.9508463,13.4933269,1.3333333,0.8666667,1.1899391,-0.0853175,17.9911025,182.0698699,2.0,0.3333333
330,1.0666667,0.4,1614.041097,1593.6751709,20.3659261,0.6666667,-0.1666667,0.2703634,-0.7046784,13.577284,414.7709446,0.5,1.0
331,1.0666667,1.0333333,1639.0072429,1645.6708577,-6.6636149,0.0333333,0.2777778,-0.2478293,0.9429825,-0.2221205,44.4037631,2.0,1.0
332,1.8666667,0.9333333,1858.0771891,1665.0235596,193.0536296,0.9333333,0.8,-0.2777778,-1.358703,180.1833876,37269.7038889,0.5,0.6
333,1.9333333,2.4333333,1836.8608805,2032.0965983,-195.2357178,-0.5,-0.3333333,-0.9047619,-0.4150724,97.6178589,38116.9855049,3.0,1.5
334,1.4,1.1666667,1710.7155355,1758.1112874,-47.395752,0.2333333,0.5,-0.4356725,0.5069375,-11.0590088,2246.3573045,1.0,0.5
335,1.3666667,1.7666667,1794.8737793,1762.3326416,32.5411377,-0.4,0.4444444,1.0776942,0.8523392,-13.0164551,1058.9256428,1.6666667,2.0
336,1.4,2.1,1646.008667,1847.8267822,-201.8181152,-0.7,-0.6944444,-0.0308642,-0.1097403,141.2726806,40730.5516229,4.0,0.75
337,1.7,1.4666667,1760.3401286,1609.3345948,151.0055338,0.2333333,-0.2777778,0.824362,-0.2495421,35.2346246,22802.6712382,0.6666667,1.0
338,1.8,0.9,2045.2416585,1652.4638265,392.777832,0.9,1.9444444,-0.4,0.2409172,353.5000488,154274.4253368,1.3333333,1.0
339,2.0333333,0.8333333,1782.1904704,1644.4465739,137.7438965,1.2,0.4611111,0.1719728,-0.1003899,165.2926758,18973.3810138,0.8,0.25
340,0.9,1.5666667,1597.7885742,1718.7369792,-120.948405,-0.6666667,-0.5833333,0.0393072,-0.3030303,80.63227,14628.516664,1.0,1.5
341,1.8666667,1.9,1721.1744385,1861.8016764,-140.627238,-0.0333333,-1.2777778,0.0376344,-0.326459,4.6875746,19776.0200581,1.0,4.0
342,1.0333333,2.4,1596.5423991,1627.5946452,-31.0522461,-1.3666667,-2.1111111,-0.1364608,0.3320707,42.4380697,964.2419879,1.0,6.0
343,0.7,2.2,1667.547404,1613.7204183,53.8269857,-1.5,-0.1333333,0.5634636,0.802276,-80.7404786,2897.3443895,0.25,1.0
344,1.6666667,1.3666667,1727.0369059,1657.7198079,69.317098,0.3,0.8333333,-0.799253,0.352021,20.7951294,4804.8600751,3.0,1.0
345,1.7333333,1.3333333,1614.2285156,2055.1760661,-440.9475504,0.4,-0.2777778,0.2227124,-0.4688057,-176.3790202,194434.7422332,1.0,1.0
346,1.7333333,1.2,1797.8823242,1601.1939697,196.6883545,0.5333333,0.4888889,0.7871275,0.4560011,104.9004557,38686.3087959,1.0,0.3333333
347,1.0,1.2666667,1645.0059001,1667.6408691,-22.6349691,-0.2666667,0.6333333,-0.9638752,0.2207602,6.0359918,512.3418246,1.0,0.5
348,2.4666667,2.0666667,1642.4596354,1722.9643148,-80.5046793,0.4,2.1666667,-0.6324786,0.7731481,-32.2018717,6481.0033946,1.5,1.0
349,1.2666667,0.2,1863.2836507,1601.1182861,262.1653646,1.0666667,1.4444444,-0.5,0.5378788,279.6430556,68730.6783959,1.0,0.6666667
350,2.5666667,0.7,1858.2030843,1602.2034505,255.9996338,1.8666667,1.1388889,0.0930135,-0.6380952,477.865983,65535.8124887,2.0,0.6666667
351,2.5333333,1.9333333,1613.0257568,1758.7688395,-145.7430827,0.6,0.4444444,-0.2097953,-0.1053521,-87.4458496,21241.0461452,2.0,1.0
352,1.2333333,1.6333333,1813.8821615,1655.2843425,158.597819,-0.4,-0.3611111,0.1084656,1.51554,-63.4391276,25153.2681916,1.5,0.5
353,1.4333333,2.0666667,1665.8707683,1662.6668701,3.2038981,-0.6333333,-1.0,-0.3968254,-0.7213805,-2.0291355,10.2649632,1.0,1.0
354,1.0333333,1.9666667,1607.8092448,1739.4789632,-131.6697184,-0.9333333,-0.9444444,-0.4292328,-0.1730994,122.8917372,17336.9147435,1.5,1.5
355,1.2666667,1.8333333,2064.3422038,1868.9412842,195.4009196,-0.5666667,-0.7222222,0.1988562,1.0026441,-110.7271878,38181.5193805,2.0,1.5
356,1.1333333,2.6,1665.8729655,1815.327474,-149.4545085,-1.4666667,-0.85,-0.3466384,-0.3902116,219.1999458,22336.650111,1.0,2.5
357,0.6333333,2.7333333,1601.4451498,1621.9156087,-20.470459,-2.1,-0.8333333,0.8349814,-0.1916744,42.9879638,419.0396903,0.6666667,1.0
358,1.8666667,2.7666667,1729.7373454,1872.4282633,-142.690918,-0.9,-0.1388889,-0.5555556,0.2829365,128.4218262,20360.6980702,1.0,0.6666667
359,1.4333333,1.6,1668.1079102,1624.1308187,43.9770915,-0.1666667,0.0555556,0.2328431,0.1683007,-7.3295152,1933.9845768,0.6666667,0.5
360,1.3,1.2333333,1606.162028,1828.7647705,-222.6027425,0.0666667,-0.6722222,0.1875876,-0.859949,-14.8401828,49551.9809685,0.4,1.0
361,1.8666667,0.5333333,1758.2898356,1651.8570557,106.4327799,1.3333333,0.1388889,0.1542682,-0.0730201,141.9103732,11327.9366443,1.0,1.0
362,1.9666667,1.1333333,1747.6012777,1730.2452393,17.3560384,0.8333333,0.8333333,0.469697,0.3477026,14.4633653,301.2320689,1.0,1.0
363,2.1333333,0.9333333,1660.0364176,1595.6248779,64.4115397,1.2,-0.1111111,0.5146689,-0.3287037,77.2938476,4148.8464422,1.0,1.5
364,2.3,1.6666667,1868.6110026,1626.1213786,242.489624,0.6333333,0.2222222,-0.9533147,-0.1964286,153.5767619,58801.2177638,1.0,1.5
365,2.2,0.9333333,1813.3920899,1670.8367106,142.5553792,1.2666667,0.3333333,-0.734127,-0.8253968,180.570147,20322.0361484,1.0,2.0
366,1.5,1.2,1670.0384929,2063.421875,-393.3833821,0.3,-0.3333333,1.280112,-0.4090414,-118.0150146,154750.4853387,0.5,1.0
367,1.6,1.1333333,1869.4899088,1667.8595785,201.6303304,0.4666667,0.3888889,-0.0685532,-0.3222689,94.0941542,40654.7901238,1.0,0.6666667
368,2.4333333,1.2666667,1627.4425456,1611.5910238,15.8515218,1.1666667,0.1666667,0.1928939,-0.6560743,18.4934421,251.2707423,0.6666667,1.0
369,1.6333333,1.4333333,1832.3972575,1754.6205241,77.7767334,0.2,0.8333333,-0.8703704,-0.6023767,15.5553467,6049.2202584,4.0,2.0
370,0.7333333,1.1333333,1648.3842774,1602.8121338,45.5721436,-0.4,0.5055556,0.1309524,1.0833333,-18.2288574,2076.8202693,0.5,0.25
371,0.7666667,1.6666667,1666.7806804,1868.3336588,-201.5529785,-0.9,-0.1111111,0.376507,0.6916787,181.3976806,40623.6031288,0.3333333,0.3333333
372,0.5666667,2.0333333,1675.3353272,1632.3057861,43.029541,-1.4666667,0.6111111,0.031937,1.9345238,-63.1099935,1851.5414015,1.0,0.5
373,1.3,2.0666667,1733.7233887,1811.6716309,-77.9482422,-0.7666667,-0.6111111,-0.4393069,0.1848739,59.760319,6075.9284621,0.6666667,1.0
374,2.1666667,1.3333333,1632.3233643,1671.2725423,-38.9491781,0.8333333,0.8333333,-0.4882155,-0.6657455,-32.4576484,1517.0384721,3.0,1.0
375,1.5333333,2.2666667,1598.4864502,1658.4321696,-59.9457193,-0.7333333,-1.1166667,0.2095238,-0.2194042,43.9601942,3593.4892664,1.0,3.0
376,1.0,0.9333333,1598.3566895,1649.5421957,-51.1855062,0.0666667,0.0,-0.7096963,-0.7493386,-3.4123671,2619.956045,0.3333333,1.0
377,1.0,2.1,2060.9083659,1753.7461344,307.1622315,-1.1,0.0,-0.6274281,0.7222681,-337.8784546,94348.6364396,1.0,1.5
378,1.1333333,1.9666667,1616.8428955,1839.574178,-222.7312825,-0.8333333,-1.0,0.253655,0.4611111,185.6094021,49609.2242041,2.0,2.5
379,1.4,2.1333333,1758.15743,1873.9934082,-115.8359782,-0.7333333,-0.7,-0.023569,-0.0330808,84.946384,13417.9738378,0.4,3.0
380,0.7666667,1.6333333,1671.0166016,1853.3397217,-182.3231201,-0.8666667,-0.1111111,0.0828562,1.4166166,158.0133708,33241.720123,1.0,1.5
381,0.9,1.4666667,1646.5247803,1732.4404704,-85.9156901,-0.5666667,0.2777778,-0.2906793,0.5980228,48.6855577,7381.5058054,2.0,1.0
382,1.7666667,0.5333333,1627.7689209,1660.0823975,-32.3134766,1.2333333,0.1666667,0.1615291,-1.468254,-39.8532878,1044.16077,1.0,0.6666667
383,1.4666667,0.7666667,1881.0281168,1625.8933512,255.1347656,0.7,0.9333333,-0.1842105,0.5883838,178.5943359,65093.7486178,2.0,0.2
384,1.4,0.6666667,1596.0520427,1598.0011393,-1.9490967,0.7333333,-0.25,0.2015873,-0.2657005,-1.4293376,3.7989778,0.3333333,0.5
385,1.5333333,1.2333333,1805.5582683,1757.5826416,47.9756267,0.3,0.0333333,-0.0982633,0.4798086,14.392688,2301.6607573,1.0,0.5
386,2.1,1.3,1846.4241536,2056.4541016,-210.0299479,0.8,2.6666667,-1.0480769,0.1659933,-168.0239583,44112.5790289,5.0,1.5
387,1.9333333,2.4333333,1757.7792969,1644.7248942,113.0544026,-0.5,-0.7777778,-0.6002886,-0.2599025,-56.5272013,12781.2979548,0.6666667,1.0
388,2.4,0.6333333,1662.7635091,1682.0670573,-19.3035482,1.7666667,1.0,-0.8627451,-1.2433862,-34.1029352,372.6269731,3.0,1.0
389,0.6333333,1.0,1655.6878662,1672.043335,-16.3554687,-0.3666667,-0.1666667,-0.3851111,-0.4310134,5.9970052,267.5013575,2.0,1.5
390,1.0333333,1.0666667,1687.3426514,1593.1107992,94.2318522,-0.0333333,0.1888889,-0.6928105,0.7189169,-3.1410617,8879.641969,0.4,0.5
391,0.5333333,1.1333333,1628.971639,1647.5703125,-18.5986735,-0.6,-0.0444444,0.240448,-0.8928571,11.1592041,345.910656,1.0,0.3333333
392,1.4333333,2.1333333,1757.5744629,1671.3061523,86.2683105,-0.7,-2.0333333,1.2727273,-0.7837302,-60.3878174,7442.2214023,1.5,2.5
393,2.1,1.6666667,1658.6359457,1889.53597,-230.9000244,0.4333333,-0.5,1.5608466,-0.0734767,-100.0566772,53314.8212525,0.5,1.0
394,0.6,1.6666667,1597.0489909,1801.8138835,-204.7648926,-1.0666667,0.0555556,-0.5659983,-0.7524694,218.4158854,41928.6612278,2.0,0.6666667
395,1.8666667,1.3666667,1732.982544,1857.3335368,-124.3509928,0.5,-1.1666667,0.1297768,-1.4989367,-62.1754964,15463.1694103,3.0,0.6666667
396,1.7,1.7666667,1847.5659586,1759.9656982,87.6002604,-0.0666667,-0.5555556,1.7228196,0.0553521,-5.8400174,7673.8056221,0.6666667,2.0
397,1.3333333,1.0,2054.2950033,1624.598348,429.6966553,0.3333333,0.6666667,0.9508547,1.2794613,143.2322184,184639.2155474,1.5,0.5
398,1.9333333,2.4,1796.7387695,2053.6713053,-256.9325358,-0.4666667,-0.4444444,-1.1134889,-0.3409702,119.90185,66014.3279526,2.0,2.0
399,0.9,0.7,1861.1387532,1655.774292,205.3644612,0.2,1.1111111,0.1539533,0.9166667,41.0728922,42174.5619377,0.6666667,0.3333333
400,2.0,0.4666667,1681.5058187,1631.9452311,49.5605875,1.5333333,1.9333333,-0.6182122,1.531746,75.9929009,2456.2518366,2.0,0.5
401,1.8,2.0,1890.1335042,1835.881307,54.2521972,-0.2,-0.0555556,-1.7777778,-0.0709514,-10.8504394,2943.3009046,2.0,3.0
402,0.9,1.5,1678.6536458,1763.2165527,-84.5629069,-0.6,0.8333333,-0.1509972,1.7142857,50.7377441,7150.8852234,3.0,0.3333333
403,0.8666667,1.8666667,1619.921346,1734.3356527,-114.4143066,-1.0,-1.1666667,-0.4100221,-0.76097,114.4143066,13090.6335624,0.5,1.5
404,0.5666667,1.3,1587.6961263,1756.2566325,-168.5605062,-0.7333333,-0.4722222,0.0229741,-0.5952381,123.6110379,28412.6442392,0.25,0.5
405,1.1333333,1.3666667,1646.1092936,1666.0623373,-19.9530437,-0.2333333,0.7777778,-1.0064935,0.7380952,4.6557102,398.1239516,2.0,0.5
406,0.8333333,1.6,1594.8125814,1683.5298258,-88.7172444,-0.7666667,-0.8,0.4904762,-0.3182957,68.0165541,7870.7494598,0.5,4.0
407,1.0,0.6,1686.4501953,1858.6877441,-172.2375488,0.4,1.0555556,-1.5543287,-0.0039683,-68.8950195,29665.7732166,1.0,1.0
408,0.4,1.5333333,1629.1946615,1681.2125651,-52.0179036,-1.1333333,-1.0777778,-0.047619,-0.6516291,58.9536241,2705.8622949,0.1666667,0.5
409,0.7,1.3333333,1653.2620849,1648.2360433,5.0260417,-0.6333333,0.2,0.4588745,0.8730159,-3.1831597,25.2610948,1.0,0.4
410,1.7333333,0.8666667,1752.9186198,1593.8773193,159.0413005,0.8666667,-0.7666667,1.2087719,-0.2142857,137.8357937,25294.1352541,0.2,2.0
411,1.8666667,1.8666667,1663.000529,1794.4134928,-131.4129638,0.0,-0.1666667,-0.0714286,-0.7611529,-0.0,17269.3670635,2.5,1.3333333
412,1.7666667,0.8666667,1836.1995443,1617.7455648,218.4539795,0.9,1.4444444,-0.1480402,0.5685056,196.6085815,47722.1411448,2.0,0.3333333
413,1.8,2.2,1761.6159668,1890.7155761,-129.0996093,-0.4,-0.0555556,0.5824916,0.2738464,51.6398437,16666.70913,1.0,0.5
414,2.3,2.4333333,2056.0536296,1693.9436035,362.1100261,-0.1333333,-2.0833333,2.0040486,-0.2047552,-48.2813368,131123.670978,0.75,6.0
415,2.0,1.0666667,1741.2504883,1578.605306,162.6451823,0.9333333,0.5833333,-0.3928571,0.3706632,151.8021702,26453.4553362,3.0,5.0
416,1.0666667,1.2333333,1676.6914063,1743.6370036,-66.9455973,-0.1666667,1.2666667,-0.6904762,0.1984127,11.1575996,4481.7130023,1.0,1.0
417,0.9,1.6,1612.1466472,1760.354126,-148.2074788,-0.7,-0.1666667,-0.4924353,-0.1158345,103.7452352,21965.4567821,1.0,1.0
418,0.8,2.1,1851.9912516,1839.8753662,12.1158854,-1.3,-1.2777778,1.0420168,-0.0769862,-15.750651,146.794679,0.5,1.0
419,1.7,0.8,1796.9441732,1654.152181,142.7919922,0.9,0.0,-0.3650794,-0.1810745,128.512793,20389.553046,1.0,3.0
420,2.3,1.1333333,1884.7456868,1694.2600505,190.4856363,1.1666667,-0.8333333,0.9370016,-0.9785247,222.2332424,36284.7776493,1.0,2.0
421,1.0666667,2.8333333,1642.9243571,2053.3479004,-410.4235433,-1.7666667,-0.5055556,-0.8690476,-0.5075264,725.0815932,168447.4849223,0.3333333,1.5
422,1.7666667,1.9666667,1706.9052327,1750.2798258,-43.3745931,-0.2,0.7222222,-1.558642,0.3728433,8.6749186,1881.3553266,0.6666667,2.0
423,0.7666667,2.1333333,1598.5906982,1665.1210938,-66.5303955,-1.3666667,-0.1666667,-0.7952381,-0.2380952,90.9248739,4426.2935298,1.0,1.0
424,1.0,0.4,1580.4926758,1624.9232992,-44.4306234,0.6,1.3611111,0.047619,2.3333333,-26.658374,1974.0802957,0.5,1.0
425,1.0666667,2.0333333,1801.8551432,1845.1211344,-43.2659912,-0.9666667,0.2222222,-0.3247334,1.057273,41.8237915,1871.9459945,2.0,0.6666667
426,1.3666667,2.3,1715.1267904,1669.8450114,45.281779,-0.9333333,1.3055556,-0.5626102,1.202381,-42.2629937,2050.4395064,1.0,0.25
427,0.7,1.9,1611.4525554,1880.2898356,-268.8372802,-1.2,-0.6111111,-0.2470356,-0.126634,322.6047362,72273.4832253,0.3333333,2.0
428,1.0,0.8666667,1637.6644287,1701.9133301,-64.2489014,0.1333333,-0.7555556,0.5306408,-0.5714286,-8.5665202,4127.9213311,0.5,0.5
429,0.9333333,0.9,1676.1813558,1655.4723714,20.7089844,0.0333333,-0.9166667,0.2136752,-1.6239316,0.6902995,428.8620363,0.25,0.5
430,1.1666667,1.2666667,1843.022583,1758.2399089,84.7826741,-0.1,-0.6666667,0.6130952,-0.9632035,-8.4782674,7188.1018332,1.5,3.0
431,1.0666667,1.8666667,1601.751709,1757.7874349,-156.0357259,-0.8,0.3333333,-2.5,-0.2898551,124.8285807,24347.1477675,4.0,1.0
432,1.2666667,0.7333333,1729.6589356,1618.5747884,111.0841472,0.5333333,0.8444444,-0.2564103,0.3525641,59.2448785,12339.6877517,4.0,1.5
433,1.1666667,1.9666667,1583.6589762,2049.7667643,-466.1077881,-0.8,0.6388889,-0.3571429,1.7023071,372.8862305,217256.4701275,0.6666667,2.0
434,2.1666667,1.0333333,1670.5201823,1608.7562256,61.7639567,1.1333333,-0.25,0.349134,-0.6702509,69.9991509,3814.7863472,0.6666667,1.3333333
435,1.8333333,1.3666667,1875.8493652,1839.8547363,35.9946289,0.4666667,0.4166667,0.609127,0.5796784,16.7974935,1295.6133096,0.75,0.5
436,1.3,0.8,1659.2695719,1586.9911296,72.2784424,0.5,1.5444444,-0.5733264,-0.5213675,36.1392212,5224.173231,2.5,0.2
437,1.9,1.5,1761.8027344,1668.4441732,93.3585612,0.4,1.45,1.508547,1.5812629,37.3434245,8715.8209431,3.0,0.4
438,1.8666667,1.0,1845.2763672,1629.2185059,216.0578613,0.8666667,-0.0222222,0.668122,0.0787511,187.2501465,46680.9994295,0.6,1.5
439,1.1,1.3333333,1704.6356201,1806.6925863,-102.0569661,-0.2333333,-0.5,0.1495098,-1.264239,23.8132921,10415.6243363,0.6666667,1.6666667
440,2.6333333,1.3333333,2046.1487223,1724.9246826,321.2240397,1.3,-0.1666667,0.4166667,-0.4214769,417.5912516,103184.8836812,5.0,4.0
441,0.9666667,0.9666667,1761.2207845,1718.564209,42.6565755,-0.0,0.9444444,-0.6322182,0.0099068,-0.0,1819.5834362,2.0,1.5
442,1.3666667,1.0,1617.7400309,1611.4736328,6.2663981,0.3666667,-0.8611111,0.0381563,-0.8055556,2.2976793,39.2677451,0.25,0.3333333
443,1.5,2.4,1658.7607015,2047.6016032,-388.8409017,-0.9,-2.7833333,1.9588715,-0.4321033,349.9568115,151197.2468349,0.5,2.5
444,0.8333333,1.3,1628.7858073,1768.0369059,-139.2510986,-0.4666667,-2.1666667,0.9803922,0.2828283,64.983846,19390.8684706,0.5,4.0
445,1.3,1.8,1835.0768229,1664.3883464,170.6884765,-0.5,-0.4722222,-0.2886142,-0.4973904,-85.3442383,29134.5560213,0.5,3.0
446,0.9,1.5,1582.0406901,1871.6135661,-289.572876,-0.6,-0.9611111,0.718254,0.0322039,173.7437256,83852.4504956,1.0,2.0
447,1.1666667,1.6666667,1810.7648926,1618.1125895,192.6523031,-0.5,0.3055556,-0.2571105,0.4066952,-96.3261515,37114.9098769,1.0,2.0
448,1.0666667,1.6666667,1720.0719401,1836.9127604,-116.8408203,-0.6,-0.1722222,-0.910017,0.1574284,70.1044922,13651.7772806,0.25,2.0
449,0.9666667,0.9,1613.1316732,1704.0196126,-90.8879395,0.0666667,-0.0555556,0.5458754,-0.0571895,-6.059196,8260.6175405,0.3333333,1.0
450,1.7666667,1.9,1730.485026,1766.8725179,-36.3874919,-0.1333333,0.8,-1.5,-0.3053306,4.8516656,1324.0495643,0.4,2.0
451,1.7,0.6333333,1870.2473958,1630.075236,240.1721598,1.0666667,1.4722222,-0.5462185,-0.6406926,256.1836372,57682.666359,4.0,0.3333333
452,1.6,1.6333333,1832.1619466,1736.5343424,95.6276042,-0.0333333,-0.5444444,3.6752137,0.196488,-3.1875868,9144.6386787,0.6666667,0.5
453,1.2333333,0.5333333,1700.5915934,1579.9569905,120.6346029,0.7,0.2388889,-0.1079846,-0.0539216,84.444222,14552.7074088,0.5,0.25
454,1.1,0.8666667,1666.1937663,1718.7836914,-52.5899252,0.2333333,0.25,0.4659721,-2.4810745,-12.2709825,2765.700229,1.0,1.5
455,2.0333333,1.4,1831.8689779,1612.3729248,219.4960531,0.6333333,-0.2222222,-0.2215998,-0.3157182,139.0141669,48178.5173118,2.0,2.0
456,1.9,1.3666667,1660.2365723,1647.4148763,12.821696,0.5333333,0.9222222,-0.6044849,0.4288303,6.8382378,164.3958875,0.5,0.5
457,1.6333333,1.1333333,1777.3179118,1814.9605306,-37.6426188,0.5,1.8888889,-1.7612045,-0.4973545,-18.8213094,1416.9667501,3.0,0.6666667
458,1.9333333,1.3666667,1772.2027995,1621.4860433,150.7167562,0.5666667,1.0833333,0.2275132,0.218254,85.4061618,22715.5405894,2.0,1.5
459,2.5333333,1.1,2049.4618734,1614.5139974,434.947876,1.4333333,1.5555556,-1.2882366,-0.3492063,623.4252889,189179.6548369,2.0,0.5
460,0.9666667,1.6,1612.9281006,1786.5427246,-173.614624,-0.6333333,-2.0555556,1.8636752,0.8412698,109.9559285,30142.0376667,1.0,1.0
461,0.3333333,1.6,1579.0252278,1826.5234782,-247.4982504,-1.2666667,-0.4722222,-3.7701188,-0.5518207,313.4977838,61255.3839346,1.0,1.0
462,0.6666667,1.6666667,1813.4779053,1617.1464844,196.3314209,-1.0,-0.2222222,0.1521164,0.6139601,-196.3314209,38546.0268326,1.0,1.0
463,1.9666667,2.2,1781.2524414,2051.3543294,-270.101888,-0.2333333,0.5,0.1473127,0.2866911,63.0237739,72955.0299192,3.0,1.0
464,0.7666667,1.2,1626.5317383,1659.3100993,-32.778361,-0.4333333,-0.2222222,0.6037523,0.2553808,14.2039564,1074.4209477,0.3333333,1.0
465,0.7333333,1.3333333,1720.6916097,1695.2269694,25.4646403,-0.6,0.0833333,0.2566138,2.9166667,-15.2787842,648.4479073,1.0,1.0
466,0.6333333,2.0666667,1629.3816325,1828.2103272,-198.8286947,-1.4333333,-0.6666667,0.3364936,0.5617499,284.9877957,39532.8498361,0.6666667,1.0
467,1.8,0.9666667,1734.6376953,1668.7813314,65.8563639,0.8333333,-0.8666667,1.0164601,-0.5628601,54.8803033,4337.0606661,1.0,1.0
468,1.0333333,1.9,1639.9895833,1869.2812907,-229.2917074,-0.8666667,-1.8333333,0.6349206,-0.0870241,198.7194797,52574.6870671,1.0,1.5
469,0.5,1.7333333,1672.1846924,1787.8398844,-115.6551921,-1.2333333,-1.4333333,0.7244913,-1.0358974,142.6414035,13376.123452,0.2,1.5
470,1.7333333,0.6666667,1869.1838786,1807.9046631,61.2792155,1.0666667,2.3888889,-1.7301587,0.8460798,65.3644965,3755.1422523,4.0,0.6666667
471,1.5666667,1.0,1826.3046468,1608.4722087,217.8324381,0.5666667,1.6388889,1.7538462,0.4159664,123.4383816,47450.9711031,5.0,0.25
472,1.5,1.1333333,1791.3151449,1637.5853272,153.7298177,0.3666667,2.0833333,-1.6031746,0.7277167,56.3675998,23632.8568501,4.0,0.25
473,1.1,0.4666667,1659.0818685,1579.4066162,79.6752523,0.6333333,0.6833333,-0.6249645,1.2810458,50.4609931,6348.1458238,2.0,0.2
474,2.2666667,0.6,2049.0910644,1631.8534343,417.2376302,1.6666667,0.4444444,-0.2984127,-0.2421356,695.3960503,174087.2400271,0.6666667,0.5
475,1.5333333,1.9333333,1690.9648437,1730.8798421,-39.9149984,-0.4,-1.0,-0.994721,-0.9683955,15.9659993,1593.2070946,2.0,5.0
476,1.7333333,0.8666667,1618.7428385,1624.2587891,-5.5159505,0.8666667,0.8333333,-0.4550265,0.8675214,-4.7804905,30.4257103,1.5,1.0
477,2.0,0.6333333,1823.7747396,1719.9556071,103.8191325,1.3666667,0.3333333,0.50571,-1.7839721,141.8861478,10778.41228,1.0,0.5
478,0.9,1.3666667,1570.6094157,1621.8118489,-51.2024332,-0.4666667,-0.4888889,0.4413179,-1.1452991,23.8944688,2621.689169,0.3333333,0.5
479,2.0666667,1.0333333,1716.5342611,1789.6145833,-73.0803223,1.0333333,-0.3333333,0.7254902,-0.526517,-75.516333,5340.7335026,1.0,3.0
480,0.9666667,1.0666667,1791.8216146,1806.0424805,-14.2208659,-0.1,-0.0833333,0.633547,-0.5527066,1.4220866,202.233026,0.75,0.6666667
481,1.0666667,1.0333333,1629.2113851,1616.1795247,13.0318604,0.0333333,-0.6944444,1.4126984,-0.7132867,0.4343953,169.8293846,0.3333333,2.0
482,1.0,1.5333333,1713.3589681,1863.2921143,-149.9331462,-0.5333333,-1.2777778,-0.3150183,-1.5407509,79.9643446,22479.9483294,1.5,1.3333333
483,1.7,1.2666667,1791.0327148,1652.8706462,138.1620687,0.4333333,-0.2777778,0.3395493,-0.6258297,59.8702298,19088.7572183,0.6666667,3.0
484,2.3333333,2.0333333,2036.9206136,1821.0330404,215.8875732,0.3,-1.7777778,1.1721612,-0.3064802,64.766272,46607.4442622,3.0,4.0
485,0.8333333,0.6,1625.3724365,1660.9810791,-35.6086426,0.2333333,-0.5111111,0.689372,-0.4285714,-8.3086833,1267.9754254,0.3333333,1.5
486,0.9333333,1.4666667,1599.131958,1683.4069824,-84.2750244,-0.5333333,-0.8333333,1.1673993,0.1428571,44.9466797,7102.2797432,0.25,1.0
487,0.6,0.7333333,1591.6569824,1654.5955404,-62.938558,-0.1333333,-0.4,-0.0559006,-0.969697,8.3918077,3961.2620789,1.0,1.0
488,0.9333333,0.9333333,1613.6342367,1778.4595541,-164.8253174,0.0,0.5833333,-1.040873,0.2659933,-0.0,27167.385256,0.6666667,0.5
489,1.6666667,1.4666667,1820.4582519,1619.6632487,200.7950032,0.2,2.5055556,-2.109575,2.0349206,40.1590006,40318.6333235,0.6,1.5
490,1.2666667,1.2333333,1678.732544,1613.9460449,64.7864991,0.0333333,0.7222222,-1.3268133,0.1111111,2.15955,4197.2904613,1.0,1.0
491,1.5333333,0.8666667,1787.1374105,1560.1232097,227.0142008,0.6666667,2.0444444,-0.9848485,1.5357143,151.3428006,51535.44738,0.6666667,1.0
492,0.8,0.7666667,1618.617513,1707.063151,-88.445638,0.0333333,0.25,-0.4877715,0.5982906,-2.9481879,7822.6308871,1.0,0.25
493,1.2333333,2.5333333,1648.7777507,2024.8825683,-376.1048177,-1.3,0.0555556,-1.3253968,0.0801033,488.936263,141454.8338721,3.0,1.6666667
494,1.3333333,1.3666667,1857.5035807,1787.0210775,70.4825033,-0.0333333,2.0555556,-1.008658,1.4265873,-2.3494168,4967.7832667,4.0,1.0
495,1.0666667,1.4333333,1782.7224121,1582.567098,200.1553141,-0.3666667,0.6944444,0.0723443,1.1611722,-73.3902818,40062.1497758,2.0,0.3333333
496,1.1,1.5666667,1651.8888347,1706.0108236,-54.1219889,-0.4666667,-0.5,-0.0277778,0.537617,25.2569282,2929.1896825,1.0,1.5
497,1.7333333,1.5333333,1577.6044922,1855.1999512,-277.595459,0.2,-1.1666667,-0.211039,-1.121732,-55.5190918,77059.2388389,1.5,1.0
498,3.1,1.2,2017.0476074,1652.8750407,364.1725667,1.9,-0.1111111,1.2380952,-0.7538277,691.9278767,132621.6583369,2.0,3.0
499,1.4,1.7,1604.2577718,1816.7708333,-212.5130615,-0.3,-1.8666667,0.8642271,-1.1436831,63.7539185,45161.8013223,0.6666667,3.0
500,1.2666667,1.6333333,1779.811849,1674.8346761,104.9771728,-0.3666667,-0.2777778,1.042735,0.2030303,-38.49163,11020.2068161,1.0,1.5
501,0.6333333,1.6666667,1548.4710694,1761.7930095,-213.3219401,-1.0333333,-0.0833333,0.1061207,-0.3614951,220.4326714,45506.250128,0.1666667,0.5
502,1.2333333,1.6333333,1655.0782878,1781.7561035,-126.6778157,-0.4,-1.7222222,-0.1274281,-0.9641655,50.6711263,16047.268999,0.5,6.0
503,1.2,1.2,1697.2069906,1613.115682,84.0913086,0.0,-0.2222222,0.9099327,0.6772857,0.0,7071.3481821,0.3333333,2.0
504,0.8,1.0666667,1697.9028727,1609.3917643,88.5111084,-0.2666667,-0.8055556,0.7340686,-0.980686,-23.6029622,7834.2163102,0.5,2.0
505,1.2333333,1.6333333,1611.9051514,1766.0962321,-154.1910807,-0.4,-0.3888889,0.9157509,-0.379354,61.6764323,23774.8893777,0.3333333,0.6666667
506,2.0,0.9666667,1751.1696371,1694.7263591,56.443278,1.0333333,0.4166667,0.1005291,0.1538232,58.3247206,3185.8436314,4.0,3.0
507,1.7666667,1.7,1612.1129151,1578.4963379,33.6165772,0.0666667,0.7222222,-0.4632867,0.0494386,2.2411051,1130.0742604,1.5,0.5
508,1.7333333,3.1333333,1855.416626,2019.0165202,-163.5998942,-1.4,-0.5555556,-1.1414141,-0.2016693,229.0398519,26764.9253823,2.0,5.0
509,1.4333333,1.6333333,1817.9881185,1775.2013753,42.7867432,-0.2,0.2,-0.2612505,0.5867111,-8.5573486,1830.7053908,1.0,2.0
510,1.8333333,0.2,1760.2532959,1542.9120687,217.3412272,1.6333333,0.5,-0.4504357,0.3896104,354.9906711,47237.2090553,0.25,0.25
511,1.0333333,1.2,1614.5220947,1696.0627441,-81.5406494,-0.1666667,0.1666667,-0.391476,0.3280053,13.5901082,6648.8775046,0.3333333,0.6666667
512,1.7,1.4333333,1781.339152,1601.3020019,180.0371501,0.2666667,1.8333333,0.2585859,0.8824786,48.0099067,32413.3754041,1.5,1.0
513,0.8333333,1.0666667,1660.6396891,1656.90271,3.7369792,-0.2333333,0.0111111,-0.2193732,0.1018519,-0.8719618,13.9650133,0.2,0.6666667
514,2.2,1.5333333,1675.1361898,1610.6765137,64.4596761,0.6666667,-0.9444444,0.1127006,-0.2530864,42.9731174,4155.0498472,0.5,4.0
515,0.8333333,1.4666667,1577.6758626,1690.4858805,-112.8100179,-0.6333333,-0.3888889,-0.1678692,0.4923747,71.4463447,12726.1001386,1.0,0.6666667
516,0.6666667,1.4333333,1656.6842448,1854.9616292,-198.2773844,-0.7666667,-0.6111111,0.6147556,0.5151515,152.0126614,39313.9211777,0.5,0.5
517,1.0,2.3333333,1617.1532389,1744.6353353,-127.4820964,-1.3333333,-0.2222222,-0.1478369,-0.0982676,169.9761285,16251.684894,1.0,1.5
518,2.3,2.0333333,2021.2089437,1672.955363,348.2535807,0.2666667,2.0,-1.018085,0.4835708,92.8676215,121280.5564704,2.0,1.0
519,0.9,1.9333333,1664.3706055,1816.2172852,-151.8466797,-1.0333333,0.1777778,-0.3650794,0.3327109,156.9082357,23057.4141359,2.0,0.6666667
520,1.6,1.2,1776.8942057,1781.2726237,-4.3784179,0.4,-1.6666667,0.0723104,-0.5331786,-1.7513672,19.1705436,1.5,2.0
521,0.4666667,1.0,1538.1885986,1613.9422607,-75.7536621,-0.5333333,-0.9166667,1.1609916,-1.4920635,40.4019531,5738.6173216,0.6666667,1.5
522,1.3666667,2.1666667,1600.505249,1617.8949382,-17.3896892,-0.8,-0.7777778,0.0472934,0.1005291,13.9117513,302.4012893,0.5,1.0
523,1.1333333,1.7,1691.0749919,1751.9153239,-60.8403321,-0.5666667,-0.25,0.8827719,-0.1914012,34.4761882,3701.546006,0.6666667,1.5
524,1.4333333,0.7666667,1851.7876383,1679.3750407,172.4125977,0.6666667,0.8888889,-0.6158874,0.4136234,114.9417318,29726.1038342,2.5,1.0
525,1.3,0.7,1686.615153,1531.6003011,155.0148519,0.6,0.4166667,-0.3824786,-0.1372549,93.0089111,24029.6043096,0.5,2.0
526,1.0,1.2666667,1784.6256917,2018.9966634,-234.3709717,-0.2666667,-1.2333333,1.7806268,0.4166667,62.4989258,54929.7523756,0.8,1.0
527,1.7333333,1.5333333,1742.276001,1782.5657552,-40.2897542,0.2,0.5833333,-0.6725283,-1.308378,-8.0579508,1623.2642962,1.0,1.25
528,1.6333333,1.1666667,1669.8300781,1668.1239421,1.7061361,0.4666667,-0.15,0.0470283,0.0053469,0.7961968,2.9109003,1.0,0.75
529,0.9666667,0.7,1617.9073893,1580.5971273,37.310262,0.2666667,-0.3888889,0.8008658,0.1880342,9.9494032,1392.055653,0.5,2.0
530,1.0666667,1.7333333,1740.7716065,1597.8871663,142.8844402,-0.6666667,0.1666667,-0.4953704,-0.0555556,-95.2562934,20415.9632417,1.0,0.75
531,1.7333333,0.9,1811.0652262,1650.282308,160.7829183,0.8333333,0.4777778,-0.7930283,0.6495204,133.9857652,25851.1468063,1.3333333,0.4
532,0.8333333,0.8666667,1581.8555501,1529.6146647,52.2408854,-0.0333333,0.3777778,-1.1746032,0.2193732,-1.7413628,2729.1101074,1.0,0.2
533,1.5666667,1.1666667,1593.8743489,1851.7785644,-257.9042155,0.4,-0.8333333,0.8687364,-0.6111111,-103.1616862,66514.5843727,0.25,1.0
534,1.0,0.8666667,1788.9796956,1613.2789713,175.7007243,0.1333333,-0.0166667,0.8310329,0.8465608,23.4267632,30870.7445195,0.2,1.0
535,1.1,0.9666667,2012.6648763,1733.5024414,279.1624349,0.1333333,-0.7222222,0.3992674,0.2068713,37.221658,77931.6650593,1.3333333,4.0
536,2.0666667,1.2,1805.0333252,1667.258667,137.7746582,0.8666667,0.3333333,0.0813103,0.4092944,119.4047037,18981.8564329,2.5,1.5
537,1.0333333,2.1,1641.9643148,1622.3594157,19.6048991,-1.0666667,-0.8444444,0.6086691,-0.5107287,-20.9118924,384.3520687,0.4,1.3333333
538,1.1333333,1.1666667,1665.9047852,1783.5118815,-117.6070963,-0.0333333,-0.0444444,-0.6225159,-0.4782135,3.9202365,13831.4291001,0.6666667,0.75
539,0.4333333,1.7,1671.3463135,1744.0328776,-72.6865641,-1.2666667,-1.6111111,0.5446623,-1.1666047,92.0696479,5283.3366055,1.0,5.0
540,1.2,1.3,1610.6523844,1586.1192627,24.5331217,-0.1,-0.2222222,-0.505698,-1.6111111,-2.4533122,601.874062,0.3333333,1.5
541,1.3666667,0.9,1682.2486165,1668.8295898,13.4190267,0.4666667,0.9444444,-0.039886,0.4279625,6.2622125,180.0702776,5.0,1.3333333
542,0.8333333,0.9666667,1734.4801432,1787.1786295,-52.6984863,-0.1333333,0.2944444,-1.0208866,-1.369302,7.0264648,2777.1304618,0.3333333,3.0
543,1.8,1.4666667,1626.1455485,2006.7545573,-380.6090088,0.3333333,-0.3333333,0.2118437,-0.3553307,-126.8696696,144863.2175797,2.0,3.0
544,1.0,1.3,1669.6741944,1633.703125,35.9710694,-0.3,0.5111111,-0.6405229,0.203189,-10.7913208,1293.9178314,0.3333333,0.5
545,1.3666667,2.9666667,1779.2508545,1802.4958496,-23.2449951,-1.6,-1.0944444,1.4577457,0.4837662,37.1919922,540.3297987,2.0,3.0
546,1.7666667,1.5333333,1848.8838704,1662.1788737,186.7049967,0.2333333,0.75,-0.5225363,0.126849,43.5644992,34858.7557927,0.6666667,0.5
547,1.5,1.4,1748.8834228,1584.6594645,164.2239583,0.1,0.5833333,0.805153,1.425346,16.4223958,26969.5084907,0.75,2.0
548,1.4,1.5666667,1629.3285319,1621.2907715,8.0377604,-0.1666667,-0.3888889,-0.3831909,0.3210784,-1.3396267,64.6055928,1.5,1.0
549,1.3666667,1.3333333,1627.1041667,1677.9685872,-50.8644206,0.0333333,-1.1666667,0.507733,0.103836,-1.6954807,2587.1892796,1.0,1.0
550,1.0,1.4,1654.8513184,1605.0039062,49.8474121,-0.4,-0.1944444,0.2596663,0.1578947,-19.9389649,2484.7644964,0.3333333,0.75
551,0.8666667,1.4,1626.00118,1735.0218506,-109.0206706,-0.5333333,-1.6444444,0.7218509,0.0416667,58.1443576,11885.5066108,0.5,2.0
552,1.3666667,1.1,1778.1365153,1672.3621013,105.774414,0.2666667,-0.25,-0.1276107,0.0416667,28.2065104,11188.2266641,0.3333333,2.0
553,1.3333333,0.6333333,1673.6360677,1527.4126383,146.2234294,0.7,0.2111111,0.1308923,0.3025075,102.3564006,21381.2912957,1.0,0.5
554,1.7,2.2333333,2005.5192871,1750.1668701,255.352417,-0.5333333,-2.25,0.7821486,-0.6559465,-136.1879558,65204.8568848,0.6666667,6.0
555,3.0666667,2.4666667,1806.6273193,1844.3904622,-37.7631429,0.6,1.2777778,-1.0,0.7354497,-22.6578857,1426.0549592,3.0,3.0
556,1.6666667,1.2,1627.4835205,1589.852417,37.6311035,0.4666667,0.9444444,0.1556777,1.012506,17.5611816,1416.0999531,4.0,0.1666667
557,1.4,1.8,1785.048055,1639.7819417,145.2661133,-0.4,-0.2666667,0.6193927,-0.3915311,-58.1064453,21102.2436636,0.5,1.0
558,1.1,1.5333333,1585.3198649,1676.6011963,-91.2813313,-0.4333333,-1.0555556,0.3211153,1.0138889,39.5552436,8332.28145,1.3333333,0.25
559,0.6666667,1.2666667,1525.6725667,1633.1883545,-107.5157878,-0.6,-1.5666667,1.4834479,-0.1269841,64.5094727,11559.6446263,0.6,1.0
560,1.1666667,1.8,1589.5894368,1678.9416097,-89.3521729,-0.6333333,-0.2777778,-1.1395503,-1.3056764,56.5897095,7983.810796,1.0,1.6666667
561,0.7333333,1.4333333,1519.656901,1777.2343343,-257.5774333,-0.7,-0.9111111,0.4040828,-0.0439653,180.3042033,66346.1341282,0.6666667,1.0
562,1.9,0.7666667,1599.8156738,1618.3928223,-18.5771484,1.1333333,-0.0833333,0.6394545,-0.330941,-21.0541016,345.1104439,0.6666667,1.0
563,1.3,1.4,1637.5870361,1590.8510336,46.7360026,-0.1,1.0888889,-0.652729,-1.0643275,-4.6736003,2184.2539359,1.5,0.4
564,1.2333333,0.8666667,1740.0862223,1675.4733887,64.6128336,0.3666667,0.25,-1.0167855,-0.125,23.6913723,4174.8182701,1.0,0.25
565,1.8333333,1.2333333,1755.2651774,1648.3621826,106.9029948,0.6,1.5198413,0.0980823,0.6493358,64.1417969,11428.2502972,0.1428571,1.5
566,1.7,2.0666667,1674.1774088,2002.5605062,-328.3830974,-0.3666667,-2.3055556,0.2283486,-0.5393791,120.4071357,107835.4586361,2.5,7.0
567,2.5,1.4666667,1839.3673909,1775.8572591,63.5101318,1.0333333,-0.6388889,1.2699396,-0.4863834,65.6271362,4033.5368413,0.75,4.0
568,1.4666667,2.6333333,1647.186971,1814.2525635,-167.0655925,-1.1666667,-1.2777778,0.4325397,0.1326642,194.9098579,27910.9121862,1.0,1.3333333
569,1.2,2.4,1673.600179,1833.8888346,-160.2886556,-1.2,-0.5,0.5,-0.0656797,192.3463867,25692.4531141,1.0,1.0
570,1.3666667,1.6666667,1777.4771729,1653.0714925,124.4056803,-0.3,0.9444444,-0.4861111,0.3263305,-37.3217041,15476.7732992,1.0,0.5
571,1.7666667,1.5666667,1594.174764,1514.2924805,79.8822836,0.2,0.0722222,-0.6671283,-0.7822334,15.9764567,6381.1792278,1.0,1.25
572,0.6666667,1.7,1613.5107422,1753.0876465,-139.5769043,-1.0333333,-1.6587302,-0.7083333,-0.3095238,144.2294678,19481.712214,0.3333333,0.6666667
573,1.5666667,1.5333333,1822.3307292,1742.1764323,80.1542969,0.0333333,0.7777778,0.2587413,0.9672035,2.6718099,6424.7113115,2.0,1.0
574,1.5666667,0.7333333,1683.9012858,1643.2960205,40.6052653,0.8333333,0.0555556,0.6800682,0.7862979,33.8377211,1648.7875674,1.0,1.0
575,2.4666667,1.8666667,2000.1642253,1593.3334147,406.8308106,0.6,1.4166667,0.3058488,0.1719372,244.0984863,165511.3084263,1.0,3.0
576,2.0333333,1.6,1773.433431,1673.4632975,99.9701335,0.4333333,-0.4833333,0.4915017,-0.1553914,43.3203912,9994.0275853,0.8,1.0
577,0.8,1.0666667,1646.0001221,1589.7600504,56.2400716,-0.2666667,0.3888889,0.3188432,1.3278294,-14.9973524,3162.9456573,1.5,1.0
578,1.1333333,3.4333333,1750.0924886,1994.6760254,-244.5835368,-2.3,-2.5079365,1.2825011,0.1320678,562.5421346,59821.1064573,1.6666667,2.0
579,1.4,1.4333333,1588.5797119,1675.295695,-86.7159831,-0.0333333,0.3333333,-0.6969903,-1.1452251,2.8905328,7519.661725,3.0,0.5
580,1.9,1.9,1591.901001,1685.310791,-93.4097901,0.0,0.0,-0.2794939,-0.3411319,-0.0,8725.3888803,0.5,1.5
581,1.4666667,1.9666667,1830.7798666,1763.7415772,67.0382894,-0.5,0.5111111,-0.7671958,0.8830789,-33.5191447,4494.1322457,2.0,2.0
582,1.0333333,1.4666667,1674.710612,1744.0536296,-69.3430176,-0.4333333,0.0833333,-0.2268385,0.4550635,30.048641,4808.4540899,1.5,0.5
583,1.8333333,1.0666667,1593.9205729,1643.3229574,-49.4023844,0.7666667,0.0777778,-0.1148148,-0.3106725,-37.8751614,2440.5955877,2.0,0.6666667
584,1.3666667,2.0666667,1651.6556803,1832.0325928,-180.3769124,-0.7,0.1388889,-0.1526292,0.3346186,126.2638387,32535.830539,1.3333333,0.6666667
585,1.9333333,1.5333333,1825.1692708,1650.7900391,174.3792318,0.4,-0.8888889,0.1027926,-1.2210012,69.7516927,30408.1164715,0.5,3.0
586,1.3666667,1.5333333,1740.0222168,1747.0797933,-7.0575765,-0.1666667,-0.2777778,0.2368462,-0.7282609,1.1762628,49.8093861,1.0,1.0
587,1.1333333,1.8,1679.4818115,1837.447876,-157.9660645,-0.6666667,-1.1666667,-0.1903429,-0.9718877,105.3107096,24953.2775231,1.0,2.0
588,1.1666667,1.4666667,1642.4396566,1776.7145589,-134.2749024,-0.3,-0.5277778,0.0590017,-0.8842593,40.2824707,18029.7494056,0.5,2.0
589,2.1333333,1.3666667,1760.2273356,1593.0791422,167.1481934,0.7666667,-0.1333333,1.030476,0.5576234,128.1469483,27938.5185569,0.5,0.2
590,2.6,0.9666667,1688.2576091,1676.7119547,11.5456543,1.6333333,1.3333333,-0.3833221,-0.6921492,18.8579021,133.302134,5.0,1.0
591,3.2666667,1.7333333,1994.7507731,1592.2328288,402.5179444,1.5333333,-0.3333333,0.8058962,-0.0496604,617.1941814,162020.6955372,1.0,2.0
592,1.8,2.4,1844.592041,1694.2611084,150.3309326,-0.6,-0.9444444,0.6321225,0.4393866,-90.1985596,22599.3892964,0.6666667,1.0
593,0.9666667,1.5,1591.755249,1736.9171143,-145.1618653,-0.5333333,-1.6,-0.8460925,-0.9702729,77.4196615,21071.9671277,1.0,5.0
594,3.1666667,1.5333333,1991.4587809,1635.9673258,355.4914551,1.6333333,0.8333333,-0.485123,0.2254403,580.6360433,126374.1746491,1.3333333,0.6666667
595,1.7,1.1333333,1652.6651611,1679.2116699,-26.5465088,0.5666667,0.1777778,0.3319717,-0.6239316,-15.0430217,704.7171295,0.2,1.5
596,0.9666667,1.6333333,1601.3731283,1755.6489665,-154.2758382,-0.6666667,0.5,-1.1506173,-0.203997,102.8505588,23801.0342626,1.0,1.0
597,1.4,2.4333333,1774.4892171,1817.1357015,-42.6464844,-1.0333333,-0.6388889,-0.0797448,0.8903134,44.0680338,1818.7226288,1.5,5.0
598,1.1333333,1.9333333,1681.9378255,1747.68868,-65.7508545,-0.8,0.2111111,0.0255735,0.7574294,52.6006836,4323.1748631,1.0,0.2
599,1.4,1.9666667,1680.5292969,1604.0308024,76.4984945,-0.5666667,-0.1388889,-0.5466524,-0.1573427,-43.3491469,5852.0196608,1.3333333,1.5
600,2.3333333,1.6,1700.1337891,1664.244751,35.8890381,0.7333333,0.1388889,-0.1688453,0.672426,26.3186279,1288.0230557,0.75,4.0
601,1.5666667,2.5666667,1739.6953939,1845.8057455,-106.1103516,-1.0,1.5,-0.4768195,0.6653528,106.1103516,11259.4067167,2.5,1.3333333
602,1.3,1.2666667,1549.7189534,1773.2164714,-223.4975179,0.0333333,-1.3055556,1.0648148,-0.8388889,-7.4499173,49951.1405224,0.25,2.0
603,1.9333333,2.6333333,1812.3717448,1990.7100016,-178.3382568,-0.7,-0.7777778,-0.0565437,-0.7428164,124.8367798,31804.5338504,0.5,6.0
604,1.4,0.9,1686.8892415,1588.8119303,98.0773112,0.5,0.6333333,0.2509747,1.202729,49.0386556,9619.1589722,1.5,0.4
605,1.4666667,1.9666667,1753.6224772,1648.413086,105.2093913,-0.5,-0.4833333,-0.2445394,-0.1908832,-52.6046956,11069.0160107,1.0,0.75
606,0.6,1.1333333,1566.6859945,1628.6781413,-61.9921468,-0.5333333,0.9444444,-1.5119048,0.9259259,33.0624783,3843.0262649,0.6666667,0.1666667
607,1.9333333,0.6,1747.4993489,1606.9026693,140.5966796,1.3333333,-0.3777778,0.8304094,-0.6421095,187.4622395,19767.4263239,0.6666667,1.0
608,0.6333333,1.0,1622.5197754,1544.5044759,78.0152995,-0.3666667,0.4166667,0.276455,3.4777778,-28.6056098,6086.3869561,2.0,0.3333333
609,1.0666667,1.3,1608.0449219,1702.9368083,-94.8918864,-0.2333333,0.1388889,-0.4614379,0.1877104,22.1414402,9004.4700982,0.5,0.3333333
610,1.8,1.7333333,1609.5659587,1808.6778564,-199.1118978,0.0666667,-0.8833333,0.5982906,0.0803872,-13.2741265,39645.5478322,1.0,0.4
611,1.0333333,1.7333333,1583.3792725,1742.0177816,-158.6385091,-0.7,-0.1555556,-0.5711501,-0.5882353,111.0469564,25166.1765695,1.0,2.0
612,3.1,0.8666667,1990.21757,1568.5410156,421.6765544,2.2333333,1.8888889,-2.2689394,-0.3449328,941.7443048,177811.1165025,2.5,0.5
613,1.5,1.1333333,1665.9672445,1686.9309489,-20.9637045,0.3666667,1.1666667,-0.0484007,-0.5876068,-7.6866916,439.476905,3.0,1.0
614,1.2666667,1.5333333,1646.665446,1747.550293,-100.884847,-0.2666667,-2.1166667,0.5167055,-2.0562517,26.9026259,10177.7523542,1.0,0.8
615,1.0666667,1.4,1778.622762,1748.3948568,30.2279052,-0.3333333,1.1666667,-0.6481481,1.0342713,-10.0759684,913.7262548,3.0,1.0
616,2.2666667,1.5666667,1846.1146647,1690.9141846,155.2004802,0.7,-0.0833333,1.3925704,0.5219442,108.6403361,24087.189044,1.25,1.0
617,0.6333333,4.1,1540.3665771,1998.1154785,-457.7489014,-3.4666667,-5.0833333,1.1322751,-1.1156899,1586.8628582,209534.0567329,0.6666667,8.0
618,1.3666667,2.0333333,1736.3269043,1846.7335612,-110.4066569,-0.6666667,-0.3611111,-0.5010949,-1.7429194,73.6044379,12189.6298878,0.5,1.6666667
619,1.3333333,1.1333333,1696.0758463,1784.4871012,-88.4112549,0.2,-1.3055556,-0.0762527,-0.8676046,-17.682251,7816.549993,1.0,1.0
620,1.3666667,1.5,1753.4581706,1668.5320638,84.9261067,-0.1333333,-0.9,1.1342593,1.6984127,-11.3234809,7212.4436049,2.0,1.0
621,1.4333333,0.4666667,1804.3125814,1623.494751,180.8178304,0.9666667,-0.5888889,-0.1564857,-3.4955908,174.7905694,32695.0877906,1.0,1.5
622,0.9666667,2.0,1741.8557943,1612.2602539,129.5955404,-1.0333333,-0.1666667,0.1080247,0.9289216,-133.9153917,16795.0040829,1.0,1.0
623,1.5,1.1666667,1689.3959147,1606.7174073,82.6785074,0.3333333,0.2,0.8562092,0.0268031,27.5595025,6835.7355914,0.6,1.0
624,0.8333333,1.0333333,1691.9702556,1583.5845134,108.3857422,-0.2,-0.0222222,0.006734,-0.1103989,-21.6771484,11747.4691122,1.0,2.0
625,0.7333333,1.4333333,1567.1612142,1642.8654378,-75.7042236,-0.7,-0.3194444,2.1717865,-0.1157407,52.9929565,5731.1294759,0.125,0.5
626,1.2333333,0.8,1616.3878988,1534.5730794,81.8148193,0.4333333,0.5,-1.7680776,0.1551934,35.4530884,6693.6646625,1.0,0.5
627,0.9333333,1.1,1638.3470459,1689.5260824,-51.1790365,-0.1666667,-0.2777778,-0.2789803,-0.087963,8.5298394,2619.2937737,1.0,2.0
628,0.4,1.4333333,1627.7549235,1693.5906983,-65.8357748,-1.0333333,-0.7857143,0.7391585,3.546467,68.0303006,4334.3492391,0.1428571,4.0
629,1.0333333,0.5,1852.4997152,1585.438029,267.0616862,0.5333333,0.0555556,1.7309908,1.1111111,142.4328993,71321.9442182,0.5,0.25
630,2.3333333,0.8,1796.4360758,1560.7173258,235.71875,1.5333333,2.2583333,-3.2120412,1.0386615,361.4354167,55563.3291016,7.0,1.0
631,1.0666667,1.3,1787.4998372,1731.7620443,55.737793,-0.2333333,0.0,0.4814815,0.5129552,-13.005485,3106.7015648,0.5,2.0
632,0.9,1.2666667,1675.1841227,1685.5806885,-10.3965657,-0.3666667,0.3,-1.2592593,0.0462963,3.8120741,108.088579,0.5,2.0
633,1.1333333,1.2,1605.7686768,1757.5598552,-151.7911784,-0.0666667,-0.9333333,-0.083061,-2.1798942,10.1194119,23040.5618401,0.5,2.0
634,3.4333333,0.7666667,2006.1867676,1738.0972494,268.0895182,2.6666667,3.1666667,0.1243386,0.2240352,714.905382,71871.9897866,2.0,1.0
635,1.2,1.8333333,1689.6763509,1621.1527506,68.5236003,-0.6333333,-0.1666667,1.0553181,0.0887236,-43.3982802,4695.4837935,0.5,2.0
636,1.4,3.2333333,1696.2086589,1790.34139,-94.1327311,-1.8333333,-1.8333333,0.1372549,0.312689,172.5766737,8860.9710643,1.5,4.0
637,0.6666667,0.6333333,1736.5291748,1631.09257,105.4366048,0.0333333,0.3968254,-0.9171287,1.0291005,3.5145535,11116.8776388,1.5,0.6666667
638,1.4333333,0.9666667,1855.9506836,1678.9227295,177.0279541,0.4666667,0.5,0.343254,1.4006734,82.6130452,31338.8965328,1.5,0.6666667
639,1.8333333,0.9,1734.2743327,1637.3760173,96.8983154,0.9333333,0.3333333,0.3199023,-0.9469697,90.4384277,9389.2835274,2.0,2.0
640,1.4,1.0333333,1683.4132487,1784.7437744,-101.3305257,0.3666667,0.7,-0.2962963,0.0808913,-37.1545261,10267.8754386,1.5,0.5
641,1.1333333,0.9,1531.8982748,1557.6086426,-25.7103678,0.2333333,0.0972222,1.8180419,0.970696,-5.9990858,661.0230124,0.5,0.25
642,0.4333333,0.6666667,1588.7703451,1603.3441976,-14.5738525,-0.2333333,0.4055556,-0.1630824,1.5277778,3.4005656,212.3971777,0.6666667,0.2
643,2.0,2.8666667,1764.2204183,2015.7740885,-251.5536702,-0.8666667,-0.5555556,-1.1011905,-0.4515664,218.0131809,63279.2490079,5.0,0.6666667
644,0.9333333,0.5333333,1675.0443115,1590.1900228,84.8542887,0.4,-0.0833333,-0.5227187,-0.2525253,33.9417155,7200.2503108,0.5,1.0
645,1.1333333,1.7333333,1775.6772868,1702.7611898,72.916097,-0.6,-1.7222222,1.1810259,-0.701091,-43.7496582,5316.7572017,0.3333333,1.0
646,0.4,1.9,1599.7768555,1856.8907471,-257.1138916,-1.5,-0.7666667,0.2217742,0.4541063,385.6708375,66107.5532708,1.0,2.0
647,2.9,0.9333333,1789.7501628,1529.017334,260.7328287,1.9666667,3.5,-1.5650657,0.3022935,512.7745632,67981.6079793,1.0,0.5
648,1.0,2.5,1628.4394124,1739.9854329,-111.5460205,-1.5,-0.8968254,0.3195087,0.0641349,167.3190308,12442.5146894,1.5,1.0
649,2.0666667,2.0666667,2013.5455322,1691.0343424,322.5111898,0.0,-0.9444444,-0.0198413,0.471898,0.0,104013.4675462,3.0,6.0
650,1.3,1.1,1557.1652425,1743.866984,-186.7017415,0.2,0.0277778,-0.5797559,-1.2037037,-37.3403483,34857.5402916,2.0,0.6666667
651,0.4666667,1.1666667,1639.0843099,1689.2699788,-50.1856689,-0.7,-0.8333333,0.1585082,0.8664021,35.1299683,2518.6013663,1.0,3.0
652,1.5,1.7666667,1627.0048014,1775.9848633,-148.9800619,-0.2666667,-1.3888889,0.5563977,-0.4133223,39.7280165,22195.0588437,0.1666667,0.3333333
653,1.8,1.2666667,1694.6241862,1626.285319,68.3388672,0.5333333,0.8444444,0.5654762,-0.2532533,36.4473958,4670.2007656,0.2,2.0
654,2.5666667,1.8,1851.3365479,1625.6012777,225.7352702,0.7666667,0.7777778,-0.3761729,0.3584735,173.0637072,50956.4122123,2.0,1.0
655,1.1,2.7333333,1694.831543,2014.0192464,-319.1877034,-1.6333333,-1.0555556,-0.3398268,0.4017256,521.3399156,101880.790023,1.0,5.0
656,1.3333333,2.4,1746.6241048,1786.6640218,-40.039917,-1.0666667,-1.6666667,0.3631554,-0.0466219,42.7092448,1603.194956,0.3333333,2.5
657,0.7,1.8666667,1594.1934815,1668.0788574,-73.8853759,-1.1666667,-0.6555556,0.1209863,0.269149,86.1996053,5459.0487768,0.5,2.5
658,1.2,1.1666667,1707.2116292,1522.7860515,184.4255777,0.0333333,1.3666667,-0.6034593,1.1404151,6.1475193,34012.7937223,3.0,0.4
659,1.5666667,1.3666667,1780.6225993,1758.9796956,21.6429037,0.2,1.7222222,-0.5970118,1.3906285,4.3285807,468.4152791,1.0,0.3333333
660,2.1333333,1.7333333,1745.8041178,1557.9320068,187.872111,0.4,-0.5833333,1.3883547,-0.0945582,75.1488444,35295.9300916,0.5,3.0
661,0.7666667,0.5333333,1585.6097819,1643.0464274,-57.4366455,0.2333333,-0.6444444,0.8988219,-1.6851852,-13.4018839,3298.9682463,0.4,1.0
662,2.3333333,1.6666667,1664.5931803,1743.9431152,-79.3499349,0.6666667,0.5,-0.5004026,0.5646114,-52.8999566,6296.4121739,1.5,1.5
663,2.3333333,2.0333333,1785.4022624,1848.4630941,-63.0608317,0.3,-0.8333333,0.3769841,-0.4407401,-18.9182495,3976.6684905,1.0,3.0
664,0.5666667,0.7666667,1646.2213135,1587.6929525,58.528361,-0.2,0.0777778,-0.1424298,0.2433862,-11.7056722,3425.5690374,0.4,0.6666667
665,1.5333333,1.2,1740.7934977,1579.5758057,161.2176921,0.3333333,-0.0777778,-0.6566567,-1.1904762,53.7392307,25991.1442353,3.0,2.5
666,1.5,1.7666667,1562.6463216,1691.7836507,-129.1373291,-0.2666667,-1.1777778,-0.1253133,-0.2487309,34.4366211,16676.4497585,0.6666667,3.0
667,3.0666667,1.4666667,2013.1245524,1712.6719157,300.4526367,1.6,1.3333333,0.6041861,0.1686508,480.7242188,90271.78692,2.0,2.0
668,1.2666667,0.9333333,1622.6815186,1696.0560303,-73.3745117,0.3333333,-1.0,0.4798817,-1.4444444,-24.4581706,5383.8189672,0.3333333,0.5
669,1.0333333,1.0333333,1629.0784505,1778.6509603,-149.5725098,0.0,0.7222222,-0.3125,-0.5132275,-0.0,22371.9356779,0.3333333,0.3333333
670,1.0,1.2666667,1514.7501221,1742.6930745,-227.9429524,-0.2666667,-0.2,0.6557683,-0.109127,60.7847873,51957.989564,0.5,1.0
671,1.2333333,2.9333333,1580.2961426,2020.7780762,-440.4819336,-1.7,-1.7,0.3233233,-0.229828,748.8192871,194024.333828,0.5,1.5
672,1.5666667,0.7666667,1842.7961832,1641.7209066,201.0752767,0.8,1.2555556,-0.6698269,0.2261905,160.8602213,40431.2668866,0.6666667,0.5
673,0.7333333,2.6333333,1696.4676514,1784.5309652,-88.0633138,-1.9,-0.4888889,-0.4579456,-0.2064908,167.3202963,7755.1472433,0.3333333,1.5
674,1.3333333,1.5333333,1739.4808349,1508.8065999,230.674235,-0.2,0.4777778,-0.7489021,-0.2344403,-46.134847,53210.6026928,1.0,0.6666667
675,1.1333333,1.9333333,1773.6649984,1568.7499186,204.9150798,-0.8,-1.4444444,0.8065302,0.110062,-163.9320638,41990.1899158,1.0,3.0
676,0.9666667,0.7,1690.7215576,1632.9844157,57.7371419,0.2666667,-0.2777778,0.4837963,0.9907407,15.3965712,3333.5775548,1.0,1.0
677,1.2333333,1.2,1583.1508789,1736.0679118,-152.9170329,0.0333333,-0.7222222,0.2388889,-0.0473078,-5.0972344,23383.6189407,2.0,2.0
678,2.4333333,1.6333333,1667.7206624,1617.7709961,49.9496663,0.8,0.8888889,-0.7493386,0.1893166,39.959733,2494.9691635,1.0,1.0
679,1.3333333,1.1333333,1718.0015462,1737.9747721,-19.9732259,0.2,0.9444444,0.0873016,0.3333333,-3.9946452,398.9297542,0.6666667,1.5
680,1.1333333,1.4666667,1634.351237,1674.4344889,-40.0832519,-0.3333333,-0.6444444,0.2186253,-0.4076599,13.361084,1606.6670856,0.6666667,1.0
681,1.5,1.3,1578.9024658,1724.5655924,-145.6631266,0.2,0.3888889,-0.6633618,-0.3534483,-29.1326253,21217.7464509,0.5,0.3333333
682,1.1333333,1.5333333,1506.4937744,1694.4913737,-187.9975993,-0.4,-1.6555556,1.4224447,-0.4002389,75.1990397,35343.0973426,0.2,3.0
683,1.7666667,2.2,1619.0958252,1738.3260091,-119.2301839,-0.4333333,-1.7222222,0.8398268,-0.4674325,51.666413,14215.8367608,1.0,5.0
684,0.5,1.0666667,1635.7531332,1582.3395996,53.4135336,-0.5666667,-0.9444444,0.2037037,-1.8849206,-30.267669,2853.0055681,0.3333333,1.5
685,2.4,1.2,2025.7115072,1583.8984375,441.8130697,1.2,0.1666667,2.1231969,-0.2277482,530.1756836,195198.7885283,0.6666667,1.0
686,1.4,1.5,1741.0638835,1839.5220947,-98.4582112,-0.1,0.2777778,0.0480769,0.2383231,9.8458211,9694.0193593,1.0,1.5
687,1.9333333,1.4,1789.9710694,1771.9875895,17.9834798,0.5333333,-0.1666667,0.3539427,-0.1618904,9.5911892,323.4055469,0.3333333,2.0
688,1.0,1.1333333,1738.0817057,1686.9874674,51.0942383,-0.1333333,0.3333333,-0.6412037,-0.1851852,-6.8125651,2610.6211875,3.0,3.0
689,1.2,1.4333333,1687.1681722,1793.5133057,-106.3451335,-0.2333333,0.7777778,-0.416519,0.9355089,24.8138645,11309.2874191,0.6666667,0.5
690,0.7666667,1.6,1592.31722,1582.2814128,10.0358073,-0.8333333,-0.6666667,0.7929293,1.1084988,-8.3631727,100.7174275,1.0,1.5
691,1.1,1.8,1586.7832438,1619.9436849,-33.1604411,-0.7,-0.3333333,-0.9142743,-0.7653675,23.2123087,1099.6148517,0.5,2.5
692,1.8,2.0666667,1831.1370036,2024.5176595,-193.3806559,-0.2666667,0.0,-1.3598178,0.4407951,51.5681749,37396.0780892,2.0,2.0
693,0.9,1.4333333,1676.6945801,1747.1434733,-70.4488932,-0.5333333,-0.2777778,1.6344676,-0.0566188,37.5727431,4963.0465578,0.6666667,0.5
694,1.3666667,1.2333333,1772.6349284,1503.3691813,269.2657471,0.1333333,1.1873016,-0.8467742,0.1957177,35.9020996,72504.0425613,2.0,0.5714286
695,2.5666667,1.2333333,1697.3651937,1744.8485108,-47.4833171,1.3333333,-0.3055556,0.6970568,-0.9088779,-63.3110894,2254.6653997,1.75,1.5
696,1.9,1.5333333,1741.430013,1721.7831624,19.6468506,0.3666667,1.5777778,-0.1443001,0.4869257,7.2038452,385.9987385,0.4,0.6666667
697,0.9333333,0.9666667,1625.6752523,1632.1768799,-6.5016276,-0.0333333,0.1111111,-0.1397802,1.8178105,0.2167209,42.2711619,1.5,1.0
698,1.5666667,1.5,1626.2232666,1596.9064941,29.3167724,0.0666667,0.4166667,0.1029836,-0.7674031,1.9544515,859.4731459,1.0,0.75
699,2.1666667,0.9333333,2020.050944,1672.6616618,347.3892822,1.2333333,-0.5555556,-0.1515152,-0.9147931,428.4467814,120679.3133874,1.3333333,4.0
700,1.0333333,1.6666667,1790.6467285,1736.7403564,53.9063721,-0.6333333,-1.347619,-0.7452637,-0.3031234,-34.1407023,2905.896953,0.6666667,0.1428571
701,1.1333333,0.9,1629.2020671,1590.7113037,38.4907634,0.2333333,-0.0555556,0.3929901,-0.1069519,8.9811781,1481.5388645,1.0,1.0
702,1.5,1.1,1741.2088216,1623.5030517,117.7057699,0.4,-0.4722222,0.548419,-2.3804302,47.0823079,13854.6482599,0.25,1.0
703,1.8666667,2.6666667,1713.3325602,1699.0536296,14.2789306,-0.8,0.6388889,-0.1919192,-0.6746497,-11.4231445,203.88786,7.0,1.3333333
704,1.3333333,1.9,1588.9266764,1828.3289795,-239.4023031,-0.5666667,-0.3055556,-0.1288739,-0.2111174,135.6613051,57313.4627136,1.3333333,0.75
705,1.3333333,1.9666667,1749.1195068,1777.7491862,-28.6296794,-0.6333333,-0.9166667,0.0808081,-0.230877,18.1321303,819.6585406,0.75,4.0
706,0.5333333,1.6666667,1497.7760417,1689.1548259,-191.3787842,-1.1333333,-1.381746,1.0125251,0.9949495,216.8959554,36625.8390419,0.25,1.5
707,0.9666667,2.3,1622.7660726,2016.4285889,-393.6625163,-1.3333333,0.2222222,-0.042735,2.3632058,524.8833551,154970.1767396,3.0,1.5
708,0.9333333,1.6666667,1671.7014567,1624.3507487,47.350708,-0.7333333,0.1111111,1.8849206,0.6244344,-34.7238526,2242.0895513,0.6666667,3.0
709,1.3666667,1.1666667,1723.340332,1630.8346354,92.5056966,0.2,-0.9166667,0.3539745,-1.0799727,18.5011393,8557.3039096,0.3333333,0.3333333
710,0.6333333,1.3666667,1589.4065348,1592.5051677,-3.0986328,-0.7333333,-0.6666667,0.261551,-1.1495911,2.2723307,9.6015254,0.3333333,1.0
711,1.0333333,1.4666667,1722.3332926,1746.7220459,-24.3887533,-0.4333333,-1.102381,0.4297706,-1.3878205,10.5684597,594.8112859,0.4,2.0
712,1.6333333,1.9333333,1691.7391765,1712.0764974,-20.3373209,-0.3,-1.8888889,-0.045621,-0.7790404,6.1011963,413.6066227,0.5,0.6666667
713,1.9666667,1.9666667,1778.87736,1706.4688721,72.408488,0.0,0.6388889,0.8131313,-0.3380019,0.0,5242.9891296,0.5,1.5
714,1.6333333,2.5333333,1597.7837321,1784.7125244,-186.9287924,-0.9,0.3611111,-0.5975724,0.5969908,168.2359131,34942.3734157,3.0,2.5
715,1.9333333,0.7,1825.8145752,1490.5887451,335.2258301,1.2333333,0.3095238,-0.4649437,-1.3611268,413.4451904,112376.3571439,1.0,2.0
716,2.7333333,1.5333333,2018.4058024,1703.7503662,314.6554362,1.2,2.5,-0.7392473,0.93766,377.5865234,99008.0435302,6.0,0.75
717,1.3,1.8333333,1599.019694,1686.4868978,-87.4672038,-0.5333333,-0.1111111,0.6129078,0.5687831,46.6491753,7650.5117348,0.3333333,1.0
718,1.3,1.3666667,1713.1818441,1704.3044027,8.8774414,-0.0666667,0.8468254,-0.7626625,1.5,-0.5918294,78.8089658,1.0,0.75
719,1.8,1.6333333,1747.2941081,1671.8454997,75.4486084,0.1666667,-1.8611111,1.4199346,0.2111236,12.5747681,5692.4925045,1.3333333,5.0
720,1.2333333,1.7666667,1625.2978923,1825.3581543,-200.060262,-0.5333333,-0.5166667,0.2430096,-0.4098848,106.6988064,40024.1084448,0.2,4.0
721,0.4666667,1.6333333,1489.2513021,1598.6989746,-109.4476725,-1.1666667,-0.75,0.7611833,0.2463054,127.6889512,11978.7930157,0.25,1.0
722,2.7666667,0.7666667,1782.2147217,1584.7906901,197.4240316,2.0,-0.0555556,0.1969697,-0.5821129,394.8480632,38976.2482532,1.0,3.0
723,1.6,2.2333333,1712.1879883,1774.4550374,-62.2670491,-0.6333333,1.0555556,-1.8194444,-0.3201872,39.4357978,3877.1854078,1.0,1.0
724,1.7333333,1.2666667,1629.862915,1628.6848958,1.1780192,0.4666667,-0.5,0.4251304,-0.4061351,0.5497423,1.3877292,1.3333333,0.1666667
725,2.9,1.5,2021.3625895,1689.2762044,332.0863851,1.4,3.45,-0.460534,0.3957061,464.9209391,110281.3671688,5.0,1.0
726,1.5666667,1.3,1764.4269613,1682.7601725,81.6667887,0.2666667,-0.4444444,1.2162698,0.6951872,21.7778103,6669.464382,0.6666667,2.0
727,2.8333333,1.4333333,1783.2521973,1678.3469238,104.9052735,1.4,-0.7777778,0.787037,-0.4412337,146.8673829,11005.1164011,0.3333333,0.5
728,0.4,0.9333333,1489.6906738,1630.6924642,-141.0017904,-0.5333333,-0.1388889,-0.0873016,-0.0793651,75.2009549,19881.5048866,1.0,0.5
729,1.6333333,0.6666667,1715.8577474,1583.8678792,131.9898682,0.9666667,-1.0555556,0.75,-1.2599206,127.5902059,17421.3253075,1.5,3.0
730,1.7,1.0666667,1718.3191732,1600.0313721,118.2878011,0.6333333,-0.5,0.6162587,0.047619,74.9156074,13992.0038891,1.0,1.0
731,1.9,1.8,1748.6651205,1822.2042643,-73.5391439,0.1,-0.1388889,-0.4782135,0.4483309,-7.3539144,5408.0056806,2.0,0.75
732,0.9666667,1.6333333,1598.7496338,1683.8951009,-85.1454671,-0.6666667,0.1833333,0.2654686,0.0925926,56.7636448,7249.7505734,0.5,0.2
733,1.2,2.0333333,1623.321167,1627.0122884,-3.6911214,-0.8333333,0.2888889,-0.1385205,0.6774194,3.0759345,13.6243774,1.3333333,2.0
734,1.7,1.7,1817.5618083,1715.4359131,102.1258952,-0.0,0.8611111,0.2261905,0.8805454,-0.0,10429.6984636,1.3333333,1.0
735,1.2666667,0.9666667,1680.0286458,1594.3603923,85.6682536,0.3,1.0222222,-0.7240923,1.2005109,25.7004761,7339.0496692,0.4,2.0
736,1.1666667,2.2333333,1632.6507162,1778.1141358,-145.4634196,-1.0666667,-0.7222222,-1.5793651,-0.6112853,155.1609809,21159.6064417,1.0,2.5
737,1.4333333,1.5333333,1685.0207926,1756.6422933,-71.6215007,-0.1,0.1944444,-0.1287559,0.1200466,7.1621501,5129.6393577,1.5,1.0
738,2.1,3.0,1627.8704427,2023.6799723,-395.8095296,-0.9,-2.1111111,-0.1111111,0.3005812,356.2285766,156665.1837222,2.0,0.6666667
739,1.7333333,2.1,1681.040446,1721.5473226,-40.5068766,-0.3666667,0.0,-0.5131443,-0.2830287,14.8525214,1640.8070546,1.0,2.0
740,1.2666667,0.9333333,1674.1386719,1626.2050374,47.9336345,0.3333333,-0.1944444,-0.7426026,-0.8333333,15.9778782,2297.6333132,0.5,0.5
741,0.8333333,0.4666667,1591.1983236,1493.4946696,97.703654,0.3666667,1.5833333,-0.1851852,2.452381,35.8246731,9546.0039984,1.0,1.0
742,1.1,1.8333333,1605.6403402,1757.1020101,-151.4616699,-0.7333333,-0.5277778,-0.2272727,-0.4480101,111.0718913,22940.637459,0.5,0.75
743,1.9333333,0.7666667,1758.6103923,1602.7268473,155.8835449,1.1666667,-0.4166667,-0.489418,-2.0437525,181.8641358,24299.679581,1.0,1.0
744,1.1666667,1.4,1591.3859049,1638.097697,-46.711792,-0.2333333,-0.4,-0.0690731,-0.6296296,10.8994181,2181.991515,0.5,0.2
745,0.5666667,0.8666667,1494.1054687,1679.3793945,-185.2739258,-0.3,0.0333333,0.688378,-0.3548086,55.5821777,34326.4275813,1.0,2.0
746,1.6,1.1,1716.7727865,1628.4750163,88.2977702,0.5,0.3333333,1.1666667,1.0582011,44.1488851,7796.4962223,0.3333333,0.3333333
747,1.7,1.9,1723.4256592,1817.0749512,-93.649292,-0.2,-0.4722222,-0.540293,-0.6773227,18.7298584,8770.1898921,0.6666667,3.0
748,1.1666667,1.6,1688.7018636,1684.3583984,4.3434652,-0.4333333,-0.4444444,-0.3733784,0.0244539,-1.8821682,18.8656897,0.6666667,1.5
749,2.5666667,1.0333333,1752.0520834,1604.3562826,147.6958008,1.5333333,0.2222222,0.2594011,0.2554158,226.4668946,21814.049574,1.5,1.0
750,2.0,1.0333333,1773.0608724,1666.8354899,106.2253825,0.9666667,1.3777778,1.2037037,0.9042146,102.6845364,11283.8318802,3.0,1.0
751,0.9,2.9333333,1622.005778,2020.3070475,-398.3012695,-2.0333333,-2.6111111,0.6794872,0.1612617,809.8792481,158643.9013119,1.0,5.0
752,0.8,1.4,1622.375529,1590.2371012,32.1384277,-0.6,-0.5333333,0.2736185,-0.0925926,-19.2830566,1032.8785372,0.4,1.0
753,3.5666667,1.9666667,2016.9197998,1771.7475179,245.1722819,1.6,-0.1111111,-0.0740741,-0.5267558,392.275651,60109.4478121,2.5,3.0
754,1.2333333,1.5666667,1676.6806641,1721.8651937,-45.1845296,-0.3333333,-0.1166667,-0.5356003,0.239899,15.0615099,2041.6417152,0.6666667,0.75
755,0.9333333,1.2333333,1609.3149821,1692.2566732,-82.9416911,-0.3,0.7222222,0.415466,1.3461538,24.8825073,6879.3241225,3.0,0.6666667
756,1.0666667,1.9666667,1622.9490967,1756.6081543,-133.6590576,-0.9,-0.1388889,-0.4850427,-0.6043956,120.2931519,17864.7436874,0.3333333,0.3333333
757,1.1333333,1.7,1602.87264,1690.4304606,-87.5578206,-0.5666667,-0.7222222,0.1224331,-0.4398688,49.6160983,7666.3719482,0.3333333,1.5
758,1.1,1.4333333,1643.4466553,1715.0871175,-71.6404622,-0.3333333,-0.3777778,-0.3089226,0.2819865,23.8801541,5132.3558242,1.0,3.0
759,2.0,3.2333333,1818.6847737,1751.0396729,67.6451009,-1.2333333,0.0555556,0.4918041,0.6817535,-83.4289577,4575.8596713,1.3333333,3.0
760,0.9666667,0.9666667,1662.3020427,1496.9139404,165.3881022,-0.0,-0.5555556,-0.7145969,-1.4652015,-0.0,27353.2243603,0.3333333,1.5
761,1.7,1.0333333,1778.9206543,1646.5360515,132.3846028,0.6666667,1.1833333,-0.4518301,0.2669553,88.2564019,17525.6830673,0.75,2.0
762,1.4666667,3.9666667,1591.6050211,2013.692098,-422.0870768,-2.5,-2.1111111,0.9476417,-0.2956446,1055.2176921,178157.5004297,1.0,1.3333333
763,1.0333333,0.5333333,1502.9203695,1618.036499,-115.1161296,0.5,0.1666667,1.5395128,0.5645281,-57.5580648,13251.7232864,0.4,1.0
764,3.3666667,0.9333333,1754.9002686,1617.4541015,137.446167,2.4333333,1.6944444,-0.8780452,1.1099131,334.4523398,18891.4488322,2.0,0.75
765,1.8666667,1.6333333,1746.8875325,1656.5939535,90.2935791,0.2333333,-0.3888889,0.5431235,0.4817405,21.0685018,8152.9304207,1.3333333,2.5
766,1.5666667,1.4333333,1691.828125,1599.671346,92.156779,0.1333333,-0.6666667,0.6750702,-0.2592593,12.2875705,8492.8719095,1.0,3.0
767,1.0666667,1.8666667,1712.9681803,1671.8337809,41.1343994,-0.8,-0.6111111,0.5149573,0.0918499,-32.9075195,1692.038814,0.5,3.0
768,1.3666667,0.7666667,1719.1475016,1615.4122314,103.7352702,0.6,-1.0833333,0.3218032,-1.703997,62.2411621,10761.0062766,0.3333333,1.0
769,1.3666667,1.9,1697.117513,1826.2067057,-129.0891927,-0.5333333,-0.5,-0.5866013,-0.5927202,68.8475694,16664.0196719,0.3333333,0.5
770,2.0666667,2.2333333,1673.4833577,1766.0442708,-92.5609131,-0.1666667,-0.6666667,-0.5721468,-1.4862895,15.4268189,8567.5226339,1.0,1.6666667
771,1.5666667,2.0333333,1655.9113363,1710.7554931,-54.8441569,-0.4666667,0.5833333,-0.1805556,0.3697479,25.5939399,3007.8815424,3.0,3.0
772,1.6333333,1.3333333,1602.9546712,1709.4993896,-106.5447184,0.3,-0.1388889,0.5336439,0.3965142,-31.9634155,11351.7770189,0.75,1.0
773,0.9,1.3333333,1620.1411133,1698.1216227,-77.9805094,-0.4333333,0.75,-0.6423761,0.5734266,33.7915541,6080.9598515,0.3333333,0.25
774,0.9333333,1.4333333,1610.7739665,1590.7483317,20.0256348,-0.5,-0.6611111,0.2372408,-0.5146705,-10.0128174,401.0260478,0.6,1.6666667
775,1.0,1.3333333,1648.09021,1741.75472,-93.66451,-0.3333333,0.5,0.0797721,0.4006734,31.2215033,8773.0404398,0.5,0.3333333
776,3.5,1.6,2016.5244547,1506.0690104,510.4554443,1.9,0.3444444,0.7298475,-0.1777465,969.8653442,260564.7606155,0.6,1.5
777,1.8333333,1.9666667,1824.8870442,1685.9777018,138.9093424,-0.1333333,0.9444444,-0.4639037,0.6661468,-18.5212457,19295.805406,4.0,1.3333333
778,1.1333333,1.5,1617.3635661,1782.6316325,-165.2680664,-0.3666667,-1.2277778,0.1302813,-0.510582,60.598291,27313.5337826,0.6666667,2.0
779,1.9666667,1.2333333,1705.1770833,1603.1068115,102.0702718,0.7333333,0.8277778,-1.2522594,-0.7063492,74.8515326,10418.3403785,1.5,1.0
780,0.9,2.2666667,1730.2327474,2008.4514567,-278.2187093,-1.3666667,-0.7555556,-0.4945887,-0.5051077,380.2322361,77405.6502231,0.5,2.5
781,1.4333333,1.0,1508.7964681,1646.9092204,-138.1127523,0.4333333,-0.7333333,0.3439153,-0.0092593,-59.8488593,19075.1323479,0.4,2.0
782,1.6333333,0.7333333,1773.8297933,1621.8333333,151.99646,0.9,0.3611111,1.7651727,1.1184211,136.796814,23102.9238424,0.75,2.0
783,1.4666667,1.1666667,1706.0211995,1610.472168,95.5490316,0.3,0.3492063,-0.3877522,-0.7959851,28.6647095,9129.6174333,1.5,0.2857143
784,1.2666667,1.8,1691.081136,1672.0730387,19.0080973,-0.5333333,-1.4166667,0.3788374,-1.559069,-10.1376519,361.307763,0.5,1.3333333
785,1.7666667,1.8,1682.3762207,1659.2316488,23.144572,-0.0333333,-1.2301587,0.8621744,-0.6388889,-0.7714857,535.6712115,0.1428571,0.6666667
786,1.5,2.1333333,1597.006958,1782.6970622,-185.6901042,-0.6333333,-0.8611111,0.435704,-0.5947288,117.6037326,34480.8147854,1.0,3.5
787,1.5,2.5666667,1601.4470622,1816.4591064,-215.0120442,-1.0666667,-2.3611111,-0.0833333,-0.2829508,229.3461805,46230.1791654,0.6666667,7.0
788,0.7,1.1666667,1620.9871419,1600.6919352,20.2952067,-0.4666667,0.0555556,-0.5912698,-0.719697,-9.4710965,411.8954163,0.25,1.0
789,1.6666667,2.1,1789.8025309,1703.3727213,86.4298096,-0.4333333,0.3333333,0.2557459,1.2615097,-37.4529175,7470.1119817,2.0,4.0
790,1.4,1.3,1604.2556152,1508.2088623,96.0467529,0.1,0.0888889,-0.350181,-0.0515873,9.6046753,9224.978749,0.5,1.0
791,1.3,1.9,1598.0158692,1679.4602865,-81.4444173,-0.6,-0.0698413,-0.2943416,0.4460784,48.8666504,6633.1931148,0.6666667,1.0
792,1.4666667,1.0333333,1662.3785807,1678.8720296,-16.4934489,0.4333333,0.6388889,-0.4823232,0.1428571,-7.1471612,272.0338555,1.0,2.0
793,2.0333333,1.6666667,2000.534139,1776.9449056,223.5892334,0.3666667,-0.4388889,-0.4087302,-0.6141047,81.9827189,49992.1452924,2.0,4.0
794,1.4666667,0.8333333,1601.693807,1722.7107747,-121.0169677,0.6333333,-0.0436508,0.3642648,0.4920635,-76.6440796,14645.1064794,0.25,0.5
795,0.8666667,2.3,1649.3719483,1705.2012125,-55.8292643,-1.4333333,-0.8333333,1.1690009,0.2900063,80.0219454,3116.9067486,1.0,1.5
796,1.4,0.9,1676.0868734,1591.2174479,84.8694255,0.5,0.3190476,-0.6647889,-0.1481481,42.4347127,7202.819379,0.75,0.4
797,1.0333333,1.7666667,1674.6762695,1593.5246582,81.1516113,-0.7333333,-0.0,0.252849,0.1094771,-59.5111816,6585.584022,0.5,1.3333333
798,2.2,1.9333333,1710.3520101,1992.7823486,-282.4303386,0.2666667,-0.1666667,-0.1570962,-0.2537749,-75.314757,79766.8961429,2.0,1.0
799,1.6666667,1.1333333,1705.9523926,1663.9940186,41.958374,0.5333333,0.9444444,0.1363636,0.1862027,22.3777995,1760.5051487,1.0,2.0
800,2.2,0.4666667,1807.2851155,1617.9729411,189.3121744,1.7333333,3.0833333,-0.7261905,1.1197501,328.1411024,35839.0993887,1.0,0.5
801,0.9,1.4666667,1712.3310954,1609.3531494,102.977946,-0.5666667,0.1666667,0.0450938,0.5277778,-58.3541694,10604.4573555,2.5,1.5
802,0.7333333,1.5666667,1510.6150716,1799.1099853,-288.4949137,-0.8333333,-1.4777778,0.5462963,-0.2509337,240.4124281,83229.31525,0.6666667,1.0
803,1.7333333,1.1,1775.9203288,1648.1116537,127.8086751,0.6333333,0.75,0.7099206,0.4430014,80.9454942,16335.0574308,1.0,0.5
804,1.4,2.1333333,1678.2820638,1803.9922282,-125.7101644,-0.7333333,-2.3888889,1.4460784,0.340834,92.1874539,15803.0454251,0.5,2.0
805,0.7666667,2.2666667,1583.861613,1718.8238932,-134.9622803,-1.5,-1.1722222,1.5550759,0.2475113,202.4434204,18214.8170948,0.3333333,1.0
806,2.3,1.2333333,1995.6366374,1674.7198893,320.916748,1.0666667,0.1666667,-0.9785247,-0.7600575,342.3111979,102987.5591683,1.0,1.0
807,0.9333333,0.4333333,1678.447347,1617.3622233,61.0851237,0.5,0.3611111,0.7738095,1.4444444,30.5425618,3731.3923374,0.5,0.5
808,0.5666667,1.4333333,1511.5849609,1713.7942708,-202.2093099,-0.8666667,-1.4603175,1.0803167,0.0763126,175.2480686,40888.6050102,0.2857143,1.3333333
809,1.7,0.8,1596.7032878,1596.8154704,-0.1121826,0.9,-0.2222222,0.3304843,-0.4402852,-0.1009643,0.0125849,1.0,2.0
810,1.0666667,2.2,1666.0953369,1777.8001709,-111.704834,-1.1333333,-0.5833333,0.1720085,1.020757,126.5988118,12477.9699315,0.75,0.5
811,0.9,1.1333333,1649.5142823,1805.9344075,-156.4201253,-0.2333333,-0.5,0.1928571,0.0833333,36.4980292,24467.2555884,2.0,2.0
812,1.0,1.3,1809.3549398,1716.4435628,92.9113769,-0.3,0.6666667,0.6691919,0.7267351,-27.8734131,8632.5239636,3.5,1.5
813,1.2333333,1.0666667,1674.9185791,1650.6661784,24.2524007,0.1666667,-0.6,1.082716,-0.7474747,4.0420668,588.1789397,0.2,1.0
814,1.0666667,0.6666667,1724.1677653,1509.3269043,214.840861,0.4,1.015873,-0.4567736,-0.1058201,85.9363444,46156.5955695,1.0,1.0
815,1.3333333,1.1666667,1807.587972,1811.7687988,-4.1808269,0.1666667,-0.1666667,-1.6414141,-0.870915,-0.6968045,17.4793133,1.0,1.0
816,1.8333333,0.7666667,1773.5528158,1576.2753906,197.2774251,1.0666667,-0.0777778,-0.6064815,-0.7771673,210.4292535,38918.3824672,3.0,4.0
817,0.3666667,1.8666667,1611.4066976,1599.7251383,11.6815593,-1.5,-0.8222222,-0.4862188,-1.2045455,-17.5223389,136.4588269,0.2,1.3333333
818,0.9666667,2.4,1719.6726074,1994.7269694,-275.054362,-1.4333333,-1.2222222,0.7135675,0.7854611,394.2445855,75654.9020369,1.0,5.0
819,0.7666667,0.9666667,1600.3642985,1667.5358887,-67.1715902,-0.2,0.2222222,-0.4257964,0.5705128,13.434318,4512.02253,0.75,0.3333333
820,1.0333333,2.3333333,1603.1238607,1675.9737549,-72.8498942,-1.3,0.0833333,-0.1843434,1.4630706,94.7048625,5307.1070898,4.0,1.0
821,1.8,0.9,1606.4023438,1808.5661621,-202.1638183,0.9,-0.0222222,-0.2929293,-0.231241,-181.9474365,40870.2094296,1.0,0.4
822,0.9,1.2666667,1577.4492188,1670.7538655,-93.3046468,-0.3666667,0.6,-0.0123457,0.707265,34.2117038,8705.7571083,0.6666667,2.0
823,1.1666667,0.6333333,1665.2021078,1603.8635661,61.3385417,0.5333333,-0.1222222,1.4326381,0.1794872,32.7138889,3762.4166938,0.25,1.0
824,0.6333333,2.6333333,1653.7003174,1677.3371989,-23.6368815,-2.0,-1.0555556,-0.0584046,0.2892491,47.2737631,558.7021686,0.5,0.6666667
825,2.5666667,1.4666667,1993.8463542,1609.1868083,384.6595459,1.1,0.75,0.1119033,-0.4183467,423.1255005,147962.966252,2.5,1.5
826,1.3333333,1.5,1811.5581869,1723.0994059,88.4587809,-0.1666667,1.6944444,0.385668,2.0258467,-14.7431302,7824.9559242,2.5,0.6666667
827,1.0666667,1.0333333,1733.9809164,1721.5955404,12.385376,0.0333333,0.2555556,-0.8447108,-0.954416,0.4128459,153.3975387,1.0,0.4
828,1.5,2.0333333,1677.8343099,1608.5050456,69.3292643,-0.5333333,-0.0833333,-0.202729,0.5050505,-36.9756076,4806.546893,0.75,0.3333333
829,1.2666667,1.4,1802.6138509,1653.7250977,148.8887532,-0.1333333,-0.3944444,0.2234848,0.4381788,-19.8518338,22167.8608295,3.0,5.0
830,1.2,0.9333333,1613.6971842,1579.0758057,34.6213785,0.2666667,0.3111111,-0.7777778,-0.6667175,9.2323676,1198.6398515,0.5,0.4
831,1.0,0.7,1713.0132243,1507.9467774,205.0664469,0.3,-0.3888889,1.5064442,0.1666667,61.5199341,42052.2476442,0.25,0.3333333
832,1.3666667,0.7666667,1669.2965902,1733.6144613,-64.3178711,0.6,0.6777778,0.303351,0.6267806,-38.5907227,4136.7885428,2.5,0.6666667
833,0.5333333,2.1,1597.363322,1991.5770671,-394.2137451,-1.5666667,-2.7,0.5727038,-1.0176367,617.601534,155404.4768258,0.2,2.0
834,1.3,1.2666667,1765.3350016,1815.102417,-49.7674154,0.0333333,-0.6666667,-0.0595238,-0.7676768,-1.6589138,2476.7956323,1.0,4.0
835,1.5333333,1.1,1650.9065755,1674.4074707,-23.5008952,0.4333333,1.0396825,0.3657407,-0.037037,-10.1837212,552.2920736,0.2857143,1.0
836,0.8666667,1.0666667,1736.8087972,1701.815918,34.9928792,-0.2,0.0277778,0.2886003,0.2037037,-6.9985758,1224.501597,0.3333333,1.0
837,1.2666667,1.8,1719.9259033,1683.6648356,36.2610677,-0.5333333,0.4666667,0.3201058,0.9298541,-19.3392361,1314.8650307,4.0,0.5
838,1.3666667,0.6,1657.6091716,1590.9907227,66.6184489,0.7666667,0.7944444,0.0863766,0.7222222,51.0741441,4438.0177294,2.0,0.25
839,2.1,1.8666667,1990.1508789,1799.9152425,190.2356364,0.2333333,0.5333333,-0.8787879,-0.2662211,44.3883152,36189.5973692,4.0,3.5
840,0.4666667,1.2333333,1510.7829997,1769.8472493,-259.0642496,-0.7666667,-0.2222222,-0.8364198,-0.4444444,198.6159247,67114.2854381,1.0,0.5
841,1.0333333,1.4,1826.5541178,1676.00236,150.5517578,-0.3666667,0.3333333,0.0,0.9422429,-55.2023112,22665.8317767,2.0,3.0
842,0.8666667,1.5333333,1581.7672119,1610.3501384,-28.5829264,-0.6666667,0.2444444,0.5009747,1.0443723,19.0552843,816.9836835,2.0,1.0
843,1.0666667,1.0,1607.9822184,1622.3260905,-14.3438721,0.0666667,0.0833333,-0.0892256,-0.0529101,-0.9562581,205.7466659,0.25,0.5
844,1.4333333,0.5666667,1687.5080567,1514.0263672,173.4816895,0.8666667,1.7555556,0.2514991,1.4526215,150.3507975,30095.8965802,1.5,0.4
845,2.0666667,0.7333333,1800.7716878,1611.9532064,188.8184815,1.3333333,1.8055556,0.0050349,1.2739541,251.7579753,35652.4189434,0.5,0.3333333
846,1.0333333,1.9333333,1622.6015625,1663.8613281,-41.2597657,-0.9,-0.4444444,-0.8636364,-1.2046784,37.1337891,1702.3682629,3.0,2.0
847,0.7333333,1.9666667,1669.502889,1988.6785889,-319.1756999,-1.2333333,-2.0277778,0.7495957,-0.4400871,393.6500299,101873.1274067,0.1666667,2.0
848,1.0,2.4,1610.9087728,1648.7272542,-37.8184814,-1.4,-3.2063492,0.160401,-1.3393393,52.945874,1430.2375379,0.3333333,6.0
849,0.6333333,1.8333333,1695.016154,1725.2620443,-30.2458903,-1.2,-1.4166667,0.1841168,-0.6036138,36.2950684,914.81388,1.0,1.0
850,0.5666667,1.0666667,1587.3624675,1581.6725667,5.6899007,-0.5,-1.4833333,0.7962963,-0.8850409,-2.8449504,32.3749704,0.5,3.0
851,1.8333333,0.8666667,1682.2288004,1841.5666504,-159.3378499,0.9666667,-0.7222222,0.4585921,-0.7391975,-154.0265883,25388.5504214,1.0,0.6666667
852,1.5666667,0.9,1768.7670898,1734.9753825,33.7917074,0.6666667,0.6666667,-1.1880712,-0.3498575,22.5278049,1141.8794868,2.5,1.0
853,1.0333333,0.6,1609.5546875,1583.7672933,25.7873942,0.4333333,0.0277778,-0.0371699,-0.2037037,11.1745375,664.9896996,1.25,1.0
854,2.3,1.3,1733.2551676,1703.057251,30.1979166,1.0,0.25,-0.5416667,0.1245373,30.1979166,911.914169,1.25,1.0
855,1.3333333,1.5333333,1588.00472,1663.939738,-75.9350179,-0.2,0.9444444,-0.021879,0.6984127,15.1870036,5766.1269485,1.0,2.0
856,2.1666667,2.2,1676.443929,1658.6506348,17.7932943,-0.0333333,-0.2619048,-0.2391068,0.6225654,-0.5931098,316.6013209,2.5,1.0
857,1.2333333,1.7,1694.9637451,1770.5885823,-75.6248372,-0.4666667,-1.0666667,0.031339,0.5486772,35.2915907,5719.1160015,0.8,3.0
858,0.5,2.7666667,1515.024821,1807.4213867,-292.3965658,-2.2666667,-0.8,-0.8723623,0.3084046,662.7655491,85495.7516721,1.0,0.8
859,1.9333333,0.7,1990.1874186,1609.5499675,380.6374512,1.2333333,1.3888889,-0.1548452,0.7800342,469.4528564,144884.8692307,0.5,1.0
860,0.7333333,1.5333333,1850.2860514,1626.2749837,224.0110677,-0.8,-0.2444444,0.3064935,0.9782969,-179.2088542,50180.958467,0.5,0.4
861,0.7,1.4333333,1739.4109294,1684.1458333,55.265096,-0.7333333,-0.6111111,0.690999,-1.0566239,-40.5277371,3054.2308396,0.3333333,2.0
862,0.9666667,1.9,1607.5276693,1688.002889,-80.4752197,-0.9333333,-0.8888889,0.1012169,-0.1722222,75.1102051,6476.2609911,1.0,0.5
863,2.0666667,1.9,1661.5399577,1985.7560628,-324.2161052,0.1666667,1.8333333,-0.5872183,-0.0911648,-54.0360175,105116.0828494,2.0,1.0
864,0.7333333,1.6333333,1580.7393799,1837.9333089,-257.1939291,-0.9,-1.3333333,-0.1031746,0.1784512,231.4745362,66148.7171487,0.6666667,5.0
865,1.5666667,0.8,1664.7308757,1738.3689372,-73.6380615,0.7666667,0.4444444,-0.5692706,0.3259241,-56.4558471,5422.5641015,1.5,1.0
866,2.2666667,1.3333333,1804.3528239,1595.5786133,208.7742106,0.9333333,-0.4555556,0.0589313,0.1716339,194.8559299,43586.6710256,2.0,0.6666667
867,1.6,1.6,1709.4826253,1607.6388346,101.8437907,-0.0,0.6388889,0.834308,0.2301587,-0.0,10372.1577041,2.5,1.5
868,1.3,0.8333333,1622.8335775,1517.3333333,105.5002441,0.4666667,0.5666667,-0.4880952,-1.1909361,49.2334473,11130.3015122,0.2,0.5
869,1.5,1.7333333,1685.9685059,1691.4068197,-5.4383138,-0.2333333,0.5333333,-0.2472298,-0.1892857,1.2689399,29.575257,1.0,0.6
870,2.7666667,2.1666667,1773.2708333,1737.662028,35.6088053,0.6,1.5055556,-1.1546296,0.0615137,21.3652832,1267.9870173,1.6666667,0.4
871,0.9,2.0333333,1740.3955485,1977.6724853,-237.2769368,-1.1333333,-0.0555556,-0.0706331,0.0213675,268.9138617,56300.344753,1.0,1.0
872,2.0333333,2.0333333,1693.2421875,1686.7164307,6.5257569,0.0,1.4222222,-0.4816919,0.4505952,0.0,42.5855027,3.0,0.3333333
873,1.3,1.7666667,1610.2108154,1668.9619141,-58.7510986,-0.4666667,-0.3333333,0.0934898,2.7158952,27.4171794,3451.6915906,0.75,1.0
874,1.0333333,1.7666667,1621.0078125,1733.8639323,-112.8561198,-0.7333333,-0.0722222,0.1469697,-0.241632,82.7611545,12736.5037763,1.5,0.6666667
875,1.3333333,1.1666667,1670.2932536,1608.1253255,62.167928,0.1666667,0.6888889,-0.4510582,0.6346928,10.3613213,3864.851276,1.0,0.6
876,2.0,1.2,1717.8277995,1597.163208,120.6645915,0.8,0.8333333,2.4977615,0.4307914,96.5316732,14559.9436338,1.3333333,0.6666667
877,2.2666667,2.6666667,1800.0372314,1781.4392497,18.5979818,-0.4,-0.6222222,0.85338,0.4227532,-7.4391927,345.8849258,1.5,1.5
878,2.0666667,2.4333333,1607.2316488,1825.1534017,-217.9217529,-0.3666667,-1.0,-0.1027167,0.2012432,79.9046427,47489.8904015,1.5,1.0
879,1.6333333,1.3666667,1691.59847,1515.1312256,176.4672444,0.2666667,0.4166667,-0.2636429,-0.0354497,47.0579318,31140.6883579,0.6666667,0.5
880,1.3666667,1.5333333,1728.081014,1796.7463379,-68.6653239,-0.1666667,0.1888889,0.3799534,0.2346542,11.4442206,4714.9267017,5.0,2.0
881,1.2,2.0666667,1603.7903239,1612.2369385,-8.4466146,-0.8666667,-0.5222222,1.1093305,0.1521592,7.3203993,71.3452976,1.0,1.0
882,2.6,2.1666667,1813.2003174,1688.7929687,124.4073486,0.4333333,1.2777778,-1.5156371,0.2144309,53.9098511,15477.188394,1.0,2.0
883,0.8,1.1,1596.4093425,1738.7349446,-142.3256022,-0.3,-0.1507937,1.2142857,0.543771,42.6976807,20256.5770321,0.5,0.2857143
884,1.1333333,2.1666667,1536.4855957,1702.5277507,-166.042155,-1.0333333,-1.25,-3.2251836,0.8576128,171.5768935,27569.997226,0.5,2.0
885,1.4,1.0666667,1675.7704671,1614.369751,61.4007162,0.3333333,-0.4944444,0.1030099,-0.2128307,20.4669054,3770.0479458,0.5,0.6666667
886,2.5,0.7,1788.1868083,1615.2300212,172.9567871,1.8,0.5888889,-1.4395623,0.030303,311.3222168,29914.050204,0.5,0.2
887,2.9,1.2,1964.965332,1674.4764811,290.4888509,1.7,0.5,0.1084656,-0.3402708,493.8310466,84383.7725166,3.5,1.0
888,1.1333333,1.8666667,1677.561971,1722.1180013,-44.5560302,-0.7333333,-0.6111111,-3.5395623,-0.1098901,32.6744222,1985.2398302,1.5,2.0
889,2.1333333,1.0,1710.0072835,1594.494751,115.5125325,1.1333333,1.2777778,2.2967033,-0.0805532,130.9142035,13343.1451723,1.0,1.0
890,1.4,1.0666667,1801.0178222,1599.8034261,201.2143961,0.3333333,0.9666667,-1.2169312,-0.9104473,67.0714654,40487.2332113,2.0,1.0
891,1.3333333,1.8666667,1731.1589355,1812.0004883,-80.8415527,-0.5333333,0.4444444,3.375,0.3985043,43.1154948,6535.3566483,1.0,1.0
892,2.0,1.4333333,1790.8255208,1665.839681,124.9858398,0.5666667,0.1666667,0.6632886,-3.4899184,70.8253092,15621.4601505,0.6666667,1.3333333
893,0.7333333,1.1333333,1610.4185791,1682.5810954,-72.1625163,-0.4,-0.1,1.1240741,1.2837163,28.8650065,5207.4287539,1.5,1.0
894,2.0333333,1.1,1619.2233887,1724.8326823,-105.6092936,0.9333333,-0.8888889,0.6073232,-0.6836774,-98.5686741,11153.3229017,1.0,0.5
895,1.0,0.6666667,1678.5715332,1557.7648112,120.806722,0.3333333,0.1111111,0.5607374,-1.031746,40.2689073,14594.2640804,0.3333333,1.0
896,0.8666667,2.7,1612.3717041,1962.9199219,-350.5482178,-1.8333333,-1.7777778,0.4306064,2.9973545,642.6717326,122884.0529794,0.75,3.0
897,1.3666667,2.2666667,1734.6614583,1684.4983317,50.1631266,-0.9,-0.4603175,-1.2953746,0.0292457,-45.1468139,2516.3392703,1.0,1.0
898,0.9333333,1.0333333,1723.1666667,1605.6319987,117.534668,-0.1,1.9861111,-0.7563127,1.1851852,-11.7534668,13814.398174,2.0,0.125
899,1.4,1.6666667,1684.3706461,1785.063151,-100.6925049,-0.2666667,0.8611111,-1.4814815,0.6603175,26.8513346,10138.980543,1.5,0.25
900,2.9666667,1.9666667,1963.563151,1714.8838297,248.6793213,1.0,3.1666667,-3.4391534,0.4753379,248.6793213,61841.4048422,8.0,2.0
901,0.9,0.7,1574.77771,1733.5242513,-158.7465413,0.2,-0.6666667,-0.7247585,0.1904762,-31.7493083,25200.4643853,1.0,1.5
902,1.4,0.5333333,1659.9737549,1611.1530355,48.8207194,0.8666667,1.1555556,-0.5911445,2.0512821,42.3112901,2383.4626427,4.0,0.6666667
903,1.1666667,0.9333333,1806.5006917,1677.7150065,128.7856852,0.2333333,0.1111111,0.6468254,0.5787037,30.0499932,16585.7527124,0.6666667,1.0
904,1.0,1.1333333,1594.9924317,1806.4457194,-211.4532877,-0.1333333,-0.9166667,0.229226,-1.1204199,28.1937717,44712.4928791,0.5,0.75
905,1.9666667,1.0333333,1681.6737874,1622.7860514,58.887736,0.9333333,0.5,0.6064815,0.9066009,54.961887,3467.7654551,1.0,0.5
906,0.8666667,1.1333333,1598.2938639,1729.6572265,-131.3633626,-0.2666667,0.3492063,0.6690009,1.9868234,35.03023,17256.3330336,1.3333333,1.0
907,1.4333333,2.0,1807.4894206,1666.2219238,141.2674967,-0.5666667,-0.8611111,0.6581197,1.1391604,-80.0515815,19956.5056333,2.0,2.0
908,1.4333333,1.8,1725.3779297,1801.0279948,-75.6500651,-0.3666667,-0.4722222,0.4659197,0.0919312,27.7383572,5722.9323547,1.25,3.0
909,1.1333333,1.2,1600.0290121,1604.0864258,-4.0574137,-0.0666667,-0.5861111,-1.2755814,-2.2136752,0.2704942,16.4626059,0.5,0.8
910,1.8666667,1.8333333,1771.8739827,1726.567749,45.3062337,0.0333333,0.1388889,1.4242424,-0.3147099,1.5102078,2052.6548121,4.0,2.0
911,1.4666667,1.4666667,1622.2688395,1575.1684163,47.1004232,0.0,0.0714286,-0.4421134,-0.1754386,0.0,2218.4498625,1.0,0.2857143
912,0.7666667,0.8,1674.6135661,1686.7030436,-12.0894775,-0.0333333,-0.4444444,-0.5132275,-1.5555556,0.4029826,146.155467,0.3333333,1.0
913,0.7333333,2.5666667,1738.3699951,1968.8391113,-230.4691162,-1.8333333,-2.0,-0.1208577,1.5135841,422.526713,53116.0135066,3.5,1.0
914,0.5,1.0666667,1608.9827067,1592.8739828,16.1087239,-0.5666667,0.2222222,0.1709853,2.1372549,-9.1282769,259.4909868,0.5,0.5
915,1.5,1.4,1717.9836019,1689.5458984,28.4377034,0.1,0.4166667,-0.5977444,0.9854837,2.8437703,808.7029766,1.0,0.25
916,1.7,0.5,1606.6772054,1609.4434814,-2.766276,1.2,1.2111111,1.2637148,0.991453,-3.3195312,7.6522831,3.0,0.3333333
917,1.3,1.3666667,1676.7366537,1687.8990072,-11.1623535,-0.0666667,0.9166667,-1.0263158,-0.0309106,0.7441569,124.5981357,0.5,2.0
918,1.2,1.6333333,1591.31014,1765.1516927,-173.8415527,-0.4333333,-0.3333333,-0.9460689,-0.5792258,75.3313395,30220.8854451,3.0,0.75
919,1.5333333,1.7333333,1798.8003743,1807.6835531,-8.8831787,-0.2,-0.2944444,0.6132577,-1.0626102,1.7766357,78.9108644,0.2,2.0
920,1.9333333,0.9333333,1725.9438476,1670.7674561,55.1763916,1.0,1.7722222,0.9823633,0.874552,55.1763916,3044.4341863,5.0,0.6
921,2.4,1.2,1968.9963785,1621.4848633,347.5115153,1.2,2.5,1.0772947,0.590312,417.0138183,120764.2532429,1.0,1.0
922,1.7666667,0.9,1574.023234,1595.6105957,-21.5873617,0.8666667,0.4424603,1.1503363,0.3203661,-18.7090468,466.0141837,1.0,0.3333333
923,1.2,0.7,1688.6227214,1744.9690348,-56.3463135,0.5,-0.7777778,0.2690058,-2.2767356,-28.1731567,3174.9070413,1.6666667,1.0
924,2.1333333,1.4666667,1726.9336344,1720.8203125,6.1133219,0.6666667,0.6111111,-0.3042328,0.377218,4.075548,37.3727051,1.3333333,0.5
925,0.9,1.5,1684.983846,1588.7639974,96.2198486,-0.6,-0.6166667,0.2074988,0.3634085,-57.7319092,9258.259271,0.4,1.0
926,0.9666667,1.9,1716.6443685,1780.0457357,-63.4013672,-0.9333333,-1.5666667,0.2444956,-0.0238095,59.1746094,4019.7333586,1.0,4.0
927,1.6666667,1.7,1751.8892822,1608.9177653,142.9715169,-0.0333333,0.4833333,-0.1968811,0.5206178,-4.7657172,20440.8546447,1.0,0.5
928,0.6666667,2.1666667,1596.3876546,1965.44222,-369.0545654,-1.5,-0.0555556,-1.8404344,-0.3109668,553.5818481,136201.2722426,2.0,1.0
929,1.7666667,1.9,1802.4221192,1568.196167,234.2259522,-0.1333333,0.3214286,-2.1767677,-0.6969093,-31.230127,54861.796684,0.25,2.0
930,1.3,1.8666667,1615.0397135,1723.1503092,-108.1105957,-0.5666667,-1.25,-0.440931,-0.0597372,61.2626709,11687.9009026,1.0,0.5
931,1.0333333,1.3,1584.3592122,1691.1177979,-106.7585856,-0.2666667,-0.6111111,0.1965812,-0.1907969,28.4689562,11397.3956064,0.5,0.5
932,0.9666667,0.8333333,1743.6225993,1659.1081136,84.5144857,0.1333333,1.1888889,-0.2866425,2.1515152,11.2685981,7142.6982931,2.0,2.0
933,2.2,2.3,1679.4922689,1730.1433512,-50.6510823,-0.1,0.2222222,0.2724868,-0.118887,5.0651082,2565.5321415,2.5,1.0
934,1.7666667,1.6333333,1962.8817138,1751.880249,211.0014648,0.1333333,-0.0833333,0.826822,-0.5431235,28.1335286,44521.6181618,0.5,1.0
935,1.8,1.4666667,1690.9622396,1798.9492188,-107.9869792,0.3333333,-0.3611111,2.0555556,0.3007055,-35.9956597,11661.1876695,1.0,2.0
936,1.6,1.0666667,1723.7355957,1742.0014649,-18.2658692,0.5333333,0.5,0.4444444,-0.3794163,-9.7417969,333.6419764,2.0,3.0
937,1.0333333,0.7,1770.4843343,1573.7799072,196.7044271,0.3333333,0.8722222,-0.3582523,-1.469697,65.5681424,38692.6316407,0.25,1.0
938,0.7666667,0.9333333,1654.9802653,1616.0882568,38.8920085,-0.1666667,0.1444444,-0.4779402,-0.4444444,-6.4820014,1512.5883226,0.3333333,0.5
939,1.3333333,0.6666667,1735.8679606,1678.0386963,57.8292643,0.6666667,-0.0222222,-0.7804233,-0.9816207,38.5528429,3344.2238133,1.0,1.0
940,1.8,1.7,1605.9453939,1714.3745931,-108.4291992,0.1,-0.3333333,-0.037037,0.1216931,-10.8429199,11756.8912392,1.0,4.0
941,1.4666667,1.8,1591.1606852,1682.2241211,-91.0634359,-0.3333333,0.3333333,0.3461538,1.1842105,30.3544786,8292.5493579,1.0,1.0
942,1.3,1.0333333,1567.0528971,1591.5825195,-24.5296224,0.2666667,-0.2777778,0.7263107,0.2821824,-6.5412326,601.7023751,0.5,2.0
943,2.1,1.7666667,1683.3658854,1606.6386719,76.7272135,0.3333333,0.0,0.1831148,-0.4803676,25.5757378,5887.0652915,1.0,3.0
944,1.3666667,1.1,1593.5539958,1650.3643392,-56.8103434,0.2666667,0.5555556,-0.5502646,0.4103641,-15.1494249,3227.415121,1.3333333,1.3333333
945,1.0,2.2666667,1674.3653157,1754.2524007,-79.887085,-1.2666667,-2.3944444,1.1137566,0.3188339,101.1903077,6381.9463498,0.6666667,5.0
946,1.6333333,1.9,1795.0244548,1957.5481364,-162.5236816,-0.2666667,-1.1666667,0.2746818,-0.5529328,43.3396484,26413.9470808,0.75,5.0
947,1.3,1.1333333,1745.8940023,1568.6693929,177.2246094,0.1666667,-0.35,0.0088605,-0.3390313,29.5374349,31408.5621652,0.2,0.75
948,0.4666667,0.8333333,1565.3264974,1725.2827962,-159.9562989,-0.3666667,-1.2666667,0.5006105,0.1363636,58.6506429,25586.0175471,0.2,3.0
949,1.2333333,1.3,1613.1075033,1739.2011719,-126.0936686,-0.0666667,-1.0277778,0.969697,0.6349206,8.4062446,15899.6132694,0.75,0.3333333
950,1.0666667,1.3666667,1595.9029134,1740.1621501,-144.2592367,-0.3,-0.1666667,1.0187729,1.2212476,43.277771,20810.7273636,1.0,1.5
951,2.0666667,1.5333333,1714.5554199,1691.0385742,23.5168457,0.5333333,0.8333333,-1.2783626,-0.169748,12.5423177,553.0420301,0.3333333,1.3333333
952,0.7666667,1.2666667,1573.3998617,1692.2567952,-118.8569336,-0.5,-0.4055556,0.9051689,-0.0638033,59.4284668,14126.9706569,0.2,0.6666667
953,1.3666667,2.6666667,1658.5097656,1718.3222656,-59.8125,-1.3,-1.2222222,-0.3027119,-0.3856683,77.75625,3577.5351523,1.0,2.0
954,1.9333333,0.9666667,1761.881958,1603.353597,158.528361,0.9666667,1.0833333,-0.4550265,-0.9451567,153.2440823,25131.2412413,1.0,1.0
955,0.9,1.3666667,1737.1650391,1748.950765,-11.7857259,-0.4666667,-0.3166667,1.1395155,0.7592593,5.5000054,138.903335,0.25,5.0
956,1.1666667,0.3,1615.8453369,1565.7461344,50.0992025,0.8666667,-1.15,1.47558,-2.5555556,43.4193089,2509.9300945,0.5,4.0
957,1.7666667,0.9666667,1616.6546631,1672.3965251,-55.741862,0.8,0.9444444,-0.9738088,0.3086643,-44.5934896,3107.1551755,1.5,1.0
958,1.7666667,1.7,1692.2659505,1609.607666,82.6582845,0.0666667,-0.5,1.9333333,0.1208356,5.5105523,6832.392002,0.5,1.0
959,1.0333333,1.9666667,1744.2782796,1797.6424154,-53.3641357,-0.9333333,0.5277778,-0.8040936,0.0838624,49.8065267,2847.7309826,2.0,1.0
960,1.3666667,1.3333333,1959.9647624,1750.2958984,209.6688639,0.0333333,1.0,-0.0122549,0.8128655,6.9889621,43961.0325031,1.0,1.0
961,1.1,1.5666667,1670.2749024,1682.2351888,-11.9602864,-0.4666667,0.5,-1.8222222,-0.3358535,5.581467,143.0484516,3.0,1.3333333
962,0.9,1.8666667,1740.6636963,1658.3142497,82.3494466,-0.9666667,0.7333333,-0.3153396,0.6666667,-79.6044651,6781.4313608,0.3333333,1.0
963,1.1,1.5,1756.2070312,1628.6716309,127.5354004,-0.4,-0.7222222,0.4715842,-0.3900135,-51.0141601,16265.2783467,0.1666667,0.3333333
964,1.6333333,1.5666667,1800.7827962,1609.1394857,191.6433105,0.0666667,-0.5555556,0.8037803,-0.3671717,12.7762207,36727.1584722,0.3333333,2.5
965,2.1,1.5333333,1688.5920817,1957.7052816,-269.1131999,0.5666667,-2.1111111,0.4665242,-1.8598426,-152.4974799,72421.9143425,4.0,6.0
966,1.2666667,2.6,1617.596761,1763.2611898,-145.6644287,-1.3333333,-1.4166667,0.3768116,1.5275778,194.2192383,21218.1257982,0.75,1.3333333
967,2.0333333,1.8666667,1720.1694336,1736.5907389,-16.4213053,0.1666667,-0.9722222,-0.7396161,0.2731327,-2.7368842,269.6592689,1.0,3.0
968,1.6,0.9666667,1605.9345703,1567.9156494,38.0189209,0.6333333,0.5166667,-0.6660851,0.7065217,24.0786499,1445.4383464,0.75,0.25
969,0.7666667,1.2,1571.3230794,1747.0773926,-175.7543132,-0.4333333,-0.2444444,0.1146076,1.0479323,76.1602024,30889.5785967,0.4,3.0
970,1.0333333,1.5666667,1634.9679769,1606.3823649,28.585612,-0.5333333,-0.3611111,-0.5350257,-1.0270346,-15.2456597,817.1372134,0.3333333,1.5
971,2.2333333,1.6666667,1737.531901,1799.2825521,-61.750651,0.5666667,-0.6944444,1.371345,-0.1040261,-34.9920356,3813.142903,2.0,6.0
972,1.7,1.2,1962.5148926,1673.2836507,289.2312418,0.5,0.0,0.0833333,0.1437305,144.6156209,83654.7112525,3.0,6.0
973,2.1,1.3666667,1770.4578043,1729.5293376,40.9284668,0.7333333,-1.0,0.4875046,-0.9304249,30.014209,1675.1393919,1.0,1.0
974,1.4,1.3333333,1608.9696452,1618.6604004,-9.6907552,0.0666667,0.1388889,0.0570309,-1.8522727,-0.6460503,93.9107357,0.1666667,1.0
975,1.6,1.1,1660.6257324,1572.5260417,88.0996907,0.5,-0.9666667,0.3636364,-1.3699495,44.0498454,7761.5555073,1.0,1.5
976,1.1666667,1.9,1674.8832601,1688.2821452,-13.3988851,-0.7333333,-1.0,2.3088169,0.6709087,9.8258491,179.5301228,0.1666667,0.3333333
977,0.5666667,1.4,1559.7904867,1760.2355957,-200.445109,-0.8333333,-1.0166667,0.8244048,-0.3409962,167.0375909,40178.2417354,0.6666667,3.0
978,1.2,1.6,1751.2643229,1717.1845296,34.0797933,-0.4,0.7222222,-0.8034461,-0.5618212,-13.6319173,1161.4323091,0.6666667,0.5
979,0.9333333,1.9333333,1719.830485,1611.7487793,108.0817057,-1.0,-0.6666667,0.4547346,0.6375291,-108.0817057,11681.6551142,0.6666667,1.5
980,1.0333333,0.6333333,1636.0674642,1555.8760579,80.1914063,0.4,0.4722222,-0.5997427,-0.2991453,32.0765625,6430.661639,2.0,0.3333333
981,1.3333333,1.0666667,1802.4586588,1582.6739909,219.7846679,0.2666667,1.9111111,-1.0797448,0.9377428,58.6092448,48305.3002586,1.5,0.2
982,1.6333333,2.1666667,1690.1263021,1780.1929525,-90.0666504,-0.5333333,0.0,-0.3592995,-0.6341794,48.0355469,8112.0015083,1.0,3.0
983,1.7333333,1.6666667,1685.93986,1665.1495361,20.7903239,0.0666667,0.8095238,-0.4912023,0.1936913,1.3860216,432.2375693,0.4285714,5.0
984,1.0,2.5666667,1621.0712891,1743.7099202,-122.6386312,-1.5666667,-1.0833333,-0.9380342,1.4958952,192.1338555,15040.2338544,0.6666667,0.6666667
985,1.1666667,2.5333333,1611.3515218,1973.4924723,-362.1409505,-1.3666667,-2.8611111,0.8537631,-0.5934015,494.9259657,131146.068029,0.5,2.3333333
986,1.8333333,1.1333333,1763.5518799,1668.6575521,94.8943278,0.7,1.2222222,-2.1205792,-0.4247043,66.4260295,9004.9334549,3.0,1.0
987,0.9,1.2666667,1726.3192953,1758.6299642,-32.3106689,-0.3666667,-1.1666667,0.5990676,-0.2885876,11.8472453,1043.9793248,0.3333333,1.5
988,0.7333333,0.9666667,1585.9780681,1720.0046387,-134.0265706,-0.2333333,-0.4055556,0.0965798,-1.1717172,31.2728665,17963.1216268,0.25,2.0
989,2.4666667,0.9333333,1989.9281006,1638.5112712,351.4168294,1.5333333,0.9444444,0.3906056,0.5261779,538.8391384,123493.7879855,1.3333333,1.5
990,1.2666667,1.5666667,1675.5962728,1809.7383626,-134.1420898,-0.3,-0.5,0.1275917,0.4700855,40.242627,17994.1002649,4.0,4.0
991,1.5666667,0.8,1621.6210937,1616.1432698,5.4778239,0.7666667,-0.1944444,0.7471885,-0.8294483,4.199665,30.0065547,0.5,0.75
992,0.8,1.4,1671.9773356,1725.2410075,-53.2636719,-0.6,-1.9444444,0.6126427,-0.9024455,31.9582031,2837.0187443,0.3333333,6.0
993,1.7666667,2.2,1796.8977458,1767.5490723,29.3486735,-0.4333333,-1.0,0.9953704,0.5645269,-12.7177585,861.3446343,2.0,3.0
994,1.6666667,0.8666667,1760.7093506,1698.6711019,62.0382487,0.8,0.7777778,0.5784314,0.5165692,49.6305989,3848.7442976,1.5,0.5
995,0.7333333,1.2666667,1769.9958089,1624.1364746,145.8593343,-0.5333333,0.0,0.5879544,-0.162037,-77.7916449,21274.9453927,0.1666667,0.6666667
996,0.8666667,1.7,1554.8957519,1699.9087728,-145.0130209,-0.8333333,-1.6706349,-0.5219729,-0.3865725,120.8441841,21028.7762209,0.6666667,0.25
997,0.9,1.2333333,1722.3737386,1822.0748698,-99.7011312,-0.3333333,-0.8333333,0.923888,0.0833333,33.2337104,9940.3155559,0.6666667,0.3333333
998,1.1333333,1.9,1734.7691651,1625.8323974,108.9367676,-0.7666667,1.4444444,-1.1269841,0.4606096,-83.5181885,11867.2193424,1.5,1.5
999,1.1666667,3.1333333,1555.9258219,2004.9045003,-448.9786784,-1.9666667,-1.3888889,-0.1584744,-1.1657051,882.9914009,201581.8536578,2.0,3.5
1000,1.2,1.6666667,1700.7835286,1691.5943603,9.1891683,-0.4666667,-3.3,1.3422035,-1.5,-4.2882785,84.440814,0.6,3.0
1001,0.7666667,1.0333333,1621.4650879,1671.4127604,-49.9476725,-0.2666667,-0.0277778,-0.2066919,0.515873,13.3193793,2494.7699915,0.6666667,0.6666667
1002,1.2,1.9333333,1646.4945068,1815.4823405,-168.9878337,-0.7333333,-1.0714286,-1.3443963,-0.3091313,123.9244114,28556.8879274,0.2857143,2.0
1003,0.9333333,1.0333333,1627.2058106,1591.5861817,35.6196289,-0.1,0.1277778,-0.3824786,1.3888889,-3.5619629,1268.757963,1.0,1.5
1004,1.3333333,1.9666667,1704.1633301,1775.0705973,-70.9072672,-0.6333333,-0.8849206,0.7747909,-0.9041543,44.9079359,5027.8405465,0.5,1.6666667
1005,1.3,0.8,1775.5743408,1771.4458008,4.1285401,0.5,1.2777778,-1.9768098,1.1364159,2.06427,17.0448431,0.5,1.0
1006,2.1,2.7333333,1829.0690918,2010.528361,-181.4592692,-0.6333333,-0.7777778,1.5954416,-0.0065187,114.9242038,32927.4663907,1.5,3.0
1007,1.0666667,1.3666667,1768.9818929,1697.635498,71.3463949,-0.3,-0.0666667,0.5512075,-0.227202,-21.4039185,5090.3080605,0.4,0.6666667
1008,1.2333333,1.2333333,1592.2704671,1618.3595377,-26.0890706,0.0,-0.2222222,0.2236842,-0.7657528,-0.0,680.6396048,2.0,3.0
1009,1.9333333,1.2333333,1781.0861816,1557.605957,223.4802246,0.7,0.3888889,-0.1471735,0.7566138,156.4361572,49943.4107873,1.0,0.3333333
1010,1.2333333,1.3,1706.6037191,1777.2849121,-70.681193,-0.0666667,0.8333333,-0.3028108,0.1742581,4.7120795,4995.8310486,1.5,2.5
1011,1.2333333,1.0666667,1667.3887939,1650.959554,16.4292399,0.1666667,-0.3730159,0.2379538,-1.0553521,2.7382067,269.9199237,0.3333333,0.6666667
1012,1.1333333,1.1,1629.8883463,1695.758667,-65.8703207,0.0333333,0.1944444,-0.0701058,0.4141414,-2.1956774,4338.8991447,0.3333333,1.0
1013,2.0333333,1.3333333,1821.6543375,1626.4813639,195.1729736,0.7,0.9222222,-0.501443,-0.5,136.6210815,38092.4896239,0.6,0.5
1014,1.2666667,1.6333333,1720.9782715,1741.6080729,-20.6298015,-0.3666667,-2.0555556,0.6204906,0.3926483,7.5642605,425.5887086,1.6666667,3.0
1015,1.4,1.3,1689.6737467,1628.1616211,61.5121256,0.1,-0.3555556,0.6424466,0.4001323,6.1512126,3783.7415999,0.5,1.0
1016,1.3666667,1.7666667,1559.0108643,1836.1019694,-277.0911051,-0.4,-0.6388889,-1.329017,-0.9909527,110.8364421,76779.480544,0.25,1.0
1017,1.1333333,1.9333333,1619.3407389,1719.6206462,-100.2799073,-0.8,-2.4444444,0.7202381,-0.7539683,80.2239258,10056.0598014,0.5,7.0
1018,2.3333333,2.0666667,2012.3840332,1659.2231038,353.1609294,0.2666667,0.8333333,-1.2250712,0.2657401,94.1762478,124722.6420547,1.0,4.0
1019,1.2333333,2.5,1687.1988118,1814.1905517,-126.9917399,-1.2666667,0.1055556,-0.885193,-0.2216749,160.8562039,16126.9020028,1.0,1.25
1020,1.0666667,1.9333333,1780.4206543,1784.6191406,-4.1984864,-0.8666667,-1.1746032,0.6890542,0.7516678,3.6386882,17.6272878,0.1428571,4.0
1021,1.5,1.3,1622.9412028,1723.9031168,-100.961914,0.2,-0.2611111,0.2628004,-0.0189076,-20.1923828,10193.3080853,0.8,0.75
1022,1.6666667,1.5666667,1751.9570719,1597.7827555,154.1743164,0.1,0.1111111,0.1177249,0.1314935,15.4174316,23769.7198374,1.3333333,2.0
1023,0.8333333,1.9333333,1650.0950521,1757.517985,-107.422933,-1.1,-0.7325397,-0.3996745,0.6414302,118.1652263,11539.6865272,0.25,2.0
1024,1.7,0.9,1841.2582601,1628.5580241,212.700236,0.8,1.2222222,0.3346561,0.5674214,170.1601888,45241.3903945,3.5,1.0
1025,1.6333333,1.6,1774.9928792,1620.3529053,154.6399739,0.0333333,0.1142857,1.8406854,-0.2034569,5.1546658,23913.5215381,1.0,2.0
1026,0.6,2.1666667,1642.5424805,1733.5362142,-90.9937337,-1.5666667,-4.3055556,1.5379,-0.1937191,142.5568495,8279.8595787,0.6666667,6.0
1027,1.0333333,1.9,1617.5668945,1754.5552979,-136.9884034,-0.8666667,-0.0777778,-0.3059646,-0.4062259,118.7232829,18765.8226569,0.1666667,1.5
1028,1.4666667,1.1333333,1682.2774658,1721.8450927,-39.5676269,0.3333333,-0.25,1.0379493,-0.3968254,-13.189209,1565.5970985,1.0,0.5
1029,1.3333333,1.0666667,2012.6153565,1787.5904948,225.0248617,0.2666667,-0.3333333,0.4951963,-1.6200223,60.0066298,50636.1883681,1.0,1.0
1030,1.3666667,1.1333333,1684.2621663,1607.8479004,76.414266,0.2333333,-0.5555556,0.0754357,-0.1899351,17.8299954,5839.1400432,0.6666667,0.3333333
1031,1.1,1.8666667,1560.5870768,1658.3020427,-97.7149658,-0.7666667,-1.4880952,0.2053745,-0.718254,74.9148071,9548.2145478,0.2857143,1.0
1032,1.7666667,2.4666667,1759.0729573,1806.379598,-47.3066406,-0.7,1.3277778,-0.834267,0.1823867,33.1146484,2237.918248,3.0,1.5
1033,1.4333333,1.8,1619.1027425,1765.3033854,-146.2006429,-0.3666667,-0.4555556,-0.359402,0.2625272,53.6069024,21374.6279844,0.5,0.3333333
1034,1.7666667,1.4333333,1805.1838379,1771.7816976,33.4021403,0.3333333,0.8690476,-1.7374728,0.8812814,11.1340468,1115.7029788,3.0,2.0
1035,1.3666667,1.4666667,1662.5616862,1846.0407308,-183.4790446,-0.1,-0.0,0.200747,-0.6891534,18.3479045,33664.5598073,1.0,1.5
1036,0.6666667,0.6,1788.7314046,1613.4808349,175.2505697,0.0666667,1.6666667,-1.4455291,2.6851852,11.6833713,30712.7621802,1.0,0.3333333
1037,1.2666667,1.6,1612.986206,1676.0293783,-63.0431722,-0.3333333,0.3111111,-0.4062966,0.2175926,21.0143907,3974.4415652,0.5,0.4
1038,1.6666667,1.5666667,1755.37618,1682.6212158,72.7549642,0.1,0.9444444,-0.2083333,0.308031,7.2754964,5293.2848157,3.0,2.0
1039,1.0,1.2333333,1720.1218262,1556.6090902,163.512736,-0.2333333,0.7380952,-0.5185185,0.9747899,-38.1529717,26736.4148342,2.5,1.0
1040,1.3666667,1.0333333,1627.7755534,1633.7001546,-5.9246012,0.3333333,0.0833333,-0.6219336,-0.7319519,-1.9748671,35.1008998,0.6666667,1.5
1041,2.1666667,1.2333333,1747.4257406,2009.3116048,-261.8858643,0.9333333,3.5555556,-1.1453824,0.8319466,-244.4268066,68584.2059027,0.6666667,1.0
1042,0.9666667,2.0,1553.7696126,1755.1359863,-201.3663737,-1.0333333,-1.6603175,-2.2289562,-0.8406647,208.0785862,40548.4164571,1.0,0.6
1043,1.3333333,1.2666667,1766.5619303,1628.0419515,138.5199788,0.0666667,0.4444444,0.4066047,0.5675955,9.2346653,19187.784536,0.3333333,0.3333333
1044,1.1666667,1.6333333,2003.3198649,1611.8068847,391.5129802,-0.4666667,0.2777778,-0.6512959,2.0513668,-182.7060574,153282.413639,1.6666667,2.0
1045,1.5333333,1.1666667,1683.4366455,1619.600179,63.8364665,0.3666667,-0.3888889,0.9067142,0.3910197,23.4067044,4075.0944595,0.6666667,2.0
1046,1.1,1.4333333,1629.7221273,1812.1180013,-182.395874,-0.3333333,-0.7777778,-0.02886,0.129541,60.7986247,33268.2548522,3.0,3.0
1047,1.5666667,1.3333333,1667.8177083,1765.7986247,-97.9809163,0.2333333,-0.6444444,1.1238199,0.8671024,-22.8622138,9600.2599655,0.5,0.5
1048,1.6666667,1.0666667,1850.0352783,1762.4402263,87.5950521,0.6,0.0,-0.1396969,-0.4713805,52.5570312,7672.8931466,1.0,1.5
1049,0.6,1.0333333,1603.0927327,1719.0214437,-115.928711,-0.4333333,-1.0833333,1.103291,-0.7843137,50.2357748,13439.4660264,0.25,1.0
1050,0.6333333,1.0,1669.9105632,1792.5135905,-122.6030273,-0.3666667,-1.0,-0.1456767,-2.260101,44.9544434,15031.5023113,1.0,4.0
1051,1.3666667,1.1333333,1624.3774007,1657.4584961,-33.0810954,0.2333333,0.5333333,-1.1109814,-0.6134454,-7.7189223,1094.3588729,0.5,0.5
1052,1.4,0.9666667,1754.5882975,1851.7894287,-97.2011312,0.4333333,-0.3,2.3814617,-0.4430014,-42.1204902,9448.0599001,1.0,0.6666667
1053,1.0333333,1.1,1796.4723307,1635.3388265,161.1335042,-0.0666667,0.1388889,0.2988095,-0.6262626,-10.7422336,25964.0061865,0.25,0.3333333
1054,1.3666667,0.7666667,1623.9165853,1673.1996257,-49.2830404,0.6,-1.4444444,2.3333333,-0.3342246,-29.5698242,2428.8180678,0.6666667,4.0
1055,1.5,1.3666667,1611.8643799,1764.43986,-152.5754802,0.1333333,-0.3611111,0.4283601,-0.6931736,-20.3433974,23279.2771481,0.25,1.5
1056,1.1,1.9333333,1718.8752849,2000.1246338,-281.2493489,-0.8333333,-0.9222222,-0.2289562,-1.6942899,234.3744574,79101.1962567,0.4,4.0
1057,1.2666667,1.1666667,1768.6778565,1554.1494954,214.528361,0.1,1.0,0.8119658,1.6648841,21.4528361,46022.4176876,1.5,1.0
1058,1.7666667,1.4666667,1821.5895996,1594.5332845,227.0563151,0.3,1.9722222,-0.9545455,1.4401559,68.1168945,51554.5702268,3.0,2.5
1059,1.2333333,1.9333333,1760.0409749,1682.7069499,77.3340251,-0.7,-0.6111111,0.3145743,-0.752442,-54.1338175,5980.551433,2.0,2.0
1060,1.7666667,1.3333333,1686.7988281,1716.3557536,-29.5569255,0.4333333,0.4222222,0.0808081,0.2147436,-12.808001,873.611843,1.3333333,1.3333333
1061,0.8333333,1.2333333,1679.6080323,1748.5944417,-68.9864095,-0.4,1.1333333,-2.3333333,0.530303,27.5945638,4759.1246911,0.25,0.25
1062,0.4666667,1.4666667,1641.100057,1613.2189941,27.8810628,-1.0,0.3611111,-0.6832943,0.7160494,-27.8810628,777.3536647,0.3333333,0.3333333
1063,0.9,1.3,1558.1378174,1617.9109294,-59.773112,-0.4,-0.6666667,-1.6666667,-0.969697,23.9092448,3572.8249142,1.0,4.0
1064,1.6666667,1.3333333,1596.3751628,1623.8800049,-27.5048421,0.3333333,-0.45,1.2378788,-0.0534512,-9.1682807,756.5163389,0.4,2.0
1065,0.7333333,2.3,1645.2250977,1832.7781168,-187.5530192,-1.5666667,-2.3333333,0.4035394,-0.4602618,293.8330634,35176.1349985,0.5,2.5
1066,1.6333333,1.5333333,1847.796875,1794.7397868,53.0570882,0.1,-0.5277778,-0.4411765,0.1168831,5.3057088,2815.0546047,4.0,3.0
1067,1.6666667,1.4,1764.0086263,1753.7190755,10.2895508,0.2666667,0.5277778,-0.2913376,0.4057609,2.7438802,105.8748557,3.0,0.75
1068,1.7666667,1.2333333,2001.5843913,1777.4768473,224.1075439,0.5333333,0.8055556,-0.0922688,2.5447801,119.5240234,50224.1912478,0.75,1.0
1069,2.4333333,1.7666667,1842.7555745,1848.5785726,-5.822998,0.6666667,0.4444444,-0.5057932,-0.3361182,-3.8819987,33.9073061,2.0,1.5
1070,1.3666667,1.8,1715.0906576,1766.1504313,-51.0597737,-0.4333333,-1.1888889,1.3367003,0.0769231,22.125902,2607.1004937,0.2,1.0
1071,1.9333333,0.8666667,1693.1595459,1637.139974,56.0195719,1.0666667,2.2777778,-0.5422941,1.3062169,59.75421,3138.1924359,5.0,0.5
1072,1.2,0.7,1628.774821,1643.5071615,-14.7323405,0.5,-0.6111111,0.9436508,-0.4027778,-7.3661702,217.0418566,0.3333333,4.0
1073,1.2666667,2.8,1619.1059163,2002.2175293,-383.111613,-1.5333333,-1.1388889,0.3611111,0.0933661,587.4378065,146774.5079899,0.6666667,4.0
1074,0.7333333,1.0666667,1616.3715007,1565.3045247,51.0669759,-0.3333333,-0.8888889,1.0822361,-0.4444444,-17.0223253,2607.836031,0.25,1.5
1075,1.0,0.9666667,1787.2376302,1683.267985,103.9696452,0.0333333,-0.6111111,-0.5,-0.4411765,3.4656548,10809.6871161,0.25,0.3333333
1076,1.9333333,1.5666667,1751.651123,1601.1707357,150.4803874,0.3666667,-0.7166667,0.3178571,-0.6897547,55.176142,22644.346982,1.0,3.0
1077,0.8333333,1.0666667,1743.4068197,1792.0131022,-48.6062826,-0.2333333,0.1111111,-0.8921569,-0.0674603,11.3414659,2362.570705,3.0,0.6666667
1078,0.8666667,1.0666667,1681.8743083,1611.7097982,70.1645101,-0.2,0.2222222,-0.8675214,0.0,-14.032902,4923.0584729,1.0,0.3333333
1079,2.3,1.7,1852.137207,1711.2659505,140.8712565,0.6,1.2111111,-0.3745791,0.4603387,84.5227539,19844.7108985,0.6666667,1.0
1080,0.8333333,2.0,1573.1934001,1850.6306152,-277.4372152,-1.1666667,-0.1666667,-0.1767677,0.3217391,323.676751,76971.4083594,3.0,1.5
1081,2.2666667,0.9,2002.5895996,1626.9291585,375.6604411,1.3666667,0.8055556,-0.4227053,-0.1181457,513.4026028,141120.7670074,1.5,1.5
1082,0.9333333,1.5,1610.8039958,1705.5673421,-94.7633464,-0.5666667,-1.5111111,1.0636364,0.0484007,53.6992296,8980.0918146,0.4,2.0
1083,1.1666667,1.1666667,1786.1991781,1622.0280762,164.1711019,0.0,-0.2222222,-0.0188707,0.484127,0.0,26952.1506991,1.0,0.6666667
1084,1.2333333,0.9,1770.924235,1632.2521566,138.6720784,0.3333333,1.1666667,-0.504776,0.6730769,46.2240261,19229.9453278,1.0,0.5
1085,1.0333333,0.6,1743.8289388,1793.9782308,-50.149292,0.4333333,0.6666667,1.1666667,1.0175439,-21.7313599,2514.9514881,1.0,1.0
1086,1.2666667,2.0,1644.8177084,1753.7684326,-108.9507242,-0.7333333,0.25,0.0838745,-0.3096179,79.8971978,11870.260311,0.6666667,2.5
1087,1.4333333,1.7666667,1711.314738,1644.1422933,67.1724446,-0.3333333,-1.3222222,-0.9703704,-1.3486312,-22.3908149,4512.137318,0.25,0.75
1088,1.0666667,2.1333333,1600.9715983,1855.6104329,-254.6388346,-1.0666667,-0.8611111,0.9722222,-0.4674815,271.6147569,64840.9360864,3.0,4.0
1089,0.9333333,1.5333333,1623.6681722,1743.3755697,-119.7073975,-0.6,-0.8888889,-0.1294261,-0.1025112,71.8244385,14329.8610082,1.0,1.0
1090,1.8333333,0.9333333,1850.4627686,1674.6930338,175.7697347,0.9,0.9444444,-0.5468975,1.0338164,158.1927613,30894.9996482,1.0,0.3333333
1091,1.2,1.2,1628.1131592,1582.8416748,45.2714844,0.0,-1.0,1.339372,-0.4888889,0.0,2049.5072998,0.6666667,1.0
1092,1.0333333,1.0666667,1627.2790527,1611.0096029,16.2694499,-0.0333333,-0.9111111,0.059069,-1.3030303,-0.542315,264.694999,0.6666667,1.0
1093,1.1333333,0.5666667,1715.0876465,1771.4771728,-56.3895264,0.5666667,1.5,-0.2626263,0.1826599,-31.9540649,3179.7786839,1.0,1.5
1094,0.7333333,0.7,1791.9205322,1784.4627279,7.4578044,0.0333333,-0.1388889,-0.6858445,-1.747558,0.2485935,55.618846,1.0,1.0
1095,1.6,2.7,1755.9922282,2001.6431478,-245.6509196,-1.1,-0.7222222,0.2734007,0.6951659,270.2160116,60344.3743167,1.3333333,1.5
1096,1.3333333,1.2666667,1773.1945801,1591.677124,181.517456,0.0666667,-1.0,0.1692533,0.8080808,12.1011637,32948.5868448,0.3333333,2.0
1097,1.3,1.5333333,1585.0910238,1755.5493978,-170.458374,-0.2333333,-0.1111111,0.4377104,-0.4259259,39.7736206,29056.0572667,1.0,1.5
1098,1.4,1.1333333,1739.9365234,1619.8555095,120.081014,0.2666667,0.2777778,0.3429642,-1.519711,32.0216037,14419.4499153,2.0,1.0
1099,1.8333333,2.1666667,1998.8526205,1840.6484782,158.2041423,-0.3333333,-0.7777778,0.3457071,-0.1497114,-52.7347141,25028.5506303,0.6666667,3.5
1100,2.1666667,0.8666667,1847.0338135,1713.6636149,133.3701986,1.3,0.3888889,0.4402852,-0.7515152,173.3812581,17787.6098657,0.5,1.0
1101,1.0333333,0.7,1772.577596,1615.4972331,157.080363,0.3333333,0.9444444,-1.1531279,-0.0641026,52.360121,24674.2404297,3.0,0.5
1102,0.8666667,1.2,1759.631429,1606.0742188,153.5572103,-0.3333333,0.5333333,-1.2179487,0.4486037,-51.1857368,23579.8168249,1.0,0.5
1103,1.8,1.4666667,1636.09139,1616.6256103,19.4657797,0.3333333,-0.25,0.5597148,0.3101697,6.4885932,378.916578,1.0,2.0
1104,1.0666667,2.1666667,1660.0394694,1698.1657715,-38.1263021,-1.1,-0.2103175,0.1694306,0.0122549,41.9389323,1453.6149118,0.2857143,1.0
1105,2.2666667,1.5,1831.4818929,1757.8706868,73.6112061,0.7666667,-0.9666667,1.0122549,0.0882918,56.435258,5418.6096586,0.6,4.0
1106,1.4666667,1.3333333,1707.4934489,1625.9393311,81.5541178,0.1333333,1.1944444,-1.3838384,0.0912663,10.8738824,6651.0741356,4.0,0.6666667
1107,1.1333333,1.1,1614.1076253,1647.2901204,-33.1824951,0.0333333,0.3492063,-0.0121453,2.4138889,-1.1060832,1101.0779811,1.0,1.0
1108,1.9,2.1666667,1758.3168945,1760.3623861,-2.0454915,-0.2666667,1.5,-0.5288138,1.1199863,0.5454644,4.1840356,4.0,1.0
1109,1.4333333,1.7,1594.8969727,1832.6984456,-237.801473,-0.2666667,-0.75,0.6812019,0.3407407,63.4137261,56549.5405451,1.0,0.25
1110,1.1666667,1.9333333,1748.8588053,1990.5845947,-241.7257894,-0.7666667,-0.1111111,-0.3259259,0.001634,185.3231052,58431.3572611,1.0,1.6666667
1111,2.0,1.9333333,1688.3247477,1734.7728272,-46.4480794,0.0666667,-0.5833333,-0.4547009,-0.7460317,-3.0965386,2157.424083,1.0,1.0
1112,1.2,1.1666667,1589.8028565,1607.8050537,-18.0021972,0.0333333,1.4166667,-1.4505349,0.6655844,-0.6000732,324.0791052,1.0,0.25
1113,1.5666667,1.4666667,1610.1884359,1585.5502523,24.6381836,0.1,0.6388889,0.0,0.6943797,2.4638184,607.0400911,1.5,0.25
1114,1.2,1.1,1579.8950602,1589.119222,-9.2241618,0.1,-0.1388889,0.955452,-0.3333333,-0.9224162,85.0851609,0.3333333,0.5
1115,1.4333333,1.9333333,1634.3003337,1708.7415365,-74.4412028,-0.5,-0.9047619,0.0859081,-0.2324695,37.2206014,5541.4926743,2.0,1.0
1116,2.2333333,2.0,1747.0020345,1680.1891683,66.8128662,0.2333333,-1.0555556,0.7792208,-0.1348478,15.5896688,4463.9590899,0.5,3.0
1117,1.6333333,2.4666667,1600.3793538,1825.0930583,-224.7137044,-0.8333333,-1.1722222,-0.0709064,-0.8523699,187.2614204,50496.2489602,1.3333333,1.5
1118,1.5333333,0.5666667,1814.7771403,1609.2375488,205.5395915,0.9666667,0.0833333,-0.3160388,-2.4722222,198.6882718,42246.5236603,2.0,0.5
1119,2.3,1.9666667,1983.1773682,1609.9429118,373.2344564,0.3333333,-0.7222222,0.0740741,-0.3095793,124.4114855,139303.9594193,2.0,3.0
1120,1.2333333,1.5333333,1749.2156169,1596.0802816,153.1353353,-0.3,1.3055556,-0.3056621,0.8219646,-45.9406006,23450.4309072,0.6666667,0.75
1121,1.8666667,2.2666667,1729.7628581,1762.9010824,-33.1382243,-0.4,-1.3888889,0.8240741,-0.4338624,13.2552897,1098.1419075,0.3333333,2.0
1122,1.0333333,1.3,1616.4774577,1739.0550537,-122.577596,-0.2666667,0.0555556,0.5392596,1.1500754,32.6873589,15025.2670493,1.0,0.5
1123,0.7,1.9333333,1604.4400228,1598.2905274,6.1494954,-1.2333333,-0.1111111,-0.0253821,1.3113276,-7.5843777,37.8162937,0.75,1.0
1124,1.2333333,1.2333333,1617.2329102,1635.1824544,-17.9495443,0.0,0.5,-0.2546296,0.8208556,-0.0,322.1861394,1.0,1.0
1125,1.9666667,2.0666667,1825.9386393,1738.1144206,87.8242187,-0.1,0.2,0.8795094,0.6269979,-8.7824219,7713.0933961,1.0,1.0
1126,1.8666667,2.5,1712.8931885,1977.5402425,-264.647054,-0.6333333,0.4444444,-0.2037037,0.2532445,167.6098009,70038.0632085,1.0,1.0
1127,1.3,1.1666667,1585.3379313,1614.6806641,-29.3427328,0.1333333,-0.1111111,-0.5882509,-0.7053377,-3.9123644,860.9959662,0.5,0.6666667
1128,1.7666667,1.9666667,1597.4899903,1725.4059245,-127.9159342,-0.2,0.1388889,-0.6879277,0.5755171,25.5831868,16362.4862308,1.0,1.0
1129,1.0,1.3333333,1734.9185791,1574.0756022,160.8429769,-0.3333333,0.1388889,-0.6135656,0.3535354,-53.6143256,25870.4632181,1.5,2.0
1130,2.0,1.5333333,1770.1775309,1803.5798747,-33.4023437,0.4666667,1.1388889,-0.9268382,0.1243386,-15.5877604,1115.7165669,1.0,1.3333333
1131,1.2666667,1.2,1681.4423828,1751.3961589,-69.9537761,0.0666667,-0.2222222,-0.2900803,-0.7763158,-4.6635851,4893.530786,1.0,1.0
1132,2.2666667,1.8333333,1597.8085531,1824.524292,-226.7157389,0.4333333,-1.8055556,-0.1856662,-1.4329189,-98.2434869,51400.026265,0.3333333,5.0
1133,1.0,1.4666667,1749.7078044,1779.0776367,-29.3698323,-0.4666667,-0.7777778,0.0712251,0.1186036,13.7059218,862.5870513,2.0,3.0
1134,1.4666667,1.3,1639.339152,1733.8974609,-94.5583089,0.1666667,-0.6666667,0.9123872,0.04155,-15.7597182,8941.273782,2.0,5.0
1135,1.9,1.1666667,1798.5321859,1625.5936686,172.9385172,0.7333333,-0.2777778,0.7618729,-0.7845118,126.8215793,29907.7307429,0.3333333,0.5
1136,1.2333333,0.7333333,1732.6116943,1600.8551839,131.7565104,0.5,-0.1833333,0.5192683,-1.3233526,65.8782552,17359.7780416,0.2,1.0
1137,1.0666667,1.5333333,1572.5581462,1610.6931152,-38.1349691,-0.4666667,-0.2666667,-0.2462596,-0.8459101,17.7963189,1454.2758657,0.2,1.6666667
1138,1.5666667,1.1666667,1601.003947,1686.0284424,-85.0244954,0.4,-0.3888889,0.9015984,0.777417,-34.0097982,7229.164818,1.0,0.5
1139,2.3333333,1.2333333,1973.5428467,1581.6374918,391.9053548,1.1,0.6333333,-0.1325758,-0.3543233,431.0958903,153589.807147,0.5,0.6
1140,2.0,1.4333333,1720.0297852,1718.3834635,1.6463216,0.5666667,0.1111111,-0.7046409,-0.9295809,0.9329156,2.7103749,3.0,2.0
1141,1.0333333,1.4333333,1788.1719564,1648.0303955,140.1415609,-0.4,0.5,-0.9953704,-0.315508,-56.0566244,19639.6570915,1.0,0.5
1142,1.3666667,1.3666667,1722.5487874,1571.874349,150.6744385,0.0,-0.15,-0.2942774,-0.1325758,0.0,22702.7864072,0.25,1.5
1143,0.7,1.1,1595.115275,1748.9191488,-153.8038738,-0.4,-0.4166667,1.2289562,1.3705739,61.5215495,23655.6315856,1.0,1.0
1144,1.6333333,2.0666667,1614.0493571,1962.162679,-348.1133219,-0.4333333,-0.5,0.2083333,0.5098374,150.8491062,121182.8849075,0.6666667,3.0
1145,1.0333333,1.7666667,1687.6573893,1591.9325358,95.7248535,-0.7333333,-0.0555556,-0.1664171,-0.1282051,-70.1982259,9163.2475776,0.6666667,1.0
1146,0.5333333,1.1333333,1626.3525391,1726.2143555,-99.8618164,-0.6,-0.0666667,-0.9314256,0.496633,59.9170898,9972.3823747,0.5,1.0
1147,1.1,1.6,1571.9434,1606.0914714,-34.1480714,-0.5,-0.6888889,0.3616322,-0.4738378,17.0740357,1166.0907781,0.3333333,1.5
1148,1.5,1.7,1736.8318278,1797.6375325,-60.8057047,-0.2,1.6111111,-1.3623631,0.8829365,12.1611409,3697.3337281,2.0,2.0
1149,1.8666667,2.1333333,1827.2789713,1720.7008464,106.578125,-0.2666667,-0.3333333,0.956451,0.9018548,-28.4208333,11358.8967214,1.0,4.0
1150,1.3666667,0.9666667,1651.202596,1564.647054,86.555542,0.4,0.5222222,-0.1867284,0.4493464,34.6222168,7491.8618509,1.5,1.5
1151,0.9333333,1.3666667,1750.8544515,1744.7706299,6.0838217,-0.4333333,-1.3333333,0.1949318,-0.5868437,-2.6363227,37.0128861,0.5,0.5
1152,1.5333333,0.7666667,1592.2189127,1596.6549072,-4.4359945,0.7666667,-0.7777778,0.0787111,-0.8241758,-3.4009291,19.6780469,0.3333333,2.0
1153,2.0,1.6,1954.238444,1577.4516602,376.7867838,0.4,0.6555556,-0.3243284,0.1370484,150.7147135,141968.2804715,1.5,1.3333333
1154,1.1333333,1.5333333,1722.0398356,1725.8428955,-3.8030599,-0.4,-0.4333333,1.0962752,-0.4307498,1.521224,14.4632649,0.5,0.75
1155,2.2333333,1.1333333,1729.93396,1624.9916585,104.9423014,1.1,1.3809524,-0.3734501,0.1643629,115.4365316,11012.8866301,0.1428571,2.0
1156,2.6666667,1.2666667,1828.1179606,1684.2703857,143.8475749,1.4,2.9444444,-0.175895,1.1831135,201.3866048,20692.124795,7.0,3.0
1157,1.6333333,0.9333333,1611.9565023,1797.0884603,-185.131958,0.7,-0.5,0.4761905,-0.1613234,-129.5923706,34273.8418729,0.6666667,0.6666667
1158,1.7333333,1.3,1797.4772542,1614.6531575,182.8240967,0.4333333,0.4444444,-0.7034632,-1.0071011,79.2237752,33424.650322,2.0,0.6666667
1159,1.3666667,1.4,1746.056722,1734.1737467,11.8829753,-0.0333333,-0.847619,0.2548037,-0.6065827,-0.3960992,141.2051012,0.6,1.5
1160,0.8,1.0666667,1562.3680827,1586.9997965,-24.6317139,-0.2666667,-0.1111111,0.0120283,-0.0420875,6.568457,606.721328,0.5,1.3333333
1161,1.6333333,1.6666667,1581.8011475,1713.0728353,-131.2716878,-0.0333333,-0.8412698,0.2372209,-0.4001219,4.3757229,17232.2560179,0.1428571,4.0
1162,3.1333333,1.8333333,1949.0473633,1797.7474365,151.2999268,1.3,2.0,0.1731602,0.3838984,196.6899048,22891.6678396,7.0,1.5
1163,1.0,2.2333333,1615.0819092,1657.0434163,-41.9615071,-1.2333333,-0.6666667,0.0111231,-0.1639317,51.7525255,1760.7680809,0.6666667,2.0
1164,1.1666667,1.0,1623.4326172,1749.5684815,-126.1358643,0.1666667,-0.0,0.3078403,-0.1010101,-21.0226441,15910.2562627,0.6666667,1.6666667
1165,1.1666667,1.7,1794.288737,1680.3411865,113.9475505,-0.5333333,-0.5,0.4295181,-0.4064327,-60.7720269,12984.0442574,1.0,0.5
1166,1.3333333,1.7,1723.2925212,1612.1263428,111.1661784,-0.3666667,-0.6388889,0.3071703,-0.255667,-40.7609321,12357.9192126,0.25,1.0
1167,1.1333333,3.8,1600.9105631,1832.2360026,-231.3254395,-2.6666667,-2.0833333,0.6851852,0.2469136,616.8678386,53511.4589444,0.75,2.0
1168,1.5333333,1.8666667,1612.1468099,1624.274414,-12.1276041,-0.3333333,-0.0555556,-0.0937581,-0.1240611,4.0425347,147.078782,2.5,1.6666667
1169,1.0,1.1666667,1734.7223714,1561.1875814,173.53479,-0.1666667,-0.3412698,0.4094949,-0.8333333,-28.922465,30114.3233519,0.3333333,1.0
1170,1.1333333,1.4333333,1587.8170166,1784.8008626,-196.983846,-0.3,0.0,-0.4828751,0.1641414,59.0951538,38802.6355981,1.0,1.0
1171,2.0,1.2666667,1709.9180094,1741.5729167,-31.6549072,0.7333333,0.4666667,0.0568846,0.1924464,-23.2135986,1002.033152,1.0,3.0
1172,2.1666667,2.7666667,1660.237915,1949.9397379,-289.7018229,-0.6,-1.5,0.3282828,0.3971432,173.8210937,83927.1461916,1.0,0.5
1173,2.3,1.4333333,1801.2991129,1586.783488,214.515625,0.8666667,1.0079365,-0.795482,-0.1758825,185.9135416,46016.9533548,2.0,1.0
1174,1.8666667,0.9666667,1676.8611247,1602.6919759,74.1691488,0.9,0.5,-0.3688769,0.3356266,66.7522339,5501.0626288,1.0,0.25
1175,1.4,1.2,1747.8937582,1609.9291585,137.9645996,0.2,0.1444444,0.2260702,0.2578163,27.5929199,19034.230752,0.6,1.0
1176,3.9333333,1.2,1834.6919352,1710.4265137,124.2654215,2.7333333,3.8666667,-1.2067804,0.3999107,339.6588188,15441.8949806,4.0,0.4
1177,1.1,2.7333333,1607.1911214,1944.3087972,-337.1176758,-1.6333333,-2.2777778,0.2979428,-0.6102968,550.6255371,113648.3273143,0.5,1.5
1178,1.8666667,1.2,1616.3471273,1587.3990885,28.9480388,0.6666667,-0.6111111,0.210114,-0.7751101,19.2986925,837.9889484,1.0,4.0
1179,3.8666667,2.3333333,1840.9761556,1665.9978434,174.9783121,1.5333333,1.1111111,-0.6003626,-0.0224847,268.3000786,30617.409717,1.0,0.6666667
1180,1.4,2.5333333,1773.6534424,1810.049764,-36.3963216,-1.1333333,-0.9722222,0.3508787,-0.5711418,41.2491645,1324.692226,0.25,1.6666667
1181,1.4,1.6666667,1630.5136719,1737.5430501,-107.0293783,-0.2666667,-0.3111111,-0.1336219,0.2669414,28.5411675,11455.2878121,1.0,0.6666667
1182,0.8333333,2.2333333,1600.5883789,1677.6218262,-77.0334473,-1.4,-1.0555556,0.5910992,-0.577342,107.8468262,5934.1519978,0.3333333,3.0
1183,1.4666667,1.3666667,1741.927124,1694.3432617,47.5838623,0.1,0.8722222,-0.488937,0.965812,4.7583862,2264.2239514,2.0,1.0
1184,2.3333333,2.4333333,1817.3247477,1623.0363363,194.2884115,-0.1,-1.6944444,0.8050977,-0.1429996,-19.4288411,37747.9868302,0.75,6.0
1185,2.1333333,1.2666667,1678.7762451,1762.2932943,-83.5170492,0.8666667,0.8055556,-0.5816775,0.2677404,-72.3814426,6975.0975015,1.0,1.3333333
1186,1.8333333,0.9333333,1734.4353841,1604.4664714,129.9689128,0.9,1.1555556,-0.5291005,0.7923789,116.9720215,16891.9182857,1.5,0.2
1187,1.3,2.1,1666.6569824,1721.8879395,-55.230957,-0.8,-0.6111111,0.0529101,0.093436,44.1847656,3050.4586148,0.5,3.0
1188,1.0666667,2.9666667,1595.7187907,1842.2742106,-246.5554199,-1.9,-0.6111111,0.462963,0.3978286,468.4552979,60789.5750985,0.1666667,2.0
1189,1.9,1.0,1939.4712728,1593.403361,346.0679118,0.9,1.8055556,-0.7155635,0.6176342,311.4611206,119762.9995776,5.0,1.0
1190,1.8,1.7333333,1685.0076498,1712.8539632,-27.8463135,0.0666667,-0.9,0.7341618,-0.184641,-1.8564209,775.4171737,0.4,2.0
1191,1.8666667,2.3,1681.9717204,1936.0495199,-254.0777995,-0.4333333,-1.4166667,0.2174798,-0.3396179,110.1003798,64555.5281818,0.25,2.0
1192,0.6666667,1.7666667,1601.5950521,1677.1273193,-75.5322673,-1.1,-0.4,-0.1860016,-0.7930757,83.085494,5705.1233984,0.5,1.0
1193,1.7333333,2.4333333,1636.1608887,1716.0024821,-79.8415934,-0.7,-0.7222222,-0.0203093,0.1948689,55.8891154,6374.6800367,1.3333333,1.5
1194,1.1666667,1.0333333,1589.429362,1598.085083,-8.655721,0.1333333,-1.1111111,0.551713,-0.0466635,-1.1540961,74.921506,0.5,1.0
1195,2.2,2.2,1633.6372884,1737.4229737,-103.7856852,0.0,1.0555556,0.787037,0.3882867,-0.0,10771.4684594,0.3333333,2.0
1196,1.5,2.0,1740.646403,1821.6661377,-81.0197347,-0.5,0.5277778,-1.2830165,0.0010254,40.5098674,6564.1974163,2.5,3.0
1197,1.5666667,1.1333333,1715.5729167,1664.6807454,50.8921713,0.4333333,0.8888889,-0.6040514,0.2159322,22.0532742,2590.0130962,1.0,0.6666667
1198,2.6666667,2.3,1939.4744466,1758.3106689,181.1637777,0.3666667,0.0555556,0.3373016,-0.5687831,66.4267185,32820.3143505,1.5,3.0
1199,1.0,2.1333333,1660.042806,1637.1460368,22.8967692,-1.1333333,-0.6111111,0.0684065,-0.3306878,-25.9496718,524.2620398,1.0,2.0
1200,1.5333333,1.6333333,1821.9177653,1587.4214274,234.4963379,-0.1,1.75,-0.5408072,0.7691481,-23.4496338,54988.5324885,4.0,1.0
1201,2.0,2.1666667,1738.7897136,1840.9009603,-102.1112467,-0.1666667,-0.1111111,0.5676937,-0.2423747,17.0185411,10426.7067026,0.1666667,1.0
1202,1.1333333,1.2333333,1601.8996582,1719.8640544,-117.9643962,-0.1,-0.6111111,0.5146949,-0.0782828,11.7964396,13915.5987708,1.0,1.0
1203,1.3333333,1.9333333,1676.2319336,1635.7175293,40.5144043,-0.6,-3.5777778,0.5726859,-1.4162727,-24.3086426,1641.4169558,0.2,6.0
1204,1.7,1.3,1716.0941569,1747.7201741,-31.6260172,0.4,-0.0833333,-0.252818,-0.5131032,-12.6504069,1000.204966,0.5,0.25
1205,1.9,1.4333333,1562.9116618,1597.939331,-35.0276692,0.4666667,-1.2055556,0.2173627,0.1014109,-16.3462456,1226.9376119,1.0,5.0
1206,1.0666667,0.9666667,1547.8399251,1679.4715983,-131.6316732,0.1,-0.2277778,0.3739157,-0.917164,-13.1631673,17326.8973982,0.3333333,0.6666667
1207,1.4666667,1.3,1645.1705729,1542.8753662,102.2952067,0.1666667,2.2,-0.3396658,0.0968283,17.0492011,10464.3093206,2.0,1.0
1208,1.7,1.3666667,1673.8909505,1825.9446614,-152.0537109,0.3333333,-3.0277778,1.1784512,-1.3008288,-50.6845703,23120.3309985,1.0,4.0
1209,1.4333333,0.8666667,1586.9355876,1667.848877,-80.9132894,0.5666667,0.0166667,0.261043,0.1789195,-45.850864,6546.9604015,0.25,0.5
1210,2.3333333,1.1,1837.8613688,1716.7214355,121.1399332,1.2333333,0.0555556,0.1440596,-1.3044025,149.4059177,14674.8834238,1.6666667,1.5
1211,2.2333333,0.9333333,1600.968872,1657.8258464,-56.8569743,1.3,1.3111111,-0.9502377,-0.3580247,-73.9140666,3232.7155303,0.6,0.5
1212,1.0333333,2.0,1748.8809407,1641.4955241,107.3854166,-0.9666667,-0.6388889,1.7560386,-0.7459893,-103.8059027,11531.6277055,0.6666667,2.0
1213,2.4333333,1.5333333,1942.8256836,1599.9165039,342.9091797,0.9,0.5,0.7419189,0.0357143,308.6182617,117586.7055225,1.0,1.0
1214,2.5333333,2.2333333,1767.0933024,1561.4724528,205.6208496,0.3,1.5277778,0.3991597,0.0817701,61.6862549,42279.9337765,1.0,1.6666667
1215,0.9333333,1.4666667,1720.5270589,1735.7076823,-15.1806234,-0.5333333,0.0777778,-0.7452875,0.3560606,8.0963325,230.4513258,1.0,0.6
1216,1.6666667,2.4666667,1653.8058675,1834.8170166,-181.011149,-0.8,0.7777778,-0.3730159,0.8614663,144.8089192,32765.0360744,3.0,2.0
1217,1.0666667,1.8666667,1652.8259278,1655.8116862,-2.9857584,-0.8,-2.6111111,-0.4165464,-1.0800608,2.3886067,8.9147534,0.6666667,2.0
1218,1.2333333,1.6666667,1603.5933024,1668.920695,-65.3273926,-0.4333333,-0.0138889,-0.1947577,-0.784188,28.3085368,4267.6682239,0.125,0.5
1219,0.6666667,2.7666667,1658.7852783,1776.8547363,-118.069458,-2.1,-1.7111111,0.1347002,-0.3789293,247.9458618,13940.3969124,0.6666667,2.5
1220,0.7,0.7666667,1719.1048991,1720.9966634,-1.8917643,-0.0666667,-0.1666667,0.4620717,1.0858586,0.1261176,3.5787722,0.5,1.0
1221,1.6,1.0,1566.0002848,1744.8605957,-178.8603109,0.6,0.6055556,-2.0228758,1.2871573,-107.3161865,31991.0108033,0.4,0.3333333
1222,1.0,3.1,1836.873942,1944.8655192,-107.9915772,-2.1,-0.1666667,-1.4285714,1.1372655,226.7823121,11662.1807389,2.0,8.0
1223,0.8333333,1.4666667,1730.1668701,1586.0515544,144.1153157,-0.6333333,-0.3277778,-0.3212108,-0.5175439,-91.2730333,20769.2242289,1.0,1.5
1224,0.6,2.6,1540.4156494,1603.0393473,-62.6236979,-2.0,-1.7555556,0.4239601,2.2998236,125.2473957,3921.7275345,0.5,1.5
1225,2.5333333,0.6666667,1666.4786784,1647.1049398,19.3737386,1.8666667,0.6944444,-0.861822,-0.3246881,36.164312,375.341746,2.0,0.25
1226,2.1333333,1.3666667,1669.6422526,1717.2362875,-47.5940349,0.7666667,0.6666667,1.5379283,-0.5485507,-36.4887601,2265.1921549,3.0,3.0
1227,0.8333333,1.2666667,1847.4344075,1604.5161947,242.9182129,-0.4333333,1.7916667,-1.0966392,1.9749172,-105.2645589,59009.2581423,1.0,0.5
1228,1.1,1.2666667,1587.985555,1538.9163412,49.0692139,-0.1666667,-0.3611111,0.9956758,-2.2222222,-8.1782023,2407.7877495,0.3333333,1.6666667
1229,2.2,1.6333333,1608.3868001,1668.6881511,-60.301351,0.5666667,-0.9333333,0.4596931,-0.5246449,-34.1707655,3636.2529284,0.6,0.5
1230,1.8666667,1.6333333,1834.3514811,1732.3930257,101.9584554,0.2333333,1.3888889,-1.5745614,1.0977583,23.7903063,10395.5266276,2.0,0.5
1231,0.8333333,1.1666667,1719.7567139,1571.6182454,148.1384684,-0.3333333,-0.5777778,-0.2393791,-1.1338384,-49.3794895,21945.0058298,0.3333333,2.0
1232,2.2,1.0,1783.2714844,1647.9949951,135.2764893,1.2,2.0,-0.6,1.0289645,162.3317871,18299.7285483,4.0,0.3333333
1233,3.0666667,0.8333333,1947.1287842,1723.954305,223.1744792,2.2333333,1.8,0.6901311,-0.2399068,498.4230035,49806.8481513,1.0,3.0
1234,1.6333333,1.4666667,1834.9406331,1600.9358317,234.0048014,0.1666667,0.9388889,-0.6866525,0.0591737,39.0008002,54758.2470939,1.6666667,0.75
1235,0.5333333,0.7333333,1719.9163004,1597.5575765,122.358724,-0.2,0.875,-0.414272,0.4705882,-24.4717448,14971.6573308,0.25,1.0
1236,1.4666667,1.3,1539.1082764,1847.7792155,-308.6709391,0.1666667,-0.1111111,0.9597424,1.1640212,-51.4451565,95277.7486655,1.5,1.0
1237,1.7333333,2.5,1714.1316325,1677.3562012,36.7754313,-0.7666667,-1.8555556,-0.3611111,-0.5956292,-28.1944974,1352.4323498,0.6,2.0
1238,0.6333333,3.1666667,1634.0778809,1945.4877523,-311.4098714,-2.5333333,-3.6944444,1.0798984,0.196256,788.9050075,96976.1080054,1.0,4.0
1239,1.9333333,1.2666667,1673.486613,1709.9990234,-36.5124105,0.6666667,0.1666667,1.25,0.6842105,-24.341607,1333.1561181,1.3333333,3.0
1240,1.6333333,2.5666667,1718.724528,1789.4590658,-70.7345377,-0.9333333,-2.1666667,-0.1002179,-1.1276367,66.0189019,5003.3748283,0.5,4.0
1241,0.8333333,0.8333333,1574.506429,1585.2845052,-10.7780762,0.0,0.0777778,-0.8495585,-0.1203704,-0.0,116.1669259,0.3333333,0.6666667
1242,1.1,2.0,1634.190918,1665.4903564,-31.2994384,-0.9,-0.75,-0.6089753,-0.3782724,28.1694946,979.6548462,0.25,1.0
1243,1.2,0.8,1591.6825358,1625.7473552,-34.0648194,0.4,0.1388889,-1.1198189,-0.718063,-13.6259277,1160.4119185,0.6666667,0.5
1244,0.9,1.4,1593.5279948,1696.6802165,-103.1522217,-0.5,0.1666667,-0.7542092,0.8015873,51.5761108,10640.3808348,0.5,0.25
1245,1.4,1.9333333,1579.1221517,1713.5838216,-134.4616699,-0.5333333,-0.3888889,0.7602339,0.3128307,71.7128906,18079.9406813,2.0,0.6666667
1246,1.7,1.5666667,1841.5221761,1622.5218913,219.0002848,0.1333333,0.4722222,-1.2615338,1.1083264,29.200038,47961.1247571,2.0,2.0
1247,2.2,1.7333333,1682.9869385,1675.3024089,7.6845296,0.4666667,2.2222222,-1.5972222,0.4114731,3.5861138,59.0519952,4.0,0.5
1248,2.1666667,2.2,1944.7576091,1541.3890788,403.3685303,-0.0333333,1.1111111,-0.0857193,0.1972625,-13.4456177,162706.1712364,2.0,0.5
1249,1.8333333,1.1666667,1663.1086832,1571.2587891,91.8498942,0.6666667,0.2222222,0.3822383,0.8846827,61.2332628,8436.4030584,0.5,0.5
1250,1.8666667,1.9333333,1701.2998454,1836.1596273,-134.8597819,-0.0666667,-0.1111111,-0.2052005,-0.8189946,8.9906521,18187.1607741,2.0,2.0
1251,2.0666667,1.1333333,1793.5179443,1714.7690023,78.7489421,0.9333333,1.5833333,-0.4007937,0.6159464,73.4990126,6201.3958766,1.5,1.5
1252,1.6333333,1.1,1546.3955078,1588.1719971,-41.7764893,0.5333333,-0.1851852,-0.6000655,-0.1891534,-22.2807943,1745.2750554,0.1111111,1.0
1253,0.8666667,2.1666667,1680.2101237,1700.8539225,-20.6437988,-1.3,-1.6055556,1.6883117,-0.7458988,26.8369385,426.1664303,0.3333333,1.0
1254,1.6333333,1.6,1619.3986817,1578.6193848,40.7792969,0.0333333,-0.5357143,0.6087963,-1.3809524,1.3593099,1662.9510557,0.1428571,1.3333333
1255,1.1,1.2,1713.670166,1661.5475667,52.1225993,-0.1,-0.1944444,-0.9219577,-1.4074074,-5.2122599,2716.7653543,0.6666667,1.5
1256,0.7666667,2.8666667,1621.4017334,1838.5112712,-217.1095378,-2.1,-2.5,1.1827122,1.800524,455.9300293,47136.5513893,1.0,7.0
1257,2.1333333,3.3333333,1843.113973,1949.0131836,-105.8992106,-1.2,-3.4444444,0.6277056,-0.0159084,127.0790528,11214.6428128,1.0,9.0
1258,1.6666667,2.1666667,1669.9344483,1802.7793376,-132.8448893,-0.5,-1.2777778,0.8267196,0.2130787,66.4224446,17647.7646131,1.3333333,1.5
1259,1.0333333,2.5666667,1566.3815104,1695.2097982,-128.8282877,-1.5333333,-1.75,0.8181975,0.0079365,197.5367079,16596.7277203,0.6666667,0.75
1260,1.3333333,0.6666667,1709.8221842,1585.7794597,124.0427246,0.6666667,-0.7777778,0.7810124,-0.6746032,82.6951497,15386.5975179,0.75,3.0
1261,1.1666667,1.4666667,1660.9099121,1703.5927734,-42.6828613,-0.3,0.1944444,-0.1139845,1.1013709,12.8048584,1821.8266516,1.0,1.0
1262,2.1666667,1.6,1586.2849528,1674.3110759,-88.026123,0.5666667,0.5833333,-0.5145503,0.2906701,-49.8814697,7748.5983363,1.0,0.75
1263,2.5333333,1.9333333,1703.1514079,1850.898763,-147.7473551,0.6,0.6277778,0.2725787,0.3167203,-88.6484131,21829.2809489,0.3333333,0.2
1264,1.2666667,0.8,1550.4678955,1624.264445,-73.7965495,0.4666667,-1.0740741,0.5098954,-2.0953583,-34.4383898,5445.9307181,0.6666667,3.0
1265,3.6,1.0333333,1956.7582601,1560.3895671,396.368693,2.5666667,3.9444444,-1.030303,-0.401341,1017.3463121,157108.140817,5.0,3.0
1266,1.3666667,1.8666667,1591.703125,1622.1564535,-30.4533285,-0.5,0.0079365,0.7172055,0.7169312,15.2266642,927.4052147,1.5,1.0
1267,2.2,2.1666667,1842.7964274,1715.8614095,126.9350179,0.0333333,2.0555556,-0.2733285,0.0392505,4.2311673,16112.4987693,0.3333333,1.0
1268,0.8,2.0666667,1589.250529,1710.8552246,-121.6046956,-1.2666667,-0.8333333,-0.1477689,-0.1073232,154.0326144,14787.701992,1.0,4.0
1269,1.4333333,0.6333333,1812.1924642,1670.3404134,141.8520508,0.8,1.1666667,-1.1719966,1.8270677,113.4816406,20122.0043162,1.3333333,0.25
1270,1.2666667,3.6666667,1628.8590902,1971.5695394,-342.7104492,-2.4,-4.5079365,-0.046255,-1.0060664,822.5050781,117450.4519909,1.0,1.6666667
1271,1.1666667,1.6,1599.9645996,1826.5570882,-226.5924886,-0.4333333,-0.9444444,-0.3458606,-0.1984127,98.1900784,51344.1558899,1.0,5.0
1272,1.1666667,2.2,1702.4963786,1848.3229166,-145.826538,-1.0333333,-2.4611111,0.7513228,-0.1096491,150.6874226,21265.3791948,0.2,2.0
1273,1.9333333,3.4666667,1727.6376953,1706.238973,21.3987223,-1.5333333,1.1388889,-0.5781343,1.0689634,-32.8113742,457.9053175,1.0,1.5
1274,1.5666667,0.6333333,1721.9014486,1551.2816976,170.619751,0.9333333,0.1296296,0.441726,0.8638769,159.2451009,29111.0994313,0.5,1.0
1275,1.4,1.5666667,1859.3696289,1665.7421875,193.6274414,-0.1666667,-1.8777778,-0.1064214,-1.2222222,-32.2712402,37491.5860631,0.6666667,5.0
1276,0.4333333,1.6666667,1662.8263346,1601.6643881,61.1619466,-1.2333333,-0.85,0.9543651,-0.8424908,-75.4330674,3740.7837078,0.2,1.0
1277,1.4,0.6666667,1677.4416911,1634.8885091,42.553182,0.7333333,-0.6388889,1.042328,-1.0103486,31.2056668,1810.7732955,1.0,1.0
1278,0.8333333,2.1,1564.1437988,1598.9336751,-34.7898763,-1.2666667,0.2555556,-1.1798942,1.0077935,44.0671766,1210.335493,0.6,1.0
1279,0.5333333,1.0333333,1551.3183594,1629.8501383,-78.531779,-0.5,0.0555556,0.4503556,0.7724868,39.2658895,6167.2403077,1.0,0.5
1280,1.7666667,1.0,1604.3133545,1696.6218262,-92.3084717,0.7666667,0.2666667,-0.7213404,-0.5117618,-70.7698283,8520.8539476,1.0,1.5
1281,1.5666667,1.2333333,1676.0446777,1682.2692871,-6.2246094,0.3333333,1.2833333,-0.7988215,0.9234997,-2.0748698,38.7457618,0.6,1.0
1282,3.0333333,0.9666667,1704.6166178,1609.2342529,95.3823649,2.0666667,0.3611111,-0.4907407,-0.5514148,197.1235541,9097.7955339,1.5,0.25
1283,1.7,0.9666667,1850.6449788,1570.507487,280.1374918,0.7333333,-0.5333333,1.4814815,-0.6465237,205.4341607,78477.0143307,0.6666667,1.0
1284,1.7666667,1.5,1608.8762614,1736.1860351,-127.3097737,0.2666667,-0.8888889,0.007764,-0.6710868,-33.949273,16207.7784795,1.0,0.6666667
1285,1.4666667,1.7333333,1836.2475993,1857.4092611,-21.1616618,-0.2666667,2.6,-0.5165733,1.8055556,5.6431098,447.8159287,4.0,1.6666667
1286,1.1333333,1.8,1643.740031,1721.527181,-77.78715,-0.6666667,0.8333333,-1.5364168,-0.2521044,51.8581,6050.8407103,1.0,1.0
1287,1.1333333,1.8666667,1682.7068685,1610.5048421,72.2020264,-0.7333333,-0.4444444,0.3084046,0.1757829,-52.9481527,5213.1326115,0.6666667,2.0
1288,0.9,0.5333333,1577.9676514,1554.1033936,23.8642578,0.3666667,-0.0777778,0.4027778,0.2407407,8.7502279,569.5028003,0.6666667,0.5
1289,0.9333333,1.3666667,1657.9197184,1683.8422852,-25.9225667,-0.4333333,-1.8833333,0.7218721,-1.4801587,11.2331123,671.979466,1.0,1.5
1290,1.3,2.9,1736.040568,1980.7961426,-244.7555745,-1.6,-2.1111111,0.4697493,-0.1415344,391.6089193,59905.2912651,0.6666667,2.0
1291,1.6333333,2.8666667,1862.0152588,1847.1172282,14.8980306,-1.2333333,-0.2777778,-0.7566138,0.4097512,-18.3742378,221.9513168,1.0,1.5
1292,0.9,1.0,1697.4111328,1723.1890869,-25.7779541,-0.1,-0.4333333,0.3193632,-0.2482194,2.5777954,664.5029176,0.5,2.0
1293,0.8333333,1.3666667,1612.4039713,1614.1792806,-1.7753093,-0.5333333,-0.6388889,0.6150794,-0.5611578,0.9468316,3.1517231,0.3333333,1.5
1294,3.3333333,1.8333333,1710.263387,1847.6619059,-137.3985189,1.5,-1.3333333,-0.1058201,-1.0752243,-206.0977784,18878.3529959,3.0,1.0
1295,0.8666667,1.6,1632.086263,1653.2815756,-21.1953126,-0.7333333,0.3333333,-0.46282,0.4074074,15.5432292,449.2412748,2.0,0.5
1296,1.2333333,0.8333333,1689.2449138,1609.0906168,80.1542969,0.4,-0.3277778,-0.0595238,0.9419192,32.0617188,6424.7113169,0.5,3.0
1297,3.1666667,1.3666667,1845.3763021,1679.8711344,165.5051676,1.8,-0.0555556,0.6944444,-0.5352734,297.9093017,27391.9605133,1.3333333,2.0
1298,0.6666667,1.1333333,1553.9460856,1692.3990072,-138.4529215,-0.4666667,-0.0833333,0.0516875,0.5769231,64.6113634,19169.2114811,0.75,0.5
1299,1.8333333,1.0666667,1651.3178711,1576.8492432,74.468628,0.7666667,-0.1666667,-0.2592593,-0.8624339,57.0926148,5545.5765512,1.0,1.3333333
1300,1.2666667,1.8,1618.3520508,1864.9499512,-246.5979004,-0.5333333,-0.1944444,-0.2460317,-0.6650327,131.5188802,60810.5244652,0.3333333,0.75
1301,1.1333333,1.4,1614.5579834,1656.9014079,-42.3434245,-0.2666667,0.1,-0.1315874,-0.0793651,11.2915799,1792.9655984,0.5,2.0
1302,2.5333333,2.8,1987.3286133,1719.188151,268.1404622,-0.2666667,-0.5,1.3960114,0.3120985,-71.5041233,71899.3074867,0.3333333,1.0
1303,1.2,0.6666667,1724.8271891,1634.5340983,90.2930908,0.5333333,0.5,0.7380952,0.6595118,48.1563151,8152.8422522,2.0,1.0
1304,1.4666667,1.0666667,1852.063029,1724.3916423,127.6713867,0.4,0.5555556,-0.3203801,-0.5706146,51.0685547,16299.9829819,1.0,3.0
1305,1.3,3.2,1605.7575683,1843.4451904,-237.6876221,-1.9,-0.1666667,-0.5277778,-0.0198413,451.606482,56495.4056996,1.0,2.0
1306,1.6,1.7666667,1864.7090251,1647.6982015,217.0108235,-0.1666667,0.25,-0.3359788,1.04884,-36.1684706,47093.6975306,1.0,0.5
1307,1.2333333,0.7333333,1676.84611,1548.9879964,127.8581136,0.5,0.4722222,-0.4960317,0.5806878,63.9290568,16347.6972134,0.5,0.5
1308,2.1666667,1.3,1722.6099853,1616.6967367,105.9132487,0.8666667,0.4722222,-0.2924298,-0.3426943,91.7914822,11217.6162431,0.25,1.0
1309,0.8333333,1.3666667,1712.1673991,1684.0577393,28.1096598,-0.5333333,0.3055556,-0.0960317,0.4194972,-14.9918186,790.1529759,0.25,1.0
1310,1.6333333,1.0,1654.7665609,1633.4006755,21.3658854,0.6333333,-0.0277778,0.6340294,0.4126984,13.5317274,456.5010604,0.25,0.3333333
1311,0.9666667,1.6666667,1575.3520101,1725.9522298,-150.6002197,-0.7,-1.0,0.9074074,0.8186628,105.4201538,22680.4261837,2.0,3.0
1312,1.9666667,1.9333333,1852.2507324,1614.1096598,238.1410726,0.0333333,-0.1666667,-0.3186813,-0.4308913,7.9380358,56711.1704432,4.0,4.0
1313,1.0333333,2.8,1686.5430095,1976.4092611,-289.8662516,-1.7666667,-1.1111111,-0.3123543,0.2008547,512.0970445,84022.4438166,2.0,4.0
1314,2.4666667,1.9333333,1966.3114827,1673.3247477,292.986735,0.5333333,0.7777778,0.5637973,-0.5865079,156.259592,85841.2269055,1.5,1.0
1315,2.4333333,0.9666667,1846.8371582,1706.0605469,140.7766113,1.4666667,-0.1388889,-0.5865079,-0.8478776,206.4723633,19818.0542985,1.0,1.5
1316,0.9,2.3666667,1615.47111,1851.300415,-235.829305,-1.4666667,-2.8055556,0.8290598,-0.8752655,345.8829807,55615.4610968,0.25,5.0
1317,0.7666667,1.2666667,1630.8574219,1577.8787028,52.9787191,-0.5,-1.0,-0.4444444,-1.9072682,-26.4893596,2806.7446775,0.3333333,1.3333333
1318,1.9666667,1.4333333,1728.3592122,1650.1671957,78.1920166,0.5333333,0.1666667,-0.1338574,-0.025012,41.7024088,6113.9914548,0.75,3.0
1319,0.7666667,1.7666667,1539.8876139,1856.9881999,-317.1005859,-1.0,-0.1666667,0.6428571,1.1403134,317.1005859,100552.7815993,1.0,1.0
1320,1.3,0.7,1639.2203369,1679.1206869,-39.9003499,0.6,-0.2222222,0.3747475,-1.2962963,-23.94021,1592.0379248,1.0,0.6666667
1321,0.9333333,1.8666667,1678.8337402,1721.2019043,-42.368164,-0.9333333,-1.0277778,0.7554945,1.3775114,39.5436198,1795.0613236,0.6666667,4.0
1322,1.5666667,1.5333333,1617.5111491,1605.8311361,11.680013,0.0333333,-0.1,0.3984382,-0.5039683,0.3893338,136.4227045,0.2,1.0
1323,0.8,0.9,1535.1617839,1704.7432047,-169.5814209,-0.1,-0.6666667,-0.3472606,0.4707792,16.9581421,28757.8583032,0.25,2.0
1324,0.9666667,2.3,1622.914917,1846.5139567,-223.5990397,-1.3333333,-1.4444444,0.4814815,-0.3581932,298.1320529,49996.5305548,1.0,4.0
1325,1.3,1.3,1615.5227865,1720.3083903,-104.7856038,0.0,0.15,-0.0627516,0.0783476,-0.0,10980.0227637,1.0,0.5
1326,2.2,1.8333333,1724.7677816,1670.0154622,54.7523193,0.3666667,1.0,-1.4379699,-0.1097884,20.0758504,2997.8164724,1.0,0.25
1327,1.1,0.5,1584.3202311,1674.6686605,-90.3484294,0.6,0.2222222,-0.3592593,-0.6588694,-54.2090576,8162.838689,1.0,1.0
1328,2.6666667,2.6,1848.1070557,1852.2278239,-4.1207682,0.0666667,-2.5,0.9419192,-0.4174858,-0.2747179,16.9807308,0.5,2.0
1329,2.7,1.3,1959.2961019,1609.2241618,350.0719401,1.4,2.1666667,-0.0373483,-0.0746032,490.1007161,122550.363222,4.0,1.0
1330,1.2,0.8,1669.8129883,1608.9788005,60.8341878,0.4,0.6388889,0.5837403,1.9284322,24.3336751,3700.7984053,2.0,0.5
1331,2.4,0.9,1962.2792562,1648.4101156,313.8691406,1.5,0.5833333,1.5873016,0.1793651,470.8037109,98513.837421,0.5,1.0
1332,1.2333333,0.9666667,1708.97229,1635.649821,73.3224691,0.2666667,0.6666667,0.2171717,0.1310726,19.5526584,5376.18447,1.0,1.0
1333,2.0333333,1.3,1666.1687825,1592.318929,73.8498535,0.7333333,-0.4444444,0.9337422,-0.4378117,54.1565592,5453.800862,0.75,1.0
1334,0.6333333,2.2666667,1607.0189209,1958.6630859,-351.644165,-1.6333333,-1.4166667,-0.0859729,-0.0030525,574.3521362,123653.618802,1.5,2.0
1335,0.6666667,1.0,1675.9705811,1617.2900391,58.680542,-0.3333333,0.3777778,0.1960586,1.5993266,-19.5601807,3443.4060094,1.0,0.2
1336,2.4333333,1.3,1856.7663167,1670.3689779,186.3973389,1.1333333,1.6666667,-0.9427147,-0.7627983,211.2503174,34743.9679366,1.3333333,0.6666667
1337,0.9,2.1,1612.6771647,1722.1362711,-109.4591064,-1.2,0.3055556,-0.3302374,0.7314815,131.3509277,11981.2959739,2.0,1.3333333
1338,1.6333333,2.2666667,1717.8358968,1843.5054932,-125.6695964,-0.6333333,0.9166667,-0.1285664,0.1422407,79.5907444,15792.847451,0.5,0.75
1339,0.7333333,0.9666667,1648.1743164,1533.2762451,114.8980713,-0.2333333,0.75,-1.0051203,-1.4116162,-26.80955,13201.5667808,0.5,1.0
1340,2.5666667,0.6666667,1844.3072917,1617.7886556,226.5186361,1.9,2.2666667,-0.4503367,0.1459544,430.3854085,51310.6924855,5.0,2.0
1341,1.0333333,3.1333333,1596.6099447,1846.3492432,-249.7392985,-2.1,-2.6666667,0.1257816,-0.0831341,524.4525269,62369.7172153,1.0,2.0
1342,1.0666667,2.3,1534.5547282,1862.3751221,-327.8203939,-1.2333333,-0.8611111,0.5948029,-0.0606061,404.3118191,107466.2106349,0.5,1.0
1343,0.7,1.2333333,1633.7886556,1620.3358561,13.4527995,-0.5333333,-0.8333333,0.3357753,-0.4462963,-7.1748264,180.9778135,0.5,2.0
1344,1.9,1.5,1719.1859131,1713.5907796,5.5951335,0.4,-0.0555556,-1.6871624,-0.479798,2.2380534,31.3055185,0.5,2.0
1345,0.7,1.4333333,1618.6760254,1607.3264974,11.349528,-0.7333333,0.25,-0.0360335,0.7439967,-8.3229872,128.8117858,0.5,0.75
1346,2.1,1.3,1954.4962158,1668.3263347,286.1698812,0.8,0.0555556,0.2065527,-0.1288815,228.9359049,81893.2008869,1.3333333,1.0
1347,0.9333333,1.2,1610.9653727,1714.0107015,-103.0453288,-0.2666667,-0.9333333,0.3786888,-0.1890702,27.4787543,10618.3397806,1.0,2.0
1348,1.0666667,1.8,1675.1142985,1661.9493815,13.164917,-0.7333333,0.3333333,0.6613757,0.48557,-9.6542725,173.3150396,1.0,1.0
1349,1.8333333,1.0666667,1834.6212158,1651.7525228,182.8686931,0.7666667,-0.5833333,1.4018759,1.95,140.1993314,33440.9589039,0.5,2.0
1350,0.6666667,1.0666667,1634.2448324,1653.7812093,-19.5363769,-0.4,-0.2777778,0.6027306,0.7,7.8145508,381.6700237,0.5,0.3333333
1351,2.3,1.5333333,1851.6007487,1715.5551351,136.0456136,0.7666667,1.8888889,-0.7977591,-0.3873542,104.3016371,18508.4089798,1.0,0.5
1352,2.2666667,2.1666667,1864.4269613,1950.3474121,-85.9204508,0.1,0.0,-0.1730769,-0.2188261,-8.5920451,7382.3238714,3.0,2.0
1353,1.1,0.7666667,1718.7382813,1619.9781494,98.7601318,0.3333333,-0.0555556,0.5657202,-0.5954416,32.9200439,9753.5636397,0.3333333,1.0
1354,1.1666667,1.1333333,1630.4677328,1598.7275798,31.740153,0.0333333,1.0,-0.1443001,1.1828283,1.0580051,1007.4373125,2.0,1.0
1355,1.0,0.9333333,1670.274821,1532.8055827,137.4692383,0.0666667,0.1111111,-0.0507551,-0.0766488,9.1646159,18897.7914879,0.5,0.3333333
1356,1.3333333,1.4333333,1653.0624186,1674.0500081,-20.9875895,-0.1,0.1111111,-0.3882719,-0.4507427,2.098759,440.478913,1.0,1.0
1357,1.8333333,1.0333333,1609.1210124,1821.9915772,-212.8705648,0.8,-0.3333333,-0.2563443,-1.7118298,-170.2964518,45313.8773583,1.0,3.0
1358,1.7666667,0.9666667,1712.3537598,1629.2877198,83.06604,0.8,0.8333333,1.3679284,1.0894008,66.452832,6899.9670013,2.0,1.0
1359,1.9666667,1.0666667,1658.3384196,1608.6948649,49.6435546,0.9,-0.4833333,0.4511785,-0.0809811,44.6791992,2464.4825166,1.0,3.0
1360,0.6666667,1.6,1611.5926514,1643.0945231,-31.5018718,-0.9333333,0.1111111,-0.1481481,3.2500754,29.401747,992.3679248,1.0,0.6666667
1361,1.3666667,2.0333333,1601.6297201,1866.4121501,-264.78243,-0.6666667,-1.5,0.3151261,-0.4467073,176.52162,70109.7352367,1.5,4.0
1362,1.5,1.8,1671.8861898,1853.6143392,-181.7281494,-0.3,-1.5,0.9477124,-0.2567643,54.5184448,33025.1202965,0.5,4.0
1363,0.8,1.9333333,1531.4922689,1719.1964111,-187.7041423,-1.1333333,-1.3888889,-1.8967419,-1.8721268,212.7313612,35232.8450241,1.0,2.0
1364,1.1666667,1.6333333,1624.2455241,1612.9054769,11.3400472,-0.4666667,-0.25,0.0972312,-0.922619,-5.292022,128.5966713,0.5,1.0
1365,0.9333333,0.9333333,1815.1807048,1667.9224447,147.2582601,0.0,0.6666667,1.2337662,2.4522145,0.0,21684.9951677,1.0,1.0
1366,1.9,0.6666667,1656.3114013,1653.2194418,3.0919596,1.2333333,-0.1111111,3.1660496,-0.2110177,3.8134168,9.560214,1.0,2.0
1367,0.9666667,1.6666667,1621.2003174,1952.3406982,-331.1403808,-0.7,-0.3611111,-0.6669246,0.3482862,231.7982666,109653.9518184,1.0,0.25
1368,0.7333333,1.5,1708.7172445,1714.7970785,-6.079834,-0.7666667,-0.6944444,0.7795083,0.3586691,4.6612061,36.9643815,0.25,1.0
1369,1.7,1.6,1870.0222982,1618.7023519,251.3199462,0.1,1.6666667,-0.0263158,0.8177495,25.1319946,63161.7153747,1.5,2.0
1370,2.0,1.3666667,1947.3793538,1808.8935547,138.4857991,0.6333333,-1.3333333,0.7384184,-0.8328273,87.7076728,19178.3165616,0.75,3.0
1371,1.3666667,1.0,1646.4197591,1530.6416829,115.7780762,0.3666667,0.8888889,-0.3971735,0.7407407,42.4519613,13404.5629286,2.0,0.6666667
1372,0.9666667,1.1333333,1654.1527914,1607.8358561,46.3169352,-0.1666667,0.6111111,-0.2905454,0.0343915,-7.7194892,2145.2584894,2.0,0.6666667
1373,1.0666667,1.3666667,1667.3809001,1620.6877035,46.6931966,-0.3,-0.5,0.3191049,-0.8474946,-14.007959,2180.2546087,0.3333333,1.3333333
1374,1.7333333,0.7333333,1730.5193685,1617.9295654,112.5898031,1.0,0.3333333,0.4474012,-2.3149361,112.5898031,12676.4637621,1.5,0.5
1375,1.1,1.0666667,1613.8241781,1699.2884928,-85.4643148,0.0333333,0.25,-1.07263,0.2299784,-2.8488105,7304.1490985,0.5,1.0
1376,1.4,1.6,1711.0895182,1667.3536784,43.7358398,-0.2,-0.0555556,-0.1073306,0.5615468,-8.747168,1912.8236859,1.0,1.0
1377,1.3,1.3,1854.441569,1654.7407226,199.7008464,0.0,1.1666667,-3.7784002,0.0944764,0.0,39880.4280529,1.0,0.5
1378,1.3666667,1.8,1696.7885335,1937.0413005,-240.252767,-0.4333333,-0.1944444,0.215146,0.0164141,104.1095324,57721.3920351,0.6666667,1.5
1379,1.0,1.7333333,1659.8195801,1853.8888347,-194.0692546,-0.7333333,-0.25,-0.3483553,0.3955343,142.3174533,37662.8755681,1.0,0.75
1380,1.1333333,1.1,1529.5239258,1613.4503988,-83.926473,0.0333333,-0.1111111,-0.2780322,-0.8396359,-2.7975491,7043.6528646,1.0,1.5
1381,1.1,1.4333333,1611.7135824,1702.3801676,-90.6665853,-0.3333333,0.0555556,-0.1904181,-0.0698653,30.2221951,8220.4296839,1.0,1.0
1382,1.5333333,1.9,1618.4556885,1663.2069499,-44.7512614,-0.3666667,-0.0555556,0.3235529,0.2236652,16.4087958,2002.6753939,0.6666667,2.0
1383,1.6,1.3,1625.7547201,1809.3920085,-183.6372884,0.3,-0.6111111,-0.5797258,-0.0482236,-55.0911865,33722.6536909,0.5,0.6666667
1384,1.3666667,1.9,1665.2371419,1738.1093343,-72.8721924,-0.5333333,-0.6666667,0.7351385,-0.2426458,38.8651693,5310.3564203,1.0,1.0
1385,1.1666667,1.7666667,1651.1221517,1648.8857829,2.2363688,-0.6,-0.2777778,3.2186021,0.4805597,-1.3418213,5.0013453,1.3333333,1.0
1386,0.5333333,1.4333333,1619.892985,1877.0178629,-257.1248779,-0.9,-1.5,-0.5218855,2.0833552,231.4123901,66113.2028522,1.0,1.5
1387,1.6333333,1.2333333,1739.5049642,1663.9559733,75.5489909,0.4,0.1666667,0.482875,0.6331169,30.2195963,5707.650021,1.3333333,0.3333333
1388,2.2,1.4,1927.2462565,1618.0146891,309.2315674,0.8,-0.1388889,0.4636562,0.2217412,247.3852539,95624.1622767,1.0,1.0
1389,1.8333333,0.8333333,1615.1677246,1615.113322,0.0544026,1.0,2.2222222,-1.1454299,-0.6664054,0.0544026,0.0029596,7.0,0.6666667
1390,1.5666667,1.1666667,1807.1716716,1531.2605387,275.9111328,0.4,1.452381,-0.4303959,0.8680361,110.3644531,76126.9532214,2.5,0.1428571
1391,1.7333333,0.8333333,1662.9746501,1619.2461344,43.7285156,0.9,0.5,0.3610121,0.3333333,39.3556641,1912.1830795,1.0,0.3333333
1392,1.6333333,1.6333333,1646.5092774,1850.1941325,-203.6848551,0.0,-0.3611111,-0.2289258,-0.3788585,-0.0,41487.5202107,0.6666667,3.0
1393,1.0333333,1.3333333,1697.0670573,1651.4693197,45.5977376,-0.3,0.0555556,0.6091628,1.1349087,-13.6793213,2079.1536742,1.5,1.5
1394,1.5,1.2,1883.4139811,1664.8533936,218.5605875,0.3,1.0833333,-0.7515633,-0.2838029,65.5681763,47768.7304229,3.0,0.75
1395,1.3666667,1.7666667,1628.3283692,1695.9281006,-67.5997314,-0.4,-0.1444444,-0.4739057,0.3142454,27.0398926,4569.7236854,0.4,1.0
1396,0.7666667,2.0666667,1617.5673421,1811.476766,-193.9094238,-1.3,-1.2777778,0.290404,0.9292328,252.082251,37600.8646514,1.0,3.0
1397,0.8333333,2.1,1613.8513591,1666.365682,-52.5143229,-1.2666667,-0.6111111,-0.5883838,-0.4256854,66.5181423,2757.7541096,0.5,1.0
1398,1.0666667,1.6333333,1664.8874512,1647.4114584,17.4759928,-0.5666667,-0.2222222,0.4083482,-0.02072,-9.9030626,305.4103243,0.3333333,0.6666667
1399,0.7666667,3.1666667,1526.5727539,1927.1864421,-400.6136882,-2.4,-1.8412698,-0.1483078,-0.911589,961.4728516,160491.3271465,0.3333333,4.5
1400,0.9666667,1.2,1620.7410482,1628.074056,-7.3330078,-0.2333333,0.1074074,-0.2178001,-0.0580808,1.7110352,53.7730039,0.2222222,0.6666667
1401,1.2,1.4333333,1656.3714193,1743.4194743,-87.048055,-0.2333333,-0.6666667,-0.2855697,-0.0103295,20.3112128,7577.3638793,0.5,3.0
1402,0.6666667,1.6666667,1665.6442464,1623.5323079,42.1119385,-1.0,-2.8055556,1.7589586,-0.2729885,-42.1119385,1773.4153642,0.3333333,2.0
1403,1.5,1.5666667,1700.1158854,1888.1737874,-188.057902,-0.0666667,-1.4444444,0.7617845,-0.2389971,12.5371935,35365.7745172,1.5,3.0
1404,1.5666667,1.5,1848.949707,1696.6517741,152.297933,0.0666667,0.25,-0.6011396,-0.3898635,10.1531955,23194.6603859,1.5,2.0
1405,1.5,1.0666667,1701.4702555,1659.704834,41.7654216,0.4333333,0.6111111,-0.0626921,0.736532,18.0983493,1744.3504386,0.5,1.5
1406,1.1,1.2666667,1669.2966716,1696.8614095,-27.5647379,-0.1666667,-0.0833333,1.2200995,-0.1058201,4.594123,759.8147773,1.0,0.75
1407,3.8666667,1.7,1932.0694173,1851.9696045,80.0998128,2.1666667,0.3333333,0.8611111,-0.143564,173.5495945,6415.9800159,2.0,2.0
1408,1.4,0.7666667,1642.8581136,1663.471517,-20.6134033,0.6333333,0.1388889,-1.1013496,-0.3451178,-13.0551554,424.912397,0.6666667,0.5
1409,2.8666667,1.4333333,1814.1463216,1619.3553467,194.790975,1.4333333,1.4259259,-0.0689964,0.3316378,279.2003975,37943.5239285,3.0,3.0
1410,1.9666667,0.9333333,1892.4689941,1661.1455485,231.3234456,1.0333333,1.6944444,-0.2026065,0.248975,239.0342272,53510.5364997,1.3333333,0.25
1411,1.3666667,0.9333333,1635.0456543,1619.3046061,15.7410482,0.4333333,3.1111111,-1.2486402,0.8404488,6.8211209,247.7805974,2.0,0.3333333
1412,1.9333333,0.8333333,1747.0156657,1611.0784505,135.9372152,1.1,2.0555556,-1.0555556,1.2096642,149.5309367,18478.9264673,4.0,1.0
1413,0.9,0.8333333,1619.9034831,1521.9332275,97.9702555,0.0666667,0.1412698,0.0168263,0.1388889,6.5313504,9598.1709693,0.3333333,0.5
1414,1.4333333,1.1333333,1705.7359212,1637.9359945,67.7999267,0.3,0.6111111,-0.4611331,0.2988215,20.339978,4596.830065,1.0,0.3333333
1415,0.9333333,3.7666667,1607.1585693,1936.5247803,-329.3662109,-2.8333333,-1.4444444,-0.0462963,0.1791906,933.2042643,108482.1009046,1.0,0.3333333
1416,1.4,0.8666667,1621.5334066,1514.7988688,106.7345377,0.5333333,0.7962963,-0.6115591,-0.612963,56.9250868,11392.2615451,1.0,1.0
1417,1.1666667,2.5,1657.7194417,1897.6699219,-239.9504801,-1.3333333,-1.0,-0.1877104,-0.3612361,319.9339735,57576.2329162,1.0,1.5
1418,1.4666667,2.5666667,1861.2408447,1756.333374,104.9074707,-1.1,-0.5,-0.2136752,0.4608086,-115.3982178,11005.5774087,3.0,1.0
1419,1.3333333,3.0,1694.9649251,1821.1983643,-126.2334391,-1.6666667,-0.25,0.4347826,1.0917827,210.3890652,15934.8811554,4.0,1.0
1420,1.0333333,1.2333333,1616.1870117,1611.9864095,4.2006022,-0.2,0.1111111,-0.2714767,1.5527066,-0.8401204,17.6450591,1.0,1.0
1421,1.2666667,1.2666667,1655.6766765,1668.9839681,-13.3072917,0.0,0.5277778,-0.8119005,-0.6759569,-0.0,177.0840115,3.0,0.25
1422,0.6333333,1.1333333,1657.1445312,1648.4122721,8.7322591,-0.5,-1.1944444,0.3891702,-1.274531,-4.3661296,76.252349,0.6666667,1.0
1423,1.3666667,0.9666667,1653.1585693,1657.9171549,-4.7585856,0.4,0.1666667,0.6462981,1.2518038,-1.9034342,22.6441369,0.5,0.5
1424,1.0333333,1.9,1661.880778,1871.847819,-209.967041,-0.8666667,-0.75,0.5903397,0.4002342,181.9714355,44086.1582923,2.0,0.5
1425,2.3333333,1.0333333,1624.6820882,1649.1899821,-24.5078939,1.3,2.0277778,-0.7631018,-0.3351852,-31.8602621,600.6368634,5.0,2.0
1426,2.3333333,1.1666667,1932.424235,1614.3473307,318.0769043,1.1666667,0.0833333,0.7984608,-0.3870145,371.0897217,101172.9170491,0.75,1.5
1427,1.0333333,1.2666667,1604.3433838,1606.3594564,-2.0160726,-0.2333333,-0.4444444,0.3231969,-0.8606209,0.4704169,4.0645486,0.6666667,1.3333333
1428,2.7,1.6,1822.0547282,1653.5807699,168.4739583,1.1,0.8333333,-1.8515512,0.2607175,185.3213542,28383.4746365,2.5,0.5
1429,2.7666667,1.3333333,1759.7114665,1704.9773356,54.7341308,1.4333333,1.5,0.1261148,0.2828364,78.4522542,2995.8250781,2.0,1.0
1430,2.7333333,1.0666667,1900.494222,1629.1971843,271.2970377,1.6666667,0.9444444,0.1027616,0.2575204,452.1617296,73602.0826829,2.0,1.0
1431,0.8666667,1.4,1513.8717448,1694.1398519,-180.2681071,-0.5333333,-1.15,0.189211,-0.2410131,96.1429905,32496.5904374,0.2,0.4
1432,1.2333333,1.6666667,1701.7365723,1654.1908366,47.5457357,-0.4333333,-0.75,0.2297009,-0.6872294,-20.6031521,2260.5969833,0.25,3.0
1433,1.0333333,1.2333333,1648.2780355,1661.6737468,-13.3957113,-0.2,0.05,-0.2510814,0.4267677,2.6791423,179.4450803,0.4,0.6666667
1434,1.2666667,2.0333333,1613.3707275,1827.2231445,-213.852417,-0.7666667,-1.3888889,0.753655,0.4376059,163.9535197,45732.8562567,1.0,4.0
1435,1.0666667,0.8333333,1614.8160807,1512.2828776,102.5332031,0.2333333,0.3777778,-0.1010101,0.1823362,23.9244141,10513.0577448,0.3333333,0.5
1436,1.3,1.2,1649.3417969,1598.4348552,50.9069417,0.1,0.3611111,-0.032116,-0.6360709,5.0906942,2591.5167132,0.25,1.0
1437,1.1333333,1.8666667,1660.2264811,1924.9573975,-264.7309164,-0.7333333,-0.75,-0.9193122,-0.6539075,194.1360053,70082.4580803,0.3333333,3.0
1438,1.5666667,3.0333333,1873.8500976,1906.0002848,-32.1501872,-1.4666667,-1.5,0.094697,0.3986265,47.1536079,1033.634537,1.5,6.0
1439,0.9333333,1.9333333,1624.5465902,1766.5168864,-141.9702962,-1.0,-1.8333333,0.2001878,-1.1666667,141.9702962,20155.5650031,0.1666667,4.0
1440,1.4,2.2,1694.7239583,1632.9841308,61.7398275,-0.8,-0.7,-0.0869565,0.161648,-49.391862,3811.8062997,2.0,2.5
1441,1.0333333,1.5333333,1597.7356364,1649.9436442,-52.2080078,-0.5,-0.4944444,-0.5263348,-0.968599,26.1040039,2725.6760819,0.5,1.25
1442,1.8333333,1.5,1922.7463379,1699.7452392,223.0010987,0.3333333,1.1666667,-0.7559524,1.130098,74.3336996,49729.4900065,3.0,2.0
1443,1.2,0.8,1700.8718669,1650.7202555,50.1516113,0.4,0.2166667,-0.7652782,0.1872896,20.0606445,2515.1841193,1.0,2.0
1444,2.3666667,1.6666667,1914.2998861,1774.5174967,139.7823893,0.7,0.7777778,0.2222222,-0.2502706,97.8476725,19539.1163677,1.0,0.6666667
1445,1.1,1.2666667,1656.2854818,1623.2740071,33.0114746,-0.1666667,0.4444444,0.2800325,0.7083333,-5.5019124,1089.7574575,0.5,1.5
1446,1.8,1.4333333,1833.2957764,1882.4219971,-49.1262207,0.3666667,1.6666667,-0.2727273,0.5398241,-18.0129476,2413.3855603,1.5,1.0
1447,2.2333333,0.9666667,1644.6950276,1620.18632,24.5087076,1.2666667,2.1111111,-0.2592593,0.6719577,31.044363,600.6767499,1.0,0.3333333
1448,1.1333333,1.1666667,1512.3954671,1623.1271159,-110.7316488,-0.0333333,0.2333333,-0.2582846,-0.980279,3.691055,12261.498046,3.0,0.6666667
1449,1.0666667,1.1,1662.5014242,1659.7010498,2.8003744,-0.0333333,0.7666667,-0.355882,1.974026,-0.0933458,7.8420968,0.8,0.3333333
